timestamp_ms,bytes_read,bytes_written
0,57516032,53248
5201,194682880,83099648
10498,200450048,319000576
15794,348991488,733175808
21090,801882112,1547575296
26415,1083465728,2673344512
31764,1487282176,3889168384
37136,2292305920,5165735936
42505,3097202688,6354128896
47873,3767775232,7878152192
53253,4438151168,9383108608
58637,5376958464,10433245184
64046,6181675008,11731935232
69408,7088656384,13267255296
74767,8095465472,14380535808
80145,9200787456,16115380224
85524,10174980096,17735770112
90897,11250237440,19042729984
96265,12129787904,20332793856
101686,13383630848,21458317312
107087,14195118080,22441312256
112464,15258116096,23585165312
117848,16312147968,25173422080
123237,17563217920,26360770560
128660,18642534400,27520258048
134074,20200452096,29161721856
139444,21651906560,30437478400
144858,23233937408,31898619904
150277,24945229824,33151688704
155644,26245267456,34408157184
161078,27336470528,35596759040
166492,28928577536,36592574464
171906,30382231552,37721620480
177282,31779069952,39161200640
182704,32868880384,40123748352
188127,34350383104,41103806464
193557,35812786176,42591350784
198944,37153476608,43758354432
204346,38478639104,44745207808
209740,40085757952,46117076992
215119,41443241984,47214927872
220526,44420866048,48657956864
225910,45654368256,50482049024
231315,48007286784,51730120704
236707,50149564416,53497909248
242117,52036255744,54102466560
247501,54613676032,55557050368
252915,56221786112,56145125376
258304,58106056704,57747243008
263752,59834109952,58590216192
269143,61362520064,60047007744
274579,63435472896,61016641536
279987,65035821056,61964800000
285413,67037900800,62753517568
290834,68251717632,63998713856
296228,70483447808,65134751744
301632,72142868480,66321301504
307072,74721726464,67639279616
312458,76989972480,68061859840
317837,78537842688,70684352512
323196,80875622400,71654096896
328574,83519201280,72644509696
333962,85504589824,73245564928
339348,87234789376,74400993280
344719,89723805696,75756822528
350126,91695759360,76228878336
355526,93215412224,77475606528
360938,95613779968,78518341632
366368,98373279744,79275573248
371775,99295035392,79668412416
377165,101266509824,80893415424
382576,104200679424,82158071808
387974,106316394496,82684530688
393370,108935618560,83992215552
398750,111079690240,84826365952
404134,113044889600,85233422336
409545,115525668864,86457126912
414958,118288175104,87970000896
420373,120808759296,88361926656
425749,123943403520,89068154880
431162,126084857856,89911349248
436557,127053316096,91589890048
441910,130616672256,92359479296
447307,133224177664,93420630016
452696,135544266752,94761467904
458099,138116419584,95193944064
463506,140246114304,95834042368
468911,143146201088,97144836096
474307,146177314816,98891563008
479837,149353074688,99325440000
485400,152317702144,99706380288
490968,154084081664,102194049024
496536,156557619200,102194180096
502016,159564333056,103525814272
507548,162338623488,104708681728
513101,165428932608,105428475904
518675,167844478976,105711828992
524161,170723131392,106938822656
529691,174075756544,107907682304
535251,177067659264,108807565312
540840,180048695296,109270941696
546388,182245265408,109932339200
551926,185626738688,110857629696
557426,189087854592,112115245056
563015,191900225536,113069248512
568605,195067129856,113457475584
574225,197420883968,114078535680
579791,201562648576,114986856448
585374,205669707776,116205936640
590957,208778067968,116860895232
596545,211621396480,117208723456
602085,214347800576,118251356160
607647,218560319488,119437500416
613225,221873750016,120636817408
618805,225903943680,121478598656
624430,229247655936,121980473344
629953,232748969984,123274268672
635532,236257447936,124214255616
641081,239837978624,125311954944
646629,243591954432,125987205120
652214,246406078464,126504472576
657738,249750904832,127702921216
663281,253793832960,128779313152
668833,258072248320,129465851904
674370,261999476736,130514681856
679906,265765871616,130833297408
685459,266982768640,131405676544
691033,267714695168,132074192896
696533,269376839680,132385849344
702015,273260728320,134285033472
707516,276968632320,134285148160
713044,280373727232,135675113472
718571,284533465088,136781197312
724109,288679919616,138049945600
729689,293397524480,138369753088
735277,297331892224,138888601600
740827,300703096832,140175654912
746386,305406685184,141185007616
751993,309946425344,142124830720
757576,314773901312,142814892032
763142,318086594560,143271718912
768731,321514106880,144122163200
774345,325447405568,145138274304
779863,329897816064,146449428480
785391,334794063872,147754266624
790961,338656927744,148644327424
796510,342990532608,148923142144
802005,347458945024,150124531712
807518,352298504192,151355555840
813026,356718428160,152713293824
818519,361556926464,153021411328
824057,365391147008,153472864256
829624,368449634304,154669498368
835242,373120475136,155544154112
840839,378473926656,156635631616
846423,383159435264,158037680128
851975,388779393024,158189309952
857519,393242759168,158667079680
863089,396564566016,159186567168
868563,401441636352,160215420928
874108,405707911168,161192456192
879686,410843140096,162066292736
885241,415443378176,163031711744
890708,420696637440,163873771520
896325,423740919808,164325384192
901841,427962265600,164325482496
907363,431718596608,165807054848
912875,436472680448,166046158848
918417,441450897408,167759343616
923967,446852599808,168167251968
929461,451492491264,169620688896
935026,456415096832,170394112000
940636,460233146368,170789392384
946155,464467861504,170789474304
951642,469047836672,172310568960
957185,474031947776,172434325504
962735,477386760192,174007078912
968256,482464878592,174437605376
973811,487683018752,174469152768
979385,491876548608,174819794944
984933,495081730048,176199696384
990405,499950641152,178309201920
995966,503739068416,178309300224
1001548,507911372800,178705129472
1007056,511455866880,179624456192
1012641,516198416384,180247179264
1018200,520878206976,180748763136
1023728,526138585088,181020000256
1029299,530062962688,182113300480
1034822,534389981184,182382776320
1040347,536902549504,182679339008
1045941,538335084544,184111693824
1051522,540183199744,185651789824
1056972,544684056576,185651855360
1062485,548706004992,185782374400
1068099,552661180416,186937327616
1073708,556192980992,187469074432
1079214,560655278080,187739267072
1084805,564311310336,188789768192
1090325,568176295936,189251076096
1095925,571153100800,189760651264
1101512,574380806144,190198693888
1107031,578638643200,191283851264
1112607,583036497920,191574044672
1118128,585638817792,192033976320
1123719,587415703552,193398456320
1129215,592253657088,195191828480
1134728,596071145472,195191848960
1140262,600184606720,196239970304
1145854,604036591616,196730339328
1151435,607753695232,197334523904
1157008,611792285696,197334605824
1162567,615437967360,198756446208
1168115,620334886912,198961086464
1173706,623978889216,199619682304
1179286,627856609280,199719354368
1184852,631983583232,201034727424
1190381,635579932672,201411248128
1196001,639452786688,201889972224
1201515,642433966080,202516496384
1207034,647177117696,203671175168
1212635,651730513920,203793637376
1218218,655365525504,204576219136
1223794,658857988096,204596191232
1229381,663436574720,206047973376
1235003,667352100864,206189322240
1240563,670445547520,206798053376
1246057,674646319104,206798135296
1251635,677849583616,207547658240
1257171,682413375488,208448278528
1262708,687111593984,208487768064
1268275,691129356288,209401823232
1273868,696274042880,209401905152
1279335,700742316032,210263465984
1284906,705636425728,210928435200
1290473,710799151104,210928517120
1296005,715221041152,211807313920
1301593,720266043392,211973758976
1307134,724404318208,212889612288
1312725,729316003840,213193822208
1318285,734666948608,213976129536
1323859,739773841408,214466076672
1329396,744521777152,215029051392
1334921,750782472192,215834681344
1340508,755948109824,215917191168
1346076,760989470720,216746442752
1351634,765375475712,216958246912
1357135,770765320192,218131079168
1362731,776476532736,218131161088
1368282,780577980416,219969634304
1373756,787293609984,220029394944
1379294,793378381824,220029476864
1384791,798797463552,220955873280
1390319,804345114624,221345738752
1395898,808263032832,221836664832
1401444,812997349376,222189576192
1407000,816548302848,223081730048
1412504,821774069760,223517233152
1418161,825213882368,223989739520
1423716,830821285888,225001836544
1429215,836728492032,225001918464
1434760,842111234048,225968586752
1440288,847586791424,226735050752
1445901,852152348672,227310317568
1451475,857587089408,227414437888
1457058,862224216064,228508606464
1462620,868169654272,228533817344
1468141,872740610048,229785518080
1473658,878766751744,229938974720
1479200,883710951424,230973362176
1484748,889133248512,231436214272
1490294,893994541056,232130736128
1495808,899618930688,232647962624
1501346,903775735808,233286246400
1506910,908592521216,233856724992
1512458,914143600640,233856790528
1518036,919189053440,235341500416
1523573,925223645184,235471032320
1529131,930774073344,236319600640
1534617,937788780544,237069275136
1540158,943770288128,237343105024
1545727,948104224768,238287773696
1551206,953508851712,238565781504
1556811,957637472256,238690729984
1562345,962893209600,240090533888
1567859,968511406080,240090583040
1573404,972937404416,240517189632
1578975,975899791360,241726640128
1584609,976676204544,242408312832
1590211,977417801728,243085611008
1595827,978855878656,243511578624
1601401,980956901376,243748016128
1607021,981719613440,244416466944
1612645,982507528192,245096091648
1618231,983322996736,245774520320
1623825,984149073920,246429716480
1629320,986681196544,248186490880
1634837,993657909248,248186523648
1640340,999318261760,248186605568
1645814,1004262748160,248959811584
1651298,1010681057280,250005995520
1656828,1015968002048,250384277504
1662398,1020655943680,251138842624
1667875,1026300669952,251156140032
1673448,1031172530176,251267874816
1679004,1036370034688,252779864064
1684536,1042662219776,253004443648
1689978,1048756568064,253004492800
1695564,1053854683136,254611968000
1701113,1061181038592,255050465280
1706697,1067314069504,255131299840
1712208,1071980965888,256689401856
1717758,1077632778240,256975253504
1723328,1082954342400,257019084800
1728984,1087427944448,258093617152
1734513,1093370454016,258093682688
1740085,1097398583296,259037655040
1745569,1102977171456,259965726720
1751149,1108679196672,260255653888
1756614,1113879506944,261597446144
1762195,1120738852864,262258147328
1767750,1126560489472,262582657024
1773261,1130947272704,263709057024
1778783,1136639647744,264500297728
1784320,1142111817728,264529371136
1789890,1146696052736,265556410368
1795418,1153081290752,265741111296
1800975,1157460496384,266529280000
1806449,1164746665984,267248295936
1811938,1171605684224,267387604992
1817443,1177973456896,267438256128
1823000,1184325017600,269052887040
1828589,1192597336064,269494480896
1834141,1200106586112,269601656832
1839659,1205670367232,270588248064
1845155,1212324888576,271225548800
1850673,1218928541696,271225614336
1856242,1225512169472,271989096448
1861749,1232914165760,272179904512
1867218,1240147742720,272179920896
1872704,1247419305984,272179953664
1878263,1253269139456,272845778944
1883834,1260689727488,273758781440
1889396,1268749570048,274263654400
1894913,1276338442240,274322165760
1900350,1283467538432,274322198528
1905845,1289710473216,275380551680
1911291,1297263046656,276086300672
1916819,1305178685440,276372103168
1922328,1311978700800,276404551680
1927890,1318299738112,277406638080
1933421,1326484877312,277906333696
1938968,1334153568256,278067589120
1944477,1342192689152,278067638272
1949992,1348153675776,278754754560
1955531,1355276546048,278873296896
1961072,1362429489152,278873346048
1966581,1369482805248,278873395200
1972113,1375084711936,280026058752
1977685,1382627995648,280236273664
1983181,1388915748864,280421801984
1988786,1395342733312,281590546432
1994333,1401423708160,282095353856
1999864,1408032567296,283118223360
2005431,1414381744128,283589550080
2011000,1421107597312,284452741120
2016562,1427128803328,285294387200
2022165,1433697251328,285753004032
2027634,1439350579200,286635393024
2033241,1446206894080,286871822336
2038774,1451754852352,287857709056
2044300,1458281455616,288580280320
2049849,1463958474752,289309581312
2055375,1470963326976,289942999040
2060868,1476709371904,290212548608
2066369,1482989895680,291434668032
2071921,1489510178816,291809267712
2077503,1494964932608,292933980160
2083076,1500682571776,293195075584
2088618,1506977718272,294425378816
2094209,1512534724608,294867320832
2099787,1518543593472,295038009344
2105321,1523326500864,295954456576
2110834,1529893867520,296612253696
2116341,1538278932480,296633458688
2121831,1545037676544,298114154496
2127378,1552790781952,298721685504
2132945,1559525298176,298721767424
2138418,1566002044928,299584065536
2143908,1572406775808,299584163840
2149448,1577884614656,299897593856
2155059,1582826651648,300384460800
2160591,1590465359872,300996431872
2166105,1596736532480,300996513792
2171591,1601859858432,302421295104
2177125,1609044291584,303018672128
2182672,1615275905024,303098523648
2188207,1621924265984,304348717056
2193685,1629312286720,304429047808
2199258,1637094387712,304429080576
2204761,1643379843072,305031610368
2210289,1649885065216,305279102976
2215810,1655333265408,305591603200
2221311,1661672624128,306527531008
2226822,1668345532416,306651938816
2232411,1671772377088,308100988928
2237966,1675755692032,309510103040
2243507,1682185687040,309510184960
2249066,1687604649984,310243880960
2254599,1694612893696,311360532480
2260154,1700704296960,311457599488
2265751,1706608009216,312327254016
2271284,1712125792256,312684883968
2276925,1715171041280,314096222208
2282508,1716889391104,314226855936
2288079,1720455872512,314501074944
2293595,1726702972928,314501156864
2299114,1732210475008,315321602048
2304650,1738333671424,316220923904
2310240,1744341864448,316870926336
2315802,1750833704960,317381439488
2321408,1756085899264,317796610048
2327001,1762578501632,317866450944
2332551,1767485321216,318703153152
2338125,1773035601920,319205613568
2343636,1778500173824,320559288320
2349208,1784835915776,321032335360
2354756,1790164570112,322227978240
2360320,1796428128256,322368221184
2365874,1801815117824,323350478848
2371436,1808268791808,323350560768
2376961,1813252534272,324621991936
2382516,1819412623360,325118734336
2388045,1824042524672,326031417344
2393668,1826416291840,326930264064
2399270,1828059607040,326995980288
2404893,1829370568704,327528656896
2410521,1831161024512,327528656896
2416070,1833075920896,329294999552
2421535,1839790522368,329295032320
2427088,1845970018304,329295114240
2432630,1851348316160,330337308672
2438160,1858005516288,331174825984
2443635,1864209547264,331452329984
2449192,1869939048448,332185686016
2454735,1876284407808,332457496576
2460214,1881838084096,333700472832
2465845,1887711555584,333997600768
2471378,1892462387200,334735101952
2476936,1898994524160,335846666240
2482406,1905339817984,336246329344
2487976,1911099936768,337144569856
2493520,1917256151040,338343157760
2499070,1924060278784,338756890624
2504606,1929893470208,338871836672
2510198,1936044679168,339996221440
2515712,1942297853952,339996286976
2521198,1948741873664,340054433792
2526691,1954978402304,341546188800
2532204,1961913151488,342071672832
2537756,1967702671360,342620758016
2543266,1974880743424,344072577024
2548858,1981883576320,344507527168
2554360,1987764994048,344782934016
2559828,1994352160768,345752596480
2565325,2000857100288,346304720896
2570908,2006323191808,347026616320
2576513,2012435410944,347026714624
2582023,2018448625664,348161880064
2587579,2024719601664,348715696128
2593117,2029564940288,349974634496
2598625,2035750096896,350887809024
2604228,2041021947904,351735615488
2609849,2046863015936,352896970752
2615382,2052473286656,353631993856
2620908,2058208366592,354500911104
2626523,2063004938240,355281321984
2632061,2068746682368,356370391040
2637665,2074224545792,356707053568
2643258,2079802654720,358379954176
2648812,2086323765248,358615220224
2654332,2091684683776,359614664704
2659846,2097902010368,360544382976
2665409,2103847440384,360757534720
2671007,2110084366336,361921687552
2676544,2115871313920,362263678976
2682051,2120903749632,363497967616
2687608,2127291387904,364152610816
2693179,2132430196736,364896489472
2698676,2138009174016,366161346560
2704185,2144286474240,367288832000
2709728,2149577486336,368217722880
2715245,2155825213440,369038323712
2720782,2161654804480,369627213824
2726275,2168117284864,370645000192
2731834,2174743945216,370727661568
2737361,2180246962176,371740119040
2742901,2186813865984,372063469568
2748466,2192401051648,372237172736
2754032,2198589673472,373879767040
2759554,2204973182976,374228553728
2765122,2210844610560,374674079744
2770705,2213847162880,376141926400
2776335,2214593019904,376712896512
2781941,2215327338496,377265479680
2787539,2216049934336,377820258304
2793135,2216730861568,378476879872
2798587,2218976649216,378579230720
2804200,2219646566400,379250860032
2809812,2220328738816,379934236672
2815396,2221005946880,380611616768
2820991,2221680734208,381286834176
2826516,2223095926784,381698891776
2831922,2224842907648,382322794496
2837307,2226230829056,384712089600
2842664,2232996139008,384712122368
2848051,2239163756544,384712187904
2853514,2243602493440,385323573248
2858918,2249472622592,385886457856
2864344,2254627504128,386139918336
2869741,2260169560064,387547017216
2875204,2265918767104,388465606656
2880604,2271841193984,388751835136
2886023,2276545060864,390285012992
2891406,2283400978432,390931574784
2896794,2288832434176,391017328640
2902229,2294287040512,392542949376
2907637,2300722589696,393076965376
2913034,2307402170368,393076998144
2918459,2312762355712,394201882624
2923877,2318904258560,394647773184
2929297,2325052690432,394647838720
2934710,2330341920768,395949518848
2940169,2336096698368,396609638400
2945586,2341800271872,396856758272
2951022,2347039096832,398249758720
2956434,2353830694912,399155376128
2961839,2360165806080,399188185088
2967258,2365635198976,400213929984
2972676,2372212674560,401103032320
2978074,2378220191744,401360490496
2983490,2383252574208,402407567360
2988941,2389447258112,403006332928
2994368,2396254244864,403006382080
2999778,2401182625792,403892207616
3005191,2407211999232,404947034112
3010608,2413313818624,405337313280
3016016,2420053745664,405367300096
3021438,2426003128320,407025233920
3026933,2432631865344,407058632704
3032333,2439678087168,407058681856
3037754,2445429956608,407356325888
3043175,2451562307584,408752017408
3048602,2458895679488,409800974336
3054023,2465389789184,410139525120
3059432,2471329091584,411046035456
3064867,2477953732608,411284627456
3070256,2484702625792,411284692992
3075653,2490422284288,412505198592
3081065,2496987705344,413097652224
3086477,2503313072128,413097717760
3091897,2508588163072,414280728576
3097312,2515759009792,415015215104
3102737,2522558517248,415128797184
3108163,2527710793728,415952642048
3113592,2534416760832,416977469440
3119054,2540871135232,417330782208
3124477,2544261160960,417971331072
3129916,2545783676928,418027769856
3135478,2547134283776,418027769856
3140991,2552602144768,419667496960
3146556,2559189630976,419667562496
3152049,2566281596928,419667611648
3157587,2572516544512,421052657664
3163132,2579132538880,421585645568
3168717,2585962455040,421737582592
3174184,2591427502080,423345299456
3179714,2598122573824,424051892224
3185268,2603995090944,424246784000
3190853,2610365325312,425797586944
3196403,2617498386432,426876923904
3201982,2624012165120,427011698688
3207614,2629761626112,427772391424
3213166,2636093353984,427772473344
3218725,2641695068160,429061910528
3224250,2648912285696,429712748544
3229775,2655233949696,429894139904
3235276,2661250195456,431379222528
3240856,2668251848704,431563649024
3246378,2674186944512,432208269312
3251932,2681304563712,433306578944
3257535,2688238284800,433830522880
3263230,2693370114048,434432086016
3268822,2699966382080,434432151552
3274350,2706061922304,434432266240
3279874,2711519002624,435949379584
3285447,2717986283520,436256874496
3291011,2723278700544,437232988160
3296565,2729700495360,438331555840
3302115,2736539475968,438827360256
3307680,2742174416896,440012591104
3313208,2748885430272,440973996032
3318789,2755667484672,441004670976
3324354,2761175150592,441911349248
3329943,2767772659712,442046312448
3335525,2772925263872,442805014528
3341079,2780051775488,443423522816
3346642,2786829516800,443457384448
3352195,2792276238336,443662639104
3357747,2797931888640,445291286528
3363336,2804787814400,445369204736
3368903,2811017535488,445390589952
3374531,2816921882624,446962024448
3380071,2824319770624,447993249792
3385630,2832066535424,447993298944
3391185,2836454117376,448625422336
3396808,2838050672640,449017765888
3402409,2839944052736,449689640960
3407965,2841381937152,451127238656
3413631,2842839687168,452584759296
3419141,2848335704064,453332148224
3424675,2857379954688,453332164608
3430242,2864799268864,453332230144
3435795,2871514304512,453332295680
3441324,2876872032256,454792380416
3446955,2883899428864,454936862720
3452523,2889048985600,455796269056
3458085,2895588167680,456855236608
3463573,2901955629056,457547001856
3469141,2907747770368,458271408128
3474667,2914679971840,459440750592
3480249,2921661706240,459755749376
3485832,2927464554496,460344475648
3491385,2933856641024,460367360000
3497010,2940494835712,460367425536
3502561,2945885458432,461731987456
3508095,2952625549312,462081699840
3513656,2959360135168,462146805760
3519206,2963939938304,464006909952
3524753,2971108728832,464841572352
3530239,2977910566912,464841637888
3535753,2983447752704,465854763008
3541303,2990120558592,467058593792
3546911,2997333958656,467418472448
3552441,3003635081216,468323311616
3558058,3010244816896,468431200256
3563653,3015920386048,469301567488
3569261,3022913839104,469921472512
3574822,3029541093376,470088994816
3580378,3035258191872,471175667712
3585975,3042168528896,471946289152
3591523,3049130926080,471946354688
3597063,3054679973888,472996700160
3602575,3061624532992,474073202688
3608168,3068877426688,474356391936
3613699,3074969714688,475073863680
3619273,3082192850944,475399516160
3624819,3089668567040,475399581696
3630391,3094876536832,476168392704
3635928,3101996109824,477203210240
3641447,3108962086912,477675773952
3647025,3115663122432,477839990784
3652555,3121699418112,479558635520
3658184,3129012256768,479889428480
3663804,3135515631616,479889510400
3669343,3141061562368,481080406016
3674873,3147898105856,482143387648
3680418,3154654633984,482143453184
3685998,3161012932608,483018731520
3691541,3168633430016,483212800000
3697113,3174707965952,483212881920
3702630,3179921674240,484005535744
3708187,3186808418304,484946202624
3713749,3194558713856,484991619072
3719280,3202108727296,484991668224
3724860,3207833075712,485537546240
3730349,3214770929664,486840107008
3735903,3221677469696,487246340096
3741463,3228909031424,487246389248
3747040,3234699997184,488741376000
3752564,3242072592384,489682792448
3758125,3248496295936,489926955008
3763718,3254400434176,490520756224
3769285,3262103703552,490520838144
3774850,3267289907200,491124969472
3780369,3273653878784,492247441408
3785930,3280645849088,492591456256
3791487,3286894526464,493337214976
3796958,3294181867520,494486908928
3802503,3300870406144,494992793600
3808082,3307871404032,494992859136
3813598,3313584222208,496232226816
3819151,3320794992640,497261277184
3824749,3328639623168,497467215872
3830357,3334267408384,498078720000
3835914,3341732253696,499131514880
3841458,3348498857984,499232841728
3847009,3355674083328,499232890880
3852543,3361107845120,500403011584
3858058,3368115253248,501382455296
3863604,3375837835264,501813239808
3869184,3382661910528,501813288960
3874736,3388114980864,503136657408
3880325,3395212025856,503819857920
3885841,3402599882752,503819907072
3891427,3409706295296,503819956224
3897021,3415427158016,505347993600
3902566,3422315708416,506382147584
3908141,3428959264768,506428440576
3913724,3434383175680,507338289152
3919273,3441698979840,507832266752
3924816,3448143781888,507832332288
3930358,3454259847168,507832381440
3935873,3459751313408,509211635712
3941470,3466642825216,509669126144
3947017,3472873947136,509945483264
3952598,3476881408000,511570137088
3958206,3478047350784,512674922496
3963815,3478813532160,513340801024
3969358,3481381343232,513340801024
3974955,3482259935232,513949532160
3980549,3483064139776,514617950208
3986142,3483825500160,515286745088
3991725,3484599386112,515957817344
3997286,3486639443968,516185473024
4002848,3488083820544,516584407040
4008451,3488848084992,517251973120
4014061,3489668902912,517922324480
4019645,3490426740736,518589399040
4025209,3491735580672,519075299328
4030810,3493956829184,519279640576
4036427,3494722277376,519941111808
4042066,3495532888064,520617525248
4047651,3496281579520,521268445184
4053278,3497065205760,521944334336
4058780,3499357564928,521977430016
4064348,3500749398016,525084704768
4069810,3508956401664,525084721152
4075378,3516827172864,525084770304
4080937,3524089057280,525084835840
4086460,3529758797824,525999542272
4092014,3536335925248,527103127552
4097573,3542926467072,527666118656
4103149,3548684054528,528016347136
4108725,3555396751360,528940576768
4114308,3561811464192,528953937920
4119849,3567445913600,529230807040
4125458,3573267542016,530166329344
4130983,3579569590272,530246832128
4136533,3586337394688,530295570432
4142123,3591596584960,531983933440
4147668,3598804336640,532499628032
4153153,3605235990528,532763795456
4158752,3610883600384,532881825792
4164258,3616918671360,534503456768
4169775,3623979454464,535615610880
4175334,3631101419520,535929147392
4180884,3636959834112,536681193472
4186484,3643860271104,537690488832
4192023,3650824982528,537759805440
4197555,3657585033216,537759854592
4203114,3663321501696,538933121024
4208652,3670501232640,539365998592
4214217,3677368012800,539366047744
4219770,3684224212992,539366096896
4225263,3689625620480,540725297152
4230822,3696242999296,541777383424
4236408,3703077883904,542268571648
4242008,3710420717568,542268620800
4247563,3716054020096,543351328768
4253081,3723017965568,544389062656
4258618,3729915437056,544752951296
4264156,3736556544000,544753000448
4269735,3742205763584,545962590208
4275264,3749344059392,546678890496
4280776,3756126130176,546678939648
4286355,3762145955840,546725638144
4291974,3768370941952,548268265472
4297525,3775216103424,548604932096
4303100,3781649113088,548604981248
4308646,3787318874112,549614370816
4314197,3794774704128,550532296704
4319759,3802147422208,550583476224
4325349,3808569839616,550583525376
4330870,3813937082368,551518666752
4336418,3820795678720,552664535040
4341985,3828574797824,552927387648
4347596,3835286528000,552927436800
4353126,3840574820352,554629447680
4358685,3847601516544,555435171840
4364272,3854564184064,555560521728
4369783,3860354883584,556809314304
4375358,3867405963264,557432107008
4380877,3873697005568,557432156160
4386448,3879739031552,557432205312
4391950,3884692422656,558940831744
4397551,3891444584448,559333945344
4403049,3898112442368,559333994496
4408605,3903456337920,559609606144
4414125,3909746102272,561122975744
4419648,3916297986048,562106441728
4425230,3923257532416,562390155264
4430792,3928649965568,563269394432
4436318,3936416903168,564253638656
4441925,3943848472576,564389507072
4447478,3951014453248,564389556224
4452984,3956676067328,565537927168
4458490,3963604041728,566277685248
4464051,3970356568064,566559277056
4469608,3977301364736,566604644352
4475180,3982412828672,567943397376
4480757,3989268701184,569010794496
4486239,3996447690752,569070989312
4491814,4003233796096,569071022080
4497362,4009269915648,569436807168
4502918,4016095543296,570569003008
4508446,4022882877440,570924658688
4514011,4030610509824,570924691456
4519461,4037168558080,570924724224
4525014,4042860945408,572087963648
4530567,4050020184064,572087996416
4536137,4057339248640,572088045568
4541667,4064383361024,572088094720
4547151,4070491418624,573344243712
4552647,4077699747840,574327734272
4558132,4085830254592,574764138496
4563658,4093567807488,574764187648
4569114,4100776509440,574764220416
4574653,4106824171520,576300412928
4580214,4114285940736,577038295040
4585725,4121909100544,577038327808
4591249,4129651830784,577038376960
4596729,4134854119424,577580601344
4602210,4142213296128,578692030464
4607747,4149699923968,579221999616
4613251,4156942905344,579222048768
4618807,4163950743552,579222081536
4624280,4169197707264,580520202240
4629775,4176402169856,580832919552
4635275,4183260991488,580832968704
4640862,4189805805568,580833017856
4646414,4195215486976,582182408192
4651870,4202535567360,582700408832
4657351,4209421500416,582700441600
4662879,4216840421376,582700474368
4668415,4224186269696,582700507136
4673998,4229900570624,584303808512
4679503,4237550403584,585178669056
4685007,4244589731840,585728663552
4690565,4251746365440,585728679936
4696070,4259073622016,585728729088
4701514,4264692908032,586758094848
4706993,4272722604032,587836178432
4712508,4280968351744,588076515328
4718052,4288419241984,588076552192
4723633,4296332914688,588076560384
4729100,4303805100032,588076568576
4734664,4309825671168,589354803200
4740191,4317742186496,589687472128
4745575,4324699951104,589687476224
4750971,4332108169216,589687484416
4756390,4339408941056,589687492608
4761799,4346804637696,589687500800
4767193,4352969576448,591221497856
4772629,4360553529344,591853940736
4778029,4367474520064,591853948928
4783423,4374919069696,591853953024
4788837,4381752639488,591853965312
4794252,4389580144640,591853969408
4799650,4394824261632,593443684352
4805073,4401681793024,594218143744
4810483,4409504096256,594218151936
4815897,4416995483648,594218160128
4821303,4424235601920,594218168320
4826713,4429957832704,595377311744
4832129,4437261873152,596198379520
4837514,4444089036800,596453081088
4842916,4451117027328,596453089280
4848303,4457916067840,596453101568
4853684,4462598791168,597374435328
4859077,4468895449088,599329546240
4864507,4476026834944,599363354624
4869896,4483029475328,599363362816
4875281,4489664659456,599363375104
4880714,4495448678400,599939981312
4886248,4503181979648,601111707648
4891669,4510460067840,601647955968
4897090,4517915947008,601811152896
4902491,4525118369792,601811165184
4907901,4531606536192,602236100608
4913329,4538794156032,603801665536
4918868,4546562887680,604280180736
4924262,4553842626560,604280213504
4929680,4561173278720,604280262656
4935041,4568206553088,604280279040
4940524,4571786858496,605535600640
4945944,4574183948288,606264070144
4951357,4575675473920,606720724992
4956757,4577060818944,607006724096
4962171,4578577637376,607006724096
4967592,4580550025216,608747524096
4972989,4588288593920,608747540480
4978389,4595737591808,608747573248
4983761,4603073282048,608747606016
4989161,4610629742592,608747638784
4994569,4616995229696,609090002944
4999971,4623716225024,610327474176
5005402,4630615109632,610362679296
5010800,4637654896640,610362712064
5016220,4644358995968,610362761216
5021636,4650336505856,610751352832
5027105,4657044750336,611615932416
5032503,4664232550400,611615965184
5037991,4671009718272,611615997952
5043374,4677553750016,611616030720
5048872,4683013062656,612825722880
5054458,4690531885056,613617012736
5060000,4698221039616,613914730496
5065520,4705902886912,614051782656
5071058,4713054998528,614051831808
5076663,4718889525248,615036694528
5082225,4726426251264,615975092224
5087781,4734059368448,616398462976
5093341,4741301141504,616398512128
5098885,4748254601216,616398544896
5104411,4753539375104,617724133376
5109965,4761000173568,618475343872
5115583,4768859701248,618475393024
5121152,4776336310272,618475442176
5126743,4782855196672,618930405376
5132304,4789401341952,620358365184
5137916,4796513841152,620638236672
5143471,4804012785664,620638269440
5149008,4811409260544,620638302208
5154610,4816811565056,621980749824
5160136,4823942508544,623000764416
5165697,4831494598656,623558139904
5171238,4838913527808,623763091456
5176764,4846108225536,623763124224
5182284,4850591293440,624881491968
5187825,4854243717120,626942365696
5193390,4862206062592,626942398464
5198976,4869662064640,626942447616
5204489,4876643274752,626942480384
5210113,4883577626624,626942513152
5215624,4888925360128,628353073152
5221200,4896991703040,628730155008
5226788,4904344518656,628730187776
5232281,4911581016064,628730236928
5237775,4917714497536,628952838144
5243333,4923931963392,630313590784
5248885,4931491688448,630343020544
5254378,4938380365824,630343069696
5259861,4945597829120,630343086080
5265341,4953022337024,630343118848
5270931,4959492681728,631694524416
5276384,4967024996352,632621707264
5281935,4974979375104,632936812544
5287498,4982487535616,633002520576
5293018,4989985472512,633002553344
5298587,4997636628480,633002586112
5304108,5003889020928,634410995712
5309625,5011942797312,635295444992
5315115,5019690029056,635381211136
5320733,5027853139968,635381243904
5326291,5035731488768,635381276672
5331836,5041812766720,636274683904
5337351,5049754730496,637160263680
5342919,5058071666688,637263319040
5348395,5065390014464,637263368192
5353950,5073133346816,637263400960
5359481,5078708871168,638307397632
5365015,5086000726016,639433105408
5370608,5093894262784,640037285888
5376216,5102502690816,640037318656
5381662,5109481144320,640037351424
5387303,5115433603072,640687517696
5392899,5118140043264,641876213760
5398523,5119798841344,641876213760
5404150,5121175879680,642368929792
5409752,5122856558592,642368929792
5415355,5124656836608,642368929792
5420875,5130372481024,644308336640
5426437,5138380943360,644308385792
5432004,5146166263808,644308434944
5437540,5154172428288,644308467712
5443078,5160158998528,645161922560
5448638,5167583186944,645633138688
5454169,5175095721984,645633171456
5459706,5182322401280,645633220608
5465244,5188538335232,645972692992
5470814,5195734663168,647234732032
5476289,5202690514944,647564779520
5481854,5210377527296,647573028864
5487396,5217065963520,647573078016
5493025,5222490439680,648383934464
5498629,5229739446272,649057112064
5504201,5236768718848,649057161216
5509772,5244001402880,649057193984
5515300,5250952896512,649187639296
5520847,5257263165440,650827657216
5526392,5264654032896,651906486272
5531941,5272690356224,652143661056
5537568,5280290250752,652143710208
5543091,5286398754816,653401686016
5548712,5294037344256,653582704640
5554212,5301758484480,653582737408
5559801,5307770753024,654548140032
5565341,5314972512256,655451762688
5570915,5322255802368,655661965312
5576461,5328855842816,655826010112
5582023,5335182856192,657320706048
5587607,5342243323904,657796435968
5593188,5349414752256,657937747968
5598673,5355400822784,659167789056
5604310,5363138547712,659819544576
5609904,5370861768704,659819610112
5615488,5377465311232,660507213824
5621049,5385056817152,661400367104
5626608,5392722755584,661599666176
5632145,5400080367616,661599715328
5637705,5406161195008,662575325184
5643175,5414061940736,663498412032
5648727,5421743136768,663557959680
5654255,5428844466176,663557992448
5659885,5436326723584,663558041600
5665440,5442655809536,664411811840
5671011,5450480775168,664945815552
5676562,5458315739136,664945864704
5682228,5465647894528,664945913856
5687754,5472168841216,666130350080
5693304,5479966117888,667096129536
5698905,5487889846272,667644887040
5704425,5495550410752,667644919808
5709972,5501399678976,668546637824
5715491,5509283119104,669387988992
5721082,5517129687040,669503438848
5726643,5524841725952,669503488000
5732160,5529381330944,670566895616
5737665,5532306251776,671596998656
5743288,5533960978432,672499793920
5748980,5535450640384,673989033984
5754558,5536963018752,675501342720
5760125,5539350130688,676742840320
5765653,5547238420480,676742873088
5771248,5554952544256,676742922240
5776835,5562703560704,676742971392
5782382,5568697327616,677579534336
5787962,5576244682752,678266568704
5793525,5583961681920,678306123776
5799112,5591603605504,678306172928
5804662,5595485696000,680106098688
5810182,5602279817216,681174208512
5815775,5609574711296,681222520832
5821369,5617192148992,681222569984
5826909,5623749664768,681909170176
5832470,5630922629120,682854461440
5838018,5638758793216,683125600256
5843630,5646354145280,683268468736
5849238,5654068551680,683268562944
5854846,5660527833088,684748849152
5860425,5668389879808,685452410880
5865934,5676042530816,685452443648
5871587,5683812204544,685452476416
5877168,5690300796928,685871259648
5882744,5698172702720,686947581952
5888324,5706218303488,686997876736
5893908,5714070474752,686997909504
5899443,5721407942656,686997942272
5904999,5727396896768,687937945600
5910569,5735193010176,689013321728
5916174,5743618920448,689324654592
5921758,5751792353280,689324703744
5927361,5759637143552,689324752896
5932825,5765757317120,690740211712
5938388,5773327630336,691267477504
5943802,5779904225280,691267510272
5949203,5786739458048,691267543040
5954619,5793664212992,691391610880
5960095,5800574128128,692884168704
5965546,5808148512768,693145133056
5970974,5815921500160,693145165824
5976403,5823179300864,693145214976
5981823,5830079377408,693462745088
5987290,5837506228224,694401318912
5992679,5844805910528,694531530752
5998118,5852057653248,694531563520
6003534,5859220115456,694531629056
6008974,5865040470016,695012491264
6014402,5872160600064,696164319232
6019840,5879194632192,697055469568
6025285,5887023652864,697055502336
6030720,5894437351424,697055551488
6036174,5900018089984,698014740480
6041646,5907205431296,699052748800
6047073,5914472509440,699512782848
6052547,5921718800384,699512832000
6058004,5929289404416,699512864768
6063441,5934878060544,700867579904
6068849,5942327009280,701568765952
6074305,5949897633792,701568815104
6079755,5957870411776,701568847872
6085218,5964503883776,701858873344
6090644,5970807824384,703372746752
6096080,5977575641088,703602073600
6101534,5984746192896,703602122752
6106972,5992000450560,703602171904
6112413,5997395419136,704950890496
6117881,6003717283840,706044788736
6123366,6011207839744,706656534528
6128810,6018413973504,706952347648
6134252,6024831827968,707197919232
6139715,6030932197376,708647219200
6145178,6038168608768,708897542144
6150628,6045085261824,708897591296
6156071,6051011510272,709231374336
6161544,6058896441344,710425194496
6166962,6066346311680,710679470080
6172470,6073271074816,710679502848
6177908,6080104222720,710679568384
6183344,6085831655424,711524339712
6188764,6093158907904,711558488064
6194181,6100079312896,711558520832
6199615,6106629292032,711558569984
6205063,6111930810368,712712859648
6210498,6119156183040,713566851072
6215969,6126966226944,714381307904
6221416,6134126948352,714711060480
6226857,6140489093120,715031605248
6232291,6146919817216,716410286080
6237765,6154052128768,716793876480
6243202,6161291296768,716793925632
6248614,6168861954048,716793958400
6254036,6174554103808,718123712512
6259508,6182063689728,719132520448
6265067,6189444980736,719622615040
6270568,6196737974272,719622647808
6276156,6203829637120,719622680576
6281683,6209590267904,721233219584
6287291,6217379688448,721453875200
6292898,6225260343296,721453924352
6298482,6232936169472,721453957120
6304029,6238774022144,722104610816
6309541,6245611589632,723203764224
6315111,6253151526912,723822919680
6320620,6261744607232,723856240640
6326072,6269787160576,723856257024
6331521,6277643132928,723856273408
6337023,6285008457728,723856289792
6342642,6293109374976,723856306176
6348243,6299030802432,724883472384
6353790,6305981198336,725602623488
6359439,6313115353088,725703553024
6365024,6320307560448,725703602176
6370635,6326212456448,726793637888
6376226,6334088413184,727744167936
6381873,6341701816320,728084701184
6387437,6349151080448,728084750336
6393037,6354878791680,728757088256
6398624,6362136768512,729580285952
6404213,6370271584256,729580318720
6409763,6378793721856,729580351488
6415304,6385661779968,729580384256
6420830,6391065182208,730566721536
6426416,6397972926464,731689635840
6432048,6405694054400,732109901824
6437584,6413607161856,732109934592
6443187,6420050927616,732401565696
6448790,6426535620608,733824376832
6454422,6433837965312,734242418688
6460024,6441167237120,734275567616
6465653,6448469151744,734275600384
6471205,6453877620736,735772856320
6476792,6460778786816,736436494336
6482494,6468567220224,736436543488
6488117,6475796262912,736436576256
6493681,6480911572992,738087378944
6499283,6488389484544,738155008000
6504889,6495361024000,738155040768
6510504,6502552580096,738155073536
6516069,6508099166208,739161743360
6521643,6515062284288,740238733312
6527201,6522980077568,740885090304
6532848,6530389000192,741092343808
6538489,6537364344832,741092392960
6544100,6543049998336,742289788928
6549712,6550244007936,743137435648
6555295,6558005112832,743212142592
6560875,6565554331648,743212191744
6566495,6571644280832,743972769792
6572079,6578064547840,745086996480
6577688,6585368272896,745435635712
6583296,6592828645376,745435668480
6588910,6598672338944,746259144704
6594550,6605121658880,747267170304
6600194,6612295950336,747267219456
6605757,6619674255360,747267268608
6611341,6625279787008,747997573120
6616927,6631871561728,749156012032
6622514,6639630888960,749871075328
6628130,6647370850304,749936500736
6633743,6654807805952,749936549888
6639370,6660655783936,751091302400
6644984,6667732201472,752089473024
6650569,6674813313024,752142352384
6656175,6682399690752,752142401536
6661793,6689550700544,752142434304
6667414,6695588544512,753459417088
6672948,6703311851520,754464555008
6678581,6710784163840,754786582528
6684174,6718159151104,754786615296
6689776,6725062082560,754786648064
6695410,6731272597504,754909331456
6701089,6737620832256,755984748544
6706675,6745151696896,755984797696
6712216,6752136339456,755984830464
6717801,6758505312256,755984863232
6723379,6763916017664,757140660224
6728969,6771548340224,758101647360
6734596,6779311767552,758822326272
6740236,6787119108096,758822359040
6745800,6794492657664,758897680384
6751431,6800349614080,760614268928
6757026,6807489277952,761192816640
6762671,6815112949760,761192865792
6768260,6821107523584,761894309888
6773848,6828541456384,763003592704
6779489,6835970125824,763428585472
6785109,6844084363264,763428618240
6790675,6851452424192,763428651008
6796292,6857133518848,764276092928
6801963,6864224194560,764327030784
6807527,6871529492480,764327079936
6813119,6878593093632,764327129088
6818735,6884024598528,765414088704
6824285,6891201650688,766367555584
6829964,6900605329408,766574489600
6835606,6910328619008,766574505984
6841214,6918572101632,766574538752
6846855,6926391566336,766574571520
6852448,6932050014208,767529385984
6858050,6938698932224,768561573888
6863663,6945660579840,769348354048
6869200,6952656859136,769590538240
6874904,6958717718528,769893748736
6880510,6965462274048,771067101184
6886132,6972345098240,771372027904
6891767,6979483287552,771372060672
6897400,6986748846080,771372093440
6902954,6992630366208,772872318976
6908564,6999614812160,773543223296
6914194,7006938292224,773543256064
6919824,7014412001280,773543305216
6925398,7020075933696,774501969920
6930988,7026975002624,775588970496
6936605,7033897349120,776445636608
6942236,7041490489344,776660852736
6947854,7048151830528,776881946624
6953437,7054430162944,778379231232
6959097,7061580218368,779098570752
6964707,7069085483008,779377446912
6970313,7076356550656,779377496064
6975919,7081885204480,780564910080
6981570,7088584630272,781107146752
6987220,7095751557120,781107195904
6992818,7103525527552,781107228672
6998370,7109443772416,781980049408
7004032,7116541181952,782157783040
7009651,7123468226560,782157832192
7015274,7130830102528,782157881344
7020870,7136471891968,783502958592
7026461,7144014155776,784532418560
7032047,7151480463360,785236348928
7037653,7158725136384,785465114624
7043295,7164951138304,786453766144
7048901,7171867721728,787458953216
7054470,7179320569856,787490512896
7059880,7185170100224,787490545664
7065321,7191826571264,787558645760
7070852,7197716942848,789049552896
7076347,7204893073408,789595840512
7081796,7211972927488,789795000320
7087213,7219602268160,789795033088
7092650,7225686175744,790196932608
7098128,7231946919936,791208505344
7103563,7239114657792,791208554496
7108967,7245766901760,791208603648
7114400,7253290917888,791208636416
7119821,7258316668928,792525729792
7125251,7265136779264,793498853376
7130732,7271927652352,794347274240
7136184,7279066640384,794642907136
7141639,7285860904960,794688475136
7147071,7291321978880,795894718464
7152534,7298141319168,796553601024
7157966,7305220370432,796553650176
7163403,7312282095616,796553699328
7168853,7317043867648,797682823168
7174335,7324140752896,798202396672
7179775,7331171020800,798202445824
7185218,7337908240384,798202494976
7190641,7342879080448,799164923904
7196105,7344086261760,800024240128
7201547,7344828776448,800555458560
7206960,7346903654400,800748314624
7212402,7348263292928,801159077888
7217846,7348983480320,801683841024
7223288,7349702459392,802221203456
7228739,7350426779648,802761023488
7234179,7351255658496,803266174976
7239598,7353354043392,803420004352
7245053,7353995927552,804062027776
7250504,7354654916608,804721172480
7255957,7355310170112,805376614400
7261404,7355942203392,806008840192
7266816,7357638512640,806261923840
7272256,7358812184576,806736060416
7277698,7359465074688,807389306880
7283154,7360124223488,808048582656
7288603,7360785948672,808710529024
7294040,7361555791872,809309347840
7299461,7363775430656,809577521152
7304908,7365230219264,811032158208
7310351,7366609059840,812411035648
7315801,7367993421824,813795155968
7321252,7369346949120,815148605440
7326669,7370981842944,815694651392
7332079,7376734019584,816979664896
7337512,7383536955392,816979697664
7342978,7390957694976,816979730432
7348412,7397621968896,816979779584
7353834,7402717126656,818274508800
7359306,7409232343040,819327320064
7364744,7416620933120,820088590336
7370171,7424680591360,820195192832
7375647,7432670683136,820195209216
7381184,7439777964032,820195241984
7386768,7445045198848,821369581568
7392354,7452250693632,822348374016
7397889,7460572491776,822409695232
7403389,7468404813824,822409695232
7408910,7475264696320,822409728000
7414501,7482456670208,822409777152
7420141,7487967227904,823255797760
7425674,7494951415808,824288878592
7431194,7501837058048,825216385024
7436747,7508749561856,825450180608
7442364,7515909390336,825450180608
7447969,7522802012160,825450262528
7453554,7528172515328,826707750912
7459150,7535217954816,826742964224
7464792,7542000263168,826743013376
7470421,7548835999744,826743046144
7475971,7554463920128,827557785600
7481497,7561432211456,828391297024
7487084,7568143974400,829250293760
7492691,7575551008768,829398994944
7498297,7582835433472,829399027712
7503891,7589897162752,829399060480
7509502,7595640680448,830367342592
7515194,7603287683072,830757990400
7520807,7611323990016,830758006784
7526375,7619030376448,830758039552
7532129,7626720280576,830758055936
7537753,7634208079872,830758088704
7543333,7639323283456,831680110592
7548888,7646496129024,832640163840
7554580,7654091968512,833023332352
7560219,7661730582528,833130242048
7565808,7669658828800,833130258432
7571337,7676678287360,833130291200
7576939,7684055056384,833130307584
7582556,7689490145280,834190807040
7588148,7697629564928,835365982208
7593789,7705609084928,835614068736
7599463,7713594085376,835614101504
7605056,7721119211520,835614134272
7610679,7728595566592,835614167040
7616309,7734040694784,837280215040
7621907,7741280829440,838288629760
7627552,7748521758720,838741622784
7633133,7756721278976,838741639168
7638694,7765615169536,838741655552
7644310,7773578653696,838741688320
7649838,7778854866944,840247230464
7655447,7785757220864,841254871040
7661070,7792829632512,841343549440
7666741,7800121462784,841343582208
7672361,7807863713792,841343614976
7677962,7813946494976,842909745152
7683525,7821568565248,843060080640
7689124,7828608364544,843060129792
7694697,7835313287168,843060154368
7700345,7841144287232,843446431744
7705918,7847530905600,844433784832
7711508,7854689918976,844433797120
7717112,7862036279296,844433805312
7722676,7868955389952,844433813504
7728289,7874431696896,845583949824
7733873,7881409740800,846664790016
7739478,7889052008448,846988427264
7745132,7896728768512,846988435456
7750727,7904017661952,846988447744
7756330,7909587009536,848104857600
7761912,7917243174912,849068007424
7767514,7925847478272,849893396480
7773117,7934148100096,850279907328
7778651,7941972602880,850315161600
7784220,7950209150976,850315165696
7789782,7957593858048,850315169792
7795373,7965106237440,850315182080
7800926,7969976254464,851609890816
7806500,7976917549056,852293406720
7812129,7983911899136,852621488128
7817731,7990896283648,852668379136
7823379,7997843034112,852668387328
7828970,8003434971136,854273888256
7834623,8010855583744,855039475712
7840258,8017990086656,855146618880
7845914,8024785293312,855146631168
7851474,8030265896960,856613167104
7857034,8038002765824,857703071744
7862651,8045064790016,857780781056
7868258,8052289191936,857780789248
7873881,8059473858560,857780801536
7879485,8064739123200,859150987264
7885084,8071771172864,860366159872
7890724,8079282380800,860627509248
7896367,8086560620544,860627542016
7901932,8093288996864,860627730432
7907578,8098764341248,861766909952
7913078,8105857708032,861766942720
7918645,8112142577664,861766975488
7924169,8118828855296,861767024640
7929771,8124298539008,862348005376
7935340,8130971123712,862991536128
7941004,8137750437888,862991585280
7946572,8145127129088,862991634432
7952172,8151353131008,862991667200
7957764,8156377636864,864197443584
7963319,8164084359168,865326383104
7968970,8171691315200,865764257792
7974607,8179369164800,865764290560
7980231,8186594979840,865764323328
7985805,8193270472704,865764356096
7991336,8198508904448,866998824960
7997034,8204852969472,867582316544
8002611,8211546861568,867582365696
8008262,8218200629248,867582398464
8013854,8224841433088,867582431232
8019413,8230298435584,869108359168
8024959,8237325873152,869999783936
8030483,8244048314368,869999816704
8036036,8250894303232,869999849472
8041622,8257709264896,869999882240
8047198,8263898882048,870421880832
8052839,8270282162176,871734321152
8058390,8277852413952,871734353920
8063864,8284525228032,871734386688
8069529,8291413585920,871734419456
8075145,8298226221056,871734452224
8080726,8303521312768,873272770560
8086343,8310811062272,874243854336
8091935,8318196473856,874328875008
8097496,8325408706560,874328907776
8103063,8332250312704,874328956928
8108631,8337770913792,875294404608
8114179,8344189337600,876460941312
8119863,8351636402176,876780773376
8125380,8358676811776,876780806144
8131071,8365589594112,876780838912
8136672,8371634384896,877195227136
8142294,8377547726848,878568845312
8147950,8384850378752,878679252992
8153556,8392001875968,878679285760
8159075,8398379765760,878679318528
8164693,8405572669440,878679351296
8170314,8411027021824,879957409792
8175925,8418697904128,881138872320
8181610,8426252189696,881437605888
8187246,8433787297792,881437655040
8192829,8440849309696,881437687808
8198455,8446584651776,881974624256
8204029,8453192736768,883377881088
8209631,8460897210368,884315963392
8215291,8468441817088,884445245440
8220925,8475421663232,884445294592
8226518,8482625343488,884445360128
8232133,8487680139264,886146478080
8237750,8494435041280,887124287488
8243346,8501136289792,887781781504
8248935,8507193950208,887944441856
8254550,8513422630912,887944491008
8260131,8518274457600,889180778496
8265722,8524915486720,890215419904
8271370,8531731853312,890451636224
8276997,8537931177984,890451685376
8282652,8543388463104,890451734528
8288249,8547951857664,891789516800
8293926,8554072092672,892055703552
8299571,8559852580864,892055736320
8305156,8565112627200,892055785472
8310713,8569757155328,893077532672
8316273,8576416645120,894178631680
8321875,8582862974976,894903181312
8327469,8589611606016,894903214080
8333117,8595756539904,894903263232
8338625,8600861302784,895359725568
8344215,8606571061248,896931352576
8349844,8613144977408,897835540480
8355508,8619955818496,897886363648
8361064,8626522996736,897886396416
8366619,8632309866496,897902161920
8372306,8637823418368,899643498496
8377968,8644863418368,900065652736
8383571,8652169973760,900065685504
8389099,8658656735232,900065701888
8394658,8664907710464,900065734656
8400216,8670925471744,900065751040
8405791,8675526701056,901690486784
8411395,8682063101952,902833233920
8417008,8688935546880,902833266688
8422594,8695992074240,902833299456
8428198,8703215116288,902833332224
8433677,8709917663232,902833364992
8439270,8714705993728,904104550400
8444836,8721948286976,905173438464
8450450,8729271640064,905842475008
8456066,8736552361984,905842507776
8461698,8743016161280,905842556928
8467211,8749253234688,905842606080
8472787,8753676603392,907185012736
8478315,8759540559872,907866079232
8483713,8764791447552,907969110016
8489125,8770878947328,907969126400
8494525,8776899747840,907969142784
8499994,8782365335552,907969175552
8505430,8788061110272,907969191936
8510880,8793288466432,907969224704
8516340,8797317132288,909042724864
8521826,8804715331584,910034268160
8527286,8811510972416,910153977856
8532762,8818100269056,910154010624
8538198,8824406953984,910154027008
8543617,8830911049728,910154059776
8549055,8837096656896,910154092544
8554485,8841822810112,911503826944
8559936,8848818130944,911697780736
8565364,8855673651200,911697797120
8570816,8861971320832,911697829888
8576243,8867632193536,911697846272
8581666,8873034838016,911697895424
8587115,8876911042560,912972976128
8592522,8883106738176,914074755072
8597972,8889762295808,914119458816
8603439,8896317370368,914119491584
8608881,8903378501632,914119507968
8614363,8909135974400,914119540736
8619805,8914522726400,914119557120
8625248,8918605578240,915624525824
8630719,8924572016640,916648067072
8636174,8930775064576,917163388928
8641649,8937619185664,917163421696
8647105,8944578453504,917163454464
8652557,8950815436800,917163487232
8657983,8955255488512,918701510656
8663448,8961503457280,919608766464
8668904,8968181977088,919628029952
8674360,8974754627584,919628062720
8679800,8981161799680,919628111872
8685228,8986621292544,919659102208
8690674,8992153812992,921337458688
8696124,8998996684800,921337491456
8701572,9005514727424,921337524224
8707016,9012199079936,921337556992
8712441,9018571350016,921337589760
8717841,9023555170304,921785044992
8723313,9029680197632,923314913280
8728778,9036347240448,924224753664
8734190,9042953211904,924442955776
8739623,9049530339328,924442988544
8745052,9055839449088,924443021312
8750497,9062285651968,924443054080
8755944,9065725251584,926342103040
8761391,9072006893568,926600478720
8766800,9077888360448,926600511488
8772243,9083922259968,926600544256
8777683,9090150830080,926600577024
8783116,9096453144576,926600609792
8788550,9100268580864,927831531520
8794008,9106633617408,928424878080
8799493,9113255428096,928424894464
8805071,9119815204864,928424927232
8810675,9126229073920,928424960000
8816235,9132441620480,928424992768
8821808,9136750362624,930148634624
8827393,9142904291328,931086790656
8833041,9149911285760,931197358080
8838585,9156604661760,931197374464
8844172,9162982326272,931197390848
8849754,9169276157952,931197423616
8855313,9173274484736,932243255296
8860875,9179684372480,933357608960
8866458,9187328385024,934500831232
8872121,9194359279616,934613413888
8877719,9200903454720,934613446656
8883287,9207458680832,934613463040
8888871,9210998861824,935813955584
8894404,9216801435648,936946679808
8900014,9223283232768,937594990592
8905653,9229778001920,937674674176
8911221,9236045426688,937674706944
8916762,9241964163072,937674739712
8922327,9245905174528,939292213248
8927908,9251746713600,939576246272
8933541,9258585911296,939576279040
8939144,9265756991488,939576311808
8944655,9272216924160,939576328192
8950340,9276690026496,939972173824
8955924,9281983655936,941487034368
8961491,9289737908224,941899390976
8967101,9297086783488,941899423744
8972699,9303598440448,941899440128
8978293,9310866681856,941899472896
8983863,9318002589696,941899505664
8989474,9323346886656,942872920064
8995024,9330454532096,943973695488
9000605,9337868083200,945059205120
9006185,9345339760640,945223233536
9011705,9352823484416,945223249920
9017299,9360233684992,945223266304
9022830,9367310323712,945223282688
9028411,9374582870016,945223315456
9033891,9381701173248,945223331840
9039421,9387006640128,945838813184
9045002,9394804580352,946900754432
9050652,9402921979904,946952241152
9056258,9410619383808,946952273920
9061710,9417324548096,946952273920
9067242,9423914078208,946952290304
9072711,9430809174016,946952306688
9078278,9438059966464,946952323072
9083718,9445247979520,946952339456
9089217,9452470132736,946952355840
9094728,9459845091328,946952372224
9100243,9465185357824,947964178432
9105818,9472215388160,948748279808
9111461,9479862325248,948863873024
9117092,9487208964096,948863889408
9122695,9494425079808,948863905792
9128308,9501998448640,948863922176
9133890,9509520658432,948863938560
9139427,9516857929728,948863954944
9144994,9524049510400,948863971328
9150540,9531063050240,948864020480
9156076,9536611364864,950194761728
9161675,9544347545600,950820827136
9167244,9551862349824,950820843520
9172801,9559248285696,950820876288
9178418,9566620258304,950820892672
9183998,9574050934784,950820909056
9189579,9581099655168,950820941824
9195168,9588181614592,950820958208
9200719,9593081491456,951920259072
9206278,9600787300352,952910921728
9211841,9608058621952,953997254656
9217451,9615179833344,954357526528
9223037,9622468857856,954357559296
9228624,9630019792896,954357575680
9234229,9637540225024,954357608448
9239821,9645093101568,954357624832
9245357,9650010824704,955883446272
9250884,9656930357248,956934709248
9256488,9662991589376,957030187008
9262060,9669562802176,957030203392
9267635,9676598624256,957030236160
9273274,9683445190656,957030268928
9278838,9688268152832,958599356416
9284415,9695489933312,959171104768
9290075,9702068981760,959171137536
9295629,9707723714560,959171170304
9301189,9714264502272,959171203072
9306762,9720814145536,959171235840
9312358,9725029613568,960699449344
9317937,9731485720576,961783955456
9323591,9737919270912,962225385472
9329198,9743615864832,962225418240
9334766,9749611319296,962225451008
9340341,9756372692992,962225483776
9345941,9761084694528,964112199680
9351551,9768051572736,965203824640
9357175,9775199080448,965756252160
9362780,9781209960448,965756284928
9368296,9787962281984,965756317696
9373794,9794615767040,965756334080
9379347,9800341028864,965861773312
9384834,9803269988352,967172689920
9390247,9808512442368,968843935744
9395681,9815228198912,968843952128
9401095,9821751943168,968843984896
9406555,9828422713344,968844001280
9411974,9834322882560,968844034048
9417391,9840481398784,968844050432
9422778,9846572179456,968844066816
9428190,9852828966912,968844083200
9433620,9857104007168,970094608384
9439053,9863955505152,970965323776
9444559,9871135809536,971182292992
9450026,9878083215360,971182325760
9455490,9884379963392,971182358528
9460953,9890921181184,971182374912
9466356,9897668775936,971182407680
9471746,9903856816128,971182424064
9477238,9908107931648,972783632384
9482686,9914551197696,973051899904
9488116,9920453619712,973147422720
9493581,9926061641728,973147471872
9499019,9931900768256,973147504640
9504429,9936072527872,974452396032
9509887,9942689886208,975376379904
9515369,9949697384448,976212262912
9520816,9956633649152,976722821120
9526284,9963473993728,977110257664
9531739,9969691090944,977110274048
9537182,9975455924224,977110323200
9542604,9979908849664,978244694016
9548091,9986170122240,979012890624
9553516,9993307807744,979311669248
9558942,9999322488832,979433840640
9564379,10005640474624,979433873408
9569803,10010899349504,979433906176
9575233,10016994803712,979493613568
9580731,10022385053696,981272281088
9586195,10028628672512,981890457600
9591636,10035942572032,981890490368
9597052,10043182747648,981890506752
9602466,10050369257472,981890523136
9607956,10056828809216,981890555904
9613387,10063169896448,981890572288
9618785,10069690720256,981890588672
9624205,10074330071040,983140818944
9629646,10081662001152,983982350336
9635168,10088265502720,984336719872
9640615,10095304335360,984336736256
9646049,10102624874496,984336769024
9651497,10108610367488,984336801792
9656871,10114576019456,984336818176
9662286,10119238541312,984813981696
9667736,10125495349248,986213834752
9673174,10132701757440,987202633728
9678629,10139468120064,987691954176
9684060,10146256117760,987691970560
9689497,10152314933248,987692003328
9694956,10158830481408,987692036096
9700370,10165736861696,987692052480
9705798,10170521128960,989215080448
9711243,10177252671488,990232207360
9716687,10184594632704,990232223744
9722106,10192155144192,990232240128
9727527,10199087824896,990232256512
9732980,10205780758528,990232289280
9738387,10212133335040,990232322048
9743808,10217923731456,990232338432
9749325,10222547927040,991445856256
9754924,10229378973696,992206307328
9760625,10235942711296,993113038848
9766201,10243216801792,993113055232
9771835,10250159591424,993113071616
9777414,10257042149376,993113104384
9783041,10263413940224,993113137152
9788598,10268691955712,993719922688
9794181,10275128901632,994887213056
9799781,10281500426240,995586736128
9805378,10288658120704,995636936704
9810939,10295507767296,995636953088
9816518,10302587674624,995636985856
9822091,10309888466944,995637002240
9827634,10317007863808,995637018624
9833167,10322506035200,996621815808
9838724,10330689134592,997652496384
9844292,10337961373696,998742667264
9849911,10345320185856,999530524672
9855434,10352748290048,999530541056
9860912,10360200388608,999530557440
9866377,10367740923904,999530573824
9871893,10375200440320,999530590208
9877419,10382611267584,999530606592
9882943,10390264627200,999530622976
9888482,10396438851584,999846244352
9894108,10402938028032,1000840093696
9899700,10410630365184,1000840126464
9905253,10417922732032,1000840142848
9910825,10425595633664,1000840175616
9916353,10432940187648,1000840208384
9921870,10439918727168,1000840224768
9927389,10447468212224,1000840241152
9932923,10452363587584,1002557059072
9938461,10459612958720,1003362394112
9944074,10467789000704,1003458961408
9949675,10475542204416,1003458977792
9955251,10483706818560,1003458994176
9960786,10491199414272,1003459010560
9966344,10498596945920,1003459043328
9971860,10505547214848,1003459059712
9977376,10512590049280,1003459076096
9982979,10517743558656,1004424318976
9988527,10525106925568,1005329494016
9994051,10532978720768,1005579407360
9999601,10540607270912,1005579423744
10005135,10547886514176,1005579440128
10010687,10555255398400,1005579456512
10016254,10562225848320,1005579489280
10021874,10569348132864,1005579505664
10027426,10576363630592,1005579522048
10032985,10582191562752,1006006972416
10038532,10588540809216,1007581294592
10044086,10595868762112,1008578408448
10049612,10603364274176,1009189515264
10055192,10610896310272,1009262493696
10060767,10618779934720,1009262510080
10066319,10626622283776,1009262526464
10071839,10634004828160,1009262542848
10077475,10641600299008,1009262559232
10082991,10648945762304,1009262575616
10088571,10655696646144,1009365413888
10094225,10661490147328,1010924097536
10099819,10668519239680,1011544043520
10105477,10676054474752,1011585990656
10111075,10683532775424,1011586023424
10116658,10691194011648,1011586039808
10122237,10698464522240,1011586056192
10127780,10705299324928,1011586088960
10133335,10712775241728,1011586105344
10138920,10719896932352,1011677106176
10144525,10725134106624,1013356974080
10150092,10732181028864,1013692264448
10155667,10739941244928,1013692280832
10161277,10747513606144,1013692297216
10166797,10754637803520,1013692329984
10172387,10761773047808,1013692346368
10178011,10768659431424,1013692379136
10183623,10775468982272,1013692395520
10189168,10780750090240,1015146618880
10194713,10787823652864,1015393665024
10200372,10795094286336,1015393681408
10205923,10802420412416,1015393697792
10211532,10809654321152,1015393714176
10217118,10817176399872,1015393730560
10222668,10824400375808,1015393746944
10228238,10831485149184,1015393763328
10233809,10837976268800,1015470014464
10239391,10843741294592,1016615231488
10244930,10850086035456,1017824641024
10250501,10857788571648,1018556411904
10256085,10865016147968,1018556428288
10261679,10871623561216,1018556461056
10267259,10878090047488,1018556493824
10272870,10883963273216,1018604228608
10278537,10889980600320,1020237541376
10284033,10896454610944,1021092171776
10289649,10903995686912,1021919330304
10295261,10911344697344,1022598397952
10300815,10918397231104,1022598430720
10306407,10924873043968,1022598463488
10311974,10931579801600,1022598479872
10317538,10935740768256,1024236089344
10323091,10941476306944,1025137528832
10328710,10947209863168,1025302052864
10334270,10953237315584,1025302102016
10339848,10959617552384,1025302118400
10345491,10965320413184,1025422848000
10351067,10971014127616,1027294679040
10356680,10977435238400,1028211314688
10362253,10984707710976,1028356935680
10367840,10991262953472,1028356952064
10373419,10997465665536,1028356984832
10378977,11003998879744,1028357017600
10384558,11009175031808,1029370138624
10390131,11016251568128,1030449786880
10395632,11022454087680,1031545090048
10401208,11029587546112,1031603826688
10406761,11036061863936,1031603843072
10412296,11042360233984,1031603875840
10417898,11047885570048,1031603908608
10423464,11053461876736,1033066962944
10428991,11059756228608,1033966223360
10434556,11066787119104,1034204733440
10440172,11074073231360,1034204766208
10445757,11081047764992,1034204782592
10451308,11088250544128,1034204798976
10456727,11093895360512,1034204831744
10462168,11098429120512,1035368525824
10467594,11104866271232,1036362944512
10473088,11111462170624,1036745945088
10478534,11118565416960,1036745977856
10483974,11125368176640,1036745994240
10489390,11132283244544,1036746010624
10494873,11138439020544,1036746043392
10500299,11144390262784,1036746059776
10505732,11148659732480,1038151131136
10511179,11154308665344,1038652866560
10516622,11160222908416,1038796111872
10522020,11166241730560,1038796144640
10527434,11172349095936,1038796177408
10532937,11178650161152,1038796193792
10538375,11184184090624,1038796242944
10543952,11188771508224,1040641376256
10549411,11195445846016,1041814925312
10554845,11202267975680,1042644512768
10560230,11208656900096,1042769313792
10565668,11215716622336,1042769330176
10571092,11222237290496,1042769346560
10576515,11229779673088,1042769379328
10581957,11234738298880,1043643990016
10587412,11241447452672,1044126363648
10592842,11247449665536,1044126396416
10598303,11254226071552,1044126445568
10603702,11260801667072,1044126461952
10609146,11267061940224,1044126494720
10614596,11273143812096,1044126511104
10620035,11278318419968,1045719244800
10625490,11285077237760,1046384529408
10630971,11291852877824,1047132692480
10636395,11298618576896,1047132708864
10641856,11305736261632,1047132741632
10647256,11312119914496,1047132758016
10652660,11318771851264,1047132790784
10658095,11323577323520,1047745794048
10663506,11329726300160,1049202380800
10668987,11335714271232,1049861210112
10674406,11342811377664,1050160254976
10679868,11349516046336,1050160271360
10685307,11356358082560,1050160287744
10690737,11364298117120,1050160304128
10696152,11371731345408,1050160320512
10701644,11377909682176,1050160336896
10707108,11384377946112,1050160353280
10712531,11389194035200,1051653312512
10717994,11396239695872,1052714258432
10723483,11403284217856,1053681471488
10728939,11410333233152,1053921845248
10734391,11417436876800,1053921861632
10739836,11424615591936,1053921878016
10745278,11431427112960,1053921894400
10750709,11438273478656,1053921927168
10756149,11445608472576,1053921943552
10761561,11451429490688,1054119952384
10767125,11456927105024,1055416668160
10772721,11463943876608,1055416700928
10778288,11472059965440,1055416700928
10783875,11479045492736,1055416733696
10789341,11485544001536,1055416750080
10794845,11492045836288,1055416766464
10800379,11498611150848,1055416782848
10805941,11504864923648,1055416799232
10811473,11511041892352,1055507185664
10817123,11516474236928,1057315217408
10822719,11523615719424,1058080387072
10828289,11531326160896,1058215661568
10833827,11538479894528,1058215677952
10839380,11545499435008,1058215694336
10844920,11552834387968,1058215694336
10850485,11559438577664,1058215710720
10856035,11566505009152,1058215727104
10861652,11573624365056,1058215743488
10867230,11580593553408,1058215759872
10872803,11588030427136,1058215776256
10878408,11592967061504,1059789639680
10883970,11599683633152,1060522754048
10889508,11606439665664,1060784332800
10895052,11613009043456,1060784365568
10900627,11619294445568,1060784381952
10906232,11625841381376,1060784398336
10911757,11632718344192,1060784431104
10917325,11639514984448,1060784431104
10922891,11646732369920,1060784447488
10928494,11652356239360,1062040592384
10934099,11660093112320,1062981206016
10939691,11668521938944,1063878012928
10945245,11676839268352,1064453955584
10950885,11685365395456,1064565018624
10956464,11693572321280,1064565035008
10962039,11700203245568,1064565051392
10967634,11707393785856,1064565084160
10973211,11714389925888,1064565100544
10978807,11722066518016,1064565116928
10984378,11729309483008,1064565133312
10989954,11736033419264,1064565182464
10995556,11741058011136,1066476920832
11001094,11748178051072,1067382882304
11006671,11755513860096,1067819880448
11012225,11762798882816,1067819896832
11017792,11770360770560,1067819913216
11023390,11777767628800,1067819929600
11028976,11785488244736,1067819945984
11034562,11792819920896,1067819945984
11040112,11800119451648,1067819962368
11045675,11806763704320,1067819978752
11051266,11813146095616,1068160479232
11056824,11819786731520,1069796020224
11062413,11826809274368,1070468988928
11068001,11834130440192,1070604304384
11073481,11841717100544,1070604320768
11079001,11848505450496,1070604337152
11084490,11856016441344,1070604337152
11090060,11862967197696,1070604353536
11095529,11870088728576,1070604369920
11101096,11877058510848,1070604386304
11106623,11884426219520,1070604402688
11112186,11890498322432,1070888742912
11117824,11896444985344,1072345497600
11123391,11902706479104,1072514678784
11128998,11909398630400,1072514711552
11134589,11916150579200,1072514744320
11140125,11922554212352,1072514760704
11145683,11928653500416,1072514793472
11151264,11932778995712,1074217635840
11156818,11939155206144,1075222687744
11162434,11945393700864,1075296595968
11168084,11952265150464,1075296628736
11173664,11958912303104,1075296645120
11179243,11965110538240,1075296677888
11184844,11972126900224,1075296694272
11190467,11977731207168,1076998881280
11196063,11984691503104,1077239656448
11201661,11991321292800,1077239689216
11207226,11997693665280,1077239721984
11212753,12003762200576,1077239738368
11218418,12009986764800,1077239771136
11223988,12015969669120,1077239787520
11229625,12018384916480,1077239820288
11235258,12019689803776,1077239820288
11240913,12021154029568,1077239820288
11246578,12022549983232,1077832429568
11252208,12023994580992,1078554636288
11257875,12025568059392,1078730797056
11263491,12027394355200,1078730797056
11269124,12029036466176,1078923472896
11274787,12030429175808,1079619727360
11280425,12031745949696,1080277970944
11286081,12033347702784,1080711032832
11291722,12035949547520,1081407250432
11297408,12038732591104,1083939385344
11303135,12040679464960,1085924126720
11308891,12042077671424,1087322140672
11314598,12043491840000,1088418951168
11320301,12045455810560,1088547401728
11326025,12046801973248,1089893249024
11331695,12048239169536,1091330060288
11337478,12049603272704,1092693733376
11343178,12051003895808,1094094106624
11348904,12053067436032,1094154924032
11354606,12054658314240,1095595929600
11360333,12056190525440,1097128161280
11366067,12057632485376,1098569953280
11371767,12059093446656,1100030619648
11377442,12060957708288,1100473118720
11383173,12062583922688,1101368864768
11388876,12063984771072,1102769500160
11394589,12065354534912,1104139202560
11400355,12066759483392,1105544032256
11406077,12068382777344,1106310279168
11411773,12070151368704,1106791837696
11417548,12071560740864,1109761126400
11423211,12078321991680,1109761142784
11428905,12084530565120,1109761159168
11434675,12091658813440,1109761175552
11440357,12097893007360,1109761208320
11446073,12105069768704,1109761224704
11451765,12112082378752,1109761241088
11457441,12119233241088,1109761273856
11463150,12124459896832,1110484365312
11468873,12131813650432,1111465234432
11474571,12139605909504,1112042176512
11480285,12146383454208,1112528515072
11485978,12153670938624,1112528531456
11491643,12160752074752,1112528564224
11497340,12167841472512,1112528580608
11503092,12175319896064,1112528596992
11508807,12181519884288,1112828071936
11514533,12187264442368,1114464387072
11520203,12194811822080,1115424067584
11525896,12202175393792,1115454025728
11531652,12209689223168,1115454042112
11537387,12217248735232,1115454074880
11543058,12225174695936,1115454091264
11548753,12233155911680,1115454107648
11554486,12241576951808,1115454124032
11560210,12249406058496,1115454140416
11565863,12254719356928,1116553166848
11571548,12262279061504,1117654056960
11577252,12268859240448,1118155403264
11582980,12276017971200,1118155419648
11588669,12283217719296,1118155436032
11594406,12290137272320,1118155468800
11600162,12297767194624,1118155485184
11605855,12305759588352,1118155501568
11611564,12313467883520,1118155517952
11617303,12318934646784,1119207858176
11622991,12327000616960,1120193589248
11628758,12335323754496,1120261734400
11634525,12343539105792,1120261750784
11640261,12350104473600,1120261783552
11646025,12357204144128,1120261799936
11651712,12364292648960,1120261832704
11657429,12371360964608,1120261865472
11663108,12376313778176,1121519067136
11668781,12383123836928,1122426339328
11674494,12390550925312,1122569617408
11680208,12397477187584,1122569650176
11685882,12403593572352,1122569666560
11691530,12409998692352,1122569699328
11697210,12416522240000,1122569715712
11702936,12421813866496,1123015192576
11708579,12427905298432,1124336054272
11714251,12435336290304,1125307416576
11719955,12443055943680,1126036037632
11725650,12449938513920,1126358609920
11731316,12456637923328,1126358642688
11736975,12462774882304,1126358659072
11742660,12469276684288,1126358691840
11748304,12475784855552,1126358708224
11753998,12480373321728,1127413706752
11759735,12487930421248,1128300752896
11765391,12495455703040,1128499265536
11771067,12502492987392,1128499298304
11776738,12509997232128,1128499314688
11782419,12517081161728,1128499331072
11788156,12524376829952,1128499347456
11793862,12531704066048,1128499380224
11799471,12538407194624,1128499396608
11805115,12545875521536,1128499396608
11810751,12550448037888,1130066415616
11816408,12557705428992,1130936619008
11822121,12565320232960,1130995281920
11827811,12573236752384,1130995298304
11833508,12581418692608,1130995314688
11839212,12588378476544,1130995331072
11844894,12595709333504,1130995347456
11850613,12603766571008,1130995363840
11856268,12611625349120,1130995380224
11861933,12619389255680,1130995396608
11867655,12625882968064,1131409588224
11873300,12631945785344,1132890742784
11878925,12638940762112,1133781598208
11884624,12646484197376,1134093381632
11890321,12654349287424,1134093398016
11896029,12661959999488,1134093414400
11901736,12669758472192,1134093430784
11907425,12677216616448,1134093447168
11913115,12683944730624,1134093463552
11918791,12691209089024,1134093479936
11924464,12698279952384,1134093496320
11930115,12705711095808,1134093512704
11935764,12713159036928,1134093512704
11941442,12718295678976,1135637880832
11947151,12725633097728,1136487149568
11952757,12733030285312,1137698091008
11958478,12741712044032,1138464755712
11964151,12749065121792,1138961330176
11969838,12756649009152,1138961346560
11975491,12763785191424,1138961362944
11981158,12770201149440,1138961379328
11986782,12777152778240,1138961395712
11992423,12784458461184,1138961412096
11998103,12791576629248,1138961428480
12003773,12798602223616,1138961444864
12009427,12802868277248,1140098428928
12015072,12809613459456,1141033140224
12020739,12816847974400,1141045129216
12026402,12823969107968,1141045145600
12032058,12831640678400,1141045161984
12037652,12838680739840,1141045161984
12043335,12845812834304,1141045178368
12048915,12853030625280,1141045194752
12054570,12860280700928,1141045211136
12060230,12867051098112,1141045227520
12065933,12874379776000,1141045243904
12071562,12879528103936,1142702669824
12077314,12886752624640,1143615418368
12083023,12894511255552,1143942696960
12088739,12901940056064,1143942713344
12094448,12909688156160,1143942746112
12100133,12916920066048,1143942762496
12105836,12924179914752,1143942778880
12111499,12931717439488,1143942795264
12117144,12939617132544,1143942811648
12122798,12944916226048,1145373839360
12128501,12952109367296,1145941487616
12134201,12959682605056,1145941504000
12139856,12967245062144,1145941520384
12145508,12974749134848,1145941536768
12151211,12982234865664,1145941553152
12156861,12989223460864,1145941553152
12162489,12996360552448,1145941569536
12168180,13003907018752,1145941590016
12173828,13011198873600,1145941594112
12179495,13018574770176,1145964048384
12185314,13024406601728,1147678081024
12190991,13031651090432,1148754612224
12196752,13039055122432,1148919812096
12202489,13046624964608,1148919816192
12208202,13054057668608,1148919820288
12213855,13061310193664,1148919824384
12219558,13068501307392,1148919832576
12225241,13075523411968,1148919836672
12230876,13083205275648,1148919840768
12236568,13088240615424,1150212517888
12242246,13094939815936,1151408521216
12247958,13102323179520,1152098836480
12253601,13109804544000,1152098840576
12259327,13117517156352,1152098848768
12264985,13124501327872,1152098852864
12270668,13130743914496,1152098852864
12276332,13137666625536,1152098856960
12282010,13144188096512,1152098861056
12287651,13151045693440,1152098865152
12293237,13158012702720,1152098869248
12298926,13163785252864,1152766427136
12304616,13170795089920,1153808584704
12310302,13178064293888,1154519855104
12316011,13185485561856,1154538610688
12321689,13192571875328,1154538614784
12327361,13199495507968,1154538618880
12333016,13206822567936,1154538622976
12338617,13213343977472,1154538622976
12344126,13220288872448,1154538627072
12349674,13228193914880,1154538631168
12355225,13235737145344,1154538631168
12360797,13243914989568,1154538635264
12366349,13251432026112,1154538639360
12371888,13256406724608,1155386617856
12377489,13264242548736,1156191850496
12383075,13272198889472,1156254031872
12388604,13280088543232,1156254035968
12394155,13287738826752,1156254040064
12399729,13295715127296,1156254040064
12405287,13303726493696,1156254044160
12410826,13311320309760,1156254048256
12416380,13318794903552,1156254052352
12421924,13326083379200,1156254056448
12427492,13333772898304,1156254060544
12433062,13341144530944,1156254064640
12438590,13347093385216,1156886732800
12444133,13354156171264,1158348177408
12449700,13362026893312,1159351947264
12455352,13369669218304,1159646523392
12460936,13377320292352,1159646527488
12466517,13384568508416,1159646531584
12472090,13392204460032,1159646535680
12477662,13399562002432,1159646539776
12483216,13407416557568,1159646543872
12488778,13415361527808,1159646547968
12494322,13423341531136,1159646552064
12499879,13430140755968,1160026222592
12505521,13436823961600,1161341034496
12511107,13444146528256,1161659191296
12516686,13452305125376,1161659195392
12522287,13460208730112,1161659199488
12527881,13467819139072,1161659203584
12533440,13475301359616,1161659207680
12538988,13482952372224,1161659211776
12544560,13491126116352,1161659215872
12550095,13498662830080,1161659219968
12555689,13506452348928,1161659219968
12561215,13514211020800,1161659224064
12566766,13519719350272,1163181236224
12572357,13527215132672,1163913654272
12578067,13534902697984,1164073762816
12583678,13542466650112,1164204490752
12589208,13549796175872,1164204507136
12594743,13556968554496,1164204523520
12600309,13564907827200,1164204523520
12605855,13573001261056,1164204539904
12611458,13580844077056,1164204556288
12617010,13588744638464,1164204556288
12622587,13596563353600,1164204572672
12628175,13604469092352,1164204589056
12633790,13612735094784,1164204605440
12639371,13621163225088,1164204605440
12645052,13626989334528,1165386166272
12650822,13634303213568,1166410502144
12656558,13642357219328,1166653140992
12662303,13651177775104,1166653157376
12668104,13659655458816,1166653157376
12673838,13667699036160,1166653173760
12679589,13676176334848,1166653190144
12685328,13684382076928,1166653206528
12691060,13692493664256,1166653206528
12696801,13700917678080,1166653222912
12702535,13709120434176,1166653239296
12708291,13717425774592,1166653255680
12714030,13725563514880,1166653255680
12719742,13733302255616,1166653272064
12725455,13739463155712,1167208120320
12731157,13747216146432,1168429625344
12736795,13754688032768,1169272352768
12742519,13762938052608,1170045530112
12748218,13771982135296,1170651672576
12753918,13780101148672,1171067449344
12759582,13788012273664,1171067465728
12765308,13796535533568,1171067482112
12771044,13804584189952,1171067498496
12776708,13812708065280,1171067514880
12782402,13820851896320,1171067531264
12788139,13829351100416,1171067547648
12793869,13838361739264,1171067564032
12799562,13844748382208,1172197142528
12805302,13853016608768,1173166141440
12811047,13861872738304,1173179035648
12816832,13870807625728,1173179052032
12822507,13878856118272,1173179068416
12828235,13887173337088,1173179084800
12834005,13895943720960,1173179101184
12839750,13904740777984,1173179117568
12845516,13914132963328,1173179133952
12851236,13922764668928,1173179150336
12856971,13931512254464,1173179150336
12862648,13940235841536,1173179166720
12868361,13946133012480,1173895917568
12874009,13954572369920,1174937645056
12879652,13962959982592,1175717462016
12885420,13971623911424,1175931793408
12891056,13979138043904,1175931809792
12896682,13987303137280,1175931826176
12902378,13995039551488,1175931842560
12908097,14002033156096,1175931858944
12913829,14009031655424,1175931891712
12919475,14016241672192,1175931908096
12925084,14022959726592,1175931924480
12930732,14027709620224,1177323749376
12936481,14035196489728,1177987334144
12942151,14042945654784,1177987350528
12947863,14050514960384,1177987366912
12953536,14058614419456,1177987383296
12959258,14066399363072,1177987399680
12964975,14074086633472,1177987416064
12970669,14082314416128,1177987432448
12976367,14090606116864,1177987432448
12982029,14098373767168,1177987448832
12987708,14103569600512,1179763535872
12993485,14111280578560,1180690153472
12999168,14118811734016,1180972564480
13004862,14127245213696,1180972580864
13010600,14136087314432,1180972597248
13016368,14144954941440,1180972613632
13022035,14153175949312,1180972613632
13027828,14161473298432,1180972630016
13033539,14169850826752,1180972646400
13039251,14178273140736,1180972662784
13044958,14186052550656,1180972679168
13050670,14194188902400,1180972695552
13056402,14202841473024,1180972695552
13062120,14209174265856,1182089777152
13067810,14217143857152,1182977421312
13073555,14225039151104,1183277162496
13079291,14233135218688,1183277178880
13085001,14240967213056,1183277211648
13090709,14248494538752,1183277228032
13096392,14255665258496,1183277244416
13102118,14262612172800,1183277277184
13107835,14268301422592,1183869210624
13113561,14274576859136,1185226366976
13119294,14281805840384,1185472929792
13125078,14289732173824,1185472962560
13130786,14297328357376,1185472978944
13136482,14304971001856,1185472995328
13142239,14312997466112,1185473011712
13147956,14321294831616,1185473028096
13153676,14329008955392,1185473060864
13159341,14334205214720,1186498850816
13165015,14340895436800,1187405369344
13170820,14348518395904,1187870142464
13176599,14355442413568,1187870175232
13182327,14362639106048,1187870208000
13188025,14370029617152,1187870224384
13193758,14377448419328,1187870240768
13199450,14384572112896,1188152401920
13205269,14390578511872,1189894381568
13211009,14398145138688,1190814343168
13216781,14406352105472,1191135027200
13222559,14414715056128,1191135043584
13228279,14422450843648,1191135076352
13233966,14429855084544,1191135092736
13239668,14437105549312,1191135109120
13245364,14442825084928,1191824728064
13251066,14450714546176,1192476889088
13256783,14458485051392,1192528580608
13262425,14466128310272,1192528596992
13268044,14473439375360,1192528629760
13273764,14481218449408,1192528646144
13279531,14488776441856,1192528662528
13285237,14495869349888,1192528695296
13290922,14501422010368,1193755299840
13296559,14507870023680,1194636288000
13302261,14515066822656,1194785476608
13307972,14522380640256,1194785492992
13313701,14529699540992,1194785525760
13319412,14536570675200,1194785542144
13325119,14543755038720,1194785574912
13330748,14548942487552,1196030111744
13336391,14555543576576,1196988764160
13342158,14562564239360,1196988780544
13347918,14569930539008,1196988813312
13353641,14577118392320,1196988829696
13359332,14584335794176,1196988862464
13365040,14591224246272,1196988878848
13370772,14596261298176,1198688219136
13376420,14604382679040,1199812763648
13382125,14613920579584,1200740073472
13387805,14622712864768,1201358381056
13393525,14630406135808,1201358397440
13399201,14638395023360,1201358413824
13404964,14646542651392,1201358430208
13410700,14654844874752,1201358446592
13416458,14663210414080,1201358462976
13422142,14671312936960,1201358495744
13427794,14678382481408,1201804005376
13433565,14685701378048,1203274555392
13439341,14693072347136,1204336754688
13445056,14701141393408,1204600819712
13450712,14709262757888,1204600836096
13456425,14717364363264,1204600868864
13462108,14725399973888,1204600868864
13467841,14733857005568,1204600885248
13473509,14741824315392,1204600901632
13479224,14749975920640,1204600918016
13484910,14755785764864,1205511385088
13490632,14763487485952,1206471557120
13496205,14770156593152,1207370567680
13501790,14778509873152,1207500574720
13507390,14787848278016,1207500591104
13512924,14796486451200,1207500607488
13518463,14804563582976,1207500623872
13524033,14812598022144,1207500640256
13529597,14820704440320,1207500656640
13535166,14828529819648,1207500673024
13540706,14836306259968,1207500689408
13546236,14843903201280,1207500705792
13551767,14848546750464,1208890183680
13557317,14856480247808,1209723793408
13562990,14864215793664,1209800564736
13568623,14871272837120,1209800597504
13574157,14878269022208,1209800613888
13579748,14885374058496,1209800630272
13585299,14893026545664,1209800646656
13590850,14900533329920,1209800663040
13596411,14908289720320,1209800679424
13601976,14915991617536,1209800695808
13607520,14921595260928,1210542870528
13613077,14929349951488,1212000206848
13618660,14936782372864,1212913053696
13624238,14944407564288,1213247807488
13629819,14952395878400,1213337395200
13635384,14960632606720,1213337411584
13640952,14968258465792,1213337427968
13646523,14976241631232,1213337444352
13652090,14983989743616,1213337460736
13657661,14991496597504,1213337493504
13663219,14997261348864,1214209695744
13668790,15005300555776,1215381958656
13674401,15013037850624,1215573524480
13679965,15021315067904,1215573557248
13685515,15029482094592,1215573573632
13691086,15037482721280,1215573590016
13696636,15044885172224,1215573606400
13702155,15051854024704,1215573622784
13707755,15059641720832,1215573639168
13713308,15067149205504,1215573655552
13718875,15072898183168,1216738521088
13724490,15080427544576,1217619746816
13730085,15088054833152,1217955397632
13735678,15095819993088,1217955414016
13741260,15103692832768,1217955446784
13746836,15111700983808,1217955463168
13752377,15119246585856,1217955479552
13757940,15127094906880,1217955495936
13763495,15134706843648,1217955512320
13769028,15140103143424,1219449753600
13774640,15147445301248,1219933245440
13780217,15155459993600,1219944890368
13785778,15163606679552,1219944906752
13791339,15170597232640,1219944939520
13796941,15178344452096,1219944955904
13802620,15186123071488,1219944972288
13808300,15193744785408,1219944988672
13814027,15201678381056,1219945005056
13819710,15207023353856,1220509593600
13825391,15214031876096,1221784727552
13831083,15221562085376,1222780715008
13836791,15229329932288,1223041740800
13842491,15237433339904,1223041757184
13848200,15245272104960,1223041773568
13853911,15253365424128,1223041789952
13859645,15260904361984,1223041822720
13865340,15267791618048,1223041839104
13871061,15275481210880,1223041855488
13876832,15281049333760,1224261332992
13882610,15287467712512,1225261309952
13888375,15294941171712,1225804443648
13894074,15302853689344,1225804460032
13899816,15310905765888,1225804476416
13905506,15318798671872,1225804492800
13911218,15326501433344,1225804525568
13916938,15334073909248,1225804541952
13922668,15339725066240,1226850037760
13928459,15347329400832,1227223752704
13934197,15353790410752,1227223785472
13939977,15361597038592,1227223801856
13945697,15369178681344,1227223818240
13951411,15376722255872,1227223851008
13957103,15384299347968,1227223867392
13962809,15391475818496,1227223883776
13968484,15396846059520,1228100947968
13974184,15403734749184,1228762296320
13979870,15411108024320,1228862595072
13985635,15418548846592,1228862611456
13991378,15425916186624,1228862627840
13997075,15433524588544,1228862644224
14002788,15440886562816,1228862676992
14008466,15448297578496,1228862693376
14014160,15455680778240,1228862709760
14019849,15458990206976,1230226513920
14025545,15462187532288,1232633061376
14031248,15469698252800,1233423589376
14036976,15477306884096,1233423622144
14042666,15484984545280,1233423638528
14048389,15492252516352,1233423654912
14054093,15499828817920,1233423687680
14059742,15506927271936,1233423704064
14065468,15514204225536,1233423720448
14071207,15522066743296,1233423736832
14076909,15527338086400,1234427060224
14082648,15534914768896,1235372945408
14088368,15543037595648,1235915698176
14094101,15550309703680,1236292694016
14099819,15558190350336,1236292710400
14105567,15566363512832,1236292726784
14111336,15574692696064,1236292759552
14117049,15582671912960,1236292775936
14122789,15588243656704,1237398499328
14128361,15595232931840,1238465593344
14134091,15602358489088,1239104139264
14139853,15610052628480,1239147335680
14145638,15618006077440,1239147368448
14151327,15625277968384,1239147401216
14157067,15633005924352,1239147417600
14162796,15638571986944,1239932338176
14168428,15645356519424,1241056763904
14174131,15652747046912,1241660260352
14179841,15660587945984,1241660276736
14185587,15668686798848,1241660309504
14191301,15676127522816,1241660325888
14197051,15684023009280,1241660342272
14202762,15691573182464,1241660375040
14208464,15697077907456,1243113938944
14214164,15704144826368,1244048674816
14219903,15710970843136,1244999520256
14225635,15718637629440,1244999536640
14231373,15726283890688,1244999553024
14237085,15733651759104,1244999585792
14242768,15741012561920,1244999602176
14248468,15748629659648,1244999634944
14254134,15754336440320,1246181765120
14259841,15760968839168,1247260336128
14265543,15768021749760,1247971098624
14271262,15775264980992,1248196915200
14277003,15782735220736,1248196947968
14282731,15790360285184,1248196980736
14288488,15797756846080,1248196997120
14294233,15804830728192,1248328564736
14300031,15810491592704,1249893928960
14305739,15817336422400,1250831532032
14311497,15824239394816,1251435737088
14317258,15831649361920,1251435753472
14323018,15838985457664,1251435786240
14328778,15845998956544,1251435819008
14334501,15853292613632,1251435835392
14340115,15858752503808,1252925173760
14345834,15866150019072,1253422239744
14351545,15873757388800,1253480554496
14357287,15881245188096,1253480587264
14363018,15887859908608,1253480603648
14368731,15895371370496,1253480636416
14374447,15902493601792,1253480652800
14380114,15907386097664,1255053283328
14385801,15914205573120,1256069029888
14391573,15921253163008,1256344379392
14397291,15929141878784,1256344395776
14403011,15936427180032,1256344412160
14408702,15943212994560,1256344444928
14414451,15951032037376,1256344461312
14420155,15956624572416,1256970895360
14425829,15963975303168,1258456481792
14431602,15971359432704,1259169505280
14437362,15978946473984,1259169521664
14443112,15986098663424,1259169554432
14448814,15993189453824,1259169587200
14454541,16000690233344,1259169603584
14460234,16007659913216,1259242041344
14465965,16013156982784,1260934336512
14471710,16019733471232,1261859540992
14477445,16027433398272,1261955416064
14483175,16035097415680,1261955448832
14488891,16042909229056,1261955465216
14494635,16050383450112,1261955481600
14500306,16057207099392,1261955514368
14506015,16064838479872,1261955530752
14511725,16069992837120,1263515574272
14517485,16077257981952,1263559507968
14523235,16085564669952,1263559524352
14528971,16093525577728,1263559540736
14534725,16101181374464,1263559557120
14540425,16108531331072,1263559573504
14546114,16116018909184,1263559606272
14551808,16123327885312,1263559622656
14557503,16128229433344,1264620601344
14563190,16135895502848,1265613934592
14568984,16143505895424,1266564956160
14574753,16151429287936,1266626437120
14580483,16159443828736,1266626453504
14586228,16167163990016,1266626469888
14591957,16175017529344,1266626486272
14597681,16182381424640,1266626502656
14603387,16189798518784,1266626535424
14609110,16197210042368,1266626551808
14614762,16202026573824,1267965239296
14620486,16208783220736,1268761018368
14626258,16216177819648,1269075574784
14631992,16223871102976,1269158944768
14637775,16231607398400,1269158961152
14643503,16237878607872,1269158993920
14649242,16244707491840,1269159010304
14655012,16251376533504,1269473378304
14660707,16257433223168,1270881816576
14666435,16265460506624,1271807733760
14672184,16273668685824,1272542175232
14677926,16281482801152,1273104289792
14683674,16289449492480,1273131024384
14689415,16297127456768,1273131057152
14695145,16304554696704,1273131089920
14700898,16310318088192,1273662279680
14706722,16312205205504,1274281385984
14712415,16317840470016,1274742824960
14718146,16325285564416,1274742857728
14723837,16332802371584,1274742874112
14729577,16340113219584,1274742906880
14735321,16347108937728,1274742939648
14741066,16354246107136,1274742972416
14746758,16359384743936,1275727597568
14752443,16367001534464,1276864827392
14758185,16373982294016,1277742641152
14763914,16381635452928,1277742673920
14769644,16389417164800,1277742690304
14775335,16396715343872,1277742723072
14781049,16404580966400,1277742739456
14786799,16411863740416,1277742772224
14792475,16416486170624,1279121002496
14798235,16423480500224,1279933837312
14803958,16430665900032,1280021954560
14809681,16438116515840,1280021987328
14815419,16445883310080,1280022003712
14821176,16452879536128,1280022036480
14826869,16459838787584,1280022069248
14832508,16464762601472,1281218330624
14838208,16472189390848,1282208935936
14843908,16479440207872,1283172466688
14849591,16487224545280,1283431718912
14855351,16494830243840,1283431751680
14861065,16503070523392,1283431768064
14866750,16510529236992,1283431784448
14872456,16517453361152,1283431800832
14878141,16524097617920,1283431817216
14883845,16529556660224,1284295127040
14889598,16536580423680,1285485129728
14895325,16543507935232,1285635543040
14901124,16551488995328,1285635559424
14906880,16558701248512,1285635592192
14912584,16566006673408,1285635624960
14918341,16573087006720,1285635641344
14924074,16579879849984,1286147751936
14929815,16586399850496,1287668936704
14935534,16593613639680,1288790634496
14941265,16601108238336,1288922157056
14947016,16609081630720,1288922189824
14952754,16617450151936,1288922206208
14958515,16624987123712,1288922222592
14964259,16632484470784,1288922255360
14970001,16639801782272,1288922271744
14975647,16645173268480,1290164023296
14981361,16652258369536,1291033444352
14987050,16659671224320,1291401121792
14992769,16667099320320,1291476889600
14998501,16674980765696,1291476905984
15004244,16682353643520,1291476938752
15009975,16689411493888,1291476971520
15015643,16694325727232,1292718206976
15021309,16701102473216,1293661081600
15027002,16708254998528,1294700085248
15032714,16715600199680,1294821998592
15038467,16723215634432,1294822031360
15044214,16730410209280,1294822064128
15049943,16737418813440,1294822096896
15055663,16742739685376,1295904804864
15061336,16749755936768,1297072054272
15067168,16756606697472,1297211469824
15072935,16764079808512,1297211486208
15078673,16770464829440,1297211518976
15084396,16776794771456,1297211551744
15090146,16781789106176,1298374266880
15095855,16788718174208,1299544272896
15101586,16796010741760,1299801583616
15107363,16803563155456,1299801600000
15113074,16810180055040,1299801632768
15118808,16817012891648,1299801665536
15124485,16823993491456,1299801681920
15130183,16829846921216,1300225265664
15135941,16836180590592,1301236445184
15141691,16843583668224,1301236461568
15147478,16851876450304,1301236477952
15153226,16859898716160,1301236510720
15158982,16867958996992,1301236527104
15164735,16874763005952,1301236543488
15170485,16882752724992,1301236559872
15176198,16888088616960,1302267170816
15181880,16894872526848,1303207182336
15187628,16901845614592,1303983046656
15193391,16909127450624,1303983063040
15199103,16916959469568,1303983095808
15204845,16924404813824,1303983112192
15210534,16931446116352,1303983144960
15216251,16938513432576,1304125034496
15222062,16943773925376,1305718218752
15227778,16950960087040,1306338381824
15233525,16958180401152,1306415116288
15239251,16965718306816,1306415149056
15244971,16973110525952,1306415181824
15250734,16980629520384,1306415198208
15256467,16987896741888,1306415230976
15262140,16992764649472,1308076462080
15267853,17000744878080,1309079248896
15273578,17009369767936,1310046167040
15279261,17018280624128,1310577823744
15285018,17025714503680,1310860992512
15290725,17033457750016,1310861008896
15296425,17041210236928,1310861041664
15302118,17048800387072,1310861058048
15307811,17056355553280,1310861074432
15313491,17061692067840,1312401920000
15319205,17069124382720,1313124241408
15324850,17077055332352,1313155289088
15330407,17083152957440,1313155305472
15335990,17089769598976,1313155338240
15341536,17095946600448,1313155371008
15347115,17102918119424,1313155403776
15352649,17107408850944,1314289958912
15358209,17114645524480,1315159212032
15363779,17121521262592,1315607953408
15369376,17128516907008,1315607986176
15374967,17134921936896,1315608018944
15380529,17141016408064,1315608068096
15386073,17145761873920,1316759683072
15391666,17151519342592,1317895094272
15397257,17157944721408,1318083842048
15402857,17164924899328,1318083874816
15408421,17171551649792,1318083907584
15413987,17178242613248,1318083940352
15419532,17183708659712,1319063384064
15425083,17190529392640,1320157954048
15430685,17196866080768,1321123176448
15436281,17203658973184,1321123209216
15441884,17210646138880,1321123225600
15447445,17217719992320,1321123258368
15453021,17224587780096,1321123291136
15458584,17229466996736,1322160947200
15464163,17236156207104,1323235012608
15469751,17243157078016,1323395903488
15475325,17250153897984,1323395936256
15480880,17256978505728,1323395969024
15486448,17263609991168,1323396001792
15492027,17269942050816,1323537481728
15497636,17275556503552,1325139873792
15503317,17281792888832,1325945651200
15508877,17288429305856,1326250704896
15514466,17295734411264,1326250737664
15520039,17302648283136,1326250754048
15525603,17309030649856,1326250786816
15531186,17316198359040,1326250803200
15536747,17321539731456,1327659835392
15542335,17327771693056,1328694247424
15547929,17334676369408,1328924082176
15553507,17341868957696,1328924098560
15559084,17348216336384,1328924147712
15564674,17354669068288,1328924180480
15570227,17359658307584,1330073620480
15575796,17366145421312,1331017244672
15581383,17372144803840,1331859197952
15586973,17378496409600,1332189466624
15592555,17384658051072,1332189499392
15598119,17390658322432,1332189532160
15603691,17396056883200,1332534652928
15609281,17402048094208,1333698170880
15614901,17408705814528,1334527287296
15620477,17412780126208,1334544162816
15626042,17413380493312,1335286890496
15632024,17413657182208,1335558615040
15637293,17416941760512,1335944798208
15643080,17421693775872,1335944986624
15648831,17424286961664,1336823050240
15654633,17427243216896,1338033885184
15660521,17428934033408,1338519465984
15666320,17431097618432,1338519531520
15672134,17433225850880,1338519564288
15677900,17434153570304,1338521677824
15683694,17435095957504,1339246645248
15689450,17436753092608,1339308838912
15695245,17439066329088,1339308855296
15701064,17440703295488,1339308871680
15706895,17442478264320,1339308871680
15712696,17444859592704,1339308888064
15718489,17446395691008,1339308888064
15724284,17448851132416,1339490947072
15730062,17451302195200,1339490947072
15735850,17452880388096,1339490963456
15741600,17455013974016,1339490963456
15747362,17456731586560,1339490963456
15753112,17459458105344,1339490979840
15758899,17461764153344,1339490979840
15764688,17464482414592,1339490979840
15770464,17466287648768,1339490979840
15776272,17468750991360,1339490996224
15782090,17471867375616,1339490996224
15787850,17474651344896,1339490996224
15793644,17477745958912,1339490996224
15799440,17479409098752,1339490996224
15805251,17482240450560,1339491012608
15811007,17484781686784,1339491012608
15816795,17487442272256,1339491012608
15822572,17490558898176,1339491012608
15828354,17491933782016,1339491012608
15834154,17494960238592,1339491028992
15839910,17497759215616,1339491028992
15845696,17500590612480,1339491028992
15851464,17503321870336,1339565473792
15857276,17503986606080,1339565490176
15863118,17506949967872,1339565490176
15868895,17509239693312,1339565490176
15874667,17509957943296,1339565490176
15880480,17511973277696,1339611365376
15886332,17514503397376,1339829518336
15892150,17516906369024,1339829518336
15897979,17519663570944,1339829518336
15903770,17521102045184,1339829518336
15909567,17523461230592,1339829534720
15915374,17525533691904,1339829534720
15921157,17527408984064,1339829534720
15926996,17528789524480,1339829534720
15932832,17530522447872,1340473458688
15938643,17532659458048,1340473458688
15944434,17534383996928,1340473458688
15950235,17536827650048,1340473458688
15956053,17538927067136,1340473458688
15961895,17540700164096,1340473475072
15967684,17542434881536,1340473475072
15973474,17544702861312,1340473475072
15979267,17545092276224,1340473475072
15985075,17547340206080,1340473491456
15990879,17548325089280,1340473491456
15996653,17550322925568,1340473491456
16002477,17551510245376,1340473507840
16008265,17553878945792,1340473507840
16014070,17554971561984,1340473507840
16019881,17557006938112,1340473507840
16025858,17558837485568,1340473507840
16031847,17560644546560,1340473524224
16037814,17563096768512,1340473524224
16043832,17564330803200,1340473524224
16049829,17566341734400,1340473524224
16055820,17568678105088,1340473524224
16061836,17570204717056,1340473540608
16067822,17572833198080,1340473540608
16073795,17574027395072,1340473540608
16079755,17575908503552,1340473540608
16085720,17578866913280,1340473540608
16091695,17579662155776,1340473556992
16097647,17582749425664,1340473556992
16103626,17584407715840,1340473556992
16109591,17585740779520,1340473556992
16115511,17588227510272,1340473556992
16121471,17591105478656,1340473556992
16127455,17592311586816,1340473573376
16133402,17595135275008,1340473573376
16139360,17596340781056,1340473573376
16145323,17598156886016,1340473573376
16151310,17600669937664,1340473573376
16157254,17603332218880,1340473573376
16163252,17605039849472,1340473589760
16169222,17608112771072,1340473589760
16175238,17609411747840,1340473589760
16181174,17611183677440,1340473589760
16187136,17613756145664,1340473589760
16193163,17617269055488,1340473589760
16199168,17618091999232,1340473589760
16205175,17619876564992,1340561145856
16211208,17622024871936,1340705603584
16217288,17625289244672,1340705603584
16223241,17627688153088,1340705603584
16229261,17629511344128,1340705603584
16235207,17632378441728,1340705603584
16241224,17635626930176,1340705603584
16247187,17637771014144,1340705603584
16253222,17639813779456,1340705619968
16259185,17642855485440,1340705619968
16265178,17644180660224,1340705619968
16271174,17645684125696,1340705619968
16277175,17648037064704,1340705619968
16283140,17651054039040,1340705619968
16289121,17653516943360,1340705619968
16295155,17655110098944,1340705636352
16301151,17658236551168,1340705636352
16307095,17659524874240,1340705636352
16313101,17660889829376,1340705636352
16319077,17663014580224,1340705636352
16325052,17665890840576,1340705636352
16331034,17668733321216,1340705636352
16337078,17670066429952,1340705636352
16343112,17671856676864,1341861429248
16349100,17673554952192,1343177785344
16355141,17676964818944,1343177785344
16361168,17679236087808,1343177785344
16367198,17680589402112,1343177785344
16373200,17682916524032,1343177785344
16379225,17685861330944,1343177785344
16385187,17689315606528,1343177785344
16391220,17690322538496,1343177801728
16397245,17693212438528,1343177801728
16403188,17695358644224,1343177801728
16409168,17696673943552,1343177801728
16415131,17698647445504,1343177801728
16421138,17701267132416,1343177801728
16427091,17704936775680,1343177801728
16433108,17705743667200,1343177818112
16439095,17708547534848,1343177818112
16445078,17710947246080,1343177818112
16451051,17712093130752,1343177818112
16457068,17714235142144,1343177818112
16463078,17716571426816,1343177818112
16469054,17720228233216,1343177818112
16475049,17721614188544,1343177818112
16481066,17723821436928,1343177834496
16487071,17726585470976,1343177834496
16493061,17727683407872,1343177834496
16499021,17728979345408,1343177834496
16505022,17731419914240,1343177834496
16510995,17734896881664,1343177834496
16516991,17735683514368,1343177850880
16523035,17738022760448,1343177850880
16529001,17740461199360,1343177850880
16535025,17741601562624,1343177850880
16541085,17743136342016,1343177850880
16547041,17745567776768,1343177850880
16553056,17748551729152,1343177850880
16559091,17749841068032,1343177867264
16565051,17752965603328,1343177867264
16570986,17754762698752,1343177867264
16576951,17756752539648,1343177867264
16582895,17759149428736,1343177867264
16588875,17761566547968,1343177867264
16594825,17764977811456,1343177867264
16600808,17767250616320,1343177867264
16606793,17769201426432,1343177883648
16612750,17772183023616,1343177883648
16618723,17773637648384,1343177883648
16624739,17775407919104,1343177883648
16630731,17777562402816,1343177883648
16636673,17780611731456,1343177883648
16642655,17783647752192,1343177883648
16648691,17784884146176,1343177900032
16654693,17786923360256,1343177900032
16660678,17789077110784,1343177900032
16666698,17790402027520,1343177900032
16672751,17792374960128,1343177900032
16678735,17794835484672,1343177900032
16684791,17796280250368,1343177916416
16690791,17798611505152,1343177916416
16696803,17800437993472,1343177916416
16702851,17801715650560,1343177916416
16708825,17803878576128,1343177916416
16714811,17807241224192,1343177916416
16720762,17808643280896,1343177916416
16726808,17810661531648,1343177932800
16732768,17813578964992,1343177932800
16738775,17814808408064,1343177932800
16744808,17816188989440,1343177932800
16750804,17818179952640,1343177932800
16756780,17821243179008,1343177932800
16762764,17823651500032,1343177932800
16768801,17825064263680,1343177949184
16774805,17827471032320,1343177949184
16780785,17829989933056,1343177949184
16786838,17831175090176,1343177949184
16792830,17832481136640,1343177949184
16798808,17834346414080,1343177949184
16804788,17837336481792,1343177949184
16810718,17840864325632,1343177949184
16816658,17842166140928,1343177949184
16822651,17844194054144,1343177965568
16828651,17846975569920,1343177965568
16834597,17848866463744,1343177965568
16840557,17850105753600,1343177965568
16846595,17851698249728,1343177965568
16852551,17853674070016,1343177965568
16858529,17857068191744,1343177965568
16864526,17860237426688,1343177965568
16870525,17861115424768,1343177981952
16876601,17863454904320,1343177981952
16882561,17866581807104,1343177981952
16888535,17868074786816,1343177981952
16894578,17869341700096,1343177981952
16900578,17870842576896,1343177981952
16906517,17873035120640,1343177981952
16912461,17876618088448,1343177981952
16918397,17879799365632,1343177981952
16924368,17881581322240,1343177981952
16930414,17883370356736,1343177998336
16936402,17886136848384,1343177998336
16942411,17888203853824,1343177998336
16948421,17889350742016,1343177998336
16954425,17890824040448,1343177998336
16960411,17893421334528,1343177998336
16966391,17896519655424,1343177998336
16972341,17899640950784,1343177998336
16978345,17900551081984,1343178014720
16984388,17903465721856,1343178014720
16990388,17906625622016,1343178014720
16996364,17908482400256,1343178014720
17002343,17909907054592,1343178014720
17008311,17911544889344,1343178014720
17014356,17913355984896,1343178014720
17020337,17916075225088,1343178014720
17026343,17919355543552,1343178014720
17032367,17922732482560,1343178014720
17038361,17924756709376,1343178014720
17044369,17926518308864,1343178031104
17050385,17929098412032,1343178031104
17056355,17931737300992,1343178031104
17062395,17932890415104,1343178031104
17068351,17934302949376,1343178031104
17074351,17936259338240,1343178031104
17080341,17939193298944,1343178031104
17086291,17942302191616,1343178031104
17092256,17945369333760,1343178031104
17098288,17946444210176,1343178047488
17104275,17948687908864,1343178047488
17110258,17952120193024,1343178047488
17116264,17953768742912,1343178047488
17122308,17955044007936,1343178047488
17128338,17956530708480,1343178047488
17134308,17958466793472,1343178047488
17140280,17961666457600,1343178047488
17146241,17964740730880,1343178047488
17152253,17968079757312,1343178047488
17158258,17969452244992,1343178047488
17164291,17971416387584,1343178063872
17170293,17974351179776,1343178063872
17176215,17976956833792,1343178063872
17182245,17978126848000,1343178063872
17188285,17979476647936,1343178063872
17194242,17981234442240,1343178063872
17200212,17984524103680,1343178063872
17206005,17988207603712,1343178063872
17211795,17991601647616,1343178063872
17217580,17992753377280,1343178063872
17223397,17994575806464,1343178080256
17229174,17996929073152,1343178080256
17234986,17999864254464,1343178080256
17240777,18001066180608,1343178080256
17246559,18002277343232,1343178080256
17252390,18004026765312,1343178080256
17258175,18006549573632,1343178080256
17263989,18009248047104,1343178080256
17269774,18012354220032,1343178080256
17275544,18014889607168,1343178080256
17281362,18015881015296,1343178096640
17287150,18018000830464,1343178096640
17292907,18020952399872,1343178096640
17298686,18023117623296,1343178096640
17304488,18024297545728,1343178096640
17310289,18025819148288,1343178096640
17316090,18027695898624,1343178096640
17321886,18030395351040,1343178096640
17327677,18033221337088,1343178096640
17333465,18036188643328,1343178096640
17339257,18038520709120,1343178096640
17345069,18039731871744,1343178113024
17350862,18041863483392,1343178113024
17356655,18044975484928,1343178113024
17362443,18046805450752,1343178113024
17368236,18048031698944,1343178113024
17374045,18049452412928,1343178113024
17379839,18051578531840,1343178113024
17385618,18054191456256,1343178113024
17391416,18057158389760,1343178113024
17397211,18059969540096,1343178113024
17403006,18061984784384,1343178113024
17408849,18063449190400,1343178129408
17414652,18065429651456,1343178129408
17420449,18068309954560,1343178129408
17426245,18070072541184,1343178129408
17432034,18071226109952,1343178129408
17437840,18073026670592,1343178129408
17443645,18075420323840,1343178129408
17449453,18078085722112,1343178129408
17455261,18080823246848,1343178129408
17461062,18083848347648,1343178129408
17466900,18084578689024,1343178145792
17472704,18086494781440,1343178145792
17478487,18089514766336,1343178145792
17484271,18091743272960,1343178145792
17490084,18092841603072,1343178145792
17495890,18094435160064,1343178145792
17501674,18096905764864,1343178145792
17507575,18099462942720,1343178145792
17513601,18102198517760,1343178145792
17519555,18105250643968,1343178145792
17525552,18106057449472,1343178162176
17531525,18108327854080,1343178162176
17537509,18111629197312,1343178162176
17543475,18114243952640,1343178162176
17549501,18115501965312,1343178162176
17555513,18117268213760,1343178162176
17561505,18119961464832,1343178162176
17567508,18122821234688,1343178162176
17573475,18125806309376,1343178162176
17579457,18128858402816,1343178162176
17585491,18129894506496,1343178162176
17591535,18131893121024,1344059752448
17597595,18133734932480,1345901314048
17603560,18135537348608,1347703554048
17609545,18137254400000,1349420597248
17615601,18138606485504,1349649989632
17621641,18141264531456,1349649989632
17627651,18143073386496,1349649989632
17633668,18144708489216,1349649989632
17639685,18146390212608,1349649989632
17645695,18148588990464,1349649989632
17651685,18150592020480,1349649989632
17657722,18150815686656,1349650022400
17663735,18152602554368,1349652090880
17669745,18154707501056,1349781819392
17675797,18156952977408,1349910990848
17681796,18159256080384,1349910990848
17687824,18161514131456,1349910990848
17693788,18164183089152,1349910990848
17699820,18166801383424,1349910990848
17705775,18169348608000,1349910990848
17711775,18171867754496,1349910990848
17717758,18174304550912,1349910990848
17723727,18176731496448,1349910990848
17729725,18179247226880,1349910990848
17735725,18181654548480,1349910990848
17741691,18183922397184,1349911089152
17747711,18184151425024,1349911646208
17753725,18184411250688,1349912629248
17759711,18184838397952,1349943185408
17765736,18185104433152,1351167873024
17771771,18185294544896,1352895893504
17777795,18185402470400,1355330654208
17783808,18185517199360,1357557977088
17789838,18185635868672,1359789674496
17795851,18185753481216,1362460889088
17801851,18185864286208,1364949356544
17807871,18185994764288,1367659712512
17813908,18186139107328,1370518867968
17819924,18186139144192,1373528133632
17825948,18186260852736,1376267259904
17831970,18186360864768,1379119534080
17837991,18186368761856,1382494261248
17844041,18186477903872,1384455426048
17850058,18186477920256,1387444817920
17856055,18186590334976,1389096275968
17862101,18186718851072,1391295418368
17868108,18186719719424,1393190686720
17874091,18186902126592,1395679023104
17880121,18186903175168,1397163986944
17886148,18187093008384,1399212265472
17892155,18187095138304,1400360112128
17898151,18187095203840,1403376504832
17904122,18187323338752,1404437188608
17910121,18187325173760,1406260645888
17916124,18187751424000,1408391991296
17922141,18187761762304,1409464537088
17928115,18187761762304,1412203827200
17934135,18188124082176,1413762666496
17940161,18188148494336,1414985994240
17946106,18188358393856,1416566968320
17952091,18188637069312,1417416986624
17958104,18188672196608,1418855649280
17964108,18188812943360,1421214732288
17970133,18189178388480,1422036291584
17976158,18189223165952,1424050622464
17982152,18189431164928,1426367221760
17988151,18189835440128,1427152818176
17994168,18189934350336,1428879626240
18000185,18190096867328,1431441526784
18006235,18190700273664,1432261873664
18012228,18190791090176,1433867571200
18018231,18190812897280,1436543946752
18024263,18191094607872,1438521643008
18030291,18192079011840,1439203397632
18036338,18192358522880,1440595562496
18042351,18192535818240,1443812298752
18048405,18193055748096,1445022355456
18054424,18193807958016,1445881253888
18060435,18194254999552,1446836473856
18066445,18194491781120,1449106444288
18072441,18195249381376,1450480881664
18078488,18195833241600,1451437838336
18084491,18196285263872,1452355588096
18090528,18197141397504,1454171934720
18096556,18198346543104,1455653949440
18102585,18200465334272,1457619816448
18108589,18201063714816,1458654072832
18114608,18201907560448,1459385405440
18120641,18202207932416,1460335169536
18126678,18202614751232,1461663027200
18132731,18202936737792,1464569401344
18138755,18203703259136,1466174083072
18144778,18204408655872,1466897633280
18150795,18204840804352,1467666944000
18156791,18205354921984,1468439875584
18162828,18205629444096,1470462185472
18168841,18206310146048,1473066618880
18174838,18207142404096,1474097270784
18180871,18207616659456,1474758348800
18186911,18208307572736,1475226144768
18192929,18208715161600,1476384608256
18198958,18208939479040,1478468849664
18204971,18209496334336,1480986546176
18210995,18210226159616,1482017902592
18217015,18210961739776,1482574336000
18223046,18211352764416,1483519135744
18229069,18211623432192,1484681744384
18235101,18211830435840,1486544900096
18241108,18212587491328,1489084944384
18247157,18213615902720,1489867165696
18253181,18214093053952,1490681450496
18259170,18214566965248,1491853496320
18265158,18215040221184,1492789923840
18271175,18215416946688,1494330200064
18277185,18216323756032,1496302260224
18283202,18216983851008,1497128865792
18289243,18217485565952,1497772085248
18295281,18217726496768,1498540838912
18301285,18217792380928,1499711721472
18307284,18218816401408,1501565014016
18313288,18219638476800,1502380412928
18319325,18220328583168,1502966665216
18325368,18220704550912,1503726358528
18331365,18220880535552,1504762646528
18337382,18221166112768,1507204681728
18343376,18222020145152,1508398911488
18349405,18222933327872,1509175300096
18355450,18223645237248,1510366466048
18361451,18224174764032,1511413600256
18367475,18224883412992,1511987187712
18373511,18225314414592,1513357742080
18379537,18226747084800,1515831644160
18385558,18228029419520,1517420335104
18391615,18229232975872,1518210027520
18397638,18229986357248,1519171686400
18403661,18230605021184,1520221409280
18409708,18231017623552,1521018834944
18415715,18231381843968,1522172366848
18421728,18232238190592,1524838961152
18427758,18234097266688,1525400489984
18433815,18235142569984,1525926318080
18439856,18235685720064,1526998421504
18445871,18236010242048,1528160964608
18451875,18236486959104,1528942694400
18457911,18236901158912,1529768628224
18463928,18238569529344,1532512440320
18469877,18239540645888,1533677850624
18475905,18240526352384,1534230581248
18481945,18240823615488,1534917824512
18487941,18241422372864,1535516168192
18494011,18241898180608,1537736921088
18500047,18244176064512,1540159918080
18506041,18244970627072,1541207887872
18512058,18246017515520,1541744250880
18518048,18246563774464,1542244929536
18524071,18246798311424,1543426789376
18530122,18246977896448,1546021834752
18536145,18247738331136,1548502437888
18542208,18248603181056,1549498109952
18548229,18249656754176,1549939445760
18554268,18250143412224,1550569787392
18560295,18250481152000,1551467155456
18566345,18250807324672,1553185083392
18572378,18251558428672,1556177260544
18578351,18252906123264,1556727468032
18584361,18253941805056,1557352042496
18590384,18254490886144,1557968392192
18596391,18255060836352,1558617821184
18602420,18255590383616,1559272345600
18608418,18256980635648,1559867772928
18614441,18258188939264,1561484185600
18620476,18259487830016,1564108427264
18626497,18261125808128,1566278176768
18632485,18261946560512,1567274684416
18638518,18263376044032,1567738466304
18644532,18263847682048,1568413274112
18650545,18264289181696,1569065799680
18656547,18264745672704,1569805094912
18662567,18265101107200,1570834599936
18668595,18266043105280,1572607578112
18674631,18267386806272,1574744756224
18680694,18268300406784,1576029196288
18686735,18269796962304,1577017905152
18692755,18270593957888,1577681801216
18698791,18271677718528,1578104311808
18704831,18272155791360,1578861383680
18710838,18272713961472,1579770466304
18716905,18273202270208,1581587320832
18722975,18273569337344,1584462041088
18729053,18275633176576,1586098720768
18735091,18276268642304,1587168169984
18741148,18277743915008,1587748900864
18747156,18278536540160,1588403949568
18753175,18279316635648,1589059604480
18759221,18279856635904,1590097121280
18765261,18280394293248,1591943745536
18771291,18281178660864,1594388942848
18777308,18282651009024,1596771110912
18783308,18283108290560,1597886533632
18789375,18285365170176,1598622502912
18795431,18286350954496,1599476338688
18801460,18287425986560,1600424906752
18807508,18288354516992,1601219907584
18813552,18289340674048,1602071629824
18819603,18291245723648,1602770178048
18825654,18293124902912,1604593979392
18831682,18295131172864,1606566105088
18837677,18296941142016,1608324026368
18843691,18299102998528,1610388066304
18849663,18300402761728,1610430582784
18855714,18301847838720,1611017572352
18861715,18302703407104,1611725180928
18867751,18303491657728,1612379934720
18873758,18304282140672,1613009539072
18879771,18306211651584,1613661966336
18885761,18307802456064,1615203127296
18891795,18308304048128,1617768632320
18897795,18309443309568,1620115017728
18903801,18311263391744,1621856489472
18909775,18312814190592,1622013431808
18915788,18313625767936,1622611628032
18921808,18314565206016,1623425994752
18927818,18315412848640,1624150970368
18933809,18316337451008,1624855613440
18939821,18318242484224,1625599397888
18945828,18319994310656,1627295305728
18951847,18322133897216,1629420965888
18957825,18324059254784,1631338631168
18963820,18326097604608,1633150521344
18969851,18328493834240,1633738477568
18975858,18328953262080,1634577158144
18981891,18330379370496,1635331166208
18987905,18331057553408,1635891630080
18993951,18332206739456,1636494135296
18999958,18333505564672,1637051682816
19005997,18334795935744,1638218174464
19011975,18336244264960,1639551946752
19018041,18337956540416,1641148829696
19024058,18339902529536,1642627207168
19030062,18342495072256,1643755753472
19036088,18344214495232,1645396103168
19042074,18345206075392,1646496305152
19048088,18346579423232,1647322861568
19054108,18347542528000,1647901003776
19060135,18348738117632,1648529903616
19066158,18349561188352,1649225535488
19072201,18350685376512,1650219225088
19078253,18351972782080,1651379064832
19084293,18353760473088,1652473008128
19090308,18356077506560,1653297401856
19096318,18358143250432,1655380185088
19102380,18359827320832,1656962011136
19108425,18361476751360,1658403606528
19114448,18362733559808,1659238699008
19120504,18363616858112,1659854934016
19126507,18364429012992,1660528021504
19132536,18365255720960,1661234417664
19138551,18366269005824,1662119399424
19144551,18367697117184,1662884204544
19150568,18369711529984,1663664132096
19156586,18371270246400,1665121505280
19162620,18373241880576,1667043381248
19168666,18374899372032,1668607922176
19174658,18376968192000,1670026268672
19180655,18378403545088,1670243192832
19186671,18379314900992,1670796693504
19192675,18380011544576,1671369461760
19198688,18380720156672,1671968313344
19204709,18381954428928,1672601718784
19210728,18383645995008,1673323188224
19216749,18384830746624,1674395062272
19222795,18386276847616,1675678601216
19228832,18387826057216,1677626658816
19234845,18388591169536,1679226621952
19240860,18389911113728,1679751598080
19246875,18391313133568,1680598634496
19252878,18392035139584,1681182478336
19258891,18392722944000,1681742647296
19264911,18394037088256,1682284580864
19270945,18395638132736,1683066408960
19276985,18396764483584,1684077170688
19283018,18398074265600,1685251805184
19289032,18399469105152,1686527692800
19295075,18400773832704,1687838494720
19301115,18402464067584,1689794465792
19307095,18403158736896,1690896076800
19313129,18404569853952,1691442679808
19319153,18405343895552,1692087111680
19325154,18406502969344,1692499136512
19331181,18407517515776,1693313077248
19337175,18408536371200,1694205136896
19343199,18409613176832,1695163011072
19349211,18410725613568,1696159371264
19355211,18412566454272,1696898633728
19361254,18413643055104,1698008289280
19367285,18415201808384,1699940651008
19373295,18416658718720,1701271474176
19379331,18417450262528,1701922164736
19385351,18417914601472,1702386061312
19391391,18418132041728,1703152488448
19397448,18418278764544,1704114819072
19403485,18418434703360,1705310572544
19409520,18418929221632,1707353313280
19415558,18419173228544,1707430318080
19421549,18419543101440,1707430367232
19427551,18419959193600,1707430367232
19433575,18420425957376,1707430367232
19439592,18420867584000,1707430367232
19445618,18421202243584,1707430481920
19451588,18421202702336,1707430481920
19457591,18421202702336,1707430481920
19463557,18421202735104,1707430481920
19469521,18421202751488,1707430481920
19475518,18421239771136,1707430498304
19481524,18422314696704,1707430514688
19487531,18423318290432,1707430531072
19493538,18423318355968,1707430531072
19499560,18424321454080,1707430547456
19505537,18425223315456,1707945398272
19511525,18425240125440,1707945414656
19517551,18426379177984,1707945431040
19523541,18426931548160,1708695080960
19529551,18427569119232,1708695097344
19535555,18428297056256,1709125308416
19541578,18428871266304,1709125324800
19547541,18429532069888,1709125341184
19553541,18429853769728,1709125341184
19559571,18430092361728,1709125341184
19565571,18433258569728,1709125373952
19571580,18435983847424,1709125390336
19577576,18438846259200,1709125406720
19583568,18438846275584,1709125406720
19589551,18441627054080,1709805359104
19595532,18444897665024,1710055821312
19601558,18445309607936,1710055821312
19607541,18449776836608,1710359433216
19613555,18449776914432,1710786711552
19619533,18452759932928,1710786727936
19625518,18455707955200,1711071285248
19631518,18458590027776,1711071301632
19637535,18461213540352,1711071301632
19643525,18461215526912,1711071350784
19649511,18461240627200,1711071350784
19655511,18461405507584,1711071350784
19661568,18461675163648,1711071350784
19667605,18462085730304,1711071350784
19673601,18462571462656,1711071350784
19679608,18463072702464,1711071350784
19685591,18463572979712,1711071350784
19691568,18464111153152,1711071350784
19697601,18464638799872,1711071350784
19703611,18465177468928,1711071350784
19709611,18465711415296,1711071350784
19715590,18466236346368,1711071350784
19721605,18466853318656,1711071350784
19727601,18467488432128,1711071350784
19733615,18468071858176,1711071350784
19739625,18468649365504,1711071350784
19745655,18469133058048,1711071350784
19751654,18469693460480,1711071350784
19757651,18470265073664,1711071350784
19763645,18470853644288,1711071350784
19769625,18471431110656,1711071350784
19775575,18472229412864,1711071350784
19781578,18472877129728,1711071350784
19787567,18473514668032,1711071350784
19793555,18474435731456,1711071350784
19799558,18475095711744,1711071350784
19805551,18475782598656,1711071350784
19811537,18476448612352,1711071350784
19817540,18477143658496,1711071350784
19823508,18477811228672,1711071350784
19829491,18478488809472,1711071350784
19835460,18479087493120,1711071350784
19841455,18479753674752,1711071350784
19847421,18480337473536,1711071350784
19853375,18480932941824,1711071350784
19859378,18481559785472,1711071350784
19865351,18482658258944,1711071350784
19871368,18483211296768,1711071350784
19877378,18483848798208,1711071350784
19883401,18484338774016,1711071350784
19889407,18484840869888,1711071350784
19895368,18485948387328,1711071350784
19901380,18486564294656,1711071350784
19907380,18487252090880,1711071350784
19913396,18487914201088,1711071350784
19919385,18488496799744,1711071350784
19925376,18489095057408,1711071350784
19931384,18489669480448,1711071350784
19937381,18490129870848,1711071596544
19943391,18490882437120,1711071596544
19949395,18491523362816,1711071596544
19955418,18491709059072,1711071711232
19961441,18492080304128,1711071711232
19967508,18492316495872,1711071711232
19973555,18492318085120,1711071940608
19979585,18492318363648,1711071940608
19985591,18492318478336,1711071940608
19991595,18492318478336,1711071940608
19997601,18492318478336,1711071940608
20003608,18492318527488,1711071940608
20009618,18492318986240,1711071940608
20015641,18492319019008,1711071940608
20021638,18492319035392,1711071940608
20027598,18495618912256,1711072169984
20033549,18497486843904,1711145709568
20039575,18499103019008,1711146414080
20045585,18500618551296,1711146414080
20051608,18502176124928,1711146414080
20057632,18503670292480,1711146414080
20063645,18505203429376,1711146414080
20069658,18506783698944,1711146414080
20075684,18508328546304,1711146414080
20081668,18509886267392,1711146414080
20087575,18511384395776,1711146414080
20093608,18512913600512,1711146414080
20099601,18514425409536,1711146414080
20105575,18516025536512,1711146414080
20111566,18517594681344,1711146414080
20117575,18519146532864,1711146414080
20123553,18520339173376,1711238340608
20129537,18521271971840,1711887675392
20135539,18522413785088,1712478085120
20141486,18523644768256,1712959602688
20147461,18525168590848,1713330364416
20153437,18526708473856,1713754877952
20159441,18528277671936,1714011033600
20165438,18529925390336,1714615795712
20171458,18531615019008,1714992091136
20177489,18533348372480,1715391614976
20183501,18535123271680,1715860807680
20189534,18536725303296,1716356112384
20195541,18538435502080,1716905971712
20201587,18540153790464,1717568696320
20207580,18542036189184,1718283284480
20213565,18543813021696,1718285500416
20219616,18545574842368,1719066017792
20225632,18547179061248,1719894532096
20231718,18547405045760,1719949758464
20237733,18547669479424,1721043574784
20243775,18547870355456,1722082217984
20249823,18548121837568,1722084323328
20255838,18548363251712,1723296985088
20261843,18548625772544,1723298840576
20267880,18548882141184,1724646031360
20273928,18549162676224,1724647628800
20279981,18549502676992,1726186864640
20286025,18549748838400,1726188380160
20292102,18550007185408,1728128323584
20298174,18550410113024,1728129658880
20304235,18550590537728,1729912639488
20310285,18550913261568,1729914187776
20316351,18551150727168,1729915412480
20322406,18551417102336,1731847442432
20328446,18551720849408,1731848753152
20334491,18551954382848,1731865300992
20340591,18552178339840,1734023966720
20346611,18552488726528,1734025080832
20352675,18552756125696,1734026010624
20358745,18552973627392,1736484155392
20364818,18553287442432,1736485289984
20370881,18553619968000,1736486428672
20376952,18554006007808,1736969478144
20383037,18554100957184,1739261120512
20389092,18554431590400,1739262201856
20395135,18554746712064,1739263193088
20401178,18555015012352,1739271806976
20407328,18555166646272,1741286907904
20413403,18555490676736,1741288026112
20419512,18555804557312,1741289160704
20425568,18555984728064,1742116065280
20431640,18556220432384,1744482095104
20437691,18556537876480,1744483086336
20443738,18556839698432,1744484024320
20449845,18557047128064,1744837812224
20455918,18557149073408,1748023406592
20461954,18557478502400,1748024344576
20468033,18557823688704,1748025262080
20474119,18558097215488,1748026101760
20480156,18558217285632,1748199002112
20486201,18558219116544,1749834878976
20492268,18558489939968,1752025415680
20498351,18558836236288,1752026349568
20504399,18559158681600,1752027160576
20510465,18559423930368,1752027754496
20516508,18559559000064,1752390283264
20522530,18559585230848,1753629880320
20528558,18559921197056,1755394510848
20534578,18560271876096,1755395411968
20540634,18560598396928,1755396296704
20546685,18560896700416,1755397226496
20552754,18561040232448,1755501199360
20558771,18561092595712,1758651125760
20564810,18561432064000,1758652268544
20570877,18561793200128,1758653407232
20576915,18562067795968,1758654459904
20582983,18562222084096,1758655057920
20589025,18562524815360,1758943612928
20595098,18562667577344,1759570219008
20601125,18562946195456,1761522929664
20607135,18562971373568,1764085829632
20613183,18562972409856,1767073202176
20619260,18563454652416,1768081031168
20625355,18563733692416,1768082325504
20631405,18564010627072,1768083689472
20637468,18564254453760,1768084738048
20643521,18565020471296,1768211599360
20649618,18565817970688,1768921878528
20655698,18565820891136,1769905164288
20661748,18565995008000,1772606513152
20667801,18566363934720,1772608057344
20673858,18566736883712,1772609654784
20679891,18567101870080,1772611149824
20685958,18567547719680,1772612464640
20691995,18567547871232,1772612464640
20698051,18568081989632,1773177827328
20704101,18568167026688,1773878816768
20710151,18568304422912,1777069322240
20716198,18568663212032,1777071280128
20722281,18569009893376,1777073410048
20728366,18569332879360,1777075519488
20734375,18569585606656,1777077534720
20740397,18569685434368,1777078398976
20746445,18569952403456,1777287049216
20752488,18569952411648,1777915523072
20758565,18570028965888,1778540081152
20764595,18570262265856,1779430830080
20770704,18570442469376,1781951983616
20776775,18570676355072,1781954158592
20782808,18570990014464,1781958115328
20788852,18571282657280,1781961510912
20794935,18571887706112,1782246535168
20801015,18571911307264,1783000838144
20807045,18571951153152,1784616546304
20813103,18572185812992,1786750320640
20819185,18572533334016,1786754260992
20825235,18572886384640,1786757844992
20831251,18573080485888,1786760114176
20837311,18573339500544,1787334520832
20843411,18573382557696,1787964682240
20849465,18573451255808,1788605345792
20855533,18573470605312,1791602622464
20861591,18573793492992,1791606063104
20867642,18574146404352,1791609737216
20873701,18574479056896,1791613521920
20879748,18574768472064,1791691165696
20885807,18574782427136,1792426364928
20892015,18574817341440,1794409320448
20898088,18575117438976,1796534337536
20904155,18575494201344,1796538134528
20910221,18575939026944,1796541444096
20916253,18576339869696,1796544552960
20922298,18576724156416,1796866203648
20928335,18576821633024,1797512241152
20934435,18576867041280,1798103015424
20940510,18576883679232,1798757310464
20946558,18576924094464,1801881116672
20952618,18577387491328,1801884766208
20958667,18577790500864,1801888288768
20964735,18578170466304,1801891713024
20970791,18578505748480,1801894531072
20976858,18578928459776,1802316320768
20982955,18578937274368,1802953838592
20989038,18578958655488,1804308942848
20995108,18579298279424,1807157112832
21001158,18579731300352,1807160446976
21007208,18580163481600,1807163748352
21013287,18580637933568,1807166873600
21019355,18581180125184,1807240171520
21025438,18581181456384,1807901233152
21031475,18581203918848,1808646918144
21037524,18581351620608,1809630105600
21043595,18581502066688,1812657123328
21049644,18581980512256,1812660219904
21055694,18582455980032,1812663152640
21061774,18583033151488,1812665634816
21067808,18583628869632,1812668329984
21073858,18584160161792,1812774821888
21079935,18584231092224,1813415469056
21086025,18584322514944,1814061981696
21092074,18584362983424,1814713704448
21098127,18584487874560,1818514546688
21104185,18585010094080,1818517446656
21110254,18585499635712,1818520281088
21116308,18585947967488,1818523324416
21122346,18586430148608,1818526420992
21128429,18586923417600,1818587385856
21134503,18586974056448,1819226607616
21140588,18586986270720,1819837550592
21146665,18587083837440,1820476198912
21152718,18587139690496,1821113323520
21158790,18587337232384,1824901042176
21164856,18587818668032,1824904531968
21170941,18588302999552,1824907825152
21177025,18588764516352,1824911085568
21183101,18589185163264,1824913883136
21189171,18589548392448,1825352433664
21195245,18589549621248,1825962950656
21201291,18589671391232,1826615787520
21207389,18589730045952,1827264626688
21213441,18589773565952,1827873292288
21219574,18590009294848,1831412244480
21225647,18590471602176,1831415574528
21231696,18590939090944,1831418707968
21237769,18591448965120,1831421726720
21243825,18591865761792,1831424745472
21249921,18592293330944,1831772758016
21256018,18592300253184,1832425185280
21262101,18592376205312,1833062424576
21268195,18592483385344,1833729859584
21274271,18592577507328,1834496876544
21280375,18592800329728,1838244753408
21286432,18593333600256,1838247968768
21292458,18593878335488,1838251114496
21298506,18594601115648,1838253850624
21304565,18595383111680,1838256791552
21310641,18595903139840,1838463729664
21316723,18596096278528,1839104655360
21322801,18596357029888,1839760031744
21328891,18596624859136,1840432349184
21334963,18597039943680,1841009655808
21341037,18597316907008,1842549669888
21347075,18597612494848,1846050840576
21353138,18598258110464,1846053953536
21359191,18598828761088,1846057148416
21365205,18599387365376,1846059958272
21371251,18600026664960,1846062575616
21377275,18600567758848,1846064406528
21383344,18601058099200,1846523355136
21389425,18601095897088,1847168049152
21395528,18601302102016,1847853948928
21401631,18601930559488,1848651685888
21407725,18602504523776,1850190094336
21413791,18602818838528,1854047592448
21419888,18603433684992,1854050353152
21425973,18604213616640,1854053146624
21432027,18604956893184,1854055763968
21438090,18605680877568,1854058381312
21444119,18606501699584,1854060982272
21449974,18607556108288,1854290169856
21455827,18608449216512,1854892019712
21461674,18608705900544,1855563452416
21467534,18608983244800,1856219893760
21473372,18609106141184,1856836554752
21479201,18609705648128,1857951830016
21485039,18610650173440,1859148500992
21490901,18611503955968,1860665950208
21496746,18612183400448,1860668518400
21502579,18612892168192,1860670750720
21508442,18613798793216,1860673118208
21514300,18614580781056,1860675543040
21520145,18615277682688,1860677365760
21526015,18616232427520,1861123485696
21531882,18616513302528,1861739851776
21537739,18616662093824,1862352498688
21543604,18617120894976,1862925430784
21549523,18617679474688,1864199221248
21555396,18618243907584,1865965514752
21561260,18618620514304,1869318017024
21567132,18619216596992,1869320392704
21573001,18619976953856,1869322924032
21578855,18621051846656,1869325258752
21584708,18621992124416,1869327523840
21590562,18623258755072,1869329616896
21596400,18624231653376,1869331353600
21602265,18625335218176,1869801508864
21608113,18626287685632,1870385205248
21613969,18626446155776,1871006257152
21619824,18626600296448,1871641513984
21625690,18626749194240,1872272936960
21631547,18626898624512,1872922972160
21637409,18628141711360,1873539878912
21643279,18628579115008,1877061234688
21649127,18629316808704,1877063823360
21654979,18630350110720,1877066027008
21660827,18631590268928,1877068111872
21666691,18633057366016,1877070303232
21672560,18634317062144,1877072584704
21678426,18635794509824,1877075419136
21684274,18637549412352,1877077032960
21690143,18638829289472,1877328117760
21695999,18639913230336,1877873590272
21701886,18640239419392,1878484451328
21707742,18640433258496,1879095918592
21713612,18640610131968,1879707828224
21719484,18640721944576,1880284823552
21725322,18641303814144,1880788811776
21731183,18642346221568,1881954959360
21737061,18643767189504,1883530215424
21742945,18645216129024,1887128866816
21748771,18648433836032,1887131045888
21754617,18649995440128,1887133851648
21760538,18651284926464,1887136739328
21766567,18652633468928,1887139700736
21772591,18653952651264,1887142461440
21778590,18655390855168,1887145259008
21784608,18657051426816,1887148326912
21790681,18658575417344,1887302172672
21796781,18659338862592,1887942262784
21802885,18659847536640,1888577748992
21808962,18660195749888,1889209991168
21814992,18660629118976,1889783709696
21821058,18660882165760,1890750251008
21827105,18661663846400,1891921739776
21833197,18662613438464,1893094096896
21839239,18663982948352,1894846709760
21845247,18666502873088,1897940897792
21851298,18667979845632,1897944129536
21857341,18669393522688,1897946750976
21863410,18671012806656,1897950314496
21869431,18672407949312,1897953964032
21875443,18673664114688,1897958330368
21881502,18675002273792,1897962790912
21887541,18676063141888,1897965940736
21893618,18677293694976,1898476679168
21899691,18677667414016,1899101696000
21905781,18678263455744,1899658964992
21911868,18678596608000,1900284293120
21917945,18678866690048,1900912685056
21924015,18679266533376,1901630648320
21930088,18679758843904,1902398517248
21936125,18680481542144,1903205396480
21942195,18681570103296,1904347377664
21948275,18683175845888,1906044088320
21954314,18685342924800,1909098000384
21960296,18688450772992,1909101543424
21966340,18690013024256,1909106278400
21972366,18691308908544,1909111148544
21978391,18692886466560,1909115379712
21984408,18694478491648,1909119729664
21990436,18695399358464,1909122924544
21996531,18696846065664,1909567782912
22002608,18697024913408,1910182395904
22008700,18697116811264,1910793584640
22014756,18697200496640,1911391158272
22020791,18697357201408,1912020713472
22026857,18698103640064,1912621842432
22032911,18698715328512,1913450954752
22038951,18699566022656,1914675527680
22045051,18700638408704,1917043261440
22051069,18702501269504,1918074847232
22057128,18703869116416,1918079672320
22063191,18705209880576,1918084132864
22069178,18706926649344,1918088245248
22075218,18708677165056,1918092439552
22081230,18710059708416,1918097108992
22087303,18711079342080,1918185541632
22093421,18711413215232,1918824419328
22099491,18711811657728,1919459545088
22105595,18711992635392,1920087216128
22111660,18712103448576,1920705990656
22117725,18712551489536,1921307627520
22123801,18712729866240,1922011303936
22129768,18713312976896,1922913767424
22135637,18714458341376,1923882340352
22141495,18715853750272,1925332717568
22147351,18718606802944,1926870618112
22153188,18720892055552,1926874497024
22159054,18722509680640,1926879285248
22164892,18723997806592,1926884098048
22170749,18725689597952,1926888443904
22176593,18727270338560,1926893211648
22182456,18728830832640,1926898073600
22188320,18729486450688,1926899859456
22194172,18730569428992,1927436304384
22200054,18730997264384,1928047214592
22205924,18731428659200,1928590557184
22211789,18731622793216,1929189638144
22217647,18731827400704,1929798565888
22223500,18732021252096,1930412359680
22229372,18732151480320,1931107270656
22235246,18733126545408,1931592876032
22241125,18734249676800,1932553912320
22247007,18735046066176,1934504787968
22252841,18736897744896,1935720538112
22258711,18738271612928,1935725453312
22264557,18739534307328,1935730417664
22270397,18740832169984,1935735439360
22276262,18742313275392,1935740477440
22282106,18743706783744,1935745564672
22287972,18744471851008,1935747903488
22293834,18745994047488,1936150556672
22299734,18746220064768,1936761925632
22305599,18746350759936,1937377046528
22311457,18746494930944,1937987383296
22317332,18746680778752,1938597392384
22323194,18746898374656,1939202224128
22329072,18747568410624,1939732279296
22334938,18748193361920,1940495380480
22340787,18749110325248,1941749706752
22346640,18750106017792,1943576686592
22352453,18752603570176,1945403645952
22358319,18754002522112,1945409220608
22364170,18755304894464,1945413902336
22370034,18756728049664,1945419001856
22375900,18758359564288,1945423171584
22381753,18759692890112,1945428336640
22387620,18760668958720,1945432584192
22393487,18761713360896,1945783382016
22399355,18762142539776,1946399879168
22405217,18762375045120,1947008724992
22411094,18762571800576,1947596091392
22416933,18763155427328,1948168171520
22422806,18763312193536,1948909023232
22428677,18763482370048,1949650874368
22434711,18763955122176,1950357712896
22440775,18764571340800,1951070826496
22446844,18766092943360,1951425720320
22452899,18768086872064,1954515243008
22458891,18770553913344,1954519502848
22464936,18772048936960,1954525720576
22470951,18773695660032,1954531512320
22476948,18775276285952,1954537340928
22483017,18776765075456,1954542268416
22489046,18778370347008,1954548150272
22495125,18779517366272,1954622091264
22501227,18779964502016,1955262918656
22507288,18780688052224,1955790336000
22513375,18780863565824,1956424069120
22519461,18781037105152,1957057376256
22525541,18781139771392,1957766508544
22531628,18781245292544,1958542110720
22537696,18782021312512,1959006466048
22543713,18782814461952,1959872802816
22549768,18783896350720,1961469440000
22555856,18785416130560,1963866292224
22561771,18788179136512,1963870773248
22567808,18789834014720,1963876184064
22573843,18791302410240,1963881566208
22579870,18792773300224,1963887407104
22585933,18794213183488,1963892797440
22591948,18796197781504,1963897192448
22598035,18797129854976,1964112584704
22604121,18797582450688,1964750905344
22610238,18797807898624,1965374234624
22616291,18798011338752,1965982261248
22622358,18798185910272,1966585552896
22628408,18798806274048,1967147720704
22634505,18798960025600,1967790219264
22640527,18799191138304,1968486637568
22646591,18799526731776,1969179582464
22652625,18800135651328,1969780613120
22658687,18801832525824,1970142322688
22664701,18803105611776,1971903602688
22670674,18806236569600,1973623095296
22676712,18808228622336,1973628407808
22682700,18810159972352,1973632786432
22688715,18811946799104,1973637664768
22694735,18813687558144,1973643046912
22700768,18815469666304,1973647990784
22706816,18817195499520,1973653401600
22712868,18818859077632,1973816233984
22718978,18819999404032,1974406451200
22725051,18820284174336,1975029321728
22731135,18820497166336,1975655141376
22737195,18820653682688,1976283402240
22743254,18820826804224,1976893853696
22749318,18821455077376,1977468162048
22755351,18822040797184,1978061950976
22761428,18822865891328,1979017990144
22767478,18823955111936,1980313243648
22773528,18825026740224,1983619981312
22779534,18828035665920,1983623913472
22785573,18829723467776,1983628877824
22791591,18831277797376,1983634321408
22797614,18833081417728,1983639764992
22803638,18834666782720,1983645229056
22809654,18836134113280,1983650226176
22815718,18837656571904,1983696994304
22821802,18838276169728,1984334282752
22827864,18838570262528,1984968114176
22833939,18839134363648,1985532706816
22840068,18839376273408,1986159525888
22846120,18839515226112,1986791866368
22852191,18839660212224,1987501457408
22858293,18839861219328,1988261232640
22864381,18840361172992,1988777656320
22870443,18841524318208,1989449924608
22876498,18842582294528,1990749601792
22882577,18843691761664,1992479522816
22888526,18847081811968,1993405071360
22894575,18848969814016,1993410605056
22900578,18850749157376,1993415696384
22906581,18852644212736,1993420787712
22912637,18854160580608,1993425907712
22918674,18855817113600,1993431011328
22924744,18857351086080,1993436680192
22930822,18858451914752,1993780989952
22936895,18858750554112,1994406825984
22942975,18858994937856,1995036217344
22949063,18859273105408,1995659186176
22955058,18860290793472,1996084318208
22961120,18860798353408,1996820156416
22967165,18861308760064,1997553487872
22973188,18861813596160,1998289244160
22979248,18862323171328,1999018479616
22985282,18863904227328,1999941586944
22991335,18865877110784,2000500215808
22997408,18867546071040,2002170335232
23003434,18869215191040,2003839406080
23009492,18870849380352,2005473349632
23015552,18872655556608,2006457700352
23021541,18874555949056,2007026814976
23027601,18876055986176,2008526540800
23033638,18877355847680,2009788125184
23039703,18878284345344,2010588483584
23045775,18879439290368,2010896273408
23051871,18879823806464,2012720926720
23057883,18882168426496,2015548035072
23063827,18886200745984,2015551639552
23069886,18888041033728,2015557308416
23075942,18889681809408,2015561973760
23081995,18891503845376,2015567671296
23088054,18893127593984,2015572344832
23094141,18894936862720,2015577546752
23100174,18896854822912,2015582732288
23106241,18898089455616,2015853854720
23112338,18898631708672,2016488816640
23118449,18899047829504,2017130627072
23124551,18899299504128,2017753563136
23130636,18899545985024,2018363801600
23136695,18900244647936,2018923823104
23142794,18900419276800,2019652501504
23148825,18900593160192,2020369498112
23154901,18901031317504,2021003935744
23160978,18901888331776,2021971607552
23167031,18903916720128,2022558171136
23173076,18906262290432,2025049964544
23179103,18908572446720,2025054601216
23185175,18910197084160,2025060249600
23191217,18911975882752,2025064894464
23197234,18913867571200,2025070039040
23203317,18915534622720,2025075707904
23209368,18917417156608,2025080360960
23215408,18919161466880,2025084506112
23221502,18920082042880,2025506820096
23227571,18921094397952,2026101575680
23233661,18921453150208,2026728116224
23239742,18921678725120,2027348037632
23245791,18921822633984,2027957850112
23251858,18921952112640,2028562485248
23257929,18922283474944,2029167382528
23264001,18922833887232,2029748047872
23270082,18923686842368,2030651723776
23276151,18924829118464,2031891828736
23282261,18926297178112,2033828941824
23288241,18929397346304,2035244957696
23294285,18931411447808,2035249647616
23300335,18933101064192,2035254353920
23306364,18935162802176,2035259043840
23312398,18937028485120,2035263799296
23318418,18938719191040,2035269074944
23324479,18940488687616,2035273883648
23330469,18942560120832,2035278209024
23336589,18943829962752,2035681386496
23342684,18944381140992,2036327145472
23348753,18945311440896,2036878663680
23354845,18945638862848,2037497782272
23360898,18945963061248,2038101303296
23366965,18946284445696,2038700367872
23373011,18946520817664,2039291912192
23379035,18947168821248,2039834845184
23385091,18947466051584,2040622473216
23391141,18948274388992,2041469526016
23397191,18949401427968,2042728636416
23403275,18950728491008,2044412747776
23409293,18953592467456,2044863524864
23415370,18955276103680,2044868947968
23421421,18956760748032,2044874391552
23427472,18958726504448,2044879806464
23433527,18960431083520,2044884742144
23439541,18961939853312,2044889690112
23445622,18963506241536,2044894638080
23451658,18964461219840,2044896849920
23457745,18965298528256,2045369053184
23463821,18966028460032,2045957271552
23469971,18966408683520,2046583418880
23476058,18966665863168,2047192281088
23482145,18966938681344,2047791771648
23488221,18967109939200,2048427520000
23494301,18967504433152,2048986361856
23500416,18968143319040,2049729884160
23506485,18969015455744,2050645028864
23512554,18970198495232,2051941117952
23518625,18971495436288,2053563772928
23524628,18974770511872,2055306129408
23530641,18976809213952,2055311097856
23536611,18978941763584,2055315546112
23542651,18981317632000,2055320047616
23548711,18983278546944,2055324594176
23554751,18985021599744,2055329718272
23560740,18986698334208,2055334871040
23566784,18988273532928,2055340064768
23572828,18989775622144,2055429218304
23578901,18990242848768,2056060674048
23584962,18991046516736,2056598691840
23591081,18991378046976,2057213239296
23597135,18991695310848,2057814499328
23603191,18991997796352,2058408058880
23609291,18992319897600,2059035680768
23615332,18993223995392,2059464417280
23621395,18993490665472,2060208431104
23627481,18993992925184,2061020241920
23633555,18994984747008,2062041620480
23639630,18996231876608,2063460114432
23645657,18997797220352,2064742735872
23651669,19001131782144,2064747339776
23657701,19003027189760,2064753676288
23663756,19004614721536,2064760107008
23669835,19006175084544,2064766009344
23675821,19007897231360,2064772435968
23681885,19009456304128,2064778907648
23687955,19010670759936,2064783601664
23694045,19011787460608,2065265471488
23700140,19012093173760,2065883754496
23706258,19012575883264,2066451968000
23712348,19012787433472,2067053539328
23718378,19012994887680,2067679883264
23724459,19013175463936,2068312436736
23730541,19013369098240,2069023289344
23736611,19014066102272,2069622255616
23742691,19014942728192,2070532370432
23748768,19016103903232,2071841173504
23754825,19017237688320,2073504718848
23760826,19020319711232,2075054346240
23766864,19022457622528,2075059642368
23772899,19023987724288,2075065470976
23778987,19025587744768,2075070767104
23785026,19027485925376,2075076648960
23791028,19028942491648,2075083206656
23797058,19030664847360,2075089223680
23803155,19032077651968,2075294556160
23809252,19032577380352,2075909152768
23815375,19032993398784,2076510560256
23821435,19033348894720,2077102874624
23827545,19034291560448,2077643464704
23833616,19034717339648,2078257487872
23839648,19035034009600,2078867644416
23845721,19035412439040,2079502917632
23851825,19035843588096,2080123265024
23857905,19036688801792,2080718299136
23863998,19037096398848,2081453973504
23870105,19038013014016,2082469109760
23876181,19039473934336,2083997589504
23882238,19042115563520,2086111002624
23888257,19044017618944,2086117036032
23894299,19045592363008,2086123692032
23900300,19047010164736,2086129795072
23906358,19048645545984,2086135926784
23912396,19050247307264,2086142074880
23918477,19052016566272,2086147633152
23924518,19053923540992,2086248873984
23930608,19054477881344,2086886064128
23936705,19054710697984,2087519928320
23942785,19054858285056,2088149565440
23948878,19055352266752,2088732278784
23954968,19055670996992,2089355755520
23961045,19055956758528,2089979920384
23967135,19056167960576,2090607640576
23973195,19056362373120,2091343937536
23979218,19057415847936,2092012453888
23985291,19058531540992,2093201784832
23991345,19059734798336,2095005134848
23997293,19063242973184,2096258461696
24003306,19065533505536,2096263532544
24009291,19067620491264,2096269275136
24015291,19069670195200,2096274452480
24021360,19071534575616,2096279678976
24027419,19073265111040,2096285556736
24033385,19075075280896,2096292118528
24039383,19077047791616,2096297414656
24045445,19078918717440,2096395096064
24051535,19079581573120,2097033973760
24057605,19080003039232,2097637167104
24063678,19080669736960,2098214113280
24069838,19080995700736,2098838933504
24075891,19081324535808,2099460542464
24081985,19081643634688,2100080513024
24088070,19081879703552,2100703891456
24094162,19082416795648,2101243875328
24100264,19083055239168,2101933395968
24106371,19084012150784,2102855618560
24112445,19085133631488,2103967092736
24118491,19086547701760,2105530011648
24124469,19090057461760,2107540258816
24130435,19092047179776,2107546857472
24136461,19093633249280,2107552817152
24142469,19095457865728,2107559354368
24148530,19097239883776,2107565916160
24154541,19098555568128,2107571892224
24160608,19100014665728,2107578605568
24166657,19101093236736,2107583356928
24172751,19102372311040,2108132974592
24178851,19102756356096,2108764282880
24184961,19103267397632,2109361037312
24191090,19103599226880,2109987348480
24197185,19103945363456,2110612529152
24203248,19104219189248,2111235792896
24209339,19104381771776,2111861088256
24215419,19104945868800,2112391176192
24221475,19105722671104,2113184276480
24227578,19106662854656,2114183880704
24233655,19107779719168,2115527598080
24239685,19110305710080,2117997686784
24245714,19112402968576,2118004424704
24251751,19113971818496,2118012604416
24257775,19115769794560,2118019481600
24263808,19117465931776,2118025752576
24269871,19119018471424,2118033383424
24275863,19120518402048,2118039715840
24281951,19122244882432,2118113402880
24288068,19122772840448,2118757736448
24294178,19123155804160,2119398088704
24300285,19123383394304,2120027807744
24306381,19123947933696,2120607784960
24312475,19124172980224,2121235668992
24318561,19124430766080,2121859833856
24324658,19124692795392,2122479443968
24330707,19124823101440,2123190099968
24336795,19125501861888,2123753103360
24342878,19126245871616,2124535865344
24348930,19127260831744,2125802643456
24354957,19129011695616,2128380276736
24360987,19131761881088,2128386596864
24367037,19133289857024,2128394321920
24373068,19134784450560,2128402042880
24379098,19136796106752,2128409047040
24385127,19138537074688,2128416096256
24391171,19140107886592,2128423813120
24397235,19141406273536,2128428797952
24403301,19142776365056,2128973664256
24409377,19143118053376,2129598746624
24415451,19143449653248,2130225745920
24421549,19143750746112,2130851909632
24427607,19144321585152,2131425398784
24433716,19144577110016,2132045975552
24439811,19144842428416,2132703399936
24445889,19145085554688,2133422788608
24451961,19145287364608,2134125465600
24458031,19146355163136,2134696284160
24464113,19147280580608,2135666184192
24470151,19148768657408,2137448632320
24476125,19151889915904,2138981933056
24482213,19154079903744,2138989056000
24488258,19155770695680,2138996826112
24494264,19157624844288,2139003912192
24500323,19159313690624,2139011649536
24506346,19161232166912,2139017973760
24512385,19163074998272,2139024977920
24518468,19164412289024,2139310739456
24524568,19164957171712,2139945635840
24530648,19165276106752,2140572241920
24536752,19165522259968,2141201027072
24542838,19165737840640,2141820096512
24548884,19166257049600,2142381166592
24554961,19166444736512,2143043801088
24561035,19166622289920,2143760896000
24567125,19166814298112,2144522653696
24573189,19167018635264,2145257345024
24579275,19168354033664,2145762742272
24585314,19169701621760,2147463565312
24591319,19172056489984,2149117001728
24597340,19173964124160,2149124698112
24603400,19175684681728,2149132398592
24609400,19177438797824,2149139443712
24615451,19179071262720,2149147291648
24621455,19180504125440,2149155897344
24627499,19181979394048,2149163892736
24633558,19183602491392,2149528748032
24639643,19183961464832,2150149832704
24645738,19184251346944,2150774652928
24651815,19184510869504,2151402340352
24657911,19184700661760,2152026537984
24663985,19185084153856,2152572207104
24670091,19185401462784,2153239183360
24676175,19185570521088,2153953280000
24682251,19185805332480,2154703814656
24688311,19186513616896,2155438718976
24694344,19187539120128,2156180815872
24700393,19189447536640,2158359801856
24706425,19192583163904,2158366359552
24712506,19194265219072,2158375161856
24718539,19195884261376,2158383960064
24724564,19197803831296,2158391427072
24730598,19199165243392,2158401216512
24736624,19200661794816,2158408781824
24742695,19202240303104,2158619561984
24748791,19202604584960,2159247724544
24754882,19203288813568,2159813890048
24760985,19203508719616,2160442740736
24767078,19203741081600,2161055453184
24773175,19204013166592,2161658105856
24779257,19204235243520,2162253189120
24785308,19204848717824,2162764779520
24791371,19205087797248,2163510874112
24797420,19205541818368,2164255117312
24803511,19206491598848,2165368606720
24809588,19207655645184,2167072264192
24815594,19210338131968,2168942637056
24821628,19212167094272,2168951767040
24827717,19213740576768,2169277534208
24833725,19214549602304,2170027044864
24839825,19214549983232,2170672836608
24845925,19214552506368,2171322052608
24852038,19214554931200,2171968860160
24858158,19214557601792,2172605919232
24864248,19214578704384,2173384568832
24870335,19214591614976,2174169395200
24876385,19214592598016,2175963951104
24882384,19215866388480,2176496332800
24888428,19216415469568,2177039577088
24894461,19216947826688,2177591619584
24900549,19217502543872,2178140942336
24906635,19218685595648,2178386554880
24912778,19220005572608,2178592108544
24918862,19220641488896,2179179606016
24924947,19221326757888,2179761680384
24931035,19221982003200,2180336791552
24937115,19222568325120,2180538593280
24943195,19222987571200,2180541116416
24949258,19223261106176,2180543672320
24955351,19223421394944,2180546850816
24961342,19224143601664,2180555468800
24967485,19224676618240,2180561596416
24973495,19224837472256,2180566167552
24979558,19224876785664,2181132201984
24985608,19224876785664,2181132201984
24991614,19224876785664,2181132201984
24997647,19224876785664,2181132201984
25003667,19224876785664,2181132201984
25009721,19224876785664,2181132201984
25015725,19224876785664,2181132201984
25021754,19224876785664,2181132201984
25027781,19224876785664,2181132201984
25033758,19226114170880,2181132308480
25039778,19232547942400,2181132824576
25045768,19235811078144,2182484115456
25051795,19237217329152,2184316239872
25057840,19237380116480,2184573698048
25063841,19237400702976,2184953233408
25069891,19237400702976,2184953233408
25075948,19237400702976,2184953233408
25081985,19237400702976,2184953233408
25088015,19237400702976,2184953233408
25093981,19237400702976,2184953233408
25100008,19237400702976,2184953233408
25106048,19237400702976,2184953233408
25112108,19237400702976,2184953233408
25118142,19237400702976,2184953610240
25124158,19237400956928,2184955363328
25130214,19237400956928,2184955363328
25136245,19237400956928,2184955363328
25142278,19237400956928,2184955363328
25148334,19237400956928,2184955363328
25154343,19237400956928,2184955363328
25160393,19237400956928,2184955363328
25166439,19237400956928,2184955363328
25172499,19237400956928,2184955363328
25178518,19237400956928,2184955723776
25184541,19237400956928,2184957476864
25190566,19237400956928,2184957476864
25196605,19237400956928,2184957476864
25202631,19237400956928,2184957476864
25208695,19237400956928,2184957476864
25214728,19237400956928,2184957476864
25220748,19237400956928,2184957476864
25226791,19237400956928,2184957476864
25232848,19237400956928,2184957476864
25238881,19237400956928,2184959590400
25244951,19237400956928,2184959590400
25251008,19237400956928,2184959590400
25257041,19237400956928,2184959590400
25263105,19237400956928,2184959590400
25269148,19237400956928,2184959590400
25275201,19237400956928,2184959590400
25281225,19237400956928,2184959590400
25287230,19237400956928,2184959590400
25293268,19237400956928,2184959590400
25299298,19237400956928,2184961703936
25305301,19237400956928,2184961703936
25311308,19237400956928,2184961703936
25317324,19237400956928,2184961703936
25323405,19237400956928,2184961703936
25329468,19237400956928,2184961703936
25335545,19237400956928,2184961703936
25341581,19237400956928,2184961703936
25347564,19237400956928,2184961703936
25353618,19237400956928,2184961703936
25359685,19237626114048,2185512865792
25365735,19238878941184,2186780712960
25371764,19238992977920,2187182239744
25377791,19238992977920,2187182239744
25383814,19238992977920,2187182239744
25389851,19238992977920,2187182239744
25395881,19238992977920,2187182239744
25401918,19238992977920,2187182239744
25407965,19238992977920,2187182239744
25413974,19238992977920,2187182239744
25420008,19238992977920,2187182239744
25426031,19239008727040,2187184353280
25432091,19239008747520,2187184353280
25438141,19239008747520,2187184353280
25444131,19239008747520,2187184353280
25450153,19239008747520,2187184353280
25456166,19239008747520,2187184353280
25462205,19239008747520,2187184353280
25468248,19239008747520,2187184353280
25474248,19239008747520,2187184353280
25480297,19239008747520,2187184353280
25486289,19239008747520,2187186466816
25492320,19239008747520,2187186466816
25498341,19239008747520,2187186466816
25504365,19239008747520,2187186466816
25510408,19239008747520,2187186466816
25516451,19239008747520,2187186466816
25522458,19239008747520,2187186466816
25528524,19239008747520,2187186466816
25534578,19239008747520,2187186466816
25540589,19239008747520,2187186466816
25546581,19239008747520,2187188580352
25552579,19239008747520,2187188580352
25558620,19239008747520,2187188580352
25564649,19239008747520,2187188580352
25570675,19239008747520,2187188580352
25576725,19239008747520,2187188580352
25582724,19239008747520,2187188580352
25588751,19239008747520,2187188580352
25594764,19239008747520,2187188580352
25600774,19239008747520,2187188580352
25606817,19239008747520,2187190693888
25612858,19239008747520,2187190693888
25618868,19239008747520,2187190693888
25624875,19239008747520,2187190693888
25630901,19239008747520,2187190693888
25636948,19239008747520,2187190693888
25642941,19239008747520,2187190693888
25648988,19239008747520,2187190693888
25655025,19239008747520,2187190693888
25661058,19239008747520,2187190693888
25667098,19239008747520,2187192807424
25673091,19239008747520,2187192807424
25679146,19239008747520,2187192807424
25685176,19239008747520,2187192807424
25691171,19239008747520,2187192807424
25697188,19239008747520,2187192807424
25703194,19239008747520,2187192807424
25709200,19239008747520,2187192807424
25715174,19239008747520,2187192807424
25721179,19239008747520,2187192807424
25727208,19239008747520,2187194920960
25733225,19239008747520,2187194920960
25739272,19239008747520,2187194920960
25745274,19239008747520,2187194920960
25751301,19239008747520,2187194920960
25757340,19239008747520,2187194920960
25763385,19239008747520,2187194920960
25769426,19239008747520,2187194920960
25775458,19239008747520,2187194920960
25781475,19239008747520,2187195002880
25787485,19239008747520,2187197034496
25793524,19239008747520,2187197034496
25799557,19239008747520,2187197034496
25805575,19239008747520,2187197034496
25811636,19239008747520,2187197034496
25817673,19239008747520,2187197034496
25823731,19239008747520,2187197034496
25829734,19239008747520,2187197034496
25835727,19239008747520,2187197034496
25841791,19239008747520,2187197116416
25847808,19239008747520,2187199164416
25853841,19239008747520,2187199164416
25859848,19239008747520,2187199164416
25865858,19239008747520,2187199164416
25871874,19239008747520,2187199164416
25877875,19239008747520,2187199164416
25883908,19239008747520,2187199164416
25889925,19239008747520,2187199164416
25895979,19239008747520,2187199164416
25902022,19239008747520,2187199246336
25908051,19239008747520,2187201277952
25914058,19239008747520,2187201277952
25920105,19239008747520,2187201277952
25926123,19239008747520,2187201277952
25932181,19239008747520,2187201277952
25938185,19239008747520,2187201277952
25944218,19239008747520,2187201277952
25950257,19239008747520,2187201277952
25956284,19239008747520,2187201277952
25962318,19239008747520,2187201359872
25968342,19239008784384,2187203391488
25974375,19239008784384,2187203391488
25980414,19239008800768,2187203391488
25986445,19239008800768,2187203391488
25992455,19239008800768,2187203391488
25998487,19239008800768,2187203391488
26004514,19239008800768,2187203391488
26010574,19239008800768,2187203391488
26016591,19239008800768,2187203391488
26022621,19239033896960,2187203497984
26028695,19239426928640,2187906555904
26034833,19239905951744,2188736901120
26040881,19239905968128,2188736901120
26046881,19239905968128,2188736901120
26052931,19239905968128,2188736901120
26058951,19239905968128,2188736901120
26065008,19239905968128,2188736901120
26071051,19239905968128,2188736901120
26077090,19239905968128,2188736901120
26083118,19239905968128,2188736901120
26089131,19239921516544,2188737261568
26095175,19239921668096,2188739014656
26101184,19239921668096,2188739014656
26107191,19239921668096,2188739014656
26113172,19239921668096,2188739014656
26119174,19239921668096,2188739014656
26125191,19239921668096,2188739014656
26131181,19239921668096,2188739014656
26137194,19239921668096,2188739014656
26143231,19239921668096,2188739014656
26149212,19239921668096,2188739375104
26155238,19239921668096,2188741128192
26161298,19239921700864,2188741128192
26167291,19239921717248,2188741128192
26173308,19239921717248,2188741128192
26179330,19239921717248,2188741128192
26185365,19239921717248,2188741128192
26191391,19239921717248,2188741128192
26197386,19239921717248,2188741128192
26203398,19239921717248,2188741128192
26209441,19239921717248,2188741488640
26215498,19239921717248,2188743241728
26221590,19239921717248,2188743241728
26227631,19239921717248,2188743241728
26233648,19239921717248,2188743241728
26239682,19239921717248,2188743241728
26245708,19239921717248,2188743241728
26251704,19239921717248,2188743241728
26257666,19239921717248,2188743241728
26263678,19239921717248,2188743241728
26269678,19239921717248,2188743602176
26275685,19239921717248,2188745355264
26281697,19239921717248,2188745355264
26287681,19239921717248,2188745355264
26293684,19239921717248,2188745355264
26299697,19239921717248,2188745355264
26305738,19239921717248,2188745355264
26311755,19239921717248,2188745355264
26317781,19239921717248,2188745355264
26323801,19239921717248,2188745355264
26329814,19239921717248,2188745715712
26335798,19239921717248,2188747468800
26341835,19239921717248,2188747468800
26347855,19239921717248,2188747468800
26353901,19239921717248,2188747468800
26359948,19239921717248,2188747468800
26365984,19239921717248,2188747468800
26372006,19239921717248,2188747468800
26378008,19239921717248,2188747468800
26384014,19239921717248,2188747468800
26389998,19239921717248,2188747829248
26396014,19239921717248,2188749582336
26402021,19239921717248,2188749582336
26408013,19239921717248,2188749582336
26414022,19239921717248,2188749582336
26420055,19239921717248,2188749582336
26426087,19239921717248,2188749582336
26432110,19239921717248,2188749582336
26438158,19239921717248,2188749582336
26444158,19239921717248,2188749582336
26450201,19240127926272,2188940894208
26456177,19240858890240,2189983150080
26462288,19242504400896,2191432736768
26468327,19242999521280,2192042070016
26474372,19242999537664,2192042070016
26480430,19242999537664,2192042070016
26486441,19242999537664,2192042070016
26492433,19242999537664,2192042070016
26498456,19242999537664,2192042070016
26504474,19242999537664,2192042070016
26510478,19243005571072,2192042176512
26516518,19243199819776,2192210554880
26522551,19244824399872,2194198126592
26528642,19244826341376,2194203242496
26534661,19244826341376,2194203242496
26540724,19244826341376,2194203242496
26546741,19244826341376,2194203242496
26552775,19244826341376,2194203242496
26558814,19244826341376,2194203242496
26564838,19244826341376,2194203242496
26570875,19244826341376,2194203242496
26576933,19244842356736,2194205356032
26582941,19244842356736,2194205356032
26588978,19244842356736,2194205356032
26595036,19244842356736,2194205356032
26601050,19244842356736,2194205356032
26607078,19244842356736,2194205356032
26613101,19244842356736,2194205356032
26619091,19244842356736,2194205356032
26625101,19244842356736,2194205356032
26631131,19244842356736,2194205356032
26637182,19244842356736,2194207485952
26643241,19244842356736,2194207485952
26649242,19244842356736,2194207485952
26655252,19244842356736,2194207485952
26661208,19244842356736,2194207485952
26667245,19244842356736,2194207485952
26673278,19244842356736,2194207485952
26679265,19244842356736,2194207485952
26685281,19244842356736,2194207485952
26691275,19244842356736,2194207485952
26697286,19245056135168,2194433429504
26703365,19245606789120,2195299684352
26709411,19245606805504,2195299684352
26715307,19245606821888,2195299684352
26721131,19245606821888,2195299684352
26726965,19245606821888,2195299684352
26732781,19245606821888,2195299684352
26738598,19245606871040,2195299684352
26744436,19245606887424,2195299684352
26750264,19245606920192,2195299684352
26756069,19245622513664,2195300044800
26761878,19245626056704,2195301797888
26767741,19245626073088,2195301797888
26773558,19245626073088,2195301797888
