timestamp_ms,phys_footprint,phys_footprint_peak
0,3489792,3489792
5201,169869312,169869312
10498,220200960,223346688
15794,365953024,370147328
21090,705691648,705691648
26415,1053818880,1053818880
31764,1555038208,1556086784
37136,2117074944,2278555648
42505,2732589056,2781872128
47873,3113222144,3213885440
53253,3798990848,3798990848
58637,4606394368,4701814784
64046,4919918592,5027921920
69408,4961861632,5148508160
74767,5138022400,5160042496
80145,5095030784,5219811328
85524,5001707520,5219811328
90897,4862246912,5219811328
96265,4928307200,5219811328
101686,5045747712,5219811328
107087,4988076032,5219811328
112464,5032116224,5219811328
117848,5431623680,5519704064
123237,5113905152,5519704064
128660,5100273664,5519704064
134074,4860149760,5519704064
139444,5441060864,5519704064
144858,5615124480,5615124480
150277,5405409280,5621415936
155644,5506072576,5621415936
161078,4925161472,5621415936
166492,5256511488,5621415936
171906,5626658816,5639241728
177282,5350883328,5665456128
182704,5428477952,5766119424
188127,5591007232,5766119424
193557,5686427648,5797576704
198944,5515509760,5860491264
204346,5562695680,5860491264
209740,5599395840,5860491264
215119,5917114368,5917114368
220526,5421137920,5962203136
225910,5509218304,6063915008
231315,5762973696,6063915008
236707,5443158016,6063915008
242117,6066012160,6176112640
247501,5791285248,6176112640
252915,5800722432,6193938432
258304,6213861376,6213861376
263752,5583667200,6406799360
269143,5845811200,6406799360
274579,5465178112,6406799360
279987,6413090816,6426722304
285413,6551502848,6551502848
290834,6193938432,6551502848
296228,6039797760,6551502848
301632,6189744128,6551502848
307072,6214909952,6551502848
312458,5879365632,6551502848
317837,5905580032,6551502848
323196,5798625280,6551502848
328574,6032457728,6551502848
333962,6554648576,6613368832
339348,6959398912,6959398912
344719,6493831168,7078936576
350126,7309623296,7309623296
355526,6375342080,8166309888
360938,5577375744,8166309888
366368,7084179456,8166309888
371775,6222249984,8166309888
377165,5614075904,8166309888
382576,6284115968,8166309888
387974,6980370432,8166309888
393370,6893338624,8166309888
398750,5911871488,8166309888
404134,6415187968,8166309888
409545,6276775936,8166309888
414958,6458179584,8166309888
420373,6746537984,8166309888
425749,6891241472,8166309888
431162,6872367104,8166309888
436557,5591007232,8166309888
441910,7124025344,8166309888
447307,7185891328,8166309888
452696,6645874688,8166309888
458099,5987368960,8166309888
463506,5474615296,8166309888
468911,6646923264,8166309888
474307,5654970368,8166309888
479837,6621757440,8166309888
485400,7029653504,8166309888
490968,6990856192,8166309888
496536,6341787648,8166309888
502016,7379877888,8166309888
507548,6070206464,8166309888
513101,6473908224,8166309888
518675,6348079104,8166309888
524161,7515144192,8166309888
529691,6302990336,8166309888
535251,6441402368,8166309888
540840,6788481024,8166309888
546388,6039797760,8166309888
551926,7006584832,8166309888
557426,7218397184,8166309888
563015,7260340224,8166309888
568605,7219445760,8199864320
574225,6392119296,8199864320
579791,7675576320,8199864320
585374,7340032000,8199864320
590957,6351224832,8199864320
596545,7282360320,8199864320
602085,6744440832,8199864320
607647,7062159360,8199864320
613225,6205472768,8199864320
618805,7134511104,8199864320
624430,7713325056,8199864320
629953,7241465856,8199864320
635532,6633291776,8199864320
641081,6477053952,8199864320
646629,7355760640,8199864320
652214,7086276608,8199864320
657738,7061110784,8199864320
663281,6928990208,8199864320
668833,7848591360,8199864320
674370,7452229632,8199864320
679906,7748976640,8199864320
685459,7748976640,8199864320
691033,7750025216,8199864320
696533,7750025216,8199864320
702015,7029653504,8199864320
707516,7761559552,8199864320
713044,7397703680,8199864320
718571,7141851136,8370782208
724109,7025459200,8370782208
729689,7990149120,8370782208
735277,7812939776,8370782208
740827,6659506176,8370782208
746386,7585398784,8370782208
751993,6316621824,8370782208
757576,7359954944,8370782208
763142,6661603328,8370782208
768731,7513047040,8370782208
774345,8048869376,8370782208
779863,6465519616,8370782208
785391,7345274880,8370782208
790961,5823791104,8370782208
796510,7245660160,8370782208
802005,6314524672,8370782208
807518,7618953216,8370782208
813026,6237978624,8370782208
818519,6649020416,8370782208
824057,7798259712,8370782208
829624,6197084160,8370782208
835242,7222591488,8370782208
840839,7146045440,8370782208
846423,6457131008,8370782208
851975,7969177600,8370782208
857519,7197425664,8370782208
863089,5593104384,8370782208
868563,7645167616,8370782208
874108,7405043712,8370782208
879686,8134852608,8370782208
885241,6392119296,8398045184
890708,8290041856,8398045184
896325,6970933248,8398045184
901841,8550088704,8579448832
907363,7459569664,8756658176
912875,6651117568,8756658176
918417,8016363520,8756658176
923967,8395948032,8756658176
929461,6312427520,8756658176
935026,7887388672,8756658176
940636,7448035328,8756658176
946155,8589934592,8756658176
951642,7180648448,8841592832
957185,6373244928,8841592832
962735,5820645376,8841592832
968256,7291797504,8841592832
973811,8146386944,8841592832
979385,7755268096,8841592832
984933,7550795776,8841592832
990405,7689207808,8841592832
995966,6925844480,8841592832
1001548,7702839296,8841592832
1007056,7127171072,8841592832
1012641,6653214720,8841592832
1018200,8003780608,8841592832
1023728,8431599616,8841592832
1029299,6194987008,8841592832
1034822,8297381888,8841592832
1040347,7224688640,8841592832
1045941,7225737216,8841592832
1051522,7042236416,8841592832
1056972,6789529600,8841592832
1062485,8719958016,8987344896
1068099,8451522560,8987344896
1073708,5934940160,9082765312
1079214,8102346752,9082765312
1084805,7017070592,9082765312
1090325,8377073664,9082765312
1095925,7085228032,9082765312
1101512,7610564608,9082765312
1107031,7607418880,9082765312
1112607,7876902912,9082765312
1118128,7313817600,9082765312
1123719,7314866176,9082765312
1129215,7408189440,9082765312
1134728,7400849408,9082765312
1140262,7572815872,9082765312
1145854,8238661632,9082765312
1151435,7089422336,9082765312
1157008,8751415296,9082765312
1162567,6478102528,9167699968
1168115,8369733632,9167699968
1173706,6502219776,9167699968
1179286,8406433792,9167699968
1184852,7974420480,9167699968
1190381,8574205952,9167699968
1196001,8372879360,9167699968
1201515,7624196096,9167699968
1207034,6968836096,9167699968
1212635,8536457216,9167699968
1218218,8436842496,9212788736
1223794,9112125440,9212788736
1229381,8258584576,9301917696
1235003,7855931392,9301917696
1240563,7081033728,9301917696
1246057,8725200896,9301917696
1251635,7210008576,9301917696
1257171,7604273152,9301917696
1262708,8399093760,9301917696
1268275,7995392000,9301917696
1273868,8396996608,9301917696
1279335,8079278080,9301917696
1284906,7862222848,9301917696
1290473,6885998592,9301917696
1296005,8047820800,9301917696
1301593,8527020032,9301917696
1307134,7390363648,9301917696
1312725,8168407040,9301917696
1318285,7733248000,9301917696
1323859,7168065536,9301917696
1329396,6947864576,9301917696
1334921,7331643392,9301917696
1340508,8018460672,9301917696
1346076,7096762368,9301917696
1351634,6358564864,9301917696
1357135,7349469184,9301917696
1362731,7856979968,9301917696
1368282,6062866432,9301917696
1373756,7761559552,9301917696
1379294,7161774080,9301917696
1384791,6957301760,9301917696
1390319,7925137408,9301917696
1395898,6868172800,9301917696
1401444,7319060480,9301917696
1407000,6343884800,9301917696
1412504,8274313216,9301917696
1418161,7546601472,9301917696
1423716,6464471040,9301917696
1429215,8510242816,9301917696
1434760,7658799104,9301917696
1440288,8110735360,9301917696
1445901,6094323712,9301917696
1451475,7848591360,9301917696
1457058,6529482752,9301917696
1462620,7678722048,9301917696
1468141,7036993536,9301917696
1473658,6266290176,9301917696
1479200,8054112256,9301917696
1484748,8449425408,9301917696
1490294,5983174656,9301917696
1495808,8111783936,9301917696
1501346,7192182784,9301917696
1506910,6668943360,9301917696
1512458,8537505792,9301917696
1518036,7778336768,9301917696
1523573,6783238144,9301917696
1529131,5866782720,9301917696
1534617,7704936448,9301917696
1540158,8049917952,9301917696
1545727,6163529728,9301917696
1551206,8244953088,9301917696
1556811,7991197696,9301917696
1562345,6315573248,9301917696
1567859,8822718464,9301917696
1573404,8454668288,9301917696
1578975,7868514304,9301917696
1584609,7869562880,9301917696
1590211,7869562880,9301917696
1595827,7869562880,9301917696
1601401,7870611456,9301917696
1607021,7870611456,9301917696
1612645,7870611456,9301917696
1618231,7871660032,9301917696
1623825,7871660032,9301917696
1629320,7666139136,9301917696
1634837,7527727104,9301917696
1640340,6472859648,9301917696
1645814,7601127424,9301917696
1651298,8264876032,9301917696
1656828,7876902912,9301917696
1662398,6426722304,9301917696
1667875,9003073536,9301917696
1673448,8667529216,9371123712
1679004,8013217792,9371123712
1684536,8558477312,9371123712
1689978,9572450304,9630121984
1695564,7780433920,10023337984
1701113,7319060480,10023337984
1706697,7071596544,10023337984
1712208,8484028416,10023337984
1717758,9048162304,10023337984
1723328,9521070080,10023337984
1728984,6328156160,10023337984
1734513,9094299648,10023337984
1740085,8097103872,10023337984
1745569,7565475840,10023337984
1751149,6719275008,10023337984
1756614,7122976768,10023337984
1762195,8647606272,10023337984
1767750,9058648064,10023337984
1773261,8211398656,10023337984
1778783,8647606272,10023337984
1784320,7991197696,10023337984
1789890,6352273408,10023337984
1795418,8907653120,10023337984
1800975,7548698624,10023337984
1806449,7953448960,10023337984
1811938,8758755328,10023337984
1817443,9403629568,10023337984
1823000,8415870976,10023337984
1828589,8680112128,10023337984
1834141,8868855808,10023337984
1839659,6619660288,10023337984
1845155,8184135680,10023337984
1850673,7256145920,10023337984
1856242,6443499520,10023337984
1861749,5830082560,10023337984
1867218,8517582848,10023337984
1872704,8439988224,10023337984
1878263,7244611584,10023337984
1883834,6995050496,10023337984
1889396,7223640064,10023337984
1894913,7837057024,10023337984
1900350,8625586176,10023337984
1905845,6849298432,10023337984
1911291,6514802688,10023337984
1916819,6538919936,10023337984
1922328,8207204352,10023337984
1927890,7251951616,10023337984
1933421,6895435776,10023337984
1938968,6370099200,10023337984
1944477,6473908224,10023337984
1949992,7051673600,10023337984
1955531,7424966656,10023337984
1961072,7785676800,10023337984
1966581,8019509248,10023337984
1972113,6470762496,10023337984
1977685,6994001920,10023337984
1983181,7917797376,10023337984
1988786,6254755840,10023337984
1994333,7016022016,10023337984
1999864,7004487680,10023337984
2005431,6550454272,10023337984
2011000,7261388800,10023337984
2016562,6857687040,10023337984
2022165,7155482624,10023337984
2027634,7172259840,10023337984
2033241,6664749056,10023337984
2038774,6277824512,10023337984
2044300,8033140736,10023337984
2049849,6344933376,10023337984
2055375,5764022272,10023337984
2060868,7721713664,10023337984
2066369,6739197952,10023337984
2071921,7698644992,10023337984
2077503,7226785792,10023337984
2083076,6158286848,10023337984
2088618,7568621568,10023337984
2094209,7847542784,10023337984
2099787,7478444032,10023337984
2105321,7624196096,10023337984
2110834,7816085504,10023337984
2116341,7956594688,10023337984
2121831,7616856064,10023337984
2127378,7534018560,10023337984
2132945,6988759040,10023337984
2138418,6590300160,10023337984
2143908,8065646592,10023337984
2149448,7104102400,10023337984
2155059,6030360576,10023337984
2160591,6838812672,10023337984
2166105,7696547840,10023337984
2171591,6879707136,10023337984
2177125,6050283520,10023337984
2182672,7206862848,10023337984
2188207,6280970240,10023337984
2193685,8237613056,10023337984
2199258,8065646592,10023337984
2204761,7393509376,10023337984
2210289,7083130880,10023337984
2215810,6783238144,10023337984
2221311,6897532928,10023337984
2226822,7428112384,10023337984
2232411,6774849536,10023337984
2237966,7604273152,10023337984
2243507,6861881344,10023337984
2249066,5777653760,10023337984
2254599,7807696896,10023337984
2260154,7901020160,10023337984
2265751,6587154432,10023337984
2271284,7764705280,10023337984
2276925,7760510976,10023337984
2282508,7760510976,10023337984
2288079,7352614912,10023337984
2293595,6521094144,10023337984
2299114,7200571392,10023337984
2304650,7477395456,10023337984
2310240,6517948416,10023337984
2315802,8242855936,10023337984
2321408,7017070592,10023337984
2327001,7737442304,10023337984
2332551,7525629952,10023337984
2338125,8007974912,10023337984
2343636,7561281536,10023337984
2349208,7912554496,10023337984
2354756,6295650304,10023337984
2360320,7785676800,10023337984
2365874,6485442560,10023337984
2371436,8395948032,10023337984
2376961,8399093760,10023337984
2382516,8703180800,10023337984
2388045,7355760640,10023337984
2393668,7305428992,10023337984
2399270,7305428992,10023337984
2404893,7305428992,10023337984
2410521,7305428992,10023337984
2416070,7224688640,10023337984
2421535,8068792320,10023337984
2427088,7945060352,10023337984
2432630,7194279936,10023337984
2438160,7596933120,10023337984
2443635,8914993152,10023337984
2449192,7225737216,10023337984
2454735,6802112512,10023337984
2460214,8692695040,10023337984
2465845,8081375232,10023337984
2471378,6638534656,10023337984
2476936,7284457472,10023337984
2482406,8835301376,10023337984
2487976,6966738944,10023337984
2493520,6503268352,10023337984
2499070,9141485568,10023337984
2504606,9036627968,10023337984
2510198,7779385344,10023337984
2515712,6710886400,10023337984
2521198,9416212480,10023337984
2526691,8941207552,10023337984
2532204,9179234304,10023337984
2537756,9460252672,10023337984
2543266,7983857664,10023337984
2548858,8342470656,10023337984
2554360,7501512704,10023337984
2559828,6884950016,10023337984
2565325,8583643136,10023337984
2570908,8333033472,10023337984
2576513,8658092032,10023337984
2582023,7523532800,10023337984
2587579,7320109056,10023337984
2593117,6768558080,10023337984
2598625,8243904512,10023337984
2604228,6910115840,10023337984
2609849,6742343680,10023337984
2615382,7294943232,10023337984
2620908,7150239744,10023337984
2626523,5810159616,10023337984
2632061,6930038784,10023337984
2637665,7562330112,10023337984
2643258,8174698496,10023337984
2648812,8517582848,10023337984
2654332,7181697024,10023337984
2659846,8056209408,10023337984
2665409,7841251328,10023337984
2671007,7873757184,10023337984
2676544,8521777152,10023337984
2682051,6176112640,10023337984
2687608,8575254528,10023337984
2693179,7560232960,10023337984
2698676,6479151104,10023337984
2704185,8406433792,10023337984
2709728,7790919680,10023337984
2715245,7161774080,10023337984
2720782,6533677056,10023337984
2726275,8707375104,10023337984
2731834,9089056768,10023337984
2737361,6335496192,10023337984
2742901,8201961472,10023337984
2748466,7510949888,10023337984
2754032,6206521344,10023337984
2759554,8640266240,10023337984
2765122,7541358592,10023337984
2770705,7355760640,10023337984
2776335,7356809216,10023337984
2781941,7356809216,10023337984
2787539,7356809216,10023337984
2793135,7357857792,10023337984
2798587,7358906368,10023337984
2804200,7358906368,10023337984
2809812,7358906368,10023337984
2815396,7359954944,10023337984
2820991,7359954944,10023337984
2826516,7334789120,10023337984
2831922,7335837696,10023337984
2837307,7214202880,10023337984
2842664,6708789248,10023337984
2848051,9378463744,10023337984
2853514,8227127296,10023337984
2858918,7497318400,10023337984
2864344,6783238144,10023337984
2869741,8763998208,10023337984
2875204,8264876032,10023337984
2880604,7563378688,10023337984
2886023,6259998720,10023337984
2891406,8596226048,10023337984
2896794,8882487296,10023337984
2902229,7126122496,10023337984
2907637,6567231488,10023337984
2913034,9446621184,10023337984
2918459,8502902784,10023337984
2923877,7483686912,10023337984
2929297,6732906496,10023337984
2934710,8563720192,10023337984
2940169,7929331712,10023337984
2945586,7303331840,10023337984
2951022,6420430848,10023337984
2956434,8646557696,10023337984
2961839,8340373504,10023337984
2967258,6614417408,10023337984
2972676,7511998464,10023337984
2978074,8669626368,10023337984
2983490,7271874560,10023337984
2988941,6675234816,10023337984
2994368,9731833856,10023337984
2999778,8524922880,10023337984
3005191,7714373632,10023337984
3010608,6933184512,10023337984
3016016,7864320000,10023337984
3021438,9118416896,10023337984
3026933,8668577792,10023337984
3032333,8095006720,10023337984
3037754,7218397184,10023337984
3043175,6355419136,10023337984
3048602,9095348224,10023337984
3054023,8676966400,10023337984
3059432,7380926464,10023337984
3064867,6696206336,10023337984
3070256,9439281152,10023337984
3075653,8394899456,10023337984
3081065,7876902912,10023337984
3086477,6921650176,10023337984
3091897,7183794176,10023337984
3097312,8659140608,10023337984
3102737,7932477440,10023337984
3108163,6373244928,10023337984
3113592,6395265024,10023337984
3119054,8247050240,10023337984
3124477,7446986752,10023337984
3129916,7449083904,10023337984
3135478,7449083904,10023337984
3140991,7167016960,10023337984
3146556,6290407424,10023337984
3152049,8717860864,10023337984
3157587,8080326656,10023337984
3163132,8458862592,10023337984
3168717,7702839296,10023337984
3174184,8946450432,10023337984
3179714,9259974656,10023337984
3185268,9717153792,10033823744
3190853,7236222976,10033823744
3196403,8604614656,10033823744
3201982,8038383616,10033823744
3207614,6375342080,10033823744
3213166,7507804160,10033823744
3218725,6403653632,10033823744
3224250,8588886016,10033823744
3229775,8561623040,10033823744
3235276,7471104000,10033823744
3240856,6891241472,10033823744
3246378,7048527872,10033823744
3251932,7299137536,10033823744
3257535,8415870976,10033823744
3263230,7836008448,10033823744
3268822,7048527872,10033823744
3274350,7385120768,10033823744
3279874,7493124096,10033823744
3285447,7934574592,10033823744
3291011,6565134336,10033823744
3296565,7229931520,10033823744
3302115,8712617984,10033823744
3307680,7815036928,10033823744
3313208,7163871232,10033823744
3318789,8207204352,10033823744
3324354,8821669888,10033823744
3329943,9146728448,10033823744
3335525,6542065664,10033823744
3341079,7546601472,10033823744
3346642,9405726720,10033823744
3352195,8661237760,10033823744
3357747,7520387072,10033823744
3363336,6977224704,10033823744
3368903,10097786880,10097786880
3374531,8259633152,10098835456
3380071,7496269824,10098835456
3385630,7043284992,10098835456
3391185,6118440960,10098835456
3396808,6116343808,10098835456
3402409,6117392384,10098835456
3407965,6117392384,10098835456
3413631,6118440960,10098835456
3419141,6351224832,10098835456
3424675,6975127552,10098835456
3430242,7270825984,10098835456
3435795,6600785920,10098835456
3441324,6728712192,10098835456
3446955,7190085632,10098835456
3452523,6891241472,10098835456
3458085,6218055680,10098835456
3463573,8995733504,10098835456
3469141,8142192640,10098835456
3474667,8466202624,10098835456
3480249,8813281280,10098835456
3485832,6133121024,10098835456
3491385,7707033600,10098835456
3497010,7371489280,10098835456
3502561,6798966784,10098835456
3508095,8977907712,10098835456
3513656,9324986368,10098835456
3519206,7354712064,10098835456
3524753,7656701952,10098835456
3530239,9037676544,10098835456
3535753,8026849280,10098835456
3541303,7681867776,10098835456
3546911,7062159360,10098835456
3552441,7665090560,10098835456
3558058,7800356864,10098835456
3563653,6532628480,10098835456
3569261,7107248128,10098835456
3574822,8271167488,10098835456
3580378,7164919808,10098835456
3585975,6582960128,10098835456
3591523,8657043456,10098835456
3597063,7916748800,10098835456
3602575,7322206208,10098835456
3608168,6828326912,10098835456
3613699,7508852736,10098835456
3619273,7811891200,10098835456
3624819,8101298176,10098835456
3630391,8491368448,10098835456
3635928,8163164160,10098835456
3641447,7560232960,10098835456
3647025,7114588160,10098835456
3652555,8969519104,10098835456
3658184,8965324800,10098835456
3663804,7902068736,10098835456
3669343,7100956672,10098835456
3674873,7130316800,10098835456
3680418,8912896000,10098835456
3685998,8354004992,10098835456
3691541,8435793920,10098835456
3697113,9102688256,10098835456
3702630,9200205824,10364125184
3708187,9236905984,10364125184
3713749,8875147264,10364125184
3719280,8115978240,10364125184
3724860,6893338624,10364125184
3730349,7290748928,10364125184
3735903,8520728576,10364125184
3741463,9033482240,10364125184
3747040,6118440960,10364125184
3752564,8054112256,10364125184
3758125,8424259584,10364125184
3763718,6361710592,10364125184
3769285,7465861120,10364125184
3774850,7964983296,10364125184
3780369,7428112384,10364125184
3785930,7020216320,10364125184
3791487,6015680512,10364125184
3796958,7875854336,10364125184
3802503,7301234688,10364125184
3808082,6531579904,10364125184
3813598,7448035328,10364125184
3819151,7766802432,10364125184
3824749,7574913024,10364125184
3830357,6509559808,10364125184
3835914,6852444160,10364125184
3841458,8757706752,10364125184
3847009,8205107200,10364125184
3852543,7074742272,10364125184
3858058,6368002048,10364125184
3863604,7809794048,10364125184
3869184,7879000064,10364125184
3874736,6667894784,10364125184
3880325,6608125952,10364125184
3885841,8359247872,10364125184
3891427,7862222848,10364125184
3897021,6350176256,10364125184
3902566,7441743872,10364125184
3908141,7487881216,10364125184
3913724,6123683840,10364125184
3919273,7882145792,10364125184
3924816,8781824000,10364125184
3930358,9255780352,10364125184
3935873,6213861376,10364125184
3941470,6896484352,10364125184
3947017,8314159104,10364125184
3952598,7597981696,10364125184
3958206,7544504320,10364125184
3963815,7544504320,10364125184
3969358,7545552896,10364125184
3974955,7545552896,10364125184
3980549,7546601472,10364125184
3986142,7546601472,10364125184
3991725,7546601472,10364125184
3997286,7547650048,10364125184
4002848,7547650048,10364125184
4008451,7547650048,10364125184
4014061,7548698624,10364125184
4019645,7548698624,10364125184
4025209,7548698624,10364125184
4030810,7549747200,10364125184
4036427,7549747200,10364125184
4042066,7549747200,10364125184
4047651,7550795776,10364125184
4053278,7550795776,10364125184
4058780,7551844352,10364125184
4064348,7575961600,10364125184
4069810,8115978240,10364125184
4075378,7723810816,10364125184
4080937,7154434048,10364125184
4086460,7405043712,10364125184
4092014,8091860992,10364125184
4097573,8340373504,10364125184
4103149,8463056896,10364125184
4108725,8317304832,10364125184
4114308,8322547712,10364125184
4119849,7506755584,10364125184
4125458,6298796032,10364125184
4130983,7985954816,10364125184
4136533,7989100544,10364125184
4142123,6503268352,10364125184
4147668,7691304960,10364125184
4153153,8766095360,10364125184
4158752,8571060224,10364125184
4164258,7349469184,10364125184
4169775,6549405696,10364125184
4175334,8697937920,10364125184
4180884,7287603200,10364125184
4186484,7076839424,10364125184
4192023,7694450688,10364125184
4197555,9547284480,10364125184
4203114,8625586176,10364125184
4208652,8908701696,10364125184
4214217,7346323456,10364125184
4219770,8237613056,10364125184
4225263,9352249344,10364125184
4230822,9009364992,10364125184
4236408,8532262912,10364125184
4242008,8027897856,10364125184
4247563,6317670400,10364125184
4253081,8404336640,10364125184
4258618,9201254400,10364125184
4264156,8769241088,10364125184
4269735,7243563008,10364125184
4275264,6781140992,10364125184
4280776,8282701824,10364125184
4286355,7966031872,10364125184
4291974,6664749056,10364125184
4297525,8597274624,10364125184
4303100,8542748672,10364125184
4308646,7219445760,10364125184
4314197,7614758912,10364125184
4319759,8822718464,10364125184
4325349,9494855680,10364125184
4330870,7221542912,10364125184
4336418,6514802688,10364125184
4341985,7668236288,10364125184
4347596,7459569664,10364125184
4353126,7003439104,10364125184
4358685,8387559424,10364125184
4364272,8018460672,10364125184
4369783,6627000320,10364125184
4375358,6662651904,10364125184
4380877,9554624512,10364125184
4386448,9086959616,10364125184
4391950,7778336768,10364125184
4397551,7357857792,10364125184
4403049,8790212608,10364125184
4408605,9703522304,10737418240
4414125,8815378432,10737418240
4419648,8156872704,10737418240
4425230,7556038656,10737418240
4430792,6339690496,10737418240
4436318,8648654848,10737418240
4441925,8217690112,10737418240
4447478,7635730432,10737418240
4452984,6295650304,10737418240
4458490,8731492352,10737418240
4464051,8597274624,10737418240
4469608,8128561152,10737418240
4475180,6943670272,10737418240
4480757,6353321984,10737418240
4486239,9993977856,10737418240
4491814,9625927680,10737418240
4497362,8919187456,10737418240
4502918,7939817472,10737418240
4508446,7034896384,10737418240
4514011,7112491008,10737418240
4519461,8646557696,10737418240
4525014,8065646592,10737418240
4530567,7733248000,10737418240
4536137,7204765696,10737418240
4541667,7472152576,10737418240
4547151,7695499264,10737418240
4552647,7580155904,10737418240
4558132,7116685312,10737418240
4563658,6773800960,10737418240
4569114,8655994880,10737418240
4574653,7747928064,10737418240
4580214,7387217920,10737418240
4585725,7111442432,10737418240
4591249,7025459200,10737418240
4596729,8395948032,10737418240
4602210,8165261312,10737418240
4607747,7936671744,10737418240
4613251,7413432320,10737418240
4618807,7842299904,10737418240
4624280,8882487296,10737418240
4629775,8977907712,10737418240
4635275,8435793920,10737418240
4640862,7714373632,10737418240
4646414,6735003648,10737418240
4651870,8040480768,10737418240
4657351,9073328128,10737418240
4662879,8672772096,10737418240
4668415,8511291392,10737418240
4673998,7760510976,10737418240
4679503,7906263040,10737418240
4685007,8173649920,10737418240
4690565,9490661376,10737418240
4696070,9849274368,10737418240
4701514,8282701824,10737418240
4706993,8093958144,10737418240
4712508,7597981696,10737418240
4718052,7336886272,10737418240
4723633,6811549696,10737418240
4729100,9846128640,10737418240
4734664,9250537472,10737418240
4740191,8811184128,10737418240
4745575,8567914496,10737418240
4750971,8222932992,10737418240
4756390,7925137408,10737418240
4761799,7399800832,10737418240
4767193,6121586688,10737418240
4772629,7604273152,10737418240
4778029,8537505792,10737418240
4783423,8006926336,10737418240
4788837,7740588032,10737418240
4794252,7460618240,10737418240
4799650,6380584960,10737418240
4805073,8183087104,10737418240
4810483,8326742016,10737418240
4815897,8339324928,10737418240
4821303,7826571264,10737418240
4826713,6456082432,10737418240
4832129,6900678656,10737418240
4837514,8840544256,10737418240
4842916,8784969728,10737418240
4848303,9686745088,10737418240
4853684,8592031744,10737418240
4859077,8852078592,10737418240
4864507,9086959616,10737418240
4869896,9307160576,10737418240
4875281,9730785280,10737418240
4880714,8635023360,10737418240
4886248,8334082048,10737418240
4891669,8150581248,10737418240
4897090,7656701952,10737418240
4902491,7301234688,10737418240
4907901,6687817728,10737418240
4913329,7676624896,10737418240
4918868,7479492608,10737418240
4924262,7085228032,10737418240
4929680,6963593216,10737418240
4935041,9754902528,10737418240
4940524,8892973056,10737418240
4945944,8842641408,10737418240
4951357,8842641408,10737418240
4956757,8842641408,10737418240
4962171,8842641408,10737418240
4967592,8802795520,10737418240
4972989,8704229376,10737418240
4978389,8265924608,10737418240
4983761,7657750528,10737418240
4989161,7392460800,10737418240
4994569,6974078976,10737418240
4999971,8795455488,10737418240
5005402,9616490496,10737418240
5010800,9079619584,10737418240
5016220,8522825728,10737418240
5021636,7680819200,10737418240
5027105,6699352064,10737418240
5032503,9019850752,10737418240
5037991,9941549056,10737418240
5043374,9503244288,10737418240
5048872,8168407040,10737418240
5054458,7818182656,10737418240
5060000,7414480896,10737418240
5065520,6833569792,10737418240
5071058,8654946304,10737418240
5076663,7955546112,10737418240
5082225,7681867776,10737418240
5087781,7051673600,10737418240
5093341,7174356992,10737418240
5098885,8910798848,10737418240
5104411,8079278080,10737418240
5109965,7508852736,10737418240
5115583,6854541312,10737418240
5121152,8553234432,10737418240
5126743,8104443904,10737418240
5132304,7534018560,10737418240
5137916,6999244800,10737418240
5143471,7494172672,10737418240
5149008,8573157376,10737418240
5154610,7712276480,10737418240
5160136,7938768896,10737418240
5165697,7220494336,10737418240
5171238,8009023488,10737418240
5176764,8602517504,10737418240
5182284,7690256384,10737418240
5187825,7524581376,10737418240
5193390,7234125824,10737418240
5198976,6651117568,10737418240
5204489,9633267712,10737418240
5210113,9172942848,10737418240
5215624,8028946432,10737418240
5221200,7426015232,10737418240
5226788,6912212992,10737418240
5232281,9873391616,10737418240
5237775,10420748288,10737418240
5243333,9651093504,10737418240
5248885,9942597632,10737418240
5254378,10063183872,10737418240
5259861,10311696384,10737418240
5265341,10467934208,10737418240
5270931,6353321984,10737418240
5276384,8839495680,10737418240
5281935,9045016576,10737418240
5287498,8678014976,10737418240
5293018,8166309888,10737418240
5298587,7833911296,10737418240
5304108,6565134336,10737418240
5309625,6291456000,10737418240
5315115,8987344896,10737418240
5320733,8708423680,10737418240
5326291,8304721920,10737418240
5331836,6982467584,10737418240
5337351,6695157760,10737418240
5342919,6405750784,10737418240
5348395,9341763584,10737418240
5353950,9129951232,10737418240
5359481,7740588032,10737418240
5365015,7391412224,10737418240
5370608,6898581504,10737418240
5376216,7385120768,10737418240
5381662,9707716608,10737418240
5387303,8713666560,10737418240
5392899,8465154048,10737418240
5398523,8465154048,10737418240
5404150,8465154048,10737418240
5409752,8465154048,10737418240
5415355,8465154048,10737418240
5420875,8318353408,10737418240
5426437,7877951488,10737418240
5432004,7103053824,10737418240
5437540,6801063936,10737418240
5443078,7895777280,10737418240
5448638,8680112128,10737418240
5454169,7970226176,10737418240
5459706,7535067136,10737418240
5465244,6543114240,10737418240
5470814,6443499520,10737418240
5476289,9979297792,10737418240
5481854,10276044800,10737418240
5487396,10737418240,10737418240
5493025,7815036928,10737418240
5498629,7344226304,10737418240
5504201,7120879616,10737418240
5509772,8189378560,10737418240
5515300,8128561152,10737418240
5520847,8695840768,10737418240
5526392,9007267840,10737418240
5531941,8507097088,10737418240
5537568,7790919680,10737418240
5543091,6728712192,10737418240
5548712,6388973568,10737418240
5554212,8333033472,10737418240
5559801,7659847680,10737418240
5565341,6896484352,10737418240
5570915,8903458816,10737418240
5576461,8896118784,10737418240
5582023,7696547840,10737418240
5587607,6900678656,10737418240
5593188,6770655232,10737418240
5598673,7709130752,10737418240
5604310,7385120768,10737418240
5609904,6988759040,10737418240
5615488,6088032256,10737418240
5621049,6954156032,10737418240
5626608,7582253056,10737418240
5632145,7504658432,10737418240
5637705,6968836096,10737418240
5643175,6574571520,10737418240
5648727,6381633536,10737418240
5654255,8035237888,10737418240
5659885,7717519360,10737418240
5665440,6664749056,10737418240
5671011,7013924864,10737418240
5676562,8085569536,10737418240
5682228,8365539328,10737418240
5687754,7315914752,10737418240
5693304,6863978496,10737418240
5698905,6572474368,10737418240
5704425,8566865920,10737418240
5709972,7709130752,10737418240
5715491,7407140864,10737418240
5721082,6835666944,10737418240
5726643,6890192896,10737418240
5732160,7903117312,10737418240
5737665,7855931392,10737418240
5743288,7855931392,10737418240
5748980,7856979968,10737418240
5754558,7858028544,10737418240
5760125,8056209408,10737418240
5765653,7987003392,10737418240
5771248,7597981696,10737418240
5776835,6829375488,10737418240
5782382,5943328768,10737418240
5787962,7473201152,10737418240
5793525,6843006976,10737418240
5799112,6963593216,10737418240
5804662,7028604928,10737418240
5810182,7480541184,10737418240
5815775,7159676928,10737418240
5821369,6814695424,10737418240
5826909,8260681728,10737418240
5832470,8840544256,10737418240
5838018,8446279680,10737418240
5843630,7667187712,10737418240
5849238,7588544512,10737418240
5854846,6705643520,10737418240
5860425,7694450688,10737418240
5865934,9211740160,10737418240
5871587,9526312960,10737418240
5877168,9285140480,10737418240
5882744,7213154304,10737418240
5888324,6810501120,10737418240
5893908,6614417408,10737418240
5899443,9499049984,10737418240
5904999,8448376832,10737418240
5910569,8151629824,10737418240
5916174,7833911296,10737418240
5921758,7435452416,10737418240
5927361,6724517888,10737418240
5932825,9336520704,10737418240
5938388,9513730048,10737418240
5943802,9718202368,10737418240
5949203,9962520576,10737418240
5954619,10058989568,10737418240
5960095,6456082432,10737418240
5965546,6378487808,10737418240
5970974,7666139136,10737418240
5976403,7679770624,10737418240
5981823,7135559680,10737418240
5987290,6331301888,10737418240
5992679,9473884160,10737418240
5998118,9153019904,10737418240
6003534,8582594560,10737418240
6008974,7454326784,10737418240
6014402,6870269952,10737418240
6019840,7117733888,10737418240
6025285,7941914624,10737418240
6030720,7627341824,10737418240
6036174,6386876416,10737418240
6041646,6774849536,10737418240
6047073,7967080448,10737418240
6052547,7780433920,10737418240
6058004,7517241344,10737418240
6063441,6416236544,10737418240
6068849,8169455616,10737418240
6074305,7907311616,10737418240
6079755,7627341824,10737418240
6085218,6711934976,10737418240
6090644,6098518016,10737418240
6096080,8769241088,10737418240
6101534,8359247872,10737418240
6106972,7973371904,10737418240
6112413,7139753984,10737418240
6117881,6377439232,10737418240
6123366,7793016832,10737418240
6128810,8029995008,10737418240
6134252,7735345152,10737418240
6139715,6585057280,10737418240
6145178,7645167616,10737418240
6150628,7513047040,10737418240
6156071,7088373760,10737418240
6161544,6491734016,10737418240
6166962,8539602944,10737418240
6172470,8858370048,10737418240
6177908,7779385344,10737418240
6183344,6745489408,10737418240
6188764,7648313344,10737418240
6194181,8387559424,10737418240
6199615,8172601344,10737418240
6205063,7203717120,10737418240
6210498,7442792448,10737418240
6215969,6636437504,10737418240
6221416,8308916224,10737418240
6226857,8632926208,10737418240
6232291,8204058624,10737418240
6237765,8456765440,10737418240
6243202,6857687040,10737418240
6248614,7246708736,10737418240
6254036,6703546368,10737418240
6259508,6544162816,10737418240
6265067,6596591616,10737418240
6270568,9185525760,10737418240
6276156,9110028288,10737418240
6281683,7957643264,10737418240
6287291,7354712064,10737418240
6292898,7153385472,10737418240
6298482,7467958272,10737418240
6304029,8618246144,10737418240
6309541,8748269568,10737418240
6315111,8407482368,10737418240
6320620,8109686784,10737418240
6326072,7881097216,10737418240
6331521,7756316672,10737418240
6337023,7494172672,10737418240
6342642,7031750656,10737418240
6348243,6452936704,10737418240
6353790,8707375104,10737418240
6359439,8206155776,10737418240
6365024,7471104000,10737418240
6370635,6506414080,10737418240
6376226,6640631808,10737418240
6381873,8663334912,10737418240
6387437,8043626496,10737418240
6393037,7203717120,10737418240
6398624,7222591488,10737418240
6404213,6491734016,10737418240
6409763,7631536128,10737418240
6415304,8369733632,10737418240
6420830,7121928192,10737418240
6426416,6933184512,10737418240
6432048,6368002048,10737418240
6437584,8283750400,10737418240
6443187,7465861120,10737418240
6448790,6823084032,10737418240
6454422,6343884800,10737418240
6460024,8265924608,10737418240
6465653,7993294848,10737418240
6471205,7521435648,10737418240
6476792,6646923264,10737418240
6482494,7047479296,10737418240
6488117,7257194496,10737418240
6493681,6443499520,10737418240
6499283,7546601472,10737418240
6504889,8070889472,10737418240
6510504,7590641664,10737418240
6516069,6474956800,10737418240
6521643,6118440960,10737418240
6527201,8145338368,10737418240
6532848,8481931264,10737418240
6538489,7958691840,10737418240
6544100,6881804288,10737418240
6549712,6600785920,10737418240
6555295,8220835840,10737418240
6560875,8690597888,10737418240
6566495,7318011904,10737418240
6572079,7053770752,10737418240
6577688,6568280064,10737418240
6583296,8038383616,10737418240
6588910,7302283264,10737418240
6594550,6998196224,10737418240
6600194,6787432448,10737418240
6605757,7410286592,10737418240
6611341,8343519232,10737418240
6616927,8743026688,10737418240
6622514,8288993280,10737418240
6628130,7935623168,10737418240
6633743,7275020288,10737418240
6639370,6661603328,10737418240
6644984,7954497536,10737418240
6650569,9178185728,10737418240
6656175,9375318016,10737418240
6661793,9609150464,10737418240
6667414,7292846080,10737418240
6672948,7515144192,10737418240
6678581,6563037184,10737418240
6684174,8827961344,10737418240
6689776,8861515776,10737418240
6695410,8476688384,10737418240
6701089,7042236416,10737418240
6706675,6666846208,10737418240
6712216,8052015104,10737418240
6717801,9424601088,10737418240
6723379,8273264640,10737418240
6728969,7947157504,10737418240
6734596,7679770624,10737418240
6740236,6910115840,10737418240
6745800,8707375104,10737418240
6751431,7918845952,10737418240
6757026,7207911424,10737418240
6762671,6509559808,10737418240
6768260,6782189568,10737418240
6773848,6832521216,10737418240
6779489,6639583232,10737418240
6785109,7568621568,10737418240
6790675,8172601344,10737418240
6796292,7164919808,10737418240
6801963,7518289920,10737418240
6807527,7463763968,10737418240
6813119,7959740416,10737418240
6818735,6597640192,10737418240
6824285,6419382272,10737418240
6829964,6259998720,10737418240
6835606,6996099072,10737418240
6841214,8739880960,10737418240
6846855,8395948032,10737418240
6852448,7290748928,10737418240
6858050,6631194624,10737418240
6863663,6673137664,10737418240
6869200,9565110272,10737418240
6874904,9185525760,10737418240
6880510,8183087104,10737418240
6886132,7613710336,10737418240
6891767,7178551296,10737418240
6897400,6824132608,10737418240
6902954,7992246272,10737418240
6908564,8629780480,10737418240
6914194,8155824128,10737418240
6919824,7547650048,10737418240
6925398,6478102528,10737418240
6930988,7266631680,10737418240
6936605,7583301632,10737418240
6942236,8262778880,10737418240
6947854,8694792192,10737418240
6953437,6955204608,10737418240
6959097,6264193024,10737418240
6964707,7980711936,10737418240
6970313,8545894400,10737418240
6975919,7829716992,10737418240
6981570,8090812416,10737418240
6987220,6822035456,10737418240
6992818,7898923008,10737418240
6998370,7674527744,10737418240
7004032,7391412224,10737418240
7009651,6677331968,10737418240
7015274,7686062080,10737418240
7020870,6866075648,10737418240
7026461,6480199680,10737418240
7032047,7104102400,10737418240
7037653,7563378688,10737418240
7043295,6598688768,10737418240
7048901,6207569920,10737418240
7054470,7137656832,10737418240
7059880,8389656576,10737418240
7065321,8439988224,10737418240
7070852,7618953216,10737418240
7076347,7827619840,10737418240
7081796,7394557952,10737418240
7087213,8600420352,10737418240
7092650,7834959872,10737418240
7098128,7678722048,10737418240
7103563,7978614784,10737418240
7108967,8896118784,10737418240
7114400,8484028416,10737418240
7119821,7767851008,10737418240
7125251,7925137408,10737418240
7130732,6692012032,10737418240
7136184,7364149248,10737418240
7141639,7977566208,10737418240
7147071,7171211264,10737418240
7152534,6617563136,10737418240
7157966,7875854336,10737418240
7163403,8112832512,10737418240
7168853,7164919808,10737418240
7174335,6759120896,10737418240
7179775,6431965184,10737418240
7185218,8302624768,10737418240
7190641,7843348480,10737418240
7196105,7843348480,10737418240
7201547,7843348480,10737418240
7206960,7843348480,10737418240
7212402,7844397056,10737418240
7217846,7844397056,10737418240
7223288,7844397056,10737418240
7228739,7844397056,10737418240
7234179,7845445632,10737418240
7239598,7846494208,10737418240
7245053,7846494208,10737418240
7250504,7846494208,10737418240
7255957,7847542784,10737418240
7261404,7847542784,10737418240
7266816,7848591360,10737418240
7272256,7848591360,10737418240
7277698,7848591360,10737418240
7283154,7849639936,10737418240
7288603,7849639936,10737418240
7294040,7849639936,10737418240
7299461,7830765568,10737418240
7304908,7830765568,10737418240
7310351,7831814144,10737418240
7315801,7831814144,10737418240
7321252,7832862720,10737418240
7326669,7833911296,10737418240
7332079,7411335168,10737418240
7337512,6746537984,10737418240
7342978,6474956800,10737418240
7348412,7762608128,10737418240
7353834,7853834240,10737418240
7359306,8059355136,10737418240
7364744,7202668544,10737418240
7370171,6853492736,10737418240
7375647,6767509504,10737418240
7381184,7723810816,10737418240
7386768,7107248128,10737418240
7392354,6788481024,10737418240
7397889,6639583232,10737418240
7403389,6582960128,10737418240
7408910,7295991808,10737418240
7414501,7491026944,10737418240
7420141,6490685440,10737418240
7425674,6866075648,10737418240
7431194,8050966528,10737418240
7436747,8042577920,10737418240
7442364,7700742144,10737418240
7447969,7094665216,10737418240
7453554,6498025472,10737418240
7459150,7997489152,10737418240
7464792,8297381888,10737418240
7470421,7049576448,10737418240
7475971,6295650304,10737418240
7481497,8410628096,10737418240
7487084,9365880832,10737418240
7492691,8880390144,10737418240
7498297,8609857536,10737418240
7503891,8025800704,10737418240
7509502,6989807616,10737418240
7515194,6521094144,10737418240
7520807,6727663616,10737418240
7526375,8918138880,10737418240
7532129,9355395072,10737418240
7537753,8951693312,10737418240
7543333,7652507648,10737418240
7548888,7383023616,10737418240
7554580,6988759040,10737418240
7560219,6898581504,10737418240
7565808,8410628096,10737418240
7571337,9499049984,10737418240
7576939,9212788736,10737418240
7582556,8033140736,10737418240
7588148,7722762240,10737418240
7593789,7255097344,10737418240
7599463,7008681984,10737418240
7605056,8365539328,10737418240
7610679,9613344768,10737418240
7616309,8583643136,10737418240
7621907,8453619712,10737418240
7627552,7912554496,10737418240
7633133,7418675200,10737418240
7638694,7303331840,10737418240
7644310,6934233088,10737418240
7649838,7049576448,10737418240
7655447,8262778880,10737418240
7661070,8043626496,10737418240
7666741,7730102272,10737418240
7672361,7261388800,10737418240
7677962,6223298560,10737418240
7683525,8264876032,10737418240
7689124,9363783680,10737418240
7694697,8913944576,10737418240
7700345,8091860992,10737418240
7705918,7438598144,10737418240
7711508,6985613312,10737418240
7717112,7710179328,10737418240
7722676,9614393344,10737418240
7728289,8437891072,10737418240
7733873,8247050240,10737418240
7739478,7786725376,10737418240
7745132,7362052096,10737418240
7750727,6870269952,10737418240
7756330,7427063808,10737418240
7761912,8036286464,10737418240
7767514,7933526016,10737418240
7773117,7741636608,10737418240
7778651,7520387072,10737418240
7784220,7410286592,10737418240
7789782,7496269824,10737418240
7795373,7855931392,10737418240
7800926,9036627968,10737418240
7806500,8965324800,10737418240
7812129,8390705152,10737418240
7817731,7909408768,10737418240
7823379,7218397184,10737418240
7828970,6553600000,10737418240
7834623,8154775552,10737418240
7840258,7840202752,10737418240
7845914,7307526144,10737418240
7851474,6318718976,10737418240
7857034,8358199296,10737418240
7862651,9449766912,10737418240
7868258,8715763712,10737418240
7873881,8277458944,10737418240
7879485,6941573120,10737418240
7885084,8445231104,10737418240
7890724,8802795520,10737418240
7896367,9073328128,10737418240
7901932,9530507264,10737418240
7907578,9284091904,10737418240
7913078,10737418240,10737418240
7918645,11811160064,11811160064
7924169,10737418240,11811160064
7929771,9550430208,11811160064
7935340,8722055168,11811160064
7941004,8379170816,11811160064
7946572,9622781952,11811160064
7952172,10737418240,11811160064
7957764,9139388416,11811160064
7963319,8820621312,11811160064
7968970,8447328256,11811160064
7974607,7954497536,11811160064
7980231,8493465600,11811160064
7985805,9807331328,11811160064
7991336,9022996480,11811160064
7997034,8427405312,11811160064
8002611,8254390272,11811160064
8008262,8542748672,11811160064
8013854,8311013376,11811160064
8019413,7881097216,11811160064
8024959,8740929536,11811160064
8030483,10359930880,11811160064
8036036,9638510592,11811160064
8041622,9317646336,11811160064
8047198,7801405440,11811160064
8052839,7534018560,11811160064
8058390,8602517504,11811160064
8063864,11811160064,11811160064
8069529,10737418240,11811160064
8075145,9846128640,11811160064
8080726,8603566080,11811160064
8086343,7403995136,11811160064
8091935,9142534144,11811160064
8097496,9993977856,11811160064
8103063,9630121984,11811160064
8108631,8061452288,11811160064
8114179,7346323456,11811160064
8119863,7113539584,11811160064
8125380,10737418240,11811160064
8131071,10737418240,11811160064
8136672,9455009792,11811160064
8142294,9012510720,11811160064
8147950,7840202752,11811160064
8153556,8654946304,11811160064
8159075,10737418240,11811160064
8164693,10014949376,11811160064
8170314,8908701696,11811160064
8175925,8499757056,11811160064
8181610,7861174272,11811160064
8187246,7346323456,11811160064
8192829,9457106944,11811160064
8198455,8520728576,11811160064
8204029,8266973184,11811160064
8209631,7892631552,11811160064
8215291,7881097216,11811160064
8220925,8188329984,11811160064
8226518,9338617856,11811160064
8232133,8627683328,11811160064
8237750,8856272896,11811160064
8243346,9214885888,11811160064
8248935,9621733376,11811160064
8254550,9970909184,11811160064
8260131,9219080192,11811160064
8265722,9611247616,11811160064
8271370,9016705024,11811160064
8276997,8292139008,11811160064
8282652,7877951488,11811160064
8288249,9204400128,11811160064
8293926,9168748544,11811160064
8299571,8722055168,11811160064
8305156,7691304960,11811160064
8310713,8282701824,11811160064
8316273,9394192384,11811160064
8321875,9171894272,11811160064
8327469,8704229376,11811160064
8333117,7506755584,11811160064
8338625,9496952832,11811160064
8344215,8620343296,11811160064
8349844,7993294848,11811160064
8355508,7564427264,11811160064
8361064,9696182272,11811160064
8366619,10182721536,11811160064
8372306,8718909440,11811160064
8377968,9038725120,11811160064
8383571,9443475456,11811160064
8389099,10737418240,11811160064
8394658,11811160064,11811160064
8400216,10737418240,11811160064
8405791,10046406656,11811160064
8411395,9573498880,11811160064
8417008,9126805504,11811160064
8422594,8283750400,11811160064
8428198,7720665088,11811160064
8433677,10154409984,11811160064
8439270,9824108544,11811160064
8444836,9451864064,11811160064
8450450,9128902656,11811160064
8456066,8626634752,11811160064
8461698,8140095488,11811160064
8467211,10737418240,11811160064
8472787,10737418240,11811160064
8478315,10737418240,11811160064
8483713,10737418240,11811160064
8489125,10737418240,11811160064
8494525,10737418240,11811160064
8499994,11811160064,11811160064
8505430,11811160064,11811160064
8510880,11811160064,11811160064
8516340,6601834496,11811160064
8521826,9512681472,11811160064
8527286,10737418240,11811160064
8532762,10737418240,11811160064
8538198,10294919168,11811160064
8543617,9678356480,11811160064
8549055,8985247744,11811160064
8554485,7639924736,11811160064
8559936,7121928192,11811160064
8565364,10256121856,11811160064
8570816,11811160064,11811160064
8576243,10737418240,11811160064
8581666,10414456832,11811160064
8587115,8795455488,11811160064
8592522,8592031744,11811160064
8597972,7966031872,11811160064
8603439,7712276480,11811160064
8608881,10331619328,11811160064
8614363,11811160064,11811160064
8619805,11811160064,11811160064
8625248,10023337984,11811160064
8630719,9409921024,11811160064
8636174,9189720064,11811160064
8641649,8419016704,11811160064
8647105,8002732032,11811160064
8652557,8533311488,11811160064
8657983,8487174144,11811160064
8663448,9122611200,11811160064
8668904,8347713536,11811160064
8674360,8115978240,11811160064
8679800,7580155904,11811160064
8685228,10050600960,11811160064
8690674,9136242688,11811160064
8696124,8790212608,11811160064
8701572,8447328256,11811160064
8707016,7799308288,11811160064
8712441,7874805760,11811160064
8717841,10737418240,11811160064
8723313,10737418240,11811160064
8728778,10346299392,11811160064
8734190,9937354752,11811160064
8739623,9417261056,11811160064
8745052,8903458816,11811160064
8750497,8104443904,11811160064
8755944,6859784192,11811160064
8761391,7585398784,11811160064
8766800,9298771968,11811160064
8772243,9779019776,11811160064
8777683,10043260928,11811160064
8783116,10278141952,11811160064
8788550,6765412352,11811160064
8794008,8576303104,11811160064
8799493,10737418240,11811160064
8805071,10098835456,11811160064
8810675,9436135424,11811160064
8816235,8863612928,11811160064
8821808,7462715392,11811160064
8827393,6992953344,11811160064
8833041,7700742144,11811160064
8838585,10737418240,11811160064
8844172,10737418240,11811160064
8849754,10453254144,11811160064
8855313,8674869248,11811160064
8860875,8466202624,11811160064
8866458,7936671744,11811160064
8872121,7475298304,11811160064
8877719,9416212480,11811160064
8883287,10737418240,11811160064
8888871,8917090304,11811160064
8894404,8679063552,11811160064
8900014,8312061952,11811160064
8905653,7508852736,11811160064
8911221,9141485568,11811160064
8916762,9991880704,11811160064
8922327,8670674944,11811160064
8927908,7933526016,11811160064
8933541,7475298304,11811160064
8939144,7460618240,11811160064
8944655,11811160064,11811160064
8950340,11811160064,12884901888
8955924,10388242432,12884901888
8961491,10737418240,12884901888
8967101,9607053312,12884901888
8972699,8858370048,12884901888
8978293,8382316544,12884901888
8983863,7884242944,12884901888
8989474,6762266624,12884901888
8995024,6953107456,12884901888
9000605,7075790848,12884901888
9006185,8136949760,12884901888
9011705,9737076736,12884901888
9017299,9903800320,12884901888
9022830,10083106816,12884901888
9028411,10206838784,12884901888
9033891,10270801920,12884901888
9039421,7099908096,12884901888
9045002,6912212992,12884901888
9050652,7041187840,12884901888
9056258,8886681600,12884901888
9061710,11811160064,12884901888
9067242,11811160064,12884901888
9072711,10737418240,12884901888
9078278,10737418240,12884901888
9083718,10737418240,12884901888
9089217,10451156992,12884901888
9094728,10160701440,12884901888
9100243,9186574336,12884901888
9105818,8693743616,12884901888
9111461,8506048512,12884901888
9117092,8062500864,12884901888
9122695,7818182656,12884901888
9128308,7534018560,12884901888
9133890,7435452416,12884901888
9139427,7536115712,12884901888
9144994,9146728448,12884901888
9150540,10737418240,12884901888
9156076,9801039872,12884901888
9161675,9603907584,12884901888
9167244,9223274496,12884901888
9172801,8935964672,12884901888
9178418,8415870976,12884901888
9183998,8075083776,12884901888
9189579,7667187712,12884901888
9195168,7851737088,12884901888
9200719,9102688256,12884901888
9206278,9539944448,12884901888
9211841,9949937664,12884901888
9217451,9628024832,12884901888
9223037,9089056768,12884901888
9228624,8542748672,12884901888
9234229,8209301504,12884901888
9239821,7933526016,12884901888
9245357,7135559680,12884901888
9250884,9028239360,12884901888
9256488,10185867264,12884901888
9262060,10437525504,12884901888
9267635,8765046784,12884901888
9273274,7848591360,12884901888
9278838,6857687040,12884901888
9284415,8917090304,12884901888
9290075,9639559168,12884901888
9295629,10005512192,12884901888
9301189,10300162048,12884901888
9306762,10737418240,12884901888
9312358,8791261184,12884901888
9317937,9755951104,12884901888
9323591,9080668160,12884901888
9329198,8682209280,12884901888
9334766,7921991680,12884901888
9340341,8947499008,12884901888
9345941,8835301376,12884901888
9351551,8577351680,12884901888
9357175,8406433792,12884901888
9362780,7735345152,12884901888
9368296,9817817088,12884901888
9373794,10737418240,12884901888
9379347,10737418240,12884901888
9384834,9647947776,12884901888
9390247,9637462016,12884901888
9395681,9782165504,12884901888
9401095,10010755072,12884901888
9406555,10215227392,12884901888
9411974,10737418240,12884901888
9417391,10737418240,12884901888
9422778,11811160064,12884901888
9428190,11811160064,12884901888
9433620,9865003008,12884901888
9439053,9767485440,12884901888
9444559,9448718336,12884901888
9450026,9019850752,12884901888
9455490,8350859264,12884901888
9460953,7778336768,12884901888
9466356,9739173888,12884901888
9471746,11811160064,12884901888
9477238,10423894016,12884901888
9482686,10737418240,12884901888
9488116,9113174016,12884901888
9493581,8414822400,12884901888
9499019,8083472384,12884901888
9504429,9132048384,12884901888
9509887,11811160064,12884901888
9515369,11811160064,12884901888
9520816,10737418240,12884901888
9526284,10737418240,12884901888
9531739,10368319488,12884901888
9537182,9293529088,12884901888
9542604,7806648320,12884901888
9548091,7370440704,12884901888
9553516,8455716864,12884901888
9558942,11811160064,12884901888
9564379,10737418240,12884901888
9569803,10284433408,12884901888
9575233,10376708096,12884901888
9580731,8419016704,12884901888
9586195,8041529344,12884901888
9591636,7707033600,12884901888
9597052,7546601472,12884901888
9602466,10737418240,12884901888
9607956,11811160064,12884901888
9613387,10737418240,12884901888
9618785,10737418240,12884901888
9624205,9434038272,12884901888
9629646,9098493952,12884901888
9635168,8709472256,12884901888
9640615,8346664960,12884901888
9646049,8058306560,12884901888
9651497,8681160704,12884901888
9656871,11811160064,12884901888
9662286,10737418240,12884901888
9667736,9472835584,12884901888
9673174,9198108672,12884901888
9678629,8717860864,12884901888
9684060,8313110528,12884901888
9689497,8146386944,12884901888
9694956,7761559552,12884901888
9700370,9657384960,12884901888
9705798,9210691584,12884901888
9711243,9230614528,12884901888
9716687,9028239360,12884901888
9722106,8578400256,12884901888
9727527,8459911168,12884901888
9732980,8156872704,12884901888
9738387,7542407168,12884901888
9743808,10166992896,12884901888
9749325,9877585920,12884901888
9754924,9865003008,12884901888
9760625,9496952832,12884901888
9766201,9119465472,12884901888
9771835,8811184128,12884901888
9777414,8173649920,12884901888
9783041,7509901312,12884901888
9788598,6676283392,12884901888
9794181,6538919936,12884901888
9799781,6673137664,12884901888
9805378,8009023488,12884901888
9810939,8813281280,12884901888
9816518,8604614656,12884901888
9822091,8091860992,12884901888
9827634,7981760512,12884901888
9833167,7027556352,12884901888
9838724,7243563008,12884901888
9844292,7390363648,12884901888
9849911,7588544512,12884901888
9855434,10305404928,12884901888
9860912,11811160064,12884901888
9866377,11811160064,12884901888
9871893,10737418240,12884901888
9877419,10737418240,12884901888
9882943,10396631040,12884901888
9888482,9741271040,12884901888
9894108,8734638080,12884901888
9899700,8356102144,12884901888
9905253,7861174272,12884901888
9910825,7395606528,12884901888
9916353,8024752128,12884901888
9921870,9619636224,12884901888
9927389,9086959616,12884901888
9932923,8033140736,12884901888
9938461,7753170944,12884901888
9944074,7625244672,12884901888
9949675,7354712064,12884901888
9955251,7043284992,12884901888
9960786,7086276608,12884901888
9966344,7397703680,12884901888
9971860,8639217664,12884901888
9977376,10737418240,12884901888
9982979,9480175616,12884901888
9988527,9317646336,12884901888
9994051,8990490624,12884901888
9999601,8830058496,12884901888
10005135,8667529216,12884901888
10010687,8096055296,12884901888
10016254,7747928064,12884901888
10021874,7537164288,12884901888
10027426,9403629568,12884901888
10032985,9219080192,12884901888
10038532,8603566080,12884901888
10044086,8734638080,12884901888
10049612,8856272896,12884901888
10055192,8966373376,12884901888
10060767,7259291648,12884901888
10066319,7056916480,12884901888
10071839,7088373760,12884901888
10077475,7176454144,12884901888
10082991,7430209536,12884901888
10088571,7821328384,12884901888
10094225,6500122624,12884901888
10099819,6595543040,12884901888
10105477,6862929920,12884901888
10111075,7032799232,12884901888
10116658,7302283264,12884901888
10122237,7298088960,12884901888
10127780,7492075520,12884901888
10133335,7515144192,12884901888
10138920,7981760512,12884901888
10144525,6794772480,12884901888
10150092,6788481024,12884901888
10155667,6944718848,12884901888
10161277,7138705408,12884901888
10166797,8610906112,12884901888
10172387,8535408640,12884901888
10178011,8184135680,12884901888
10183623,7843348480,12884901888
10189168,7132413952,12884901888
10194713,10737418240,12884901888
10200372,10737418240,12884901888
10205923,10341056512,12884901888
10211532,9914286080,12884901888
10217118,9483321344,12884901888
10222668,9218031616,12884901888
10228238,8838447104,12884901888
10233809,8648654848,12884901888
10239391,7205814272,12884901888
10244930,6935281664,12884901888
10250501,7092568064,12884901888
10256085,8629780480,12884901888
10261679,8607760384,12884901888
10267259,8087666688,12884901888
10272870,8023703552,12884901888
10278537,7190085632,12884901888
10284033,9926868992,12884901888
10289649,10737418240,12884901888
10295261,10737418240,12884901888
10300815,10737418240,12884901888
10306407,10737418240,12884901888
10311974,11811160064,12884901888
10317538,7141851136,12884901888
10323091,9910091776,12884901888
10328710,10737418240,12884901888
10334270,10737418240,12884901888
10339848,10737418240,12884901888
10345491,10737418240,12884901888
10351067,6973030400,12884901888
10356680,7669284864,12884901888
10362253,8650752000,12884901888
10367840,8934916096,12884901888
10373419,9101639680,12884901888
10378977,9290383360,12884901888
10384558,6674186240,12884901888
10390131,6989807616,12884901888
10395632,8841592832,12884901888
10401208,10118758400,12884901888
10406761,9782165504,12884901888
10412296,9359589376,12884901888
10417898,8628731904,12884901888
10423464,7387217920,12884901888
10428991,7750025216,12884901888
10434556,8015314944,12884901888
10440172,8208252928,12884901888
10445757,8448376832,12884901888
10451308,8632926208,12884901888
10456727,8808038400,12884901888
10462168,6625951744,12884901888
10467594,6803161088,12884901888
10473088,7059013632,12884901888
10478534,7139753984,12884901888
10483974,7440695296,12884901888
10489390,8689549312,12884901888
10494873,10737418240,12884901888
10500299,10367270912,12884901888
10505732,9248440320,12884901888
10511179,9629073408,12884901888
10516622,9900654592,12884901888
10522020,10111418368,12884901888
10527434,10737418240,12884901888
10532937,10737418240,12884901888
10538375,11811160064,12884901888
10543952,7551844352,12884901888
10549411,7322206208,12884901888
10554845,7312769024,12884901888
10560230,10297016320,12884901888
10565668,10737418240,12884901888
10571092,9938403328,12884901888
10576515,9658433536,12884901888
10581957,8348762112,12884901888
10587412,8096055296,12884901888
10592842,7510949888,12884901888
10598303,7877951488,12884901888
10603702,10344202240,12884901888
10609146,10270801920,12884901888
10614596,9958326272,12884901888
10620035,8347713536,12884901888
10625490,8067743744,12884901888
10630971,7681867776,12884901888
10636395,7434403840,12884901888
10641856,7968129024,12884901888
10647256,10063183872,12884901888
10652660,10166992896,12884901888
10658095,9026142208,12884901888
10663506,8495562752,12884901888
10668987,8114929664,12884901888
10674406,7816085504,12884901888
10679868,7520387072,12884901888
10685307,7515144192,12884901888
10690737,7633633280,12884901888
10696152,8218738688,12884901888
10701644,10317987840,12884901888
10707108,10737418240,12884901888
10712531,9597616128,12884901888
10717994,9239003136,12884901888
10723483,8956936192,12884901888
10728939,8762949632,12884901888
10734391,8484028416,12884901888
10739836,7952400384,12884901888
10745278,7740588032,12884901888
10750709,7816085504,12884901888
10756149,7844397056,12884901888
10761561,8143241216,12884901888
10767125,6860832768,12884901888
10772721,7127171072,12884901888
10778288,7120879616,12884901888
10783875,7293894656,12884901888
10789341,8789164032,12884901888
10794845,9420406784,12884901888
10800379,9286189056,12884901888
10805941,9125756928,12884901888
10811473,9069133824,12884901888
10817123,7609516032,12884901888
10822719,7780433920,12884901888
10828289,7910457344,12884901888
10833827,8042577920,12884901888
10839380,8248098816,12884901888
10844920,8322547712,12884901888
10850485,8464105472,12884901888
10856035,8617197568,12884901888
10861652,8707375104,12884901888
10867230,8880390144,12884901888
10872803,9008316416,12884901888
10878408,6948913152,12884901888
10883970,7115636736,12884901888
10889508,7467958272,12884901888
10895052,7652507648,12884901888
10900627,7657750528,12884901888
10906232,7664041984,12884901888
10911757,9712959488,12884901888
10917325,10737418240,12884901888
10922891,10737418240,12884901888
10928494,9443475456,12884901888
10934099,9329180672,12884901888
10939691,9237954560,12884901888
10945245,9052356608,12884901888
10950885,8865710080,12884901888
10956464,8716812288,12884901888
10962039,8027897856,12884901888
10967634,7715422208,12884901888
10973211,7833911296,12884901888
10978807,7930380288,12884901888
10984378,7987003392,12884901888
10989954,9166651392,12884901888
10995556,7685013504,12884901888
11001094,7794065408,12884901888
11006671,8001683456,12884901888
11012225,8232370176,12884901888
11017792,8293187584,12884901888
11023390,8424259584,12884901888
11028976,8586788864,12884901888
11034562,8723103744,12884901888
11040112,8814329856,12884901888
11045675,8918138880,12884901888
11051266,9203351552,12884901888
11056824,7791968256,12884901888
11062413,8928624640,12884901888
11068001,8757706752,12884901888
11073481,8547991552,12884901888
11079001,8336179200,12884901888
11084490,8102346752,12884901888
11090060,7980711936,12884901888
11095529,7752122368,12884901888
11101096,7501512704,12884901888
11106623,7657750528,12884901888
11112186,7838105600,12884901888
11117824,6867124224,12884901888
11123391,7236222976,12884901888
11128998,7569670144,12884901888
11134589,7816085504,12884901888
11140125,8077180928,12884901888
11145683,8423211008,12884901888
11151264,6840909824,12884901888
11156818,6973030400,12884901888
11162434,7259291648,12884901888
11168084,7489978368,12884901888
11173664,7590641664,12884901888
11179243,8079278080,12884901888
11184844,7946108928,12884901888
11190467,6730809344,12884901888
11196063,7001341952,12884901888
11201661,7161774080,12884901888
11207226,7537164288,12884901888
11212753,9866051584,12884901888
11218418,9868148736,12884901888
11223988,9422503936,12884901888
11229625,9750708224,12884901888
11235258,9745465344,12884901888
11240913,9745465344,12884901888
11246578,9745465344,12884901888
11252208,9745465344,12884901888
11257875,9745465344,12884901888
11263491,9745465344,12884901888
11269124,9745465344,12884901888
11274787,9745465344,12884901888
11280425,9745465344,12884901888
11286081,9745465344,12884901888
11291722,8093958144,12884901888
11297408,8079278080,12884901888
11303135,8031043584,12884901888
11308891,8032092160,12884901888
11314598,8034189312,12884901888
11320301,8035237888,12884901888
11326025,8037335040,12884901888
11331695,8038383616,12884901888
11337478,8039432192,12884901888
11343178,8041529344,12884901888
11348904,8043626496,12884901888
11354606,8044675072,12884901888
11360333,8045723648,12884901888
11366067,8047820800,12884901888
11371767,8048869376,12884901888
11377442,8050966528,12884901888
11383173,8052015104,12884901888
11388876,8054112256,12884901888
11394589,8055160832,12884901888
11400355,8056209408,12884901888
11406077,8058306560,12884901888
11411773,8059355136,12884901888
11417548,7843348480,12884901888
11423211,7667187712,12884901888
11428905,7227834368,12884901888
11434675,7265583104,12884901888
11440357,7755268096,12884901888
11446073,7802454016,12884901888
11451765,7701790720,12884901888
11457441,7836008448,12884901888
11463150,7284457472,12884901888
11468873,6941573120,12884901888
11474571,7138705408,12884901888
11480285,7327449088,12884901888
11485978,7492075520,12884901888
11491643,7731150848,12884901888
11497340,7877951488,12884901888
11503092,7916748800,12884901888
11508807,7967080448,12884901888
11514533,6986661888,12884901888
11520203,6981419008,12884901888
11525896,7502561280,12884901888
11531652,7521435648,12884901888
11537387,7474249728,12884901888
11543058,7660896256,12884901888
11548753,7736393728,12884901888
11554486,7815036928,12884901888
11560210,7831814144,12884901888
11565863,6892290048,12884901888
11571548,7205814272,12884901888
11577252,8441036800,12884901888
11582980,8888778752,12884901888
11588669,9099542528,12884901888
11594406,9287237632,12884901888
11600162,9492758528,12884901888
11605855,9608101888,12884901888
11611564,9751756800,12884901888
11617303,6932135936,12884901888
11622991,6935281664,12884901888
11628758,6983516160,12884901888
11634525,7242514432,12884901888
11640261,7493124096,12884901888
11646025,7525629952,12884901888
11651712,7739539456,12884901888
11657429,8004829184,12884901888
11663108,6851395584,12884901888
11668781,7093616640,12884901888
11674494,7266631680,12884901888
11680208,7396655104,12884901888
11685882,7519338496,12884901888
11691530,7652507648,12884901888
11697210,7935623168,12884901888
11702936,7197425664,12884901888
11708579,7804551168,12884901888
11714251,9401532416,12884901888
11719955,9561964544,12884901888
11725650,9781116928,12884901888
11731316,9955180544,12884901888
11736975,10161750016,12884901888
11742660,10357833728,12884901888
11748304,10737418240,12884901888
11753998,9075425280,12884901888
11759735,9452912640,12884901888
11765391,9204400128,12884901888
11771067,8863612928,12884901888
11776738,8451522560,12884901888
11782419,8104443904,12884901888
11788156,7821328384,12884901888
11793862,7887388672,12884901888
11799471,9961472000,12884901888
11805115,10737418240,12884901888
11810751,9503244288,12884901888
11816408,9228517376,12884901888
11822121,9062842368,12884901888
11827811,8688500736,12884901888
11833508,8324644864,12884901888
11839212,7886340096,12884901888
11844894,7806648320,12884901888
11850613,7802454016,12884901888
11856268,7998537728,12884901888
11861933,8082423808,12884901888
11867655,8092909568,12884901888
11873300,6898581504,12884901888
11878925,6942621696,12884901888
11884624,6982467584,12884901888
11890321,7119831040,12884901888
11896029,7199522816,12884901888
11901736,7234125824,12884901888
11907425,7424966656,12884901888
11913115,8042577920,12884901888
11918791,8490319872,12884901888
11924464,8355053568,12884901888
11930115,8281653248,12884901888
11935764,8269070336,12884901888
11941442,7046430720,12884901888
11947151,6970933248,12884901888
11952757,6954156032,12884901888
11958478,6902775808,12884901888
11964151,7094665216,12884901888
11969838,7223640064,12884901888
11975491,7280263168,12884901888
11981158,8032092160,12884901888
11986782,8778678272,12884901888
11992423,8832155648,12884901888
11998103,8524922880,12884901888
12003773,8209301504,12884901888
12009427,6762266624,12884901888
12015072,6817841152,12884901888
12020739,7821328384,12884901888
12026402,7842299904,12884901888
12032058,7688159232,12884901888
12037652,7567572992,12884901888
12043335,7505707008,12884901888
12048915,7485784064,12884901888
12054570,7546601472,12884901888
12060230,7652507648,12884901888
12065933,7744782336,12884901888
12071562,6663700480,12884901888
12077314,6816792576,12884901888
12083023,6940524544,12884901888
12088739,7441743872,12884901888
12094448,7405043712,12884901888
12100133,7386169344,12884901888
12105836,7428112384,12884901888
12111499,7473201152,12884901888
12117144,7520387072,12884901888
12122798,6452936704,12884901888
12128501,6549405696,12884901888
12134201,6723469312,12884901888
12139856,6800015360,12884901888
12145508,6899630080,12884901888
12151211,6958350336,12884901888
12156861,7126122496,12884901888
12162489,7229931520,12884901888
12168180,7313817600,12884901888
12173828,7321157632,12884901888
12179495,7764705280,12884901888
12185314,6560940032,12884901888
12190991,6633291776,12884901888
12196752,6748635136,12884901888
12202489,6982467584,12884901888
12208202,7008681984,12884901888
12213855,7193231360,12884901888
12219558,7318011904,12884901888
12225241,7420772352,12884901888
12230876,7499415552,12884901888
12236568,6560940032,12884901888
12242246,6603931648,12884901888
12247958,6657409024,12884901888
12253601,6779043840,12884901888
12259327,6895435776,12884901888
12264985,6957301760,12884901888
12270668,7066353664,12884901888
12276332,7185891328,12884901888
12282010,7282360320,12884901888
12287651,7349469184,12884901888
12293237,7393509376,12884901888
12298926,6372196352,12884901888
12304616,6498025472,12884901888
12310302,6496976896,12884901888
12316011,6660554752,12884901888
12321689,6731857920,12884901888
12327361,6788481024,12884901888
12333016,6865027072,12884901888
12338617,6883901440,12884901888
12344126,6941573120,12884901888
12349674,7070547968,12884901888
12355225,7247757312,12884901888
12360797,7284457472,12884901888
12366349,7378829312,12884901888
12371888,6428819456,12884901888
12377489,6536822784,12884901888
12383075,6558842880,12884901888
12388604,6671040512,12884901888
12394155,6741295104,12884901888
12399729,6806306816,12884901888
12405287,6923747328,12884901888
12410826,6958350336,12884901888
12416380,7086276608,12884901888
12421924,7212105728,12884901888
12427492,7346323456,12884901888
12433062,7390363648,12884901888
12438590,6820986880,12884901888
12444133,6513754112,12884901888
12449700,6685720576,12884901888
12455352,6748635136,12884901888
12460936,6697254912,12884901888
12466517,7044333568,12884901888
12472090,7087325184,12884901888
12477662,7272923136,12884901888
12483216,7310671872,12884901888
12488778,7395606528,12884901888
12494322,7506755584,12884901888
12499879,6996099072,12884901888
12505521,6642728960,12884901888
12511107,6655311872,12884901888
12516686,6732906496,12884901888
12522287,6737100800,12884901888
12527881,6940524544,12884901888
12533440,7103053824,12884901888
12538988,7168065536,12884901888
12544560,7220494336,12884901888
12550095,7332691968,12884901888
12555689,7371489280,12884901888
12561215,7431258112,12884901888
12566766,6546259968,12884901888
12572357,8341422080,12884901888
12578067,10737418240,12884901888
12583678,10737418240,12884901888
12589208,10737418240,12884901888
12594743,10737418240,12884901888
12600309,10133438464,12884901888
12605855,9948889088,12884901888
12611458,9593421824,12884901888
12617010,9358540800,12884901888
12622587,9138339840,12884901888
12628175,8826912768,12884901888
12633790,8684306432,12884901888
12639371,8401190912,12884901888
12645052,7377780736,12884901888
12650822,7157579776,12884901888
12656558,6904872960,12884901888
12662303,6837764096,12884901888
12668104,6914310144,12884901888
12673838,6936330240,12884901888
12679589,6966738944,12884901888
12685328,7094665216,12884901888
12691060,7190085632,12884901888
12696801,7196377088,12884901888
12702535,7348420608,12884901888
12708291,7396655104,12884901888
12714030,7455375360,12884901888
12719742,7573864448,12884901888
12725455,7325351936,12884901888
12731157,6615465984,12884901888
12736795,6682574848,12884901888
12742519,6782189568,12884901888
12748218,6874464256,12884901888
12753918,6979321856,12884901888
12759582,7090470912,12884901888
12765308,7266631680,12884901888
12771044,7208960000,12884901888
12776708,7248805888,12884901888
12782402,7418675200,12884901888
12788139,7448035328,12884901888
12793869,7585398784,12884901888
12799562,6618611712,12884901888
12805302,6819938304,12884901888
12811047,6935281664,12884901888
12816832,7114588160,12884901888
12822507,7281311744,12884901888
12828235,7369392128,12884901888
12834005,7438598144,12884901888
12839750,7694450688,12884901888
12845516,7822376960,12884901888
12851236,8503951360,12884901888
12856971,9640607744,12884901888
12862648,10737418240,12884901888
12868361,9451864064,12884901888
12874009,9280946176,12884901888
12879652,9208594432,12884901888
12885420,8894021632,12884901888
12891056,8707375104,12884901888
12896682,8528068608,12884901888
12902378,8429502464,12884901888
12908097,7862222848,12884901888
12913829,7683964928,12884901888
12919475,8431599616,12884901888
12925084,10737418240,12884901888
12930732,9846128640,12884901888
12936481,9457106944,12884901888
12942151,9386852352,12884901888
12947863,8975810560,12884901888
12953536,8703180800,12884901888
12959258,8441036800,12884901888
12964975,8107589632,12884901888
12970669,7766802432,12884901888
12976367,7536115712,12884901888
12982029,7612661760,12884901888
12987708,6579814400,12884901888
12993485,6667894784,12884901888
12999168,6723469312,12884901888
13004862,6777995264,12884901888
13010600,6855589888,12884901888
13016368,6961496064,12884901888
13022035,6962544640,12884901888
13027828,7055867904,12884901888
13033539,7093616640,12884901888
13039251,7200571392,12884901888
13044958,7309623296,12884901888
13050670,7388266496,12884901888
13056402,7519338496,12884901888
13062120,6594494464,12884901888
13067810,6622806016,12884901888
13073555,6698303488,12884901888
13079291,6904872960,12884901888
13085001,7009730560,12884901888
13090709,7261388800,12884901888
13096392,7349469184,12884901888
13102118,7440695296,12884901888
13107835,6849298432,12884901888
13113561,6761218048,12884901888
13119294,6942621696,12884901888
13125078,7112491008,12884901888
13130786,7253000192,12884901888
13136482,7458521088,12884901888
13142239,7623147520,12884901888
13147956,7719616512,12884901888
13153676,7841251328,12884901888
13159341,6533677056,12884901888
13165015,6665797632,12884901888
13170820,6725566464,12884901888
13176599,7078936576,12884901888
13182327,7097810944,12884901888
13188025,7308574720,12884901888
13193758,7427063808,12884901888
13199450,7821328384,12884901888
13205269,6561988608,12884901888
13211009,6624903168,12884901888
13216781,6780092416,12884901888
13222559,6774849536,12884901888
13228279,6967787520,12884901888
13233966,7155482624,12884901888
13239668,7185891328,12884901888
13245364,6242172928,12884901888
13251066,6416236544,12884901888
13256783,6651117568,12884901888
13262425,6602883072,12884901888
13268044,6792675328,12884901888
13273764,6844055552,12884901888
13279531,7051673600,12884901888
13285237,7219445760,12884901888
13290922,6829375488,12884901888
13296559,8660189184,12884901888
13302261,8700035072,12884901888
13307972,8336179200,12884901888
13313701,7761559552,12884901888
13319412,7705985024,12884901888
13325119,7450132480,12884901888
13330748,6586105856,12884901888
13336391,7009730560,12884901888
13342158,7134511104,12884901888
13347918,7131365376,12884901888
13353641,7434403840,12884901888
13359332,7481589760,12884901888
13365040,7659847680,12884901888
13370772,6676283392,12884901888
13376420,8630829056,12884901888
13382125,8726249472,12884901888
13387805,8842641408,12884901888
13393525,8713666560,12884901888
13399201,8330936320,12884901888
13404964,7915700224,12884901888
13410700,7810842624,12884901888
13416458,7477395456,12884901888
13422142,7503609856,12884901888
13427794,7155482624,12884901888
13433565,6766460928,12884901888
13439341,6792675328,12884901888
13445056,6830424064,12884901888
13450712,6944718848,12884901888
13456425,7023362048,12884901888
13462108,7187988480,12884901888
13467841,7298088960,12884901888
13473509,7248805888,12884901888
13479224,7350517760,12884901888
13484910,6569328640,12884901888
13490632,6754926592,12884901888
13496205,6620708864,12884901888
13501790,6680477696,12884901888
13507390,6654263296,12884901888
13512924,6811549696,12884901888
13518463,6823084032,12884901888
13524033,6920601600,12884901888
13529597,6977224704,12884901888
13535166,7128219648,12884901888
13540706,7190085632,12884901888
13546236,8271167488,12884901888
13551767,9379512320,12884901888
13557317,11811160064,12884901888
13562990,10737418240,12884901888
13568623,10737418240,12884901888
13574157,10737418240,12884901888
13579748,9988734976,12884901888
13585299,9555673088,12884901888
13590850,9339666432,12884901888
13596411,8918138880,12884901888
13601976,8434745344,12884901888
13607520,7493124096,12884901888
13613077,6844055552,12884901888
13618660,10304356352,12884901888
13624238,10012852224,12884901888
13629819,9761193984,12884901888
13635384,9467592704,12884901888
13640952,9310306304,12884901888
13646523,8815378432,12884901888
13652090,8736735232,12884901888
13657661,8033140736,12884901888
13663219,6968836096,12884901888
13668790,6787432448,12884901888
13674401,6465519616,12884901888
13679965,6468665344,12884901888
13685515,6601834496,12884901888
13691086,6849298432,12884901888
13696636,7052722176,12884901888
13702155,8823767040,12884901888
13707755,8779726848,12884901888
13713308,8602517504,12884901888
13718875,7525629952,12884901888
13724490,7246708736,12884901888
13730085,6980370432,12884901888
13735678,6669991936,12884901888
13741260,6765412352,12884901888
13746836,6833569792,12884901888
13752377,6974078976,12884901888
13757940,7095713792,12884901888
13763495,7211057152,12884901888
13769028,6297747456,12884901888
13774640,6416236544,12884901888
13780217,6415187968,12884901888
13785778,6520045568,12884901888
13791339,6781140992,12884901888
13796941,6863978496,12884901888
13802620,6930038784,12884901888
13808300,7099908096,12884901888
13814027,7126122496,12884901888
13819710,6493831168,12884901888
13825391,6336544768,12884901888
13831083,6437208064,12884901888
13836791,6498025472,12884901888
13842491,6738149376,12884901888
13848200,6824132608,12884901888
13853911,6961496064,12884901888
13859645,7093616640,12884901888
13865340,7542407168,12884901888
13871061,7552892928,12884901888
13876832,6651117568,12884901888
13882610,6868172800,12884901888
13888375,6588203008,12884901888
13894074,6687817728,12884901888
13899816,6826229760,12884901888
13905506,6879707136,12884901888
13911218,7200571392,12884901888
13916938,7057965056,12884901888
13922668,6313476096,12884901888
13928459,6543114240,12884901888
13934197,6523191296,12884901888
13939977,6761218048,12884901888
13945697,6931087360,12884901888
13951411,7009730560,12884901888
13957103,7082082304,12884901888
13962809,7222591488,12884901888
13968484,6381633536,12884901888
13974184,6430916608,12884901888
13979870,6618611712,12884901888
13985635,6745489408,12884901888
13991378,6808403968,12884901888
13997075,6871318528,12884901888
14002788,7109345280,12884901888
14008466,7236222976,12884901888
14014160,7325351936,12884901888
14019849,6453985280,12884901888
14025545,6398410752,12884901888
14031248,6468665344,12884901888
14036976,6617563136,12884901888
14042666,6865027072,12884901888
14048389,6887047168,12884901888
14054093,6984564736,12884901888
14059742,7129268224,12884901888
14065468,7176454144,12884901888
14071207,7290748928,12884901888
14076909,6549405696,12884901888
14082648,6697254912,12884901888
14088368,6793723904,12884901888
14094101,7030702080,12884901888
14099819,7105150976,12884901888
14105567,7270825984,12884901888
14111336,7372537856,12884901888
14117049,7407140864,12884901888
14122789,6451888128,12884901888
14128361,6812598272,12884901888
14134091,7077888000,12884901888
14139853,7331643392,12884901888
14145638,7485784064,12884901888
14151327,7726956544,12884901888
14157067,7232028672,12884901888
14162796,6376390656,12884901888
14168428,6533677056,12884901888
14174131,6762266624,12884901888
14179841,6894387200,12884901888
14185587,6927941632,12884901888
14191301,7238320128,12884901888
14197051,7285506048,12884901888
14202762,7385120768,12884901888
14208464,6509559808,12884901888
14214164,6511656960,12884901888
14219903,6681526272,12884901888
14225635,6811549696,12884901888
14231373,6857687040,12884901888
14237085,7029653504,12884901888
14242768,7211057152,12884901888
14248468,7264534528,12884901888
14254134,6410993664,12884901888
14259841,6620708864,12884901888
14265543,6791626752,12884901888
14271262,6998196224,12884901888
14277003,7189037056,12884901888
14282731,7561281536,12884901888
14288488,7680819200,12884901888
14294233,8109686784,12884901888
14300031,6491734016,12884901888
14305739,6549405696,12884901888
14311497,6677331968,12884901888
14317258,6765412352,12884901888
14323018,7084179456,12884901888
14328778,7241465856,12884901888
14334501,7329546240,12884901888
14340115,6487539712,12884901888
14345834,6632243200,12884901888
14351545,6740246528,12884901888
14357287,6932135936,12884901888
14363018,7210008576,12884901888
14368731,7222591488,12884901888
14374447,7361003520,12884901888
14380114,6627000320,12884901888
14385801,6828326912,12884901888
14391573,7111442432,12884901888
14397291,7238320128,12884901888
14403011,7486832640,12884901888
14408702,7686062080,12884901888
14414451,7807696896,12884901888
14420155,7417626624,12884901888
14425829,6568280064,12884901888
14431602,6617563136,12884901888
14437362,6763315200,12884901888
14443112,6878658560,12884901888
14448814,7186939904,12884901888
14454541,7308574720,12884901888
14460234,7686062080,12884901888
14465965,6563037184,12884901888
14471710,6798966784,12884901888
14477445,6992953344,12884901888
14483175,7134511104,12884901888
14488891,7223640064,12884901888
14494635,7487881216,12884901888
14500306,7688159232,12884901888
14506015,7782531072,12884901888
14511725,6465519616,12884901888
14517485,6614417408,12884901888
14523235,6832521216,12884901888
14528971,6872367104,12884901888
14534725,6939475968,12884901888
14540425,7241465856,12884901888
14546114,7233077248,12884901888
14551808,7358906368,12884901888
14557503,6383730688,12884901888
14563190,6440353792,12884901888
14568984,6502219776,12884901888
14574753,6612320256,12884901888
14580483,6803161088,12884901888
14586228,6876561408,12884901888
14591957,6902775808,12884901888
14597681,7230980096,12884901888
14603387,7269777408,12884901888
14609110,7426015232,12884901888
14614762,6421479424,12884901888
14620486,6618611712,12884901888
14626258,6763315200,12884901888
14631992,6803161088,12884901888
14637775,6925844480,12884901888
14643503,7147094016,12884901888
14649242,7277117440,12884901888
14655012,7390363648,12884901888
14660707,6488588288,12884901888
14666435,6507462656,12884901888
14672184,6736052224,12884901888
14677926,6884950016,12884901888
14683674,7000293376,12884901888
14689415,7264534528,12884901888
14695145,7329546240,12884901888
14700898,6794772480,12884901888
14706722,6469713920,12884901888
14712415,6614417408,12884901888
14718146,6673137664,12884901888
14723837,6878658560,12884901888
14729577,7038042112,12884901888
14735321,7263485952,12884901888
14741066,7325351936,12884901888
14746758,6550454272,12884901888
14752443,6586105856,12884901888
14758185,6666846208,12884901888
14763914,6844055552,12884901888
14769644,6952058880,12884901888
14775335,7140802560,12884901888
14781049,7200571392,12884901888
14786799,7285506048,12884901888
14792475,6406799360,12884901888
14798235,6577717248,12884901888
14803958,6749683712,12884901888
14809681,6825181184,12884901888
14815419,6981419008,12884901888
14821176,7186939904,12884901888
14826869,7308574720,12884901888
14832508,6495928320,12884901888
14838208,6469713920,12884901888
14843908,6520045568,12884901888
14849591,6653214720,12884901888
14855351,6831472640,12884901888
14861065,6824132608,12884901888
14866750,6951010304,12884901888
14872456,7071596544,12884901888
14878141,7203717120,12884901888
14883845,6290407424,12884901888
14889598,6484393984,12884901888
14895325,6529482752,12884901888
14901124,6680477696,12884901888
14906880,6839861248,12884901888
14912584,7077888000,12884901888
14918341,7159676928,12884901888
14924074,7111442432,12884901888
14929815,6443499520,12884901888
14935534,6527385600,12884901888
14941265,6710886400,12884901888
14947016,6772752384,12884901888
14952754,6878658560,12884901888
14958515,7000293376,12884901888
14964259,7138705408,12884901888
14970001,7276068864,12884901888
14975647,6409945088,12884901888
14981361,6539968512,12884901888
14987050,6721372160,12884901888
14992769,6809452544,12884901888
14998501,6945767424,12884901888
15004244,7107248128,12884901888
15009975,7208960000,12884901888
15015643,6420430848,12884901888
15021309,6627000320,12884901888
15027002,6813646848,12884901888
15032714,7018119168,12884901888
15038467,7173308416,12884901888
15044214,7507804160,12884901888
15049943,7635730432,12884901888
15055663,6269435904,12884901888
15061336,6509559808,12884901888
15067168,6707740672,12884901888
15072935,6802112512,12884901888
15078673,7197425664,12884901888
15084396,7213154304,12884901888
15090146,6507462656,12884901888
15095855,6551502848,12884901888
15101586,6647971840,12884901888
15107363,6794772480,12884901888
15113074,6951010304,12884901888
15118808,7127171072,12884901888
15124485,7222591488,12884901888
15130183,7070547968,12884901888
15135941,6556745728,12884901888
15141691,6745489408,12884901888
15147478,6895435776,12884901888
15153226,6963593216,12884901888
15158982,7067402240,12884901888
15164735,7303331840,12884901888
15170485,7338983424,12884901888
15176198,6528434176,12884901888
15181880,6767509504,12884901888
15187628,6906970112,12884901888
15193391,7138705408,12884901888
15199103,7250903040,12884901888
15204845,7474249728,12884901888
15210534,7693402112,12884901888
15216251,8054112256,12884901888
15222062,6514802688,12884901888
15227778,6663700480,12884901888
15233525,6812598272,12884901888
15239251,6892290048,12884901888
15244971,7255097344,12884901888
15250734,7281311744,12884901888
15256467,7338983424,12884901888
15262140,6714032128,12884901888
15267853,6861881344,12884901888
15273578,6924795904,12884901888
15279261,7154434048,12884901888
15285018,7250903040,12884901888
15290725,7496269824,12884901888
15296425,7720665088,12884901888
15302118,7796162560,12884901888
15307811,7924088832,12884901888
15313491,6635388928,12884901888
15319205,6640631808,12884901888
15324850,6763315200,12884901888
15330407,6885998592,12884901888
15335990,7005536256,12884901888
15341536,7286554624,12884901888
15347115,7389315072,12884901888
15352649,6633291776,12884901888
15358209,6814695424,12884901888
15363779,7009730560,12884901888
15369376,7297040384,12884901888
15374967,7612661760,12884901888
15380529,7898923008,12884901888
15386073,6575620096,12884901888
15391666,6681526272,12884901888
15397257,6826229760,12884901888
15402857,6956253184,12884901888
15408421,7179599872,12884901888
15413987,7266631680,12884901888
15419532,6391070720,12884901888
15425083,6486491136,12884901888
15430685,6563037184,12884901888
15436281,6790578176,12884901888
15441884,6854541312,12884901888
15447445,7083130880,12884901888
15453021,7196377088,12884901888
15458584,6387924992,12884901888
15464163,6517948416,12884901888
15469751,6656360448,12884901888
15475325,6777995264,12884901888
15480880,6970933248,12884901888
15486448,7063207936,12884901888
15492027,7611613184,12884901888
15497636,6460276736,12884901888
15503317,6576668672,12884901888
15508877,6760169472,12884901888
15514466,6827278336,12884901888
15520039,7122976768,12884901888
15525603,7374635008,12884901888
15531186,7522484224,12884901888
15536747,6420430848,12884901888
15542335,6538919936,12884901888
15547929,6729760768,12884901888
15553507,6853492736,12884901888
15559084,7133462528,12884901888
15564674,7257194496,12884901888
15570227,6491734016,12884901888
15575796,6641680384,12884901888
15581383,6837764096,12884901888
15586973,6843006976,12884901888
15592555,7133462528,12884901888
15598119,7283408896,12884901888
15603691,7147094016,12884901888
15609281,6603931648,12884901888
15614901,6646923264,12884901888
15620477,6597640192,12884901888
15626042,6538919936,12884901888
15632024,5618270208,12884901888
15637293,682622976,12884901888
15643080,4224712704,12884901888
15648831,3576692736,12884901888
15654633,4311744512,12884901888
15660521,4357881856,12884901888
15666320,4356833280,12884901888
15672134,3280994304,12884901888
15677900,2170552320,12884901888
15683694,4341104640,12884901888
15689450,6757023744,12884901888
15695245,5370806272,12884901888
15701064,5372903424,12884901888
15706895,6602883072,12884901888
15712696,5377097728,12884901888
15718489,6082789376,12884901888
15724284,5380243456,12884901888
15730062,5381292032,12884901888
15735850,5384437760,12884901888
15741600,5385486336,12884901888
15747362,6129975296,12884901888
15753112,5391777792,12884901888
15758899,5391777792,12884901888
15764688,5391777792,12884901888
15770464,6710886400,12884901888
15776272,5393874944,12884901888
15782090,5394923520,12884901888
15787850,5394923520,12884901888
15793644,5395972096,12884901888
15799440,6768558080,12884901888
15805251,5397020672,12884901888
15811007,5398069248,12884901888
15816795,5398069248,12884901888
15822572,5399117824,12884901888
15828354,6851395584,12884901888
15834154,5404360704,12884901888
15839910,5405409280,12884901888
15845696,5405409280,12884901888
15851464,5474615296,12884901888
15857276,5341446144,12884901888
15863118,5341446144,12884901888
15868895,5341446144,12884901888
15874667,6712983552,12884901888
15880480,6088032256,12884901888
15886332,5345640448,12884901888
15892150,5345640448,12884901888
15897979,5345640448,12884901888
15903770,6580862976,12884901888
15909567,5344591872,12884901888
15915374,5344591872,12884901888
15921157,6532628480,12884901888
15926996,6067060736,12884901888
15932832,5349834752,12884901888
15938643,5349834752,12884901888
15944434,5349834752,12884901888
15950235,5349834752,12884901888
15956053,6552551424,12884901888
15961895,5416943616,12884901888
15967684,5416943616,12884901888
15973474,5416943616,12884901888
15979267,6851395584,12884901888
15985075,5417992192,12884901888
15990879,5417992192,12884901888
15996653,6150946816,12884901888
16002477,5419040768,12884901888
16008265,5419040768,12884901888
16014070,5419040768,12884901888
16019881,5419040768,12884901888
16025858,6584008704,12884901888
16031847,5428477952,12884901888
16037814,5428477952,12884901888
16043832,5428477952,12884901888
16049829,5428477952,12884901888
16055820,6489636864,12884901888
16061836,5362417664,12884901888
16067822,5362417664,12884901888
16073795,5362417664,12884901888
16079755,5362417664,12884901888
16085720,5362417664,12884901888
16091695,5412749312,12884901888
16097647,5413797888,12884901888
16103626,5413797888,12884901888
16109591,5413797888,12884901888
16115511,5413797888,12884901888
16121471,5413797888,12884901888
16127455,5413797888,12884901888
16133402,5413797888,12884901888
16139360,5413797888,12884901888
16145323,5413797888,12884901888
16151310,5413797888,12884901888
16157254,6512705536,12884901888
16163252,5414846464,12884901888
16169222,5414846464,12884901888
16175238,5414846464,12884901888
16181174,5414846464,12884901888
16187136,5414846464,12884901888
16193163,5414846464,12884901888
16199168,6147801088,12884901888
16205175,6148849664,12884901888
16211208,5417992192,12884901888
16217288,5417992192,12884901888
16223241,5417992192,12884901888
16229261,5417992192,12884901888
16235207,5417992192,12884901888
16241224,5417992192,12884901888
16247187,6612320256,12884901888
16253222,5419040768,12884901888
16259185,5419040768,12884901888
16265178,5419040768,12884901888
16271174,5419040768,12884901888
16277175,5419040768,12884901888
16283140,5419040768,12884901888
16289121,6559891456,12884901888
16295155,5420089344,12884901888
16301151,5420089344,12884901888
16307095,5420089344,12884901888
16313101,5420089344,12884901888
16319077,5420089344,12884901888
16325052,5420089344,12884901888
16331034,6317670400,12884901888
16337078,6146752512,12884901888
16343112,6147801088,12884901888
16349100,5423235072,12884901888
16355141,5423235072,12884901888
16361168,5423235072,12884901888
16367198,5423235072,12884901888
16373200,5423235072,12884901888
16379225,5423235072,12884901888
16385187,5423235072,12884901888
16391220,5424283648,12884901888
16397245,5424283648,12884901888
16403188,5424283648,12884901888
16409168,5424283648,12884901888
16415131,5424283648,12884901888
16421138,5424283648,12884901888
16427091,5424283648,12884901888
16433108,5424283648,12884901888
16439095,5424283648,12884901888
16445078,5424283648,12884901888
16451051,5424283648,12884901888
16457068,5424283648,12884901888
16463078,5424283648,12884901888
16469054,5424283648,12884901888
16475049,6750732288,12884901888
16481066,5425332224,12884901888
16487071,5425332224,12884901888
16493061,5425332224,12884901888
16499021,5425332224,12884901888
16505022,5425332224,12884901888
16510995,5425332224,12884901888
16516991,5426380800,12884901888
16523035,5426380800,12884901888
16529001,5426380800,12884901888
16535025,5426380800,12884901888
16541085,5426380800,12884901888
16547041,5426380800,12884901888
16553056,6055526400,12884901888
16559091,5427429376,12884901888
16565051,5427429376,12884901888
16570986,5427429376,12884901888
16576951,5427429376,12884901888
16582895,5427429376,12884901888
16588875,5427429376,12884901888
16594825,5427429376,12884901888
16600808,6617563136,12884901888
16606793,5428477952,12884901888
16612750,5428477952,12884901888
16618723,5428477952,12884901888
16624739,5428477952,12884901888
16630731,5428477952,12884901888
16636673,5428477952,12884901888
16642655,6042943488,12884901888
16648691,5429526528,12884901888
16654693,5429526528,12884901888
16660678,5429526528,12884901888
16666698,5429526528,12884901888
16672751,5429526528,12884901888
16678735,6538919936,12884901888
16684791,5464129536,12884901888
16690791,5464129536,12884901888
16696803,5464129536,12884901888
16702851,5464129536,12884901888
16708825,5464129536,12884901888
16714811,5464129536,12884901888
16720762,6757023744,12884901888
16726808,5465178112,12884901888
16732768,5465178112,12884901888
16738775,5465178112,12884901888
16744808,5465178112,12884901888
16750804,5465178112,12884901888
16756780,5465178112,12884901888
16762764,6571425792,12884901888
16768801,5467275264,12884901888
16774805,5467275264,12884901888
16780785,5467275264,12884901888
16786838,5467275264,12884901888
16792830,5467275264,12884901888
16798808,5467275264,12884901888
16804788,5467275264,12884901888
16810718,5467275264,12884901888
16816658,6759120896,12884901888
16822651,5468323840,12884901888
16828651,5468323840,12884901888
16834597,5468323840,12884901888
16840557,5468323840,12884901888
16846595,5468323840,12884901888
16852551,5468323840,12884901888
16858529,5468323840,12884901888
16864526,5468323840,12884901888
16870525,5469372416,12884901888
16876601,5469372416,12884901888
16882561,5469372416,12884901888
16888535,5469372416,12884901888
16894578,5469372416,12884901888
16900578,5469372416,12884901888
16906517,5469372416,12884901888
16912461,5469372416,12884901888
16918397,5469372416,12884901888
16924368,6701449216,12884901888
16930414,5471469568,12884901888
16936402,5471469568,12884901888
16942411,5471469568,12884901888
16948421,5471469568,12884901888
16954425,5471469568,12884901888
16960411,5471469568,12884901888
16966391,5471469568,12884901888
16972341,5471469568,12884901888
16978345,5472518144,12884901888
16984388,5472518144,12884901888
16990388,5472518144,12884901888
16996364,5472518144,12884901888
17002343,5472518144,12884901888
17008311,5472518144,12884901888
17014356,5472518144,12884901888
17020337,5472518144,12884901888
17026343,5472518144,12884901888
17032367,5472518144,12884901888
17038361,6650068992,12884901888
17044369,5473566720,12884901888
17050385,5473566720,12884901888
17056355,5473566720,12884901888
17062395,5473566720,12884901888
17068351,5473566720,12884901888
17074351,5473566720,12884901888
17080341,5473566720,12884901888
17086291,5473566720,12884901888
17092256,5473566720,12884901888
17098288,5475663872,12884901888
17104275,5475663872,12884901888
17110258,5475663872,12884901888
17116264,5475663872,12884901888
17122308,5475663872,12884901888
17128338,5475663872,12884901888
17134308,5475663872,12884901888
17140280,5475663872,12884901888
17146241,5475663872,12884901888
17152253,5475663872,12884901888
17158258,6733955072,12884901888
17164291,5476712448,12884901888
17170293,5476712448,12884901888
17176215,5476712448,12884901888
17182245,5476712448,12884901888
17188285,5476712448,12884901888
17194242,5476712448,12884901888
17200212,5476712448,12884901888
17206005,5476712448,12884901888
17211795,5476712448,12884901888
17217580,6773800960,12884901888
17223397,5477761024,12884901888
17229174,5477761024,12884901888
17234986,5477761024,12884901888
17240777,5477761024,12884901888
17246559,5477761024,12884901888
17252390,5477761024,12884901888
17258175,5477761024,12884901888
17263989,5477761024,12884901888
17269774,5477761024,12884901888
17275544,5690621952,12884901888
17281362,5478809600,12884901888
17287150,5478809600,12884901888
17292907,5478809600,12884901888
17298686,5478809600,12884901888
17304488,5478809600,12884901888
17310289,5478809600,12884901888
17316090,5478809600,12884901888
17321886,5478809600,12884901888
17327677,5478809600,12884901888
17333465,5478809600,12884901888
17339257,6578765824,12884901888
17345069,5480906752,12884901888
17350862,5480906752,12884901888
17356655,5480906752,12884901888
17362443,5480906752,12884901888
17368236,5480906752,12884901888
17374045,5480906752,12884901888
17379839,5480906752,12884901888
17385618,5480906752,12884901888
17391416,5480906752,12884901888
17397211,5480906752,12884901888
17403006,6625951744,12884901888
17408849,5481955328,12884901888
17414652,5481955328,12884901888
17420449,5481955328,12884901888
17426245,5481955328,12884901888
17432034,5481955328,12884901888
17437840,5481955328,12884901888
17443645,5481955328,12884901888
17449453,5481955328,12884901888
17455261,5481955328,12884901888
17461062,5481955328,12884901888
17466900,5483003904,12884901888
17472704,5483003904,12884901888
17478487,5483003904,12884901888
17484271,5483003904,12884901888
17490084,5483003904,12884901888
17495890,5483003904,12884901888
17501674,5483003904,12884901888
17507575,5483003904,12884901888
17513601,5483003904,12884901888
17519555,5483003904,12884901888
17525552,6169821184,12884901888
17531525,5485101056,12884901888
17537509,5485101056,12884901888
17543475,5485101056,12884901888
17549501,5485101056,12884901888
17555513,5485101056,12884901888
17561505,5485101056,12884901888
17567508,5485101056,12884901888
17573475,5485101056,12884901888
17579457,5485101056,12884901888
17585491,6183452672,12884901888
17591535,6184501248,12884901888
17597595,6185549824,12884901888
17603560,6186598400,12884901888
17609545,6187646976,12884901888
17615601,5490343936,12884901888
17621641,5490343936,12884901888
17627651,5490343936,12884901888
17633668,5490343936,12884901888
17639685,5490343936,12884901888
17645695,5490343936,12884901888
17651685,6002049024,12884901888
17657722,2271215616,12884901888
17663735,2346713088,12884901888
17669745,2194669568,12884901888
17675797,2194669568,12884901888
17681796,2203058176,12884901888
17687824,2203058176,12884901888
17693788,2203058176,12884901888
17699820,2203058176,12884901888
17705775,2203058176,12884901888
17711775,2203058176,12884901888
17717758,2203058176,12884901888
17723727,2203058176,12884901888
17729725,2203058176,12884901888
17735725,2203058176,12884901888
17741691,2203058176,12884901888
17747711,2206203904,12884901888
17753725,2550136832,12884901888
17759711,3121610752,12884901888
17765736,2976907264,12884901888
17771771,3366977536,12884901888
17777795,3115319296,12884901888
17783808,3157262336,12884901888
17789838,3177185280,12884901888
17795851,3269459968,12884901888
17801851,3270508544,12884901888
17807871,3323985920,12884901888
17813908,3757047808,12884901888
17819924,3568304128,12884901888
17825948,3423600640,12884901888
17831970,3298820096,12884901888
17837991,3298820096,12884901888
17844041,3315597312,12884901888
17850058,3315597312,12884901888
17856055,3315597312,12884901888
17862101,3315597312,12884901888
17868108,3315597312,12884901888
17874091,3316645888,12884901888
17880121,3316645888,12884901888
17886148,3343908864,12884901888
17892155,3343908864,12884901888
17898151,3343908864,12884901888
17904122,3343908864,12884901888
17910121,3343908864,12884901888
17916124,3344957440,12884901888
17922141,3344957440,12884901888
17928115,3344957440,12884901888
17934135,3344957440,12884901888
17940161,3344957440,12884901888
17946106,3344957440,12884901888
17952091,3344957440,12884901888
17958104,3344957440,12884901888
17964108,4210032640,12884901888
17970133,3357540352,12884901888
17976158,3357540352,12884901888
17982152,3392143360,12884901888
17988151,3392143360,12884901888
17994168,3392143360,12884901888
18000185,4415553536,12884901888
18006235,3446669312,12884901888
18012228,3446669312,12884901888
18018231,3446669312,12884901888
18024263,3450863616,12884901888
18030291,3450863616,12884901888
18036338,3450863616,12884901888
18042351,3966763008,12884901888
18048405,3526361088,12884901888
18054424,3526361088,12884901888
18060435,3526361088,12884901888
18066445,3526361088,12884901888
18072441,3535798272,12884901888
18078488,3535798272,12884901888
18084491,3535798272,12884901888
18090528,3535798272,12884901888
18096556,3535798272,12884901888
18102585,4024434688,12884901888
18108589,3687841792,12884901888
18114608,3687841792,12884901888
18120641,3687841792,12884901888
18126678,3687841792,12884901888
18132731,3687841792,12884901888
18138755,3501195264,12884901888
18144778,3501195264,12884901888
18150795,3501195264,12884901888
18156791,3501195264,12884901888
18162828,3501195264,12884901888
18168841,3962568704,12884901888
18174838,3527409664,12884901888
18180871,3527409664,12884901888
18186911,3527409664,12884901888
18192929,3527409664,12884901888
18198958,3527409664,12884901888
18204971,3987734528,12884901888
18210995,3527409664,12884901888
18217015,3527409664,12884901888
18223046,3527409664,12884901888
18229069,3527409664,12884901888
18235101,3527409664,12884901888
18241108,3990880256,12884901888
18247157,3536846848,12884901888
18253181,3536846848,12884901888
18259170,3536846848,12884901888
18265158,3536846848,12884901888
18271175,3536846848,12884901888
18277185,4004511744,12884901888
18283202,3536846848,12884901888
18289243,3536846848,12884901888
18295281,3536846848,12884901888
18301285,3536846848,12884901888
18307284,3536846848,12884901888
18313288,3536846848,12884901888
18319325,3536846848,12884901888
18325368,3536846848,12884901888
18331365,3536846848,12884901888
18337382,3536846848,12884901888
18343376,3536846848,12884901888
18349405,3536846848,12884901888
18355450,3536846848,12884901888
18361451,3536846848,12884901888
18367475,3536846848,12884901888
18373511,3536846848,12884901888
18379537,3536846848,12884901888
18385558,4513071104,12884901888
18391615,3558866944,12884901888
18397638,3558866944,12884901888
18403661,3558866944,12884901888
18409708,3558866944,12884901888
18415715,3558866944,12884901888
18421728,3558866944,12884901888
18427758,3923771392,12884901888
18433815,3451912192,12884901888
18439856,3451912192,12884901888
18445871,3451912192,12884901888
18451875,3451912192,12884901888
18457911,3451912192,12884901888
18463928,3451912192,12884901888
18469877,3466592256,12884901888
18475905,3466592256,12884901888
18481945,3466592256,12884901888
18487941,3466592256,12884901888
18494011,3466592256,12884901888
18500047,3466592256,12884901888
18506041,3589275648,12884901888
18512058,3589275648,12884901888
18518048,3589275648,12884901888
18524071,3589275648,12884901888
18530122,3589275648,12884901888
18536145,4289724416,12884901888
18542208,3617587200,12884901888
18548229,3617587200,12884901888
18554268,3617587200,12884901888
18560295,3617587200,12884901888
18566345,3617587200,12884901888
18572378,3617587200,12884901888
18578351,3926917120,12884901888
18584361,3926917120,12884901888
18590384,3926917120,12884901888
18596391,3926917120,12884901888
18602420,3926917120,12884901888
18608418,3926917120,12884901888
18614441,3926917120,12884901888
18620476,3926917120,12884901888
18626497,3926917120,12884901888
18632485,3692036096,12884901888
18638518,3692036096,12884901888
18644532,3692036096,12884901888
18650545,3692036096,12884901888
18656547,3692036096,12884901888
18662567,3692036096,12884901888
18668595,3692036096,12884901888
18674631,3692036096,12884901888
18680694,5190451200,12884901888
18686735,3836739584,12884901888
18692755,3836739584,12884901888
18698791,3836739584,12884901888
18704831,3836739584,12884901888
18710838,3836739584,12884901888
18716905,3836739584,12884901888
18722975,3836739584,12884901888
18729053,3836739584,12884901888
18735091,3810525184,12884901888
18741148,3810525184,12884901888
18747156,3810525184,12884901888
18753175,3810525184,12884901888
18759221,3810525184,12884901888
18765261,3810525184,12884901888
18771291,3810525184,12884901888
18777308,3810525184,12884901888
18783308,5701107712,12884901888
18789375,4031774720,12884901888
18795431,4031774720,12884901888
18801460,4031774720,12884901888
18807508,4031774720,12884901888
18813552,4031774720,12884901888
18819603,4031774720,12884901888
18825654,4031774720,12884901888
18831682,4031774720,12884901888
18837677,4031774720,12884901888
18843691,3640655872,12884901888
18849663,4035969024,12884901888
18855714,4035969024,12884901888
18861715,4035969024,12884901888
18867751,4035969024,12884901888
18873758,4035969024,12884901888
18879771,4035969024,12884901888
18885761,4035969024,12884901888
18891795,4035969024,12884901888
18897795,4035969024,12884901888
18903801,3660578816,12884901888
18909775,4177526784,12884901888
18915788,4177526784,12884901888
18921808,4177526784,12884901888
18927818,4177526784,12884901888
18933809,4177526784,12884901888
18939821,4177526784,12884901888
18945828,4177526784,12884901888
18951847,4177526784,12884901888
18957825,4177526784,12884901888
18963820,4177526784,12884901888
18969851,3813670912,12884901888
18975858,5661261824,12884901888
18981891,4478468096,12884901888
18987905,4478468096,12884901888
18993951,4478468096,12884901888
18999958,4478468096,12884901888
19005997,4478468096,12884901888
19011975,4478468096,12884901888
19018041,4478468096,12884901888
19024058,4478468096,12884901888
19030062,4081057792,12884901888
19036088,4081057792,12884901888
19042074,5297405952,12884901888
19048088,4119855104,12884901888
19054108,4119855104,12884901888
19060135,4119855104,12884901888
19066158,4119855104,12884901888
19072201,4119855104,12884901888
19078253,4119855104,12884901888
19084293,4119855104,12884901888
19090308,4119855104,12884901888
19096318,4119855104,12884901888
19102380,4119855104,12884901888
19108425,4405067776,12884901888
19114448,4043309056,12884901888
19120504,4043309056,12884901888
19126507,4043309056,12884901888
19132536,4043309056,12884901888
19138551,4043309056,12884901888
19144551,4043309056,12884901888
19150568,4043309056,12884901888
19156586,4043309056,12884901888
19162620,4043309056,12884901888
19168666,4043309056,12884901888
19174658,3670016000,12884901888
19180655,3949985792,12884901888
19186671,3949985792,12884901888
19192675,3949985792,12884901888
19198688,3949985792,12884901888
19204709,3949985792,12884901888
19210728,3949985792,12884901888
19216749,3949985792,12884901888
19222795,3949985792,12884901888
19228832,3949985792,12884901888
19234845,3949985792,12884901888
19240860,5225054208,12884901888
19246875,3896508416,12884901888
19252878,3896508416,12884901888
19258891,3896508416,12884901888
19264911,3896508416,12884901888
19270945,3896508416,12884901888
19276985,3896508416,12884901888
19283018,3896508416,12884901888
19289032,3896508416,12884901888
19295075,3896508416,12884901888
19301115,3896508416,12884901888
19307095,3848273920,12884901888
19313129,3848273920,12884901888
19319153,3848273920,12884901888
19325154,3848273920,12884901888
19331181,3848273920,12884901888
19337175,3848273920,12884901888
19343199,3848273920,12884901888
19349211,3848273920,12884901888
19355211,3848273920,12884901888
19361254,3848273920,12884901888
19367285,3848273920,12884901888
19373295,4096786432,12884901888
19379331,3633315840,12884901888
19385351,3633315840,12884901888
19391391,3633315840,12884901888
19397448,3633315840,12884901888
19403485,3633315840,12884901888
19409520,3633315840,12884901888
19415558,2254438400,12884901888
19421549,2236612608,12884901888
19427551,2262827008,12884901888
19433575,2267021312,12884901888
19439592,2271215616,12884901888
19445618,2277507072,12884901888
19451588,2278555648,12884901888
19457591,2278555648,12884901888
19463557,2278555648,12884901888
19469521,2278555648,12884901888
19475518,3277848576,12884901888
19481524,3539992576,12884901888
19487531,3356491776,12884901888
19493538,3785359360,12884901888
19499560,3550478336,12884901888
19505537,4178575360,12884901888
19511525,3681550336,12884901888
19517551,3526361088,12884901888
19523541,3695181824,12884901888
19529551,3619684352,12884901888
19535555,3431989248,12884901888
19541578,3391094784,12884901888
19547541,3339714560,12884901888
19553541,3680501760,12884901888
19559571,3531603968,12884901888
19565571,3617587200,12884901888
19571580,3483369472,12884901888
19577576,4388290560,12884901888
19583568,3733979136,12884901888
19589551,3510632448,12884901888
19595532,3358588928,12884901888
19601558,3769630720,12884901888
19607541,3397386240,12884901888
19613555,3766484992,12884901888
19619533,3580887040,12884901888
19625518,3514826752,12884901888
19631518,3499098112,12884901888
19637535,3417309184,12884901888
19643525,2283798528,12884901888
19649511,2283798528,12884901888
19655511,2284847104,12884901888
19661568,2285895680,12884901888
19667605,2296381440,12884901888
19673601,2330984448,12884901888
19679608,2334130176,12884901888
19685591,2338324480,12884901888
19691568,2345664512,12884901888
19697601,2354053120,12884901888
19703611,2375024640,12884901888
19709611,2376073216,12884901888
19715590,2377121792,12884901888
19721605,2414870528,12884901888
19727601,2379218944,12884901888
19733615,2379218944,12884901888
19739625,2379218944,12884901888
19745655,2379218944,12884901888
19751654,2379218944,12884901888
19757651,2379218944,12884901888
19763645,2379218944,12884901888
19769625,2379218944,12884901888
19775575,2382364672,12884901888
19781578,2382364672,12884901888
19787567,2382364672,12884901888
19793555,2383413248,12884901888
19799558,2383413248,12884901888
19805551,2384461824,12884901888
19811537,2384461824,12884901888
19817540,2385510400,12884901888
19823508,2385510400,12884901888
19829491,2385510400,12884901888
19835460,2385510400,12884901888
19841455,2420113408,12884901888
19847421,2419064832,12884901888
19853375,2391801856,12884901888
19859378,2392850432,12884901888
19865351,2393899008,12884901888
19871368,2394947584,12884901888
19877378,2394947584,12884901888
19883401,2394947584,12884901888
19889407,2571108352,12884901888
19895368,2540699648,12884901888
19901380,2500853760,12884901888
19907380,2443182080,12884901888
19913396,2481979392,12884901888
19919385,2521825280,12884901888
19925376,2443182080,12884901888
19931384,2513436672,12884901888
19937381,2416967680,12884901888
19943391,2426404864,12884901888
19949395,2458910720,12884901888
19955418,2447376384,12884901888
19961441,2480930816,12884901888
19967508,2490368000,12884901888
19973555,2449473536,12884901888
19979585,2451570688,12884901888
19985591,2543845376,12884901888
19991595,2544893952,12884901888
19997601,2544893952,12884901888
20003608,2545942528,12884901888
20009618,2550136832,12884901888
20015641,2551185408,12884901888
20021638,2552233984,12884901888
20027598,2552233984,12884901888
20033549,2369781760,12884901888
20039575,2315255808,12884901888
20045585,2315255808,12884901888
20051608,2315255808,12884901888
20057632,2319450112,12884901888
20063645,2319450112,12884901888
20069658,2320498688,12884901888
20075684,2320498688,12884901888
20081668,2320498688,12884901888
20087575,2321547264,12884901888
20093608,2321547264,12884901888
20099601,2321547264,12884901888
20105575,2321547264,12884901888
20111566,2322595840,12884901888
20117575,2322595840,12884901888
20123553,2797600768,12884901888
20129537,2785017856,12884901888
20135539,2695888896,12884901888
20141486,2911895552,12884901888
20147461,2708471808,12884901888
20153437,2809135104,12884901888
20159441,2987393024,12884901888
20165438,2783969280,12884901888
20171458,2837446656,12884901888
20177489,3221225472,12884901888
20183501,2894069760,12884901888
20189534,3213885440,12884901888
20195541,2918187008,12884901888
20201587,2991587328,12884901888
20207580,2830106624,12884901888
20213565,3201302528,12884901888
20219616,3014656000,12884901888
20225632,2982150144,12884901888
20231718,3280994304,12884901888
20237733,3005218816,12884901888
20243775,2778726400,12884901888
20249823,3254779904,12884901888
20255838,3438280704,12884901888
20261843,3989831680,12884901888
20267880,3181379584,12884901888
20273928,3240099840,12884901888
20279981,3597664256,12884901888
20286025,3739222016,12884901888
20292102,3132096512,12884901888
20298174,3726639104,12884901888
20304235,2860515328,12884901888
20310285,3306160128,12884901888
20316351,3773825024,12884901888
20322406,3002073088,12884901888
20328446,3625975808,12884901888
20334491,3495952384,12884901888
20340591,3311403008,12884901888
20346611,3657433088,12884901888
20352675,3791650816,12884901888
20358745,3160408064,12884901888
20364818,3930062848,12884901888
20370881,4057989120,12884901888
20376952,2789212160,12884901888
20383037,2959081472,12884901888
20389092,3402629120,12884901888
20395135,4005560320,12884901888
20401178,3851419648,12884901888
20407328,3162505216,12884901888
20413403,3729784832,12884901888
20419512,4175429632,12884901888
20425568,3253731328,12884901888
20431640,3339714560,12884901888
20437691,3910139904,12884901888
20443738,4658823168,12884901888
20449845,3241148416,12884901888
20455918,2920284160,12884901888
20461954,3827302400,12884901888
20468033,3999268864,12884901888
20474119,4337958912,12884901888
20480156,3568304128,12884901888
20486201,2913992704,12884901888
20492268,3326083072,12884901888
20498351,4006608896,12884901888
20504399,4980736000,12884901888
20510465,4755292160,12884901888
20516508,3424649216,12884901888
20522530,3424649216,12884901888
20528558,3339714560,12884901888
20534578,3886022656,12884901888
20540634,4967104512,12884901888
20546685,4686086144,12884901888
20552754,4149215232,12884901888
20558771,2883584000,12884901888
20564810,3571449856,12884901888
20570877,3936354304,12884901888
20576915,5089787904,12884901888
20582983,4811915264,12884901888
20589025,4241489920,12884901888
20595098,4241489920,12884901888
20601125,4241489920,12884901888
20607135,3538944000,12884901888
20613183,3538944000,12884901888
20619260,3530555392,12884901888
20625355,3936354304,12884901888
20631405,4981784576,12884901888
20637468,4691329024,12884901888
20643521,3656384512,12884901888
20649618,2811232256,12884901888
20655698,2811232256,12884901888
20661748,3214934016,12884901888
20667801,3888119808,12884901888
20673858,4518313984,12884901888
20679891,5082447872,12884901888
20685958,6550454272,12884901888
20691995,4649385984,12884901888
20698051,3251634176,12884901888
20704101,3251634176,12884901888
20710151,3141533696,12884901888
20716198,4407164928,12884901888
20722281,4536139776,12884901888
20728366,5247074304,12884901888
20734375,5371854848,12884901888
20740397,5974786048,12884901888
20746445,4911529984,12884901888
20752488,4911529984,12884901888
20758565,4035969024,12884901888
20764595,2765094912,12884901888
20770704,3234856960,12884901888
20776775,4034920448,12884901888
20782808,4271898624,12884901888
20788852,5089787904,12884901888
20794935,3845128192,12884901888
20801015,3136290816,12884901888
20807045,3136290816,12884901888
20813103,3348103168,12884901888
20819185,3919577088,12884901888
20825235,4482662400,12884901888
20831251,4355784704,12884901888
20837311,3837788160,12884901888
20843411,3149922304,12884901888
20849465,2954887168,12884901888
20855533,2808086528,12884901888
20861591,3534749696,12884901888
20867642,4185915392,12884901888
20873701,4636803072,12884901888
20879748,4395630592,12884901888
20885807,3761242112,12884901888
20892015,2836398080,12884901888
20898088,3497000960,12884901888
20904155,4180672512,12884901888
20910221,4479516672,12884901888
20916253,4461690880,12884901888
20922298,4549771264,12884901888
20928335,4064280576,12884901888
20934435,3989831680,12884901888
20940510,2924478464,12884901888
20946558,2820669440,12884901888
20952618,3513778176,12884901888
20958667,3981443072,12884901888
20964735,4809818112,12884901888
20970791,4697620480,12884901888
20976858,3697278976,12884901888
20982955,3697278976,12884901888
20989038,3529506816,12884901888
20995108,3364880384,12884901888
21001158,4085252096,12884901888
21007208,4335861760,12884901888
21013287,5232394240,12884901888
21019355,4510973952,12884901888
21025438,4510973952,12884901888
21031475,4510973952,12884901888
21037524,2813329408,12884901888
21043595,3132096512,12884901888
21049644,3772776448,12884901888
21055694,4214226944,12884901888
21061774,5105516544,12884901888
21067808,5199888384,12884901888
21073858,4700766208,12884901888
21079935,3454009344,12884901888
21086025,3454009344,12884901888
21092074,3295674368,12884901888
21098127,2998927360,12884901888
21104185,3573547008,12884901888
21110254,4161798144,12884901888
21116308,5003804672,12884901888
21122346,5102370816,12884901888
21128429,4496293888,12884901888
21134503,4018143232,12884901888
21140588,4018143232,12884901888
21146665,3274702848,12884901888
21152718,3274702848,12884901888
21158790,3050307584,12884901888
21164856,3582984192,12884901888
21170941,4181721088,12884901888
21177025,4783603712,12884901888
21183101,4669308928,12884901888
21189171,4363124736,12884901888
21195245,4363124736,12884901888
21201291,3135242240,12884901888
21207389,3135242240,12884901888
21213441,3135242240,12884901888
21219574,3105882112,12884901888
21225647,3732930560,12884901888
21231696,4201644032,12884901888
21237769,4991221760,12884901888
21243825,4700766208,12884901888
21249921,4401922048,12884901888
21256018,4401922048,12884901888
21262101,3623878656,12884901888
21268195,3623878656,12884901888
21274271,3623878656,12884901888
21280375,3806330880,12884901888
21286432,4391436288,12884901888
21292458,5003804672,12884901888
21298506,5761925120,12884901888
21304565,5993660416,12884901888
21310641,4473225216,12884901888
21316723,4473225216,12884901888
21322801,3682598912,12884901888
21328891,3593469952,12884901888
21334963,2776629248,12884901888
21341037,2776629248,12884901888
21347075,2855272448,12884901888
21353138,3548381184,12884901888
21359191,4142923776,12884901888
21365205,4984930304,12884901888
21371251,5156896768,12884901888
21377275,4833935360,12884901888
21383344,4651483136,12884901888
21389425,4651483136,12884901888
21395528,3790602240,12884901888
21401631,3790602240,12884901888
21407725,3790602240,12884901888
21413791,3792699392,12884901888
21419888,4542431232,12884901888
21425973,5087690752,12884901888
21432027,5848956928,12884901888
21438090,5973737472,12884901888
21444119,5996806144,12884901888
21449974,3464495104,12884901888
21455827,3464495104,12884901888
21461674,3192913920,12884901888
21467534,3192913920,12884901888
21473372,3192913920,12884901888
21479201,2743074816,12884901888
21485039,2743074816,12884901888
21490901,3504340992,12884901888
21496746,4062183424,12884901888
21502579,4903141376,12884901888
21508442,5037359104,12884901888
21514300,5135925248,12884901888
21520145,5149556736,12884901888
21526015,3761242112,12884901888
21531882,3761242112,12884901888
21537739,3382706176,12884901888
21543604,3382706176,12884901888
21549523,3382706176,12884901888
21555396,3382706176,12884901888
21561260,3204448256,12884901888
21567132,3999268864,12884901888
21573001,4267704320,12884901888
21578855,5158993920,12884901888
21584708,5170528256,12884901888
21590562,5645533184,12884901888
21596400,6183452672,12884901888
21602265,3858759680,12884901888
21608113,3429892096,12884901888
21613969,3429892096,12884901888
21619824,3250585600,12884901888
21625690,3179282432,12884901888
21631547,3179282432,12884901888
21637409,2758803456,12884901888
21643279,2761949184,12884901888
21649127,3564109824,12884901888
21654979,4151312384,12884901888
21660827,5254414336,12884901888
21666691,5165285376,12884901888
21672560,5554307072,12884901888
21678426,5779750912,12884901888
21684274,7319060480,12884901888
21690143,4257218560,12884901888
21695999,3904897024,12884901888
21701886,3904897024,12884901888
21707742,3871342592,12884901888
21713612,3871342592,12884901888
21719484,3871342592,12884901888
21725322,3646947328,12884901888
21731183,2778726400,12884901888
21737061,2778726400,12884901888
21742945,2771386368,12884901888
21748771,3499098112,12884901888
21754617,4362076160,12884901888
21760538,4532994048,12884901888
21766567,5140119552,12884901888
21772591,5965348864,12884901888
21778590,6179258368,12884901888
21784608,6754926592,12884901888
21790681,3660578816,12884901888
21796781,3660578816,12884901888
21802885,3603955712,12884901888
21808962,3603955712,12884901888
21814992,3603955712,12884901888
21821058,3603955712,12884901888
21827105,2791309312,12884901888
21833197,2791309312,12884901888
21839239,2791309312,12884901888
21845247,3004170240,12884901888
21851298,3666870272,12884901888
21857341,4377804800,12884901888
21863410,4882169856,12884901888
21869431,5184159744,12884901888
21875443,5319426048,12884901888
21881502,6036652032,12884901888
21887541,5375000576,12884901888
21893618,4057989120,12884901888
21899691,3972005888,12884901888
21905781,3435134976,12884901888
21911868,3235905536,12884901888
21917945,2969567232,12884901888
21924015,2960130048,12884901888
21930088,2960130048,12884901888
21936125,2819620864,12884901888
21942195,2819620864,12884901888
21948275,2816475136,12884901888
21954314,2834300928,12884901888
21960296,3421503488,12884901888
21966340,4016046080,12884901888
21972366,4217372672,12884901888
21978391,5054136320,12884901888
21984408,5387583488,12884901888
21990436,5774508032,12884901888
21996531,4074766336,12884901888
22002608,3580887040,12884901888
22008700,3580887040,12884901888
22014756,3580887040,12884901888
22020791,3580887040,12884901888
22026857,2882535424,12884901888
22032911,2882535424,12884901888
22038951,2790260736,12884901888
22045051,2790260736,12884901888
22051069,3423600640,12884901888
22057128,4033871872,12884901888
22063191,4248829952,12884901888
22069178,5078253568,12884901888
22075218,5361369088,12884901888
22081230,5538578432,12884901888
22087303,3919577088,12884901888
22093421,3919577088,12884901888
22099491,3919577088,12884901888
22105595,3919577088,12884901888
22111660,3919577088,12884901888
22117725,3919577088,12884901888
22123801,3919577088,12884901888
22129768,3919577088,12884901888
22135637,3919577088,12884901888
22141495,3919577088,12884901888
22147351,3965714432,12884901888
22153188,4527751168,12884901888
22159054,5080350720,12884901888
22164892,5536481280,12884901888
22170749,6021971968,12884901888
22176593,6336544768,12884901888
22182456,6502219776,12884901888
22188320,5500829696,12884901888
22194172,3514826752,12884901888
22200054,3433037824,12884901888
22205924,3244294144,12884901888
22211789,3184525312,12884901888
22217647,3088056320,12884901888
22223500,2998927360,12884901888
22229372,2820669440,12884901888
22235246,2820669440,12884901888
22241125,2801795072,12884901888
22247007,2724200448,12884901888
22252841,3275751424,12884901888
22258711,3738173440,12884901888
22264557,4457496576,12884901888
22270397,4731174912,12884901888
22276262,5252317184,12884901888
22282106,5478809600,12884901888
22287972,5531238400,12884901888
22293834,3549429760,12884901888
22299734,3549429760,12884901888
22305599,3549429760,12884901888
22311457,3412066304,12884901888
22317332,3412066304,12884901888
22323194,3412066304,12884901888
22329072,2798649344,12884901888
22334938,2798649344,12884901888
22340787,2798649344,12884901888
22346640,2798649344,12884901888
22352453,3272605696,12884901888
22358319,3730833408,12884901888
22364170,4464836608,12884901888
22370034,4471128064,12884901888
22375900,5350883328,12884901888
22381753,5516558336,12884901888
22387620,5153751040,12884901888
22393487,3865051136,12884901888
22399355,3865051136,12884901888
22405217,3865051136,12884901888
22411094,3865051136,12884901888
22416933,3865051136,12884901888
22422806,3865051136,12884901888
22428677,3865051136,12884901888
22434711,3865051136,12884901888
22440775,3865051136,12884901888
22446844,3865051136,12884901888
22452899,3871342592,12884901888
22458891,4438622208,12884901888
22464936,4800380928,12884901888
22470951,5358223360,12884901888
22476948,5638193152,12884901888
22483017,6394216448,12884901888
22489046,6436159488,12884901888
22495125,3837788160,12884901888
22501227,3451912192,12884901888
22507288,3379560448,12884901888
22513375,3365928960,12884901888
22519461,3320840192,12884901888
22525541,3249537024,12884901888
22531628,3072327680,12884901888
22537696,2800746496,12884901888
22543713,2800746496,12884901888
22549768,2799697920,12884901888
22555856,2823815168,12884901888
22561771,3279945728,12884901888
22567808,3870294016,12884901888
22573843,4363124736,12884901888
22579870,4654628864,12884901888
22585933,5302648832,12884901888
22591948,5314183168,12884901888
22598035,3976200192,12884901888
22604121,3976200192,12884901888
22610238,3976200192,12884901888
22616291,3976200192,12884901888
22622358,3976200192,12884901888
22628408,3976200192,12884901888
22634505,3876585472,12884901888
22640527,3876585472,12884901888
22646591,3876585472,12884901888
22652625,3876585472,12884901888
22658687,3876585472,12884901888
22664701,3876585472,12884901888
22670674,4229955584,12884901888
22676712,4647288832,12884901888
22682700,4992270336,12884901888
22688715,5354029056,12884901888
22694735,5905580032,12884901888
22700768,6233784320,12884901888
22706816,6850347008,12884901888
22712868,4135583744,12884901888
22718978,4135583744,12884901888
22725051,3523215360,12884901888
22731135,3523215360,12884901888
22737195,3523215360,12884901888
22743254,3325034496,12884901888
22749318,3325034496,12884901888
22755351,3325034496,12884901888
22761428,3325034496,12884901888
22767478,2809135104,12884901888
22773528,2814377984,12884901888
22779534,3293577216,12884901888
22785573,3795845120,12884901888
22791591,4393533440,12884901888
22797614,4744806400,12884901888
22803638,5041553408,12884901888
22809654,5436866560,12884901888
22815718,4864344064,12884901888
22821802,3944742912,12884901888
22827864,3944742912,12884901888
22833939,3396337664,12884901888
22840068,3396337664,12884901888
22846120,3396337664,12884901888
22852191,3073376256,12884901888
22858293,3073376256,12884901888
22864381,3073376256,12884901888
22870443,3073376256,12884901888
22876498,2801795072,12884901888
22882577,2801795072,12884901888
22888526,3273654272,12884901888
22894575,3761242112,12884901888
22900578,4239392768,12884901888
22906581,4755292160,12884901888
22912637,4942987264,12884901888
22918674,5443158016,12884901888
22924744,5302648832,12884901888
22930822,4828692480,12884901888
22936895,4828692480,12884901888
22942975,4828692480,12884901888
22949063,4828692480,12884901888
22955058,4828692480,12884901888
22961120,4829741056,12884901888
22967165,4829741056,12884901888
22973188,4829741056,12884901888
22979248,4829741056,12884901888
22985282,4830789632,12884901888
22991335,4831838208,12884901888
22997408,4832886784,12884901888
23003434,4832886784,12884901888
23009492,4833935360,12884901888
23015552,4834983936,12884901888
23021541,4836032512,12884901888
23027601,4837081088,12884901888
23033638,3959422976,12884901888
23039703,3959422976,12884901888
23045775,3959422976,12884901888
23051871,3959422976,12884901888
23057883,3973054464,12884901888
23063827,4389339136,12884901888
23069886,4897898496,12884901888
23075942,5246025728,12884901888
23081995,5538578432,12884901888
23088054,6404702208,12884901888
23094141,6460276736,12884901888
23100174,6932135936,12884901888
23106241,5077204992,12884901888
23112338,4128243712,12884901888
23118449,3597664256,12884901888
23124551,3597664256,12884901888
23130636,3597664256,12884901888
23136695,3597664256,12884901888
23142794,3278897152,12884901888
23148825,3278897152,12884901888
23154901,3278897152,12884901888
23160978,3278897152,12884901888
23167031,2795503616,12884901888
23173076,2920284160,12884901888
23179103,3534749696,12884901888
23185175,3924819968,12884901888
23191217,4590665728,12884901888
23197234,5020581888,12884901888
23203317,5467275264,12884901888
23209368,5725224960,12884901888
23215408,6032457728,12884901888
23221502,5031067648,12884901888
23227571,3942645760,12884901888
23233661,3942645760,12884901888
23239742,3942645760,12884901888
23245791,3942645760,12884901888
23251858,3942645760,12884901888
23257929,3942645760,12884901888
23264001,3942645760,12884901888
23270082,3942645760,12884901888
23276151,3942645760,12884901888
23282261,3942645760,12884901888
23288241,4182769664,12884901888
23294285,4594860032,12884901888
23300335,5077204992,12884901888
23306364,5670699008,12884901888
23312398,5809111040,12884901888
23318418,5964300288,12884901888
23324479,7104102400,12884901888
23330469,7110393856,12884901888
23336589,4026531840,12884901888
23342684,3565158400,12884901888
23348753,3565158400,12884901888
23354845,3565158400,12884901888
23360898,3565158400,12884901888
23366965,3395289088,12884901888
23373011,3395289088,12884901888
23379035,3395289088,12884901888
23385091,2801795072,12884901888
23391141,2801795072,12884901888
23397191,2801795072,12884901888
23403275,2801795072,12884901888
23409293,3250585600,12884901888
23415370,3682598912,12884901888
23421421,4423942144,12884901888
23427472,4497342464,12884901888
23433527,5297405952,12884901888
23439541,5400166400,12884901888
23445622,5498732544,12884901888
23451658,6180306944,12884901888
23457745,4894752768,12884901888
23463821,3656384512,12884901888
23469971,3656384512,12884901888
23476058,3656384512,12884901888
23482145,3656384512,12884901888
23488221,3656384512,12884901888
23494301,3202351104,12884901888
23500416,3202351104,12884901888
23506485,3202351104,12884901888
23512554,3202351104,12884901888
23518625,2772434944,12884901888
23524628,3149922304,12884901888
23530641,3548381184,12884901888
23536611,4018143232,12884901888
23542651,4325376000,12884901888
23548711,4685037568,12884901888
23554751,4791992320,12884901888
23560740,5636096000,12884901888
23566784,5865734144,12884901888
23572828,4244635648,12884901888
23578901,3828350976,12884901888
23584962,3828350976,12884901888
23591081,3828350976,12884901888
23597135,3828350976,12884901888
23603191,3641704448,12884901888
23609291,3641704448,12884901888
23615332,3641704448,12884901888
23621395,3102736384,12884901888
23627481,3102736384,12884901888
23633555,3102736384,12884901888
23639630,3102736384,12884901888
23645657,2874146816,12884901888
23651669,3285188608,12884901888
23657701,3632267264,12884901888
23663756,4129292288,12884901888
23669835,4292870144,12884901888
23675821,4661968896,12884901888
23681885,4895801344,12884901888
23687955,5293211648,12884901888
23694045,3564109824,12884901888
23700140,3510632448,12884901888
23706258,3510632448,12884901888
23712348,3445620736,12884901888
23718378,3436183552,12884901888
23724459,3436183552,12884901888
23730541,3328180224,12884901888
23736611,2799697920,12884901888
23742691,2799697920,12884901888
23748768,2797600768,12884901888
23754825,2750414848,12884901888
23760826,3313500160,12884901888
23766864,3701473280,12884901888
23772899,4248829952,12884901888
23778987,4384096256,12884901888
23785026,4740612096,12884901888
23791028,4842323968,12884901888
23797058,5112856576,12884901888
23803155,4114612224,12884901888
23809252,3767533568,12884901888
23815375,3767533568,12884901888
23821435,3676307456,12884901888
23827545,3676307456,12884901888
23833616,3676307456,12884901888
23839648,3502243840,12884901888
23845721,3502243840,12884901888
23851825,3502243840,12884901888
23857905,3082813440,12884901888
23863998,3082813440,12884901888
23870105,2818572288,12884901888
23876181,2812280832,12884901888
23882238,3135242240,12884901888
23888257,3622830080,12884901888
23894299,4098883584,12884901888
23900300,4615831552,12884901888
23906358,4622123008,12884901888
23912396,4797235200,12884901888
23918477,4968153088,12884901888
23924518,4019191808,12884901888
23930608,4019191808,12884901888
23936705,4019191808,12884901888
23942785,4019191808,12884901888
23948878,4019191808,12884901888
23954968,4019191808,12884901888
23961045,4019191808,12884901888
23967135,4019191808,12884901888
23973195,4019191808,12884901888
23979218,4019191808,12884901888
23985291,4019191808,12884901888
23991345,4019191808,12884901888
23997293,4208984064,12884901888
24003306,4602200064,12884901888
24009291,5116002304,12884901888
24015291,5523898368,12884901888
24021360,5628755968,12884901888
24027419,6138363904,12884901888
24033385,6186598400,12884901888
24039383,6948913152,12884901888
24045445,4316987392,12884901888
24051535,4316987392,12884901888
24057605,4316987392,12884901888
24063678,3836739584,12884901888
24069838,3836739584,12884901888
24075891,3622830080,12884901888
24081985,3622830080,12884901888
24088070,3522166784,12884901888
24094162,3522166784,12884901888
24100264,2845835264,12884901888
24106371,2829058048,12884901888
24112445,2829058048,12884901888
24118491,2825912320,12884901888
24124469,3102736384,12884901888
24130435,3451912192,12884901888
24136461,3904897024,12884901888
24142469,4318035968,12884901888
24148530,4471128064,12884901888
24154541,4583325696,12884901888
24160608,5128585216,12884901888
24166657,4608491520,12884901888
24172751,3623878656,12884901888
24178851,3623878656,12884901888
24184961,3623878656,12884901888
24191090,3426746368,12884901888
24197185,3426746368,12884901888
24203248,3426746368,12884901888
24209339,3426746368,12884901888
24215419,2876243968,12884901888
24221475,2876243968,12884901888
24227578,2876243968,12884901888
24233655,2826960896,12884901888
24239685,2999975936,12884901888
24245714,3412066304,12884901888
24251751,3908042752,12884901888
24257775,4104126464,12884901888
24263808,4435476480,12884901888
24269871,4525654016,12884901888
24275863,5185208320,12884901888
24281951,4563402752,12884901888
24288068,3516923904,12884901888
24294178,3472883712,12884901888
24300285,3462397952,12884901888
24306381,3401580544,12884901888
24312475,3332374528,12884901888
24318561,3289382912,12884901888
24324658,3243245568,12884901888
24330707,3143630848,12884901888
24336795,3143630848,12884901888
24342878,2834300928,12884901888
24348930,2833252352,12884901888
24354957,2872049664,12884901888
24360987,3393191936,12884901888
24367037,3694133248,12884901888
24373068,4055891968,12884901888
24379098,4376756224,12884901888
24385127,4520411136,12884901888
24391171,4847566848,12884901888
24397235,4595908608,12884901888
24403301,3883925504,12884901888
24409377,3883925504,12884901888
24415451,3883925504,12884901888
24421549,3883925504,12884901888
24427607,3883925504,12884901888
24433716,3883925504,12884901888
24439811,3883925504,12884901888
24445889,3883925504,12884901888
24451961,3883925504,12884901888
24458031,3883925504,12884901888
24464113,3883925504,12884901888
24470151,3883925504,12884901888
24476125,4039114752,12884901888
24482213,4440719360,12884901888
24488258,4868538368,12884901888
24494264,5062524928,12884901888
24500323,5340397568,12884901888
24506346,5568987136,12884901888
24512385,6125780992,12884901888
24518468,3513778176,12884901888
24524568,3513778176,12884901888
24530648,3513778176,12884901888
24536752,3513778176,12884901888
24542838,3391094784,12884901888
24548884,3391094784,12884901888
24554961,3391094784,12884901888
24561035,3391094784,12884901888
24567125,3067084800,12884901888
24573189,3067084800,12884901888
24579275,3067084800,12884901888
24585314,3067084800,12884901888
24591319,3088056320,12884901888
24597340,3447717888,12884901888
24603400,3898605568,12884901888
24609400,4330618880,12884901888
24615451,4334813184,12884901888
24621455,4509925376,12884901888
24627499,5201985536,12884901888
24633558,3495952384,12884901888
24639643,3495952384,12884901888
24645738,3495952384,12884901888
24651815,3380609024,12884901888
24657911,3380609024,12884901888
24663985,3348103168,12884901888
24670091,3348103168,12884901888
24676175,3055550464,12884901888
24682251,3055550464,12884901888
24688311,3055550464,12884901888
24694344,2842689536,12884901888
24700393,2919235584,12884901888
24706425,3349151744,12884901888
24712506,3616538624,12884901888
24718539,3954180096,12884901888
24724564,4331667456,12884901888
24730598,4368367616,12884901888
24736624,4957667328,12884901888
24742695,3780116480,12884901888
24748791,3780116480,12884901888
24754882,3780116480,12884901888
24760985,3780116480,12884901888
24767078,3780116480,12884901888
24773175,3780116480,12884901888
24779257,3780116480,12884901888
24785308,3780116480,12884901888
24791371,3780116480,12884901888
24797420,3780116480,12884901888
24803511,3780116480,12884901888
24809588,3780116480,12884901888
24815594,3959422976,12884901888
24821628,4232052736,12884901888
24827717,3780116480,12884901888
24833725,3572498432,12884901888
24839825,3364880384,12884901888
24845925,3364880384,12884901888
24852038,3322937344,12884901888
24858158,3322937344,12884901888
24864248,3293577216,12884901888
24870335,3293577216,12884901888
24876385,2933915648,12884901888
24882384,3486515200,12884901888
24888428,3277848576,12884901888
24894461,2845835264,12884901888
24900549,3815768064,12884901888
24906635,2952790016,12884901888
24912778,2954887168,12884901888
24918862,2956984320,12884901888
24924947,2952790016,12884901888
24931035,2981101568,12884901888
24937115,2747269120,12884901888
24943195,2801795072,12884901888
24949258,2921332736,12884901888
24955351,2744123392,12884901888
24961342,2940207104,12884901888
24967485,2822766592,12884901888
24973495,2829058048,12884901888
24979558,2723151872,12884901888
24985608,2723151872,12884901888
24991614,2723151872,12884901888
24997647,2723151872,12884901888
25003667,2723151872,12884901888
25009721,2723151872,12884901888
25015725,2723151872,12884901888
25021754,2723151872,12884901888
25027781,2723151872,12884901888
25033758,2805989376,12884901888
25039778,3377463296,12884901888
25045768,3544186880,12884901888
25051795,3570401280,12884901888
25057840,3499098112,12884901888
25063841,3501195264,12884901888
25069891,3501195264,12884901888
25075948,3501195264,12884901888
25081985,3501195264,12884901888
25088015,3501195264,12884901888
25093981,3501195264,12884901888
25100008,3501195264,12884901888
25106048,3501195264,12884901888
25112108,3501195264,12884901888
25118142,3608150016,12884901888
25124158,3479175168,12884901888
25130214,3479175168,12884901888
25136245,3479175168,12884901888
25142278,3479175168,12884901888
25148334,3479175168,12884901888
25154343,3479175168,12884901888
25160393,3479175168,12884901888
25166439,3479175168,12884901888
25172499,3479175168,12884901888
25178518,3585081344,12884901888
25184541,3460300800,12884901888
25190566,3460300800,12884901888
25196605,3460300800,12884901888
25202631,3460300800,12884901888
25208695,3460300800,12884901888
25214728,3460300800,12884901888
25220748,3460300800,12884901888
25226791,3460300800,12884901888
25232848,3460300800,12884901888
25238881,3577741312,12884901888
25244951,3444572160,12884901888
25251008,3444572160,12884901888
25257041,3444572160,12884901888
25263105,3444572160,12884901888
25269148,3444572160,12884901888
25275201,3444572160,12884901888
25281225,3444572160,12884901888
25287230,3444572160,12884901888
25293268,3444572160,12884901888
25299298,3563061248,12884901888
25305301,3445620736,12884901888
25311308,3445620736,12884901888
25317324,3445620736,12884901888
25323405,3445620736,12884901888
25329468,3445620736,12884901888
25335545,3445620736,12884901888
25341581,3445620736,12884901888
25347564,3445620736,12884901888
25353618,3445620736,12884901888
25359685,3700424704,12884901888
25365735,3537895424,12884901888
25371764,3489660928,12884901888
25377791,3489660928,12884901888
25383814,3489660928,12884901888
25389851,3489660928,12884901888
25395881,3489660928,12884901888
25401918,3489660928,12884901888
25407965,3489660928,12884901888
25413974,3489660928,12884901888
25420008,3489660928,12884901888
25426031,3596615680,12884901888
25432091,3470786560,12884901888
25438141,3470786560,12884901888
25444131,3470786560,12884901888
25450153,3470786560,12884901888
25456166,3470786560,12884901888
25462205,3470786560,12884901888
25468248,3470786560,12884901888
25474248,3470786560,12884901888
25480297,3470786560,12884901888
25486289,3590324224,12884901888
25492320,3464495104,12884901888
25498341,3464495104,12884901888
25504365,3464495104,12884901888
25510408,3464495104,12884901888
25516451,3464495104,12884901888
25522458,3464495104,12884901888
25528524,3464495104,12884901888
25534578,3464495104,12884901888
25540589,3464495104,12884901888
25546581,3590324224,12884901888
25552579,3469737984,12884901888
25558620,3469737984,12884901888
25564649,3468689408,12884901888
25570675,3468689408,12884901888
25576725,3468689408,12884901888
25582724,3464495104,12884901888
25588751,3464495104,12884901888
25594764,3464495104,12884901888
25600774,3464495104,12884901888
25606817,3466592256,12884901888
25612858,3466592256,12884901888
25618868,3466592256,12884901888
25624875,3466592256,12884901888
25630901,3466592256,12884901888
25636948,3466592256,12884901888
25642941,3466592256,12884901888
25648988,3466592256,12884901888
25655025,3466592256,12884901888
25661058,3466592256,12884901888
25667098,3472883712,12884901888
25673091,3472883712,12884901888
25679146,3472883712,12884901888
25685176,3472883712,12884901888
25691171,3472883712,12884901888
25697188,3472883712,12884901888
25703194,3472883712,12884901888
25709200,3472883712,12884901888
25715174,3472883712,12884901888
25721179,3472883712,12884901888
25727208,3465543680,12884901888
25733225,3465543680,12884901888
25739272,3465543680,12884901888
25745274,3465543680,12884901888
25751301,3465543680,12884901888
25757340,3465543680,12884901888
25763385,3465543680,12884901888
25769426,3465543680,12884901888
25775458,3465543680,12884901888
25781475,3465543680,12884901888
25787485,3467640832,12884901888
25793524,3467640832,12884901888
25799557,3467640832,12884901888
25805575,3467640832,12884901888
25811636,3467640832,12884901888
25817673,3467640832,12884901888
25823731,3467640832,12884901888
25829734,3467640832,12884901888
25835727,3467640832,12884901888
25841791,3467640832,12884901888
25847808,3468689408,12884901888
25853841,3468689408,12884901888
25859848,3468689408,12884901888
25865858,3468689408,12884901888
25871874,3468689408,12884901888
25877875,3468689408,12884901888
25883908,3468689408,12884901888
25889925,3468689408,12884901888
25895979,3468689408,12884901888
25902022,3468689408,12884901888
25908051,3466592256,12884901888
25914058,3466592256,12884901888
25920105,3466592256,12884901888
25926123,3466592256,12884901888
25932181,3466592256,12884901888
25938185,3466592256,12884901888
25944218,3466592256,12884901888
25950257,3466592256,12884901888
25956284,3466592256,12884901888
25962318,3466592256,12884901888
25968342,3470786560,12884901888
25974375,3470786560,12884901888
25980414,3470786560,12884901888
25986445,3470786560,12884901888
25992455,3470786560,12884901888
25998487,3470786560,12884901888
26004514,3470786560,12884901888
26010574,3470786560,12884901888
26016591,3470786560,12884901888
26022621,3470786560,12884901888
26028695,3571449856,12884901888
26034833,3547332608,12884901888
26040881,3547332608,12884901888
26046881,3547332608,12884901888
26052931,3547332608,12884901888
26058951,3547332608,12884901888
26065008,3547332608,12884901888
26071051,3547332608,12884901888
26077090,3547332608,12884901888
26083118,3547332608,12884901888
26089131,3656384512,12884901888
26095175,3519021056,12884901888
26101184,3519021056,12884901888
26107191,3519021056,12884901888
26113172,3519021056,12884901888
26119174,3519021056,12884901888
26125191,3519021056,12884901888
26131181,3519021056,12884901888
26137194,3519021056,12884901888
26143231,3519021056,12884901888
26149212,3631218688,12884901888
26155238,3520069632,12884901888
26161298,3520069632,12884901888
26167291,3520069632,12884901888
26173308,3520069632,12884901888
26179330,3520069632,12884901888
26185365,3520069632,12884901888
26191391,3520069632,12884901888
26197386,3520069632,12884901888
26203398,3520069632,12884901888
26209441,3645898752,12884901888
26215498,3520069632,12884901888
26221590,3520069632,12884901888
26227631,3520069632,12884901888
26233648,3520069632,12884901888
26239682,3520069632,12884901888
26245708,3520069632,12884901888
26251704,3520069632,12884901888
26257666,3520069632,12884901888
26263678,3520069632,12884901888
26269678,3640655872,12884901888
26275685,3520069632,12884901888
26281697,3520069632,12884901888
26287681,3520069632,12884901888
26293684,3520069632,12884901888
26299697,3520069632,12884901888
26305738,3520069632,12884901888
26311755,3520069632,12884901888
26317781,3520069632,12884901888
26323801,3520069632,12884901888
26329814,3645898752,12884901888
26335798,3519021056,12884901888
26341835,3519021056,12884901888
26347855,3519021056,12884901888
26353901,3519021056,12884901888
26359948,3519021056,12884901888
26365984,3519021056,12884901888
26372006,3519021056,12884901888
26378008,3519021056,12884901888
26384014,3519021056,12884901888
26389998,3660578816,12884901888
26396014,3523215360,12884901888
26402021,3523215360,12884901888
26408013,3523215360,12884901888
26414022,3523215360,12884901888
26420055,3523215360,12884901888
26426087,3523215360,12884901888
26432110,3523215360,12884901888
26438158,3523215360,12884901888
26444158,3523215360,12884901888
26450201,3789553664,12884901888
26456177,3627024384,12884901888
26462288,3638558720,12884901888
26468327,3638558720,12884901888
26474372,3638558720,12884901888
26480430,3638558720,12884901888
26486441,3638558720,12884901888
26492433,3638558720,12884901888
26498456,3638558720,12884901888
26504474,3638558720,12884901888
26510478,3638558720,12884901888
26516518,3706716160,12884901888
26522551,3730833408,12884901888
26528642,3705667584,12884901888
26534661,3705667584,12884901888
26540724,3705667584,12884901888
26546741,3705667584,12884901888
26552775,3705667584,12884901888
26558814,3705667584,12884901888
26564838,3705667584,12884901888
26570875,3705667584,12884901888
26576933,3692036096,12884901888
26582941,3692036096,12884901888
26588978,3692036096,12884901888
26595036,3692036096,12884901888
26601050,3692036096,12884901888
26607078,3692036096,12884901888
26613101,3692036096,12884901888
26619091,3692036096,12884901888
26625101,3692036096,12884901888
26631131,3692036096,12884901888
26637182,3695181824,12884901888
26643241,3695181824,12884901888
26649242,3695181824,12884901888
26655252,3695181824,12884901888
26661208,3695181824,12884901888
26667245,3695181824,12884901888
26673278,3695181824,12884901888
26679265,3695181824,12884901888
26685281,3695181824,12884901888
26691275,3695181824,12884901888
26697286,3746562048,12884901888
26703365,3747610624,12884901888
26709411,3747610624,12884901888
26715307,3747610624,12884901888
26721131,3747610624,12884901888
26726965,3747610624,12884901888
26732781,3747610624,12884901888
26738598,3747610624,12884901888
26744436,3747610624,12884901888
26750264,3747610624,12884901888
26756069,3837788160,12884901888
26761878,3719299072,12884901888
26767741,3719299072,12884901888
26773558,3719299072,12884901888
