timestamp_ms,value
2740,0
2751,100
2769,200
2776,300
2832,400
2835,500
2838,600
2842,700
2845,800
2848,900
2850,1000
2889,1100
2892,1200
2896,1300
2923,1400
2954,1500
2957,1600
2961,1700
2964,1800
2967,1900
2970,2000
2999,2100
3002,2200
3006,2300
3009,2400
3012,2500
3015,2600
3018,2700
3021,2800
3025,2900
3028,3000
3056,3100
3107,3200
3114,3300
3120,3400
3123,3500
3126,3600
3130,3700
3133,3800
3136,3900
3139,4000
3166,4100
3168,4200
3173,4300
3205,4400
3208,4500
3211,4600
3215,4700
3218,4800
3221,4900
3228,5000
3274,5100
3285,5200
3287,5300
3290,5400
3306,5500
3311,5600
3314,5700
3317,5800
3320,5900
3323,6000
3350,6100
3353,6200
3356,6300
3359,6400
3363,6500
3416,6600
3419,6700
3424,6800
3427,6900
3430,7000
3456,7100
3459,7200
3462,7300
3465,7400
3468,7500
3474,7600
3501,7700
3504,7800
3508,7900
3511,8000
3534,8100
3539,8200
3572,8300
3580,8400
3583,8500
3594,8600
3598,8700
3601,8800
3604,8900
3607,9000
3644,9100
3647,9200
3650,9300
3653,9400
3657,9500
3700,9600
3702,9700
3706,9800
3708,9900
3711,10000
3736,10100
3740,10200
3743,10300
3746,10400
3749,10500
3771,10600
3809,10700
3814,10800
3816,10900
3825,11000
3858,11100
3861,11200
3867,11300
3870,11400
3873,11500
3876,11600
3899,11700
3905,11800
3908,11900
3912,12000
3939,12100
3953,12200
3956,12300
3964,12400
3967,12500
3970,12600
3975,12700
3988,12800
3991,12900
3998,13000
4036,13100
4039,13200
4055,13300
4059,13400
4062,13500
4072,13600
4076,13700
4083,13800
4085,13900
4090,14000
4117,14100
4120,14200
4123,14300
4139,14400
4142,14500
4146,14600
4149,14700
4170,14800
4173,14900
4176,15000
4206,15100
4209,15200
4212,15300
4215,15400
4218,15500
4229,15600
4250,15700
4253,15800
4272,15900
4275,16000
4299,16100
4302,16200
4308,16300
4311,16400
4314,16500
4317,16600
4320,16700
4327,16800
4354,16900
4358,17000
4385,17100
4395,17200
4398,17300
4401,17400
4404,17500
4414,17600
4417,17700
4420,17800
4423,17900
4432,18000
4457,18100
4460,18200
4463,18300
4466,18400
4469,18500
4473,18600
4476,18700
4493,18800
4510,18900
4519,19000
4547,19100
4556,19200
4560,19300
4563,19400
4566,19500
4569,19600
4572,19700
4576,19800
4579,19900
4583,20000
4614,20100
4619,20200
4659,20300
4662,20400
4665,20500
4669,20600
4672,20700
4675,20800
4679,20900
4682,21000
4728,21100
4731,21200
4784,21300
4787,21400
4790,21500
4793,21600
4797,21700
4800,21800
4802,21900
4806,22000
4834,22100
4837,22200
4840,22300
4856,22400
4878,22500
4881,22600
4884,22700
4887,22800
4890,22900
4937,23000
4963,23100
4969,23200
4972,23300
4975,23400
4978,23500
4982,23600
4984,23700
4987,23800
4990,23900
5031,24000
5059,24100
5066,24200
5069,24300
5072,24400
5075,24500
5078,24600
5082,24700
5085,24800
5088,24900
5092,25000
5130,25100
5143,25200
5167,25300
5171,25400
5174,25500
5177,25600
5180,25700
5183,25800
5187,25900
5190,26000
5216,26100
5221,26200
5229,26300
5237,26400
5245,26500
5252,26600
5258,26700
5265,26800
5272,26900
5281,27000
5386,27100
5391,27200
5399,27300
5404,27400
5410,27500
5417,27600
5425,27700
5431,27800
5437,27900
5444,28000
5471,28100
5477,28200
5484,28300
5492,28400
5506,28500
5512,28600
5519,28700
5527,28800
5534,28900
5540,29000
5582,29100
5586,29200
5594,29300
5601,29400
5608,29500
5623,29600
5626,29700
5629,29800
5634,29900
5639,30000
5666,30100
5671,30200
5677,30300
5685,30400
5692,30500
5697,30600
5703,30700
5710,30800
5727,30900
5730,31000
5757,31100
5761,31200
5765,31300
5769,31400
5776,31500
5784,31600
5791,31700
5805,31800
5808,31900
5814,32000
5843,32100
5847,32200
5854,32300
5868,32400
5871,32500
5881,32600
5884,32700
5895,32800
5898,32900
5907,33000
5956,33100
5966,33200
5969,33300
5978,33400
6026,33500
6030,33600
6034,33700
6037,33800
6040,33900
6043,34000
6072,34100
6074,34200
6079,34300
6082,34400
6085,34500
6088,34600
6102,34700
6105,34800
6112,34900
6117,35000
6146,35100
6156,35200
6159,35300
6162,35400
6165,35500
6168,35600
6178,35700
6182,35800
6188,35900
6195,36000
6249,36100
6255,36200
6258,36300
6261,36400
6264,36500
6268,36600
6271,36700
6279,36800
6283,36900
6288,37000
6334,37100
6341,37200
6344,37300
6373,37400
6376,37500
6380,37600
6383,37700
6386,37800
6389,37900
6393,38000
6420,38100
6425,38200
6434,38300
6438,38400
6442,38500
6447,38600
6452,38700
6461,38800
6466,38900
6473,39000
6500,39100
6503,39200
6511,39300
6517,39400
6522,39500
6534,39600
6537,39700
6565,39800
6572,39900
6575,40000
6601,40100
6605,40200
6608,40300
6612,40400
6615,40500
6621,40600
6637,40700
6641,40800
6644,40900
6647,41000
6689,41100
6697,41200
6701,41300
6707,41400
6717,41500
6721,41600
6728,41700
6732,41800
6764,41900
6767,42000
6795,42100
6798,42200
6801,42300
6805,42400
6808,42500
6832,42600
6834,42700
6837,42800
6841,42900
6845,43000
6873,43100
6876,43200
6879,43300
6886,43400
6898,43500
6902,43600
6905,43700
6911,43800
6920,43900
6926,44000
6956,44100
6963,44200
6969,44300
6974,44400
6981,44500
6986,44600
7024,44700
7028,44800
7031,44900
7035,45000
7079,45100
7083,45200
7088,45300
7091,45400
7095,45500
7101,45600
7109,45700
7116,45800
7119,45900
7128,46000
7155,46100
7158,46200
7166,46300
7173,46400
7177,46500
7185,46600
7191,46700
7196,46800
7204,46900
7217,47000
7244,47100
7248,47200
7251,47300
7257,47400
7264,47500
7268,47600
7279,47700
7282,47800
7287,47900
7295,48000
7321,48100
7329,48200
7333,48300
7339,48400
7345,48500
7352,48600
7357,48700
7363,48800
7370,48900
7375,49000
7422,49100
7427,49200
7432,49300
7437,49400
7445,49500
7450,49600
7457,49700
7463,49800
7468,49900
7477,50000
7504,50100
7507,50200
7511,50300
7515,50400
7518,50500
7522,50600
7531,50700
7537,50800
7559,50900
7565,51000
7593,51100
7597,51200
7608,51300
7627,51400
7631,51500
7640,51600
7646,51700
7656,51800
7663,51900
7666,52000
7695,52100
7698,52200
7701,52300
7734,52400
7744,52500
7748,52600
7752,52700
7755,52800
7759,52900
7763,53000
7802,53100
7806,53200
7810,53300
7813,53400
7817,53500
7840,53600
7843,53700
7847,53800
7850,53900
7853,54000
7883,54100
7887,54200
7894,54300
7902,54400
7908,54500
7914,54600
7920,54700
7928,54800
7932,54900
7941,55000
7971,55100
7982,55200
7987,55300
7990,55400
7996,55500
8004,55600
8008,55700
8018,55800
8031,55900
8035,56000
8062,56100
8098,56200
8104,56300
8107,56400
8112,56500
8115,56600
8119,56700
8122,56800
8126,56900
8130,57000
8177,57100
8188,57200
8192,57300
8200,57400
8207,57500
8211,57600
8216,57700
8222,57800
8232,57900
8235,58000
8265,58100
8270,58200
8276,58300
8283,58400
8291,58500
8296,58600
8303,58700
8308,58800
8344,58900
8349,59000
8377,59100
8382,59200
8386,59300
8390,59400
8394,59500
8398,59600
8401,59700
8406,59800
8413,59900
8421,60000
8449,60100
8468,60200
8473,60300
8477,60400
8482,60500
8486,60600
8489,60700
8500,60800
8507,60900
8511,61000
8559,61100
8563,61200
8569,61300
8575,61400
8582,61500
8589,61600
8595,61700
8601,61800
8607,61900
8616,62000
8647,62100
8655,62200
8661,62300
8666,62400
8672,62500
8679,62600
8684,62700
8696,62800
8699,62900
8703,63000
8758,63100
8762,63200
8766,63300
8770,63400
8775,63500
8779,63600
8783,63700
8787,63800
8791,63900
8842,64000
8871,64100
8875,64200
8879,64300
8883,64400
8887,64500
8891,64600
8895,64700
8899,64800
8903,64900
8907,65000
8955,65100
8959,65200
8965,65300
8969,65400
8974,65500
8984,65600
8991,65700
8998,65800
9006,65900
9014,66000
9047,66100
9055,66200
9062,66300
9067,66400
9076,66500
9081,66600
9087,66700
9095,66800
9103,66900
9111,67000
9139,67100
9144,67200
9165,67300
9175,67400
9180,67500
9185,67600
9189,67700
9195,67800
9201,67900
9211,68000
9258,68100
9263,68200
9268,68300
9273,68400
9278,68500
9284,68600
9288,68700
9294,68800
9299,68900
9304,69000
9357,69100
9362,69200
9410,69300
9417,69400
9422,69500
9428,69600
9432,69700
9437,69800
9441,69900
9447,70000
9477,70100
9491,70200
9496,70300
9500,70400
9507,70500
9514,70600
9519,70700
9553,70800
9561,70900
9565,71000
9595,71100
9605,71200
9609,71300
9614,71400
9618,71500
9622,71600
9626,71700
9645,71800
9650,71900
9655,72000
9684,72100
9694,72200
9698,72300
9703,72400
9710,72500
9717,72600
9722,72700
9732,72800
9737,72900
9770,73000
9810,73100
9814,73200
9824,73300
9828,73400
9833,73500
9838,73600
9844,73700
9853,73800
9860,73900
9866,74000
9898,74100
9906,74200
9911,74300
9917,74400
9936,74500
9962,74600
9966,74700
9972,74800
9977,74900
9983,75000
10015,75100
10019,75200
10023,75300
10058,75400
10063,75500
10068,75600
10073,75700
10077,75800
10082,75900
10086,76000
10123,76100
10132,76200
10136,76300
10141,76400
10145,76500
10151,76600
10160,76700
10165,76800
10171,76900
10182,77000
10230,77100
10234,77200
10245,77300
10249,77400
10292,77500
10298,77600
10303,77700
10308,77800
10312,77900
10316,78000
10348,78100
10352,78200
10357,78300
10361,78400
10391,78500
10396,78600
10400,78700
10405,78800
10410,78900
10415,79000
10444,79100
10454,79200
10459,79300
10465,79400
10473,79500
10478,79600
10488,79700
10493,79800
10513,79900
10517,80000
10664,80100
10668,80200
10673,80300
10678,80400
10684,80500
10694,80600
10698,80700
10703,80800
10708,80900
10738,81000
10786,81100
10792,81200
10798,81300
10804,81400
10809,81500
10815,81600
10830,81700
10835,81800
10839,81900
10845,82000
10875,82100
10880,82200
10885,82300
10891,82400
10901,82500
10905,82600
10913,82700
10921,82800
10927,82900
10936,83000
10965,83100
10971,83200
10981,83300
10993,83400
10998,83500
11004,83600
11009,83700
11017,83800
11023,83900
11031,84000
11062,84100
11067,84200
11075,84300
11082,84400
11087,84500
11096,84600
11102,84700
11109,84800
11117,84900
11123,85000
11163,85100
11173,85200
11184,85300
11192,85400
11211,85500
11217,85600
11221,85700
11237,85800
11242,85900
11247,86000
11278,86100
11284,86200
11290,86300
11296,86400
11303,86500
11319,86600
11328,86700
11334,86800
11340,86900
11381,87000
11412,87100
11416,87200
11422,87300
11427,87400
11432,87500
11437,87600
11443,87700
11448,87800
11454,87900
11462,88000
11490,88100
11497,88200
11503,88300
11509,88400
11518,88500
11526,88600
11555,88700
11559,88800
11567,88900
11572,89000
11610,89100
11613,89200
11624,89300
11627,89400
11635,89500
11640,89600
11646,89700
11657,89800
11664,89900
11668,90000
11699,90100
11704,90200
11711,90300
11717,90400
11722,90500
11732,90600
11738,90700
11748,90800
11757,90900
11762,91000
11791,91100
11798,91200
11806,91300
11813,91400
11821,91500
11825,91600
11834,91700
11842,91800
11850,91900
11855,92000
11895,92100
11930,92200
11935,92300
11939,92400
11944,92500
11949,92600
11953,92700
11960,92800
11972,92900
11987,93000
12043,93100
12051,93200
12055,93300
12065,93400
12073,93500
12078,93600
12090,93700
12127,93800
12134,93900
12141,94000
12173,94100
12179,94200
12184,94300
12189,94400
12193,94500
12200,94600
12208,94700
12216,94800
12223,94900
12228,95000
12257,95100
12263,95200
12267,95300
12274,95400
12289,95500
12295,95600
12317,95700
12324,95800
12328,95900
12333,96000
12362,96100
12368,96200
12373,96300
12378,96400
12387,96500
12393,96600
12400,96700
12408,96800
12415,96900
12422,97000
12468,97100
12473,97200
12486,97300
12493,97400
12498,97500
12505,97600
12513,97700
12521,97800
12527,97900
12536,98000
12567,98100
12572,98200
12580,98300
12586,98400
12595,98500
12603,98600
12611,98700
12619,98800
12626,98900
12646,99000
12680,99100
12686,99200
12692,99300
12698,99400
12705,99500
12729,99600
12735,99700
12741,99800
12747,99900
12753,100000
12787,100100
12793,100200
12802,100300
12808,100400
12815,100500
12821,100600
12829,100700
12836,100800
12846,100900
12853,101000
12900,101100
12915,101200
12927,101300
12934,101400
12953,101500
12965,101600
12972,101700
12979,101800
12986,101900
12995,102000
13030,102100
13038,102200
13047,102300
13053,102400
13061,102500
13068,102600
13078,102700
13085,102800
13094,102900
13102,103000
13135,103100
13165,103200
13171,103300
13179,103400
13185,103500
13192,103600
13199,103700
13205,103800
13216,103900
13224,104000
13259,104100
13269,104200
13278,104300
13285,104400
13295,104500
13303,104600
13310,104700
13318,104800
13331,104900
13338,105000
13384,105100
13396,105200
13405,105300
13416,105400
13431,105500
13438,105600
13448,105700
13455,105800
13462,105900
13477,106000
13512,106100
13518,106200
13525,106300
13531,106400
13537,106500
13546,106600
13585,106700
13592,106800
13598,106900
13604,107000
13636,107100
13644,107200
13653,107300
13663,107400
13672,107500
13681,107600
13689,107700
13698,107800
13706,107900
13716,108000
13757,108100
13772,108200
13801,108300
13811,108400
13818,108500
13827,108600
13835,108700
13844,108800
13852,108900
13860,109000
13906,109100
13915,109200
13933,109300
13946,109400
13954,109500
13963,109600
13971,109700
13982,109800
13990,109900
13998,110000
14034,110100
14043,110200
14052,110300
14076,110400
14086,110500
14093,110600
14101,110700
14109,110800
14118,110900
14127,111000
14162,111100
14171,111200
14182,111300
14191,111400
14203,111500
14215,111600
14224,111700
14237,111800
14245,111900
14253,112000
14287,112100
14295,112200
14302,112300
14311,112400
14319,112500
14328,112600
14341,112700
14350,112800
14359,112900
14369,113000
14420,113100
14432,113200
14448,113300
14462,113400
14473,113500
14485,113600
14512,113700
14523,113800
14533,113900
14543,114000
14585,114100
14596,114200
14606,114300
14621,114400
14633,114500
14644,114600
14656,114700
14668,114800
14678,114900
14688,115000
14728,115100
14759,115200
14771,115300
14783,115400
14793,115500
14803,115600
14814,115700
14823,115800
14833,115900
14842,116000
14880,116100
14889,116200
14898,116300
14942,116400
14952,116500
14962,116600
14972,116700
14982,116800
14990,116900
15000,117000
15045,117100
15057,117200
15088,117300
15098,117400
15107,117500
15121,117600
15129,117700
15139,117800
15149,117900
15159,118000
15198,118100
15207,118200
15218,118300
15252,118400
15263,118500
15273,118600
15283,118700
15292,118800
15301,118900
15313,119000
15352,119100
15363,119200
15381,119300
15390,119400
15401,119500
15411,119600
15421,119700
15431,119800
15470,119900
15482,120000
15519,120100
15545,120200
15555,120300
15566,120400
15578,120500
15591,120600
15624,120700
15635,120800
15646,120900
15657,121000
15705,121100
15720,121200
15745,121300
15754,121400
15764,121500
15798,121600
15808,121700
15819,121800
15828,121900
15838,122000
15992,122100
16004,122200
16016,122300
16026,122400
16042,122500
16063,122600
16072,122700
16083,122800
16093,122900
16104,123000
16142,123100
16158,123200
16169,123300
16181,123400
16193,123500
16238,123600
16249,123700
16261,123800
16272,123900
16284,124000
16322,124100
16334,124200
16345,124300
16358,124400
16370,124500
16400,124600
16412,124700
16423,124800
16465,124900
16478,125000
16531,125100
16545,125200
16557,125300
16579,125400
16596,125500
16607,125600
16617,125700
16628,125800
16639,125900
16672,126000
16733,126100
16744,126200
16756,126300
16768,126400
16781,126500
16793,126600
16805,126700
16819,126800
16831,126900
16844,127000
16886,127100
16904,127200
16919,127300
16947,127400
16960,127500
16975,127600
16990,127700
17017,127800
17052,127900
17067,128000
17113,128100
17128,128200
17144,128300
17163,128400
17180,128500
17197,128600
17213,128700
17231,128800
17247,128900
17262,129000
17332,129100
17352,129200
17377,129300
17404,129400
17440,129500
17462,129600
17481,129700
17497,129800
17516,129900
17534,130000
17588,130100
17610,130200
17630,130300
17653,130400
17671,130500
17690,130600
17710,130700
17731,130800
17752,130900
17770,131000
17821,131100
17839,131200
17863,131300
17888,131400
17911,131500
17931,131600
17953,131700
17972,131800
17993,131900
18022,132000
18074,132100
18093,132200
18108,132300
18128,132400
18147,132500
18175,132600
18216,132700
18234,132800
18253,132900
18269,133000
18332,133100
18362,133200
18398,133300
18421,133400
18469,133500
18493,133600
18540,133700
18561,133800
18580,133900
18602,134000
18661,134100
18681,134200
18704,134300
18727,134400
18745,134500
18764,134600
18786,134700
18806,134800
18867,134900
18892,135000
18950,135100
18972,135200
18994,135300
19014,135400
19035,135500
19059,135600
19090,135700
19111,135800
19135,135900
19163,136000
19265,136100
19288,136200
19311,136300
19332,136400
19355,136500
19377,136600
19398,136700
19417,136800
19440,136900
19464,137000
19555,137100
19594,137200
19622,137300
19660,137400
19686,137500
19715,137600
19739,137700
19760,137800
19784,137900
19822,138000
19884,138100
19905,138200
19922,138300
19943,138400
19963,138500
19986,138600
20006,138700
20028,138800
20051,138900
20102,139000
20156,139100
20178,139200
20197,139300
20217,139400
20236,139500
20256,139600
20276,139700
20297,139800
20317,139900
20337,140000
20394,140100
20449,140200
20474,140300
20492,140400
20516,140500
20538,140600
20560,140700
20578,140800
20603,140900
20631,141000
20705,141100
20733,141200
20762,141300
20802,141400
20826,141500
20854,141600
20887,141700
20927,141800
20947,141900
20968,142000
21078,142100
21099,142200
21124,142300
21151,142400
21175,142500
21200,142600
21226,142700
21248,142800
21269,142900
21289,143000
21351,143100
21369,143200
21390,143300
21414,143400
21449,143500
21468,143600
21493,143700
21511,143800
21540,143900
21559,144000
21611,144100
21630,144200
21649,144300
21669,144400
21689,144500
21711,144600
21731,144700
21751,144800
21799,144900
21837,145000
21901,145100
21928,145200
21948,145300
21970,145400
21988,145500
22014,145600
22039,145700
22058,145800
22077,145900
22097,146000
22180,146100
22209,146200
22231,146300
22252,146400
22273,146500
22294,146600
22316,146700
22336,146800
22358,146900
22377,147000
22436,147100
22458,147200
22475,147300
22494,147400
22528,147500
22548,147600
22564,147700
22581,147800
22598,147900
22618,148000
22673,148100
22689,148200
22707,148300
22725,148400
22831,148500
22849,148600
22867,148700
22886,148800
22907,148900
22926,149000
23000,149100
23068,149200
23089,149300
23109,149400
23165,149500
23187,149600
23212,149700
23232,149800
23248,149900
23285,150000
23340,150100
23363,150200
23382,150300
23403,150400
23439,150500
23474,150600
23493,150700
23511,150800
23531,150900
23547,151000
23605,151100
23623,151200
23638,151300
23655,151400
23670,151500
23685,151600
23713,151700
23733,151800
23756,151900
23776,152000
23823,152100
23866,152200
23883,152300
23902,152400
23920,152500
23937,152600
23954,152700
23974,152800
23993,152900
24008,153000
24074,153100
24093,153200
24114,153300
24175,153400
24211,153500
24233,153600
24250,153700
24271,153800
24291,153900
24314,154000
24368,154100
24388,154200
24426,154300
24444,154400
24462,154500
24485,154600
24517,154700
24556,154800
24574,154900
24590,155000
24644,155100
24664,155200
24684,155300
24702,155400
24720,155500
24737,155600
24835,155700
24855,155800
24870,155900
24886,156000
24936,156100
24952,156200
24970,156300
24989,156400
25007,156500
25022,156600
25039,156700
25057,156800
25075,156900
25141,157000
25197,157100
25220,157200
25244,157300
25265,157400
25283,157500
25303,157600
25323,157700
25344,157800
25359,157900
25379,158000
25443,158100
25482,158200
25512,158300
25537,158400
25554,158500
25580,158600
25603,158700
25622,158800
25638,158900
25656,159000
25743,159100
25759,159200
25776,159300
25790,159400
25808,159500
25824,159600
25840,159700
25857,159800
25873,159900
25890,160000
25969,160100
26032,160200
26051,160300
26068,160400
26085,160500
26102,160600
26123,160700
26143,160800
26160,160900
26180,161000
26244,161100
26270,161200
26316,161300
26339,161400
26366,161500
26404,161600
26437,161700
26472,161800
26494,161900
26607,162000
26697,162100
26715,162200
26734,162300
26756,162400
26773,162500
26792,162600
26813,162700
26835,162800
26854,162900
26878,163000
26933,163100
27021,163200
27041,163300
27057,163400
27074,163500
27093,163600
27112,163700
27135,163800
27180,163900
27199,164000
27261,164100
27278,164200
27297,164300
27314,164400
27331,164500
27347,164600
27364,164700
27386,164800
27408,164900
27438,165000
27523,165100
27560,165200
27584,165300
27609,165400
27630,165500
27651,165600
27733,165700
27757,165800
27782,165900
27816,166000
27914,166100
27941,166200
27967,166300
27985,166400
28002,166500
28023,166600
28058,166700
28086,166800
28111,166900
28136,167000
28214,167100
28236,167200
28254,167300
28270,167400
28287,167500
28305,167600
28324,167700
28350,167800
28385,167900
28404,168000
28469,168100
28490,168200
28510,168300
28536,168400
28554,168500
28571,168600
28589,168700
28609,168800
28627,168900
28715,169000
28793,169100
28815,169200
28842,169300
28895,169400
28922,169500
28946,169600
28973,169700
29015,169800
29039,169900
29066,170000
29139,170100
29161,170200
29183,170300
29254,170400
29276,170500
29293,170600
29311,170700
29330,170800
29349,170900
29365,171000
29452,171100
29497,171200
29517,171300
29536,171400
29566,171500
29584,171600
29602,171700
29619,171800
29637,171900
29655,172000
29719,172100
29738,172200
29758,172300
29805,172400
29823,172500
29841,172600
29868,172700
29884,172800
29903,172900
29920,173000
29996,173100
30018,173200
30041,173300
30065,173400
30090,173500
30113,173600
30149,173700
30238,173800
30258,173900
30281,174000
30367,174100
30397,174200
30446,174300
30472,174400
30495,174500
30518,174600
30537,174700
30555,174800
30572,174900
30592,175000
30679,175100
30700,175200
30724,175300
30747,175400
30836,175500
30861,175600
30884,175700
30910,175800
30932,175900
30959,176000
31032,176100
31060,176200
31081,176300
31105,176400
31133,176500
31157,176600
31179,176700
31199,176800
31220,176900
31245,177000
31345,177100
31371,177200
31401,177300
31435,177400
31466,177500
31489,177600
31518,177700
31541,177800
31576,177900
31604,178000
31706,178100
31741,178200
31955,178300
31987,178400
32024,178500
32050,178600
32080,178700
32107,178800
32142,178900
32174,179000
32255,179100
32284,179200
32357,179300
32391,179400
32427,179500
32455,179600
32488,179700
32523,179800
32558,179900
32589,180000
32689,180100
32725,180200
32762,180300
32802,180400
32836,180500
32893,180600
32996,180700
33042,180800
33087,180900
33124,181000
33262,181100
33319,181200
33385,181300
33445,181400
33512,181500
33620,181600
33662,181700
33695,181800
33737,181900
33787,182000
33925,182100
33973,182200
34017,182300
34055,182400
34094,182500
34135,182600
34163,182700
34193,182800
34251,182900
34338,183000
34509,183100
34556,183200
34577,183300
34619,183400
34660,183500
34697,183600
34734,183700
34773,183800
34815,183900
34856,184000
34990,184100
35027,184200
35074,184300
35200,184400
35268,184500
35327,184600
35384,184700
35451,184800
35495,184900
35544,185000
35768,185100
35823,185200
35878,185300
35965,185400
36088,185500
36160,185600
36207,185700
36240,185800
36275,185900
36307,186000
36451,186100
36493,186200
36542,186300
36595,186400
36653,186500
36700,186600
36772,186700
36814,186800
36853,186900
36890,187000
37007,187100
37041,187200
37085,187300
37121,187400
37161,187500
37200,187600
37244,187700
37285,187800
37344,187900
37377,188000
37491,188100
37526,188200
37561,188300
37607,188400
37654,188500
37701,188600
37745,188700
37782,188800
37813,188900
37856,189000
37975,189100
38028,189200
38127,189300
38228,189400
38285,189500
38342,189600
38410,189700
38474,189800
38555,189900
38602,190000
38758,190100
38808,190200
38857,190300
38908,190400
38983,190500
39031,190600
39081,190700
39118,190800
39160,190900
39199,191000
39319,191100
39369,191200
39421,191300
39468,191400
39545,191500
39597,191600
39663,191700
39720,191800
39766,191900
39810,192000
39964,192100
40003,192200
40042,192300
40105,192400
40150,192500
40195,192600
40240,192700
40285,192800
40369,192900
40413,193000
40572,193100
40624,193200
40680,193300
40741,193400
40835,193500
40897,193600
40981,193700
41057,193800
41130,193900
41196,194000
41366,194100
41428,194200
41491,194300
41577,194400
41651,194500
41700,194600
41752,194700
41805,194800
41847,194900
41898,195000
42057,195100
42104,195200
42146,195300
42191,195400
42233,195500
42288,195600
42333,195700
42374,195800
42420,195900
42549,196000
42808,196100
42851,196200
42894,196300
42933,196400
42985,196500
43038,196600
43084,196700
43131,196800
43170,196900
43212,197000
43388,197100
43468,197200
43636,197300
43707,197400
43774,197500
43850,197600
43904,197700
43964,197800
44025,197900
44101,198000
44267,198100
44313,198200
44364,198300
44427,198400
44478,198500
44534,198600
44640,198700
44688,198800
44733,198900
44778,199000
44909,199100
44946,199200
44987,199300
45032,199400
45083,199500
45133,199600
45184,199700
45228,199800
45279,199900
45318,200000
45447,200100
45560,200200
45609,200300
45654,200400
45695,200500
45743,200600
45802,200700
45847,200800
45894,200900
45948,201000
46164,201100
46222,201200
46282,201300
46353,201400
46493,201500
46564,201600
46637,201700
46707,201800
46790,201900
46888,202000
47068,202100
47141,202200
47212,202300
47263,202400
47326,202500
47381,202600
47437,202700
47486,202800
47534,202900
47580,203000
47726,203100
47777,203200
47832,203300
47876,203400
47930,203500
47996,203600
48063,203700
48166,203800
48218,203900
48271,204000
48426,204100
48475,204200
48542,204300
48595,204400
48642,204500
48711,204600
48766,204700
48818,204800
48871,204900
48921,205000
49107,205100
49145,205200
49198,205300
49248,205400
49312,205500
49373,205600
49451,205700
49535,205800
49595,205900
49646,206000
49979,206100
50030,206200
50086,206300
50127,206400
50170,206500
50220,206600
50268,206700
50320,206800
50393,206900
50442,207000
50574,207100
50616,207200
50663,207300
50728,207400
50764,207500
50805,207600
50849,207700
50889,207800
50934,207900
50986,208000
51118,208100
51180,208200
51232,208300
51305,208400
51351,208500
51405,208600
51461,208700
51510,208800
51568,208900
51622,209000
51821,209100
51913,209200
52043,209300
52101,209400
52168,209500
52252,209600
52316,209700
52384,209800
52453,209900
52505,210000
52723,210100
52828,210200
52879,210300
52933,210400
52977,210500
53017,210600
53058,210700
53096,210800
53156,210900
53212,211000
53497,211100
53600,211200
53653,211300
53698,211400
53750,211500
53809,211600
53854,211700
53908,211800
53961,211900
54026,212000
54220,212100
54292,212200
54353,212300
54436,212400
54537,212500
54600,212600
54676,212700
54755,212800
54812,212900
54872,213000
55118,213100
55201,213200
55273,213300
55359,213400
55450,213500
55531,213600
55616,213700
55693,213800
55785,213900
55858,214000
56146,214100
56208,214200
56268,214300
56314,214400
56365,214500
56404,214600
56450,214700
56505,214800
56575,214900
56631,215000
56806,215100
56868,215200
56969,215300
57022,215400
57076,215500
57124,215600
57173,215700
57246,215800
57312,215900
57377,216000
57578,216100
57658,216200
57787,216300
57854,216400
57910,216500
57981,216600
58069,216700
58148,216800
58219,216900
58303,217000
58582,217100
58685,217200
58785,217300
58909,217400
58994,217500
59073,217600
59213,217700
59327,217800
59412,217900
59506,218000
59806,218100
59873,218200
59944,218300
60025,218400
60106,218500
60179,218600
60254,218700
60311,218800
60365,218900
60424,219000
60646,219100
60740,219200
60801,219300
60868,219400
60928,219500
60994,219600
61066,219700
61121,219800
61175,219900
61239,220000
61443,220100
61523,220200
61593,220300
61673,220400
61740,220500
61855,220600
61929,220700
62008,220800
62083,220900
62152,221000
62419,221100
62512,221200
62600,221300
62690,221400
62760,221500
62851,221600
62924,221700
63013,221800
63114,221900
63208,222000
63528,222100
63671,222200
63847,222300
63927,222400
64022,222500
64102,222600
64179,222700
64259,222800
64329,222900
64405,223000
64606,223100
64682,223200
64748,223300
64817,223400
64894,223500
64964,223600
65064,223700
65149,223800
65226,223900
65288,224000
65491,224100
65562,224200
65629,224300
65719,224400
65811,224500
65897,224600
65991,224700
66077,224800
66165,224900
66225,225000
66495,225100
66593,225200
66704,225300
66807,225400
66922,225500
67024,225600
67129,225700
67223,225800
67322,225900
67417,226000
67892,226100
68000,226200
68072,226300
68121,226400
68177,226500
68242,226600
68310,226700
68370,226800
68426,226900
68477,227000
68655,227100
68715,227200
68881,227300
68938,227400
69016,227500
69077,227600
69138,227700
69192,227800
69271,227900
69344,228000
69664,228100
69746,228200
69837,228300
69925,228400
70061,228500
70136,228600
70220,228700
70303,228800
70402,228900
70475,229000
70720,229100
70838,229200
70947,229300
71082,229400
71215,229500
71388,229600
71523,229700
71671,229800
71814,229900
71935,230000
72294,230100
72421,230200
72524,230300
72649,230400
72775,230500
72867,230600
72952,230700
73043,230800
73162,230900
73230,231000
73483,231100
73555,231200
73628,231300
73714,231400
73806,231500
73898,231600
73992,231700
74060,231800
74153,231900
74226,232000
74478,232100
74570,232200
74636,232300
74701,232400
74768,232500
74853,232600
74950,232700
75030,232800
75120,232900
75229,233000
75558,233100
75691,233200
75794,233300
75897,233400
76006,233500
76114,233600
76278,233700
76381,233800
76529,233900
76640,234000
77326,234100
77482,234200
77599,234300
77704,234400
77796,234500
77900,234600
78007,234700
78122,234800
78214,234900
78314,235000
78562,235100
78653,235200
78735,235300
78818,235400
78914,235500
78997,235600
79082,235700
79157,235800
79235,235900
79312,236000
79586,236100
79683,236200
79782,236300
79897,236400
80061,236500
80145,236600
80245,236700
80391,236800
80455,236900
80530,237000
80870,237100
80962,237200
81067,237300
81160,237400
81253,237500
81365,237600
81461,237700
81603,237800
81699,237900
81783,238000
82175,238100
82288,238200
82429,238300
82553,238400
82635,238500
82722,238600
82806,238700
82887,238800
82953,238900
83028,239000
83244,239100
83304,239200
83366,239300
83429,239400
83519,239500
83612,239600
83671,239700
83742,239800
83815,239900
83887,240000
84117,240100
84210,240200
84280,240300
84339,240400
84395,240500
84479,240600
84538,240700
84597,240800
84668,240900
84726,241000
84938,241100
85034,241200
85158,241300
85229,241400
85302,241500
85372,241600
85435,241700
85486,241800
85577,241900
85680,242000
85979,242100
86101,242200
86241,242300
86363,242400
86552,242500
86663,242600
86771,242700
86854,242800
86915,242900
86968,243000
87178,243100
87241,243200
87314,243300
87373,243400
87446,243500
87525,243600
87586,243700
87666,243800
87748,243900
87810,244000
87980,244100
88040,244200
88105,244300
88169,244400
88223,244500
88300,244600
88355,244700
88415,244800
88461,244900
88533,245000
88723,245100
88797,245200
88847,245300
88904,245400
88961,245500
89031,245600
89122,245700
89183,245800
89241,245900
89295,246000
89507,246100
89607,246200
89759,246300
89831,246400
89907,246500
89979,246600
90055,246700
90125,246800
90209,246900
90285,247000
90485,247100
90578,247200
90650,247300
90707,247400
90770,247500
90847,247600
90944,247700
90997,247800
91052,247900
91123,248000
91307,248100
91377,248200
91445,248300
91513,248400
91577,248500
91637,248600
91694,248700
91748,248800
91803,248900
91896,249000
92165,249100
92256,249200
92360,249300
92469,249400
92592,249500
92684,249600
92772,249700
92834,249800
92929,249900
92987,250000
93225,250100
93315,250200
93402,250300
93487,250400
93584,250500
93670,250600
93762,250700
93853,250800
93941,250900
94053,251000
94232,251100
94326,251200
94391,251300
94445,251400
94491,251500
94546,251600
94591,251700
94656,251800
94742,251900
94814,252000
94997,252100
95080,252200
95226,252300
95311,252400
95403,252500
95471,252600
95543,252700
95609,252800
95674,252900
95753,253000
96095,253100
96216,253200
96353,253300
96515,253400
96665,253500
96769,253600
96865,253700
96944,253800
97057,253900
97121,254000
97373,254100
97470,254200
97573,254300
97680,254400
97805,254500
97924,254600
98032,254700
98144,254800
98275,254900
98346,255000
98564,255100
98632,255200
98687,255300
98737,255400
98797,255500
98851,255600
98904,255700
98966,255800
99051,255900
99136,256000
99364,256100
99450,256200
99523,256300
99594,256400
99671,256500
99744,256600
99810,256700
99881,256800
99934,256900
99998,257000
100246,257100
100401,257200
100471,257300
100535,257400
100605,257500
100679,257600
100735,257700
100797,257800
100851,257900
100913,258000
101138,258100
101209,258200
101278,258300
101465,258400
101536,258500
101630,258600
101728,258700
101802,258800
101903,258900
101965,259000
102202,259100
102268,259200
102336,259300
102393,259400
102459,259500
102520,259600
102604,259700
102676,259800
102760,259900
102824,260000
103028,260100
103117,260200
103210,260300
103272,260400
103356,260500
103420,260600
103482,260700
103547,260800
103617,260900
103698,261000
103976,261100
104092,261200
104231,261300
104333,261400
104419,261500
104492,261600
104565,261700
104631,261800
104683,261900
104731,262000
104951,262100
105023,262200
105106,262300
105178,262400
105260,262500
105389,262600
105483,262700
105556,262800
105638,262900
105713,263000
105936,263100
105998,263200
106067,263300
106129,263400
106193,263500
106255,263600
106373,263700
106426,263800
106507,263900
106569,264000
106735,264100
106815,264200
106886,264300
106966,264400
107046,264500
107111,264600
107201,264700
107277,264800
107358,264900
107441,265000
107726,265100
107879,265200
108010,265300
108122,265400
108201,265500
108300,265600
108404,265700
108502,265800
108593,265900
108675,266000
108923,266100
108994,266200
109074,266300
109141,266400
109310,266500
109388,266600
109464,266700
109561,266800
109640,266900
109718,267000
109917,267100
109996,267200
110057,267300
110110,267400
110173,267500
110245,267600
110310,267700
110373,267800
110430,267900
110509,268000
110710,268100
110816,268200
110924,268300
111036,268400
111168,268500
111328,268600
111451,268700
111559,268800
111649,268900
111727,269000
112137,269100
112262,269200
112437,269300
112541,269400
112682,269500
112777,269600
112910,269700
113030,269800
113108,269900
113219,270000
113482,270100
113573,270200
113721,270300
113911,270400
114078,270500
114210,270600
114328,270700
114455,270800
114598,270900
114740,271000
115474,271100
115564,271200
115654,271300
115732,271400
115829,271500
115942,271600
116104,271700
116214,271800
116357,271900
116493,272000
116881,272100
117034,272200
117156,272300
117250,272400
117347,272500
117463,272600
117579,272700
117688,272800
117792,272900
117909,273000
118464,273100
118687,273200
118894,273300
119079,273400
119187,273500
119296,273600
119390,273700
119471,273800
119545,273900
119645,274000
119967,274100
120049,274200
120173,274300
120283,274400
120378,274500
120506,274600
120666,274700
120757,274800
120834,274900
120930,275000
121229,275100
121311,275200
121414,275300
121509,275400
121590,275500
121696,275600
121806,275700
121889,275800
121985,275900
122066,276000
122345,276100
122454,276200
122552,276300
122632,276400
122715,276500
122835,276600
122960,276700
123055,276800
123147,276900
123228,277000
123664,277100
123820,277200
123912,277300
124002,277400
124125,277500
124225,277600
124357,277700
124530,277800
124617,277900
124692,278000
124956,278100
125108,278200
125219,278300
125352,278400
125454,278500
125544,278600
125649,278700
125737,278800
125845,278900
126000,279000
126262,279100
126364,279200
126440,279300
126543,279400
126620,279500
126697,279600
126778,279700
126863,279800
126941,279900
127029,280000
127302,280100
127383,280200
127476,280300
127594,280400
127687,280500
127800,280600
127894,280700
127974,280800
128070,280900
128169,281000
128531,281100
128653,281200
128799,281300
128971,281400
129122,281500
129338,281600
129532,281700
129723,281800
129819,281900
129924,282000
130319,282100
130454,282200
130552,282300
130653,282400
130743,282500
130844,282600
130965,282700
131100,282800
131233,282900
131359,283000
131674,283100
131771,283200
131862,283300
131945,283400
132044,283500
132122,283600
132219,283700
132295,283800
132372,283900
132501,284000
134336,284100
134460,284200
134559,284300
134700,284400
134842,284500
134953,284600
135080,284700
135166,284800
135291,284900
135416,285000
136224,285100
136390,285200
136511,285300
136661,285400
136861,285500
136986,285600
137095,285700
137207,285800
137341,285900
137468,286000
137793,286100
137882,286200
137986,286300
138117,286400
138232,286500
138345,286600
138463,286700
138608,286800
138749,286900
138893,287000
139216,287100
139310,287200
139421,287300
139664,287400
139775,287500
139885,287600
140031,287700
140168,287800
140338,287900
140444,288000
143427,288100
143548,288200
143674,288300
143906,288400
144036,288500
144160,288600
144303,288700
144484,288800
144670,288900
144810,289000
145324,289100
145479,289200
145615,289300
145780,289400
145952,289500
146100,289600
146244,289700
146426,289800
146611,289900
146795,290000
147317,290100
147451,290200
147626,290300
147756,290400
147935,290500
148085,290600
148177,290700
148298,290800
148455,290900
148555,291000
148994,291100
149096,291200
149252,291300
149372,291400
149482,291500
149628,291600
149739,291700
149860,291800
149992,291900
150068,292000
150505,292100
150613,292200
150745,292300
150900,292400
151040,292500
151165,292600
151303,292700
151423,292800
151563,292900
151696,293000
152259,293100
152444,293200
152661,293300
152818,293400
153013,293500
153184,293600
153375,293700
153574,293800
153727,293900
153890,294000
154347,294100
154478,294200
154609,294300
154775,294400
154913,294500
155087,294600
155218,294700
155355,294800
155491,294900
155646,295000
156079,295100
156260,295200
156349,295300
156443,295400
156525,295500
156595,295600
156750,295700
156843,295800
156948,295900
157053,296000
157390,296100
157560,296200
157669,296300
157783,296400
157889,296500
158010,296600
158112,296700
158199,296800
158316,296900
158440,297000
158988,297100
159194,297200
159361,297300
159584,297400
159771,297500
160018,297600
160210,297700
160371,297800
160525,297900
160703,298000
161439,298100
161639,298200
161805,298300
161979,298400
162247,298500
162423,298600
162575,298700
162760,298800
162919,298900
163064,299000
163550,299100
163713,299200
163878,299300
163998,299400
164146,299500
164272,299600
164394,299700
164533,299800
164733,299900
164855,300000
165360,300100
165460,300200
165612,300300
165756,300400
165896,300500
166011,300600
166131,300700
166256,300800
166384,300900
166504,301000
167003,301100
167137,301200
167371,301300
167536,301400
167674,301500
167824,301600
167958,301700
168114,301800
168255,301900
168458,302000
168976,302100
169126,302200
169288,302300
169473,302400
169599,302500
169755,302600
169881,302700
170073,302800
170235,302900
170359,303000
170764,303100
170899,303200
171004,303300
171124,303400
171251,303500
171359,303600
171488,303700
171602,303800
171766,303900
171939,304000
172366,304100
172475,304200
172620,304300
172759,304400
172898,304500
173031,304600
173128,304700
173225,304800
173369,304900
173504,305000
173957,305100
174212,305200
174478,305300
174647,305400
174820,305500
174987,305600
175132,305700
175281,305800
175395,305900
175604,306000
176164,306100
176314,306200
176539,306300
176707,306400
176963,306500
177167,306600
177519,306700
177642,306800
177749,306900
177872,307000
178174,307100
178262,307200
178410,307300
178512,307400
178628,307500
178795,307600
178901,307700
179032,307800
179195,307900
179326,308000
179606,308100
179720,308200
179816,308300
179917,308400
180087,308500
180235,308600
180401,308700
180596,308800
180731,308900
180891,309000
181449,309100
181584,309200
181700,309300
181835,309400
182011,309500
182143,309600
182331,309700
182524,309800
182721,309900
183058,310000
183544,310100
183701,310200
183855,310300
183967,310400
184098,310500
184241,310600
184374,310700
184518,310800
184680,310900
184792,311000
185209,311100
185356,311200
185492,311300
185689,311400
185847,311500
185988,311600
186101,311700
186213,311800
186334,311900
186461,312000
186852,312100
186985,312200
187120,312300
187234,312400
187373,312500
187505,312600
187660,312700
187881,312800
188037,312900
188158,313000
188702,313100
188867,313200
189047,313300
189271,313400
189440,313500
189630,313600
189779,313700
189946,313800
190167,313900
190476,314000
191028,314100
191264,314200
191405,314300
191525,314400
191658,314500
191791,314600
191892,314700
192007,314800
192130,314900
192287,315000
192762,315100
192877,315200
193115,315300
193246,315400
193399,315500
193518,315600
193780,315700
193905,315800
194143,315900
194245,316000
194609,316100
194716,316200
194861,316300
194965,316400
195077,316500
195248,316600
195368,316700
195501,316800
195614,316900
195792,317000
196155,317100
196287,317200
196466,317300
196646,317400
196843,317500
197011,317600
197166,317700
197342,317800
197486,317900
197764,318000
198260,318100
198390,318200
198515,318300
198609,318400
198745,318500
198876,318600
199170,318700
199371,318800
199495,318900
199629,319000
200061,319100
200180,319200
200316,319300
200398,319400
200512,319500
200684,319600
200784,319700
200941,319800
201241,319900
201407,320000
201824,320100
201938,320200
202048,320300
202176,320400
202268,320500
202394,320600
202580,320700
202732,320800
202882,320900
203077,321000
203665,321100
203875,321200
204069,321300
204258,321400
204570,321500
204800,321600
204958,321700
205116,321800
205344,321900
205565,322000
206191,322100
206425,322200
206688,322300
206974,322400
207162,322500
207373,322600
207592,322700
207821,322800
208053,322900
208349,323000
208800,323100
208937,323200
209101,323300
209297,323400
209437,323500
209566,323600
209733,323700
209999,323800
210101,323900
210310,324000
210722,324100
210900,324200
211037,324300
211193,324400
211407,324500
211603,324600
211739,324700
211887,324800
212029,324900
212185,325000
212779,325100
213026,325200
213267,325300
213531,325400
213774,325500
214016,325600
214296,325700
214518,325800
214749,325900
214928,326000
215673,326100
215871,326200
216048,326300
216279,326400
216441,326500
216625,326600
216858,326700
217020,326800
217215,326900
217374,327000
221468,327100
221639,327200
221843,327300
222033,327400
222213,327500
222380,327600
222535,327700
222739,327800
222925,327900
223062,328000
223542,328100
223761,328200
223950,328300
224116,328400
224263,328500
224412,328600
224566,328700
224735,328800
224969,328900
225169,329000
225683,329100
225886,329200
226299,329300
226563,329400
226820,329500
227054,329600
227292,329700
227615,329800
227924,329900
228153,330000
228803,330100
229022,330200
229323,330300
229615,330400
229863,330500
230061,330600
230303,330700
230547,330800
230737,330900
230950,331000
236556,331100
236944,331200
237190,331300
237460,331400
237671,331500
237879,331600
238125,331700
238357,331800
238554,331900
238764,332000
239298,332100
239453,332200
239647,332300
239884,332400
240122,332500
240319,332600
240613,332700
240825,332800
241017,332900
241190,333000
243510,333100
243819,333200
244307,333300
244675,333400
244953,333500
245150,333600
245312,333700
245498,333800
245686,333900
245836,334000
246451,334100
246597,334200
246809,334300
247099,334400
247350,334500
247807,334600
248079,334700
248295,334800
248538,334900
248725,335000
249285,335100
249491,335200
249721,335300
249914,335400
250118,335500
250324,335600
250487,335700
250609,335800
250741,335900
250926,336000
251432,336100
251600,336200
251714,336300
251998,336400
252137,336500
252308,336600
252522,336700
252754,336800
252886,336900
253142,337000
253696,337100
253961,337200
254202,337300
254433,337400
254751,337500
254988,337600
255247,337700
255449,337800
255730,337900
256089,338000
256781,338100
257062,338200
257340,338300
257692,338400
257914,338500
258251,338600
258703,338700
259072,338800
259356,338900
259609,339000
260367,339100
260598,339200
260817,339300
261072,339400
261223,339500
261508,339600
261707,339700
261922,339800
262104,339900
262263,340000
262843,340100
263040,340200
263300,340300
263487,340400
263964,340500
264268,340600
264475,340700
264647,340800
264790,340900
264932,341000
265597,341100
265833,341200
266068,341300
266372,341400
266549,341500
266843,341600
267085,341700
267421,341800
267686,341900
267937,342000
268508,342100
268699,342200
268881,342300
269083,342400
269461,342500
269807,342600
270065,342700
270435,342800
270764,342900
270997,343000
271679,343100
271942,343200
272203,343300
272524,343400
272793,343500
273125,343600
273337,343700
273552,343800
273800,343900
274023,344000
274781,344100
274923,344200
275086,344300
275302,344400
275523,344500
275748,344600
275996,344700
276247,344800
276464,344900
276675,345000
277258,345100
277502,345200
277751,345300
278012,345400
278276,345500
278681,345600
278906,345700
279239,345800
279564,345900
279776,346000
280575,346100
280808,346200
281095,346300
281293,346400
281482,346500
281707,346600
281869,346700
282094,346800
282362,346900
282569,347000
283151,347100
283408,347200
283648,347300
283855,347400
284094,347500
284336,347600
284499,347700
284745,347800
284982,347900
285203,348000
285874,348100
286083,348200
286307,348300
286515,348400
286744,348500
286976,348600
287265,348700
287498,348800
287768,348900
287910,349000
288476,349100
288651,349200
288831,349300
289075,349400
289224,349500
289418,349600
289692,349700
289916,349800
290198,349900
290490,350000
291366,350100
291613,350200
291886,350300
292125,350400
292305,350500
292581,350600
292805,350700
293012,350800
293246,350900
293491,351000
294126,351100
294399,351200
294666,351300
294877,351400
295192,351500
295428,351600
295675,351700
295860,351800
296178,351900
296610,352000
297324,352100
297562,352200
297799,352300
298010,352400
298240,352500
298517,352600
298766,352700
298974,352800
299249,352900
299515,353000
300187,353100
300456,353200
300742,353300
301055,353400
301436,353500
301912,353600
302210,353700
302426,353800
302744,353900
303024,354000
303780,354100
304086,354200
304424,354300
304735,354400
304987,354500
305259,354600
305623,354700
305915,354800
306240,354900
306557,355000
314759,355100
315057,355200
315392,355300
315750,355400
316023,355500
316391,355600
316634,355700
316890,355800
317158,355900
317496,356000
318278,356100
318513,356200
318768,356300
319046,356400
319385,356500
319638,356600
319948,356700
320141,356800
320398,356900
320653,357000
321381,357100
321786,357200
322079,357300
322354,357400
322660,357500
322973,357600
323524,357700
323923,357800
324281,357900
324548,358000
325307,358100
325774,358200
326161,358300
326530,358400
326877,358500
327269,358600
327646,358700
327917,358800
328278,358900
328807,359000
329625,359100
329899,359200
330274,359300
330514,359400
330703,359500
331021,359600
331243,359700
331377,359800
331592,359900
331776,360000
332360,360100
332650,360200
332966,360300
333199,360400
333501,360500
333807,360600
334235,360700
334469,360800
334667,360900
334971,361000
335905,361100
336270,361200
336805,361300
337177,361400
337509,361500
337931,361600
338460,361700
338762,361800
339179,361900
339625,362000
340648,362100
341033,362200
341299,362300
341639,362400
341891,362500
342195,362600
342525,362700
342834,362800
343041,362900
343432,363000
344200,363100
344579,363200
345134,363300
345568,363400
345820,363500
346082,363600
346341,363700
346603,363800
346826,363900
347121,364000
347833,364100
348213,364200
348628,364300
349171,364400
349779,364500
350340,364600
350857,364700
351341,364800
351944,364900
352322,365000
354346,365100
354855,365200
355309,365300
355924,365400
356360,365500
356768,365600
357044,365700
357414,365800
357714,365900
357982,366000
359050,366100
359373,366200
359660,366300
360059,366400
360339,366500
360589,366600
360858,366700
361258,366800
361531,366900
361835,367000
362801,367100
363232,367200
363520,367300
363965,367400
364504,367500
365033,367600
365543,367700
366039,367800
366655,367900
367096,368000
368422,368100
368757,368200
369026,368300
369744,368400
370368,368500
371004,368600
371737,368700
372353,368800
372594,368900
372828,369000
373999,369100
374350,369200
374754,369300
375021,369400
375422,369500
375849,369600
376156,369700
376409,369800
376703,369900
376974,370000
377799,370100
378213,370200
378592,370300
378880,370400
379175,370500
379457,370600
379707,370700
379966,370800
380174,370900
380414,371000
381287,371100
381616,371200
381873,371300
382336,371400
382827,371500
383119,371600
383382,371700
383650,371800
383882,371900
384123,372000
384913,372100
385125,372200
385423,372300
385663,372400
385977,372500
386242,372600
386827,372700
387277,372800
387562,372900
387754,373000
388721,373100
389120,373200
389401,373300
389822,373400
390177,373500
390631,373600
391029,373700
391512,373800
392047,373900
392462,374000
393617,374100
394014,374200
394369,374300
394771,374400
395148,374500
395531,374600
395957,374700
396305,374800
396729,374900
397135,375000
398169,375100
398503,375200
398942,375300
399342,375400
399761,375500
400056,375600
400382,375700
400695,375800
400965,375900
401289,376000
402008,376100
402262,376200
402561,376300
402769,376400
403096,376500
403377,376600
403610,376700
403930,376800
404433,376900
404767,377000
405696,377100
406100,377200
406480,377300
406733,377400
407138,377500
407528,377600
407923,377700
408528,377800
408937,377900
409330,378000
410357,378100
410952,378200
411567,378300
411966,378400
412461,378500
412883,378600
413278,378700
413631,378800
414027,378900
414403,379000
415494,379100
415860,379200
416405,379300
416749,379400
417148,379500
417406,379600
417769,379700
418292,379800
418723,379900
419020,380000
419967,380100
420253,380200
420790,380300
421161,380400
421424,380500
421784,380600
422109,380700
422415,380800
422740,380900
423134,381000
438036,381100
438759,381200
439267,381300
439750,381400
440204,381500
440728,381600
441166,381700
441699,381800
442370,381900
442943,382000
452308,382100
453029,382200
453579,382300
454064,382400
454466,382500
454825,382600
455278,382700
455670,382800
455978,382900
456413,383000
457358,383100
457745,383200
458356,383300
458710,383400
459227,383500
459616,383600
459950,383700
460294,383800
460627,383900
460917,384000
461882,384100
462264,384200
462615,384300
462987,384400
463341,384500
463768,384600
464164,384700
464523,384800
464936,384900
465327,385000
466411,385100
466858,385200
467352,385300
467765,385400
468265,385500
468700,385600
469371,385700
469756,385800
470040,385900
470402,386000
474675,386100
475186,386200
475769,386300
476194,386400
476755,386500
477170,386600
477547,386700
477939,386800
478454,386900
478773,387000
479886,387100
480515,387200
481004,387300
481406,387400
481895,387500
482301,387600
482657,387700
483113,387800
483509,387900
484235,388000
492299,388100
492984,388200
493594,388300
494176,388400
494574,388500
495095,388600
495590,388700
496233,388800
496848,388900
497299,389000
498596,389100
499617,389200
500162,389300
500733,389400
501575,389500
502410,389600
502998,389700
503508,389800
504077,389900
504507,390000
505960,390100
506409,390200
506929,390300
507275,390400
507993,390500
508446,390600
508857,390700
509217,390800
509759,390900
510157,391000
511112,391100
511502,391200
511883,391300
512415,391400
512767,391500
513308,391600
513613,391700
514113,391800
514669,391900
515084,392000
516161,392100
516670,392200
517027,392300
517402,392400
517850,392500
518164,392600
518528,392700
519038,392800
519505,392900
519940,393000
521144,393100
521850,393200
522417,393300
523171,393400
524076,393500
524819,393600
525420,393700
525923,393800
526291,393900
526802,394000
528307,394100
529052,394200
529600,394300
530332,394400
530705,394500
531209,394600
531698,394700
532073,394800
532657,394900
533071,395000
534406,395100
535043,395200
535674,395300
536258,395400
536730,395500
537124,395600
537801,395700
538268,395800
538634,395900
539075,396000
540334,396100
541134,396200
541655,396300
542192,396400
542613,396500
543034,396600
543472,396700
543896,396800
544282,396900
544734,397000
546000,397100
546754,397200
547541,397300
548095,397400
548764,397500
549366,397600
549856,397700
550618,397800
551060,397900
551547,398000
552888,398100
553456,398200
553953,398300
554589,398400
555135,398500
555752,398600
556363,398700
557137,398800
557958,398900
558438,399000
559732,399100
560330,399200
560876,399300
561471,399400
562181,399500
562899,399600
563874,399700
564744,399800
565578,399900
566097,400000
567540,400100
568185,400200
568804,400300
569254,400400
569836,400500
570454,400600
571055,400700
571609,400800
572200,400900
572814,401000
574659,401100
575394,401200
576260,401300
577204,401400
577983,401500
578558,401600
579236,401700
579796,401800
580662,401900
581134,402000
582478,402100
582870,402200
583274,402300
583722,402400
584170,402500
584911,402600
585603,402700
586206,402800
586734,402900
587215,403000
588494,403100
588990,403200
589627,403300
590098,403400
590512,403500
591183,403600
591670,403700
592106,403800
592564,403900
592948,404000
594095,404100
594580,404200
595021,404300
595510,404400
596011,404500
596481,404600
597192,404700
597607,404800
598296,404900
598749,405000
600071,405100
600803,405200
601413,405300
602346,405400
603255,405500
603901,405600
604394,405700
604852,405800
605384,405900
606017,406000
607547,406100
608319,406200
608880,406300
609411,406400
609845,406500
610259,406600
610763,406700
611328,406800
611927,406900
612444,407000
613881,407100
614641,407200
615321,407300
615955,407400
616641,407500
617188,407600
617599,407700
618190,407800
618821,407900
619467,408000
620711,408100
621179,408200
621722,408300
622315,408400
622828,408500
623453,408600
623925,408700
624627,408800
625298,408900
625837,409000
627341,409100
628248,409200
629052,409300
630342,409400
630982,409500
631580,409600
632058,409700
632557,409800
633102,409900
633765,410000
635319,410100
636010,410200
636603,410300
637103,410400
637599,410500
638248,410600
638753,410700
639246,410800
639850,410900
640353,411000
641884,411100
642608,411200
643216,411300
643916,411400
644485,411500
645018,411600
645637,411700
646337,411800
647013,411900
647667,412000
648934,412100
649577,412200
650119,412300
650801,412400
651372,412500
651954,412600
652612,412700
653161,412800
653515,412900
653938,413000
655123,413100
655865,413200
656759,413300
657577,413400
658514,413500
659300,413600
660125,413700
660735,413800
661215,413900
661794,414000
663711,414100
664401,414200
665082,414300
665739,414400
666332,414500
666885,414600
667746,414700
668444,414800
669065,414900
669576,415000
671115,415100
671758,415200
672359,415300
673013,415400
673595,415500
674227,415600
674999,415700
675622,415800
676228,415900
676805,416000
701140,416100
702344,416200
703489,416300
704222,416400
705023,416500
705784,416600
706479,416700
707233,416800
707914,416900
708455,417000
709975,417100
710600,417200
711371,417300
712109,417400
712921,417500
713815,417600
714638,417700
715272,417800
715948,417900
716473,418000
717985,418100
718577,418200
719350,418300
719918,418400
720516,418500
721020,418600
721565,418700
722034,418800
722602,418900
723126,419000
724787,419100
725526,419200
726263,419300
726993,419400
727551,419500
728082,419600
728697,419700
729289,419800
729931,419900
730382,420000
731387,420100
731967,420200
732484,420300
733054,420400
733810,420500
734412,420600
734890,420700
735650,420800
736145,420900
736647,421000
737980,421100
738751,421200
739433,421300
740063,421400
740774,421500
741885,421600
742653,421700
743415,421800
744120,421900
744689,422000
746243,422100
747187,422200
747911,422300
748684,422400
749448,422500
750076,422600
750782,422700
751416,422800
751979,422900
752754,423000
754440,423100
755261,423200
755980,423300
756674,423400
757257,423500
757966,423600
758534,423700
759057,423800
759506,423900
759970,424000
761067,424100
761693,424200
762280,424300
762823,424400
763654,424500
764333,424600
764922,424700
765497,424800
766024,424900
766433,425000
767705,425100
768252,425200
769055,425300
769714,425400
770401,425500
771129,425600
771690,425700
772377,425800
773092,425900
773632,426000
775350,426100
775929,426200
776688,426300
777313,426400
777935,426500
778600,426600
779282,426700
780083,426800
780873,426900
781471,427000
783303,427100
783907,427200
784603,427300
785236,427400
785996,427500
786614,427600
787220,427700
787861,427800
788438,427900
789011,428000
790238,428100
790805,428200
791554,428300
792163,428400
792869,428500
793715,428600
794313,428700
794981,428800
795557,428900
796058,429000
797549,429100
798200,429200
798808,429300
799542,429400
800218,429500
800858,429600
801342,429700
801967,429800
802992,429900
803629,430000
805033,430100
805938,430200
806681,430300
807258,430400
808120,430500
808753,430600
809357,430700
810040,430800
810647,430900
811269,431000
812775,431100
813958,431200
814710,431300
815160,431400
815787,431500
816326,431600
816990,431700
817741,431800
818276,431900
819062,432000
820417,432100
821044,432200
821613,432300
822369,432400
822960,432500
823592,432600
824382,432700
824877,432800
825486,432900
825989,433000
827556,433100
828405,433200
829089,433300
830084,433400
830879,433500
831351,433600
832185,433700
833121,433800
833801,433900
834424,434000
836293,434100
837085,434200
837971,434300
838772,434400
839430,434500
840162,434600
841067,434700
841890,434800
842647,434900
843417,435000
846035,435100
846946,435200
847827,435300
848556,435400
849317,435500
850139,435600
851184,435700
852512,435800
853311,435900
854507,436000
856461,436100
857230,436200
858085,436300
858730,436400
859353,436500
859892,436600
860450,436700
861125,436800
861717,436900
862383,437000
864429,437100
865600,437200
866643,437300
867663,437400
868522,437500
869340,437600
870145,437700
870847,437800
871526,437900
872237,438000
874113,438100
875100,438200
876034,438300
876764,438400
877712,438500
878599,438600
879343,438700
880428,438800
881171,438900
882000,439000
883912,439100
884686,439200
885844,439300
886935,439400
888196,439500
889365,439600
890329,439700
891387,439800
892230,439900
893059,440000
894900,440100
895675,440200
896393,440300
897153,440400
897852,440500
898491,440600
899317,440700
900002,440800
901239,440900
902221,441000
904341,441100
905467,441200
906600,441300
907752,441400
908592,441500
909632,441600
910469,441700
911208,441800
912049,441900
912919,442000
914769,442100
915789,442200
917308,442300
918402,442400
919921,442500
920955,442600
922040,442700
923040,442800
923846,442900
924757,443000
926695,443100
927702,443200
928635,443300
929999,443400
931179,443500
932517,443600
933438,443700
934596,443800
935565,443900
936229,444000
938240,444100
938899,444200
939907,444300
940665,444400
941690,444500
942519,444600
943272,444700
944300,444800
945472,444900
946420,445000
948622,445100
949676,445200
950706,445300
952199,445400
953192,445500
954200,445600
955094,445700
955912,445800
956755,445900
957715,446000
966387,446100
967973,446200
969817,446300
971238,446400
972416,446500
973722,446600
975421,446700
976482,446800
977388,446900
978406,447000
987806,447100
989244,447200
990814,447300
992006,447400
993104,447500
994105,447600
995003,447700
995834,447800
996631,447900
997396,448000
999014,448100
999679,448200
1000301,448300
1001033,448400
1002016,448500
1002787,448600
1003619,448700
1004281,448800
1005051,448900
1005749,449000
1008186,449100
1008836,449200
1009471,449300
1010310,449400
1010825,449500
1011385,449600
1012168,449700
1013175,449800
1014175,449900
1015169,450000
1016957,450100
1018034,450200
1019030,450300
1020030,450400
1021251,450500
1022018,450600
1022875,450700
1023587,450800
1024356,450900
1025110,451000
1026865,451100
1027764,451200
1028786,451300
1029941,451400
1031145,451500
1032141,451600
1033117,451700
1033902,451800
1034653,451900
1035528,452000
1053140,452100
1054329,452200
1055466,452300
1056570,452400
1057558,452500
1058398,452600
1059168,452700
1060069,452800
1061210,452900
1062055,453000
1064218,453100
1065066,453200
1066014,453300
1066794,453400
1067631,453500
1068690,453600
1069649,453700
1070360,453800
1071008,453900
1071702,454000
1073489,454100
1074673,454200
1075708,454300
1076639,454400
1077620,454500
1078459,454600
1079468,454700
1080096,454800
1080862,454900
1081553,455000
1083309,455100
1084089,455200
1085240,455300
1086149,455400
1087071,455500
1088019,455600
1088975,455700
1089862,455800
1090836,455900
1091587,456000
1093222,456100
1093872,456200
1094693,456300
1095470,456400
1096490,456500
1097220,456600
1098001,456700
1098709,456800
1099665,456900
1100573,457000
1102656,457100
1103595,457200
1104692,457300
1105691,457400
1106753,457500
1107961,457600
1108810,457700
1109990,457800
1110984,457900
1111782,458000
1127029,458100
1128554,458200
1130061,458300
1131261,458400
1132314,458500
1133370,458600
1134209,458700
1135267,458800
1136206,458900
1136960,459000
1139036,459100
1139949,459200
1141574,459300
1142617,459400
1143485,459500
1144432,459600
1145351,459700
1146344,459800
1147150,459900
1147941,460000
1149790,460100
1150747,460200
1151443,460300
1152521,460400
1153548,460500
1154794,460600
1155627,460700
1156426,460800
1157344,460900
1158149,461000
1159958,461100
1161038,461200
1162145,461300
1163288,461400
1164261,461500
1165519,461600
1166770,461700
1167466,461800
1168464,461900
1169324,462000
1171392,462100
1172246,462200
1172949,462300
1173725,462400
1174636,462500
1175579,462600
1176330,462700
1177077,462800
1178188,462900
1178927,463000
1181028,463100
1182067,463200
1183111,463300
1184257,463400
1185345,463500
1186255,463600
1187358,463700
1188092,463800
1189122,463900
1190130,464000
1191976,464100
1192740,464200
1193917,464300
1194816,464400
1195722,464500
1196835,464600
1197758,464700
1198601,464800
1199561,464900
1200462,465000
1202830,465100
1203908,465200
1205147,465300
1206353,465400
1207737,465500
1208903,465600
1209927,465700
1210899,465800
1211832,465900
1213259,466000
1215573,466100
1216450,466200
1217394,466300
1218460,466400
1219555,466500
1220446,466600
1221246,466700
1221971,466800
1222866,466900
1223768,467000
1226058,467100
1227216,467200
1228926,467300
1230644,467400
1231880,467500
1233156,467600
1234177,467700
1235471,467800
1236709,467900
1237750,468000
1240212,468100
1241305,468200
1242221,468300
1243324,468400
1244518,468500
1245865,468600
1247147,468700
1248088,468800
1249040,468900
1249955,469000
1252407,469100
1253646,469200
1255039,469300
1256342,469400
1257617,469500
1258636,469600
1259671,469700
1261062,469800
1262100,469900
1263321,470000
1265797,470100
1266872,470200
1267947,470300
1269458,470400
1270817,470500
1271869,470600
1272930,470700
1273878,470800
1275277,470900
1277016,471000
1279892,471100
1281243,471200
1282451,471300
1283617,471400
1285264,471500
1286335,471600
1287333,471700
1288585,471800
1289917,471900
1291250,472000
1293323,472100
1294428,472200
1295646,472300
1296990,472400
1298194,472500
1299239,472600
1300428,472700
1302047,472800
1303256,472900
1304216,473000
1306387,473100
1307864,473200
1308931,473300
1310063,473400
1311316,473500
1312434,473600
1313785,473700
1314655,473800
1315520,473900
1316478,474000
1318754,474100
1319814,474200
1320852,474300
1321998,474400
1323015,474500
1324299,474600
1325331,474700
1326280,474800
1327176,474900
1328243,475000
1330804,475100
1332390,475200
1333735,475300
1335153,475400
1336069,475500
1337099,475600
1338116,475700
1339293,475800
1340401,475900
1341692,476000
1343495,476100
1344609,476200
1345601,476300
1346862,476400
1347768,476500
1348707,476600
1349460,476700
1350287,476800
1351031,476900
1352167,477000
1354256,477100
1355237,477200
1356852,477300
1358113,477400
1359104,477500
1360093,477600
1360989,477700
1361996,477800
1362959,477900
1363666,478000
1369215,478100
1370920,478200
1372483,478300
1374305,478400
1375577,478500
1376539,478600
1377600,478700
1378836,478800
1379924,478900
1381159,479000
1383310,479100
1384483,479200
1385767,479300
1386873,479400
1387943,479500
1389364,479600
1390779,479700
1391746,479800
1392641,479900
1393592,480000
1395288,480100
1396325,480200
1397432,480300
1398406,480400
1399593,480500
1400699,480600
1401870,480700
1402726,480800
1403626,480900
1404472,481000
1406518,481100
1407880,481200
1409273,481300
1410593,481400
1412062,481500
1413369,481600
1414453,481700
1415504,481800
1416333,481900
1417321,482000
1419824,482100
1421417,482200
1422924,482300
1424135,482400
1425332,482500
1426364,482600
1427342,482700
1428737,482800
1430485,482900
1431694,483000
1434313,483100
1435736,483200
1436824,483300
1437821,483400
1438790,483500
1439880,483600
1440896,483700
1441733,483800
1442793,483900
1443552,484000
1445299,484100
1446249,484200
1446977,484300
1447790,484400
1448879,484500
1450006,484600
1450793,484700
1451541,484800
1452369,484900
1452992,485000
1454920,485100
1455593,485200
1456824,485300
1457772,485400
1458690,485500
1459508,485600
1460298,485700
1461225,485800
1462325,485900
1463540,486000
1466046,486100
1467240,486200
1468104,486300
1469211,486400
1470141,486500
1470985,486600
1471855,486700
1472583,486800
1473533,486900
1474597,487000
1477085,487100
1478445,487200
1480059,487300
1481050,487400
1482163,487500
1483003,487600
1483856,487700
1485322,487800
1486754,487900
1487806,488000
1489729,488100
1491090,488200
1491989,488300
1493156,488400
1494791,488500
1496299,488600
1497127,488700
1497838,488800
1498566,488900
1499715,489000
1501959,489100
1503312,489200
1504521,489300
1505664,489400
1506625,489500
1507800,489600
1508900,489700
1510149,489800
1511780,489900
1512934,490000
1515224,490100
1516561,490200
1517898,490300
1519497,490400
1520634,490500
1521873,490600
1523009,490700
1524647,490800
1525815,490900
1526856,491000
1530280,491100
1531865,491200
1533420,491300
1535165,491400
1536557,491500
1537784,491600
1538959,491700
1540067,491800
1540871,491900
1541983,492000
1544279,492100
1545331,492200
1547175,492300
1548762,492400
1550041,492500
1551230,492600
1552538,492700
1553863,492800
1554953,492900
1556300,493000
1559268,493100
1560668,493200
1562190,493300
1563571,493400
1564848,493500
1566918,493600
1568444,493700
1569628,493800
1570743,493900
1572022,494000
1631767,494100
1633467,494200
1635084,494300
1636300,494400
1637518,494500
1638748,494600
1639947,494700
1641390,494800
1642403,494900
1644193,495000
1647462,495100
1649038,495200
1650625,495300
1651950,495400
1653336,495500
1654543,495600
1655570,495700
1656774,495800
1658033,495900
1659101,496000
1661383,496100
1662427,496200
1663838,496300
1664887,496400
1666294,496500
1667830,496600
1669186,496700
1670460,496800
1671735,496900
1673063,497000
1676198,497100
1677809,497200
1679727,497300
1680968,497400
1682439,497500
1683699,497600
1685237,497700
1686794,497800
1688686,497900
1690416,498000
1693100,498100
1694794,498200
1696875,498300
1698538,498400
1700111,498500
1701762,498600
1703106,498700
1704316,498800
1705490,498900
1706754,499000
1710860,499100
1712730,499200
1714157,499300
1715444,499400
1716741,499500
1718133,499600
1719326,499700
1720644,499800
1721775,499900
1723049,500000
1725929,500100
1727070,500200
1728372,500300
1729902,500400
1731493,500500
1732875,500600
1734062,500700
1735393,500800
1736765,500900
1737917,501000
1741197,501100
1742657,501200
1744003,501300
1745503,501400
1747122,501500
1748399,501600
1749530,501700
1750611,501800
1752162,501900
1753305,502000
1757520,502100
1759319,502200
1760954,502300
1762444,502400
1763811,502500
1765127,502600
1766384,502700
1767672,502800
1769097,502900
1770275,503000
1773861,503100
1775160,503200
1776577,503300
1778128,503400
1779577,503500
1780707,503600
1781837,503700
1783001,503800
1784090,503900
1785186,504000
1787558,504100
1788762,504200
1790137,504300
1791334,504400
1792588,504500
1794323,504600
1795429,504700
1796712,504800
1797894,504900
1799100,505000
1801821,505100
1803869,505200
1806104,505300
1807662,505400
1808858,505500
1810288,505600
1812866,505700
1814330,505800
1815795,505900
1817290,506000
1820513,506100
1822424,506200
1824674,506300
1826451,506400
1828233,506500
1830484,506600
1832147,506700
1833670,506800
1835002,506900
1836214,507000
1838806,507100
1840981,507200
1842566,507300
1844085,507400
1845599,507500
1846816,507600
1848393,507700
1849657,507800
1850995,507900
1852642,508000
1855563,508100
1857597,508200
1859706,508300
1861662,508400
1864577,508500
1868008,508600
1870423,508700
1872970,508800
1874897,508900
1876799,509000
1880711,509100
1883248,509200
1885890,509300
1887944,509400
1890231,509500
1892523,509600
1894844,509700
1896961,509800
1900261,509900
1902637,510000
1905761,510100
1908604,510200
1910806,510300
1913108,510400
1914785,510500
1916382,510600
1918312,510700
1920371,510800
1921849,510900
1923724,511000
1927398,511100
1929983,511200
1932029,511300
1935022,511400
1936415,511500
1937485,511600
1939205,511700
1941523,511800
1943703,511900
1946111,512000
1949998,512100
1952192,512200
1954178,512300
1956384,512400
1958486,512500
1960349,512600
1962665,512700
1964425,512800
1965872,512900
1967679,513000
1970600,513100
1972800,513200
1974219,513300
1976445,513400
1977412,513500
1978499,513600
1980002,513700
1980982,513800
1982048,513900
1982738,514000
1984668,514100
1985578,514200
1986685,514300
1987653,514400
1988511,514500
1989705,514600
1990664,514700
1991848,514800
1992735,514900
1993537,515000
1995482,515100
1996695,515200
1997905,515300
1998996,515400
1999910,515500
2001287,515600
2002197,515700
2003172,515800
2004148,515900
2004898,516000
2006393,516100
2007122,516200
2007899,516300
2008618,516400
2009810,516500
2011040,516600
2011979,516700
2012768,516800
2013888,516900
2014886,517000
2016449,517100
2017226,517200
2018209,517300
2019009,517400
2019910,517500
2020657,517600
2021172,517700
2022436,517800
2023728,517900
2024714,518000
2026752,518100
2027583,518200
2028786,518300
2029619,518400
2031283,518500
2032418,518600
2033517,518700
2034176,518800
2034893,518900
2035753,519000
2037649,519100
2039179,519200
2041096,519300
2042002,519400
2043008,519500
2044130,519600
2045264,519700
2046433,519800
2047515,519900
2048534,520000
2050528,520100
2052181,520200
2053781,520300
2054456,520400
2055596,520500
2056850,520600
2057709,520700
2058699,520800
2059619,520900
2060485,521000
2063034,521100
2064583,521200
2065804,521300
2066939,521400
2067803,521500
2068609,521600
2069591,521700
2070736,521800
2071714,521900
2072772,522000
2074607,522100
2075694,522200
2077147,522300
2077994,522400
2078590,522500
2079427,522600
2080413,522700
2081130,522800
2081914,522900
2082649,523000
2084491,523100
2085835,523200
2087337,523300
2088405,523400
2089495,523500
2090389,523600
2091373,523700
2092056,523800
2092898,523900
2093726,524000
2095253,524100
2096053,524200
2096541,524300
2097453,524400
2098179,524500
2098661,524600
2099463,524700
2100308,524800
2101452,524900
2102354,525000
2104010,525100
2104937,525200
2105987,525300
2106899,525400
2108264,525500
2108840,525600
2109646,525700
2111470,525800
2114232,525900
2116266,526000
2118603,526100
2121267,526200
2123751,526300
2126071,526400
2128227,526500
2129712,526600
2130479,526700
2131438,526800
2132340,526900
2133248,527000
2135343,527100
2137610,527200
2138883,527300
2139888,527400
2140733,527500
2142240,527600
2143044,527700
2143783,527800
2144460,527900
2145162,528000
2146628,528100
2147239,528200
2148871,528300
2150364,528400
2151117,528500
2151820,528600
2152480,528700
2153186,528800
2153739,528900
2154199,529000
2155799,529100
2157493,529200
2159599,529300
2161670,529400
2163294,529500
2164324,529600
2165093,529700
2166023,529800
2167460,529900
2168598,530000
2172454,530100
2173833,530200
2175623,530300
2176963,530400
2178122,530500
2179046,530600
2180001,530700
2181259,530800
2181847,530900
2182426,531000
2184323,531100
2185824,531200
2187615,531300
2189210,531400
2190753,531500
2193710,531600
2196253,531700
2198276,531800
2200573,531900
2202711,532000
2204689,532100
2206299,532200
2207349,532300
2208833,532400
2210146,532500
2211387,532600
2212199,532700
2213399,532800
2214268,532900
2215110,533000
2216620,533100
2217412,533200
2218609,533300
2220105,533400
2221536,533500
2222703,533600
2224052,533700
2225133,533800
2226308,533900
2227428,534000
2237285,534100
2238257,534200
2239147,534300
2240317,534400
2241454,534500
2242833,534600
2244129,534700
2245133,534800
2246114,534900
2246995,535000
2249646,535100
2250567,535200
2251283,535300
2252368,535400
2254612,535500
2256041,535600
2257158,535700
2258157,535800
2259010,535900
2259929,536000
2261809,536100
2262790,536200
2263657,536300
2264368,536400
2265379,536500
2266397,536600
2267364,536700
2268564,536800
2269500,536900
2270227,537000
2287813,537100
2289367,537200
2290360,537300
2291189,537400
2292013,537500
2293028,537600
2294383,537700
2295112,537800
2295911,537900
2296883,538000
2298734,538100
2300216,538200
2301608,538300
2302561,538400
2303545,538500
2304405,538600
2305392,538700
2306599,538800
2307596,538900
2308605,539000
2310721,539100
2311632,539200
2312699,539300
2313876,539400
2315083,539500
2316084,539600
2316929,539700
2317584,539800
2318655,539900
2319701,540000
2321623,540100
2322495,540200
2323401,540300
2324743,540400
2325428,540500
2326184,540600
2326896,540700
2327893,540800
2328841,540900
2329830,541000
2331544,541100
2332396,541200
2333654,541300
2334624,541400
2335574,541500
2336317,541600
2336988,541700
2337813,541800
2338795,541900
2339675,542000
2341768,542100
2342942,542200
2344135,542300
2345542,542400
2346576,542500
2347382,542600
2348119,542700
2348769,542800
2349774,542900
2350450,543000
2352394,543100
2353340,543200
2354286,543300
2355766,543400
2357307,543500
2358025,543600
2358701,543700
2359390,543800
2359986,543900
2360957,544000
2363178,544100
2364027,544200
2365002,544300
2365845,544400
2366792,544500
2368011,544600
2368802,544700
2369642,544800
2370558,544900
2372041,545000
2374253,545100
2375726,545200
2377204,545300
2378456,545400
2379787,545500
2380777,545600
2381912,545700
2383102,545800
2384158,545900
2385295,546000
2418518,546100
2420506,546200
2422058,546300
2423298,546400
2424790,546500
2425874,546600
2426623,546700
2427559,546800
2428496,546900
2429467,547000
2431813,547100
2433581,547200
2435195,547300
2436649,547400
2437724,547500
2438805,547600
2440059,547700
2441263,547800
2442711,547900
2444021,548000
2445826,548100
2446837,548200
2447783,548300
2449128,548400
2450580,548500
2451686,548600
2452540,548700
2454005,548800
2455255,548900
2456367,549000
2459205,549100
2460993,549200
2462367,549300
2463825,549400
2464862,549500
2465723,549600
2466779,549700
2467755,549800
2468904,549900
2470049,550000
2472847,550100
2474547,550200
2476165,550300
2477648,550400
2479106,550500
2479961,550600
2481132,550700
2482800,550800
2484448,550900
2485850,551000
2488573,551100
2490088,551200
2491897,551300
2493407,551400
2495552,551500
2497003,551600
2499350,551700
2500900,551800
2502715,551900
2504113,552000
2508012,552100
2509490,552200
2511150,552300
2512283,552400
2513640,552500
2514672,552600
2515940,552700
2517565,552800
2519332,552900
2520877,553000
2523589,553100
2525141,553200
2526671,553300
2528354,553400
2529975,553500
2531526,553600
2533069,553700
2534446,553800
2535954,553900
2537103,554000
2539714,554100
2541219,554200
2543094,554300
2544977,554400
2546575,554500
2547997,554600
2549373,554700
2550589,554800
2551915,554900
2553106,555000
2555314,555100
2556526,555200
2557819,555300
2559510,555400
2560940,555500
2561905,555600
2562870,555700
2564119,555800
2565874,555900
2567015,556000
2568938,556100
2569811,556200
2570604,556300
2571655,556400
2572553,556500
2573431,556600
2574401,556700
2575486,556800
2576718,556900
2577719,557000
2579935,557100
2581256,557200
2582595,557300
2583695,557400
2584834,557500
2585730,557600
2586730,557700
2587854,557800
2588613,557900
2589562,558000
2591759,558100
2592751,558200
2593962,558300
2595377,558400
2596609,558500
2597753,558600
2599086,558700
2600010,558800
2601085,558900
2602113,559000
2604873,559100
2606082,559200
2606824,559300
2607978,559400
2608992,559500
2610114,559600
2611292,559700
2612327,559800
2613297,559900
2614274,560000
2616905,560100
2617900,560200
2618680,560300
2619567,560400
2620526,560500
2621789,560600
2622650,560700
2623670,560800
2624585,560900
2625629,561000
2628145,561100
2629184,561200
2630368,561300
2631433,561400
2632443,561500
2633559,561600
2634625,561700
2635435,561800
2636437,561900
2637479,562000
2640114,562100
2641686,562200
2642886,562300
2644142,562400
2645137,562500
2646201,562600
2647841,562700
2649332,562800
2650545,562900
2651398,563000
2654158,563100
2655997,563200
2657479,563300
2658244,563400
2659420,563500
2660605,563600
2661739,563700
2662786,563800
2663908,563900
2665203,564000
2667654,564100
2668855,564200
2669835,564300
2671330,564400
2672408,564500
2673558,564600
2674624,564700
2675867,564800
2677147,564900
2678099,565000
2680420,565100
2681499,565200
2683142,565300
2684326,565400
2685466,565500
2686719,565600
2688339,565700
2689443,565800
2691045,565900
2692139,566000
2694784,566100
2696049,566200
2697162,566300
2698195,566400
2699322,566500
2700699,566600
2702253,566700
2704065,566800
2705709,566900
2707200,567000
2709510,567100
2710928,567200
2712092,567300
2713172,567400
2713927,567500
2715208,567600
2716554,567700
2717431,567800
2718572,567900
2719562,568000
2722204,568100
2723989,568200
2725220,568300
2726209,568400
2727366,568500
2728174,568600
2729356,568700
2730767,568800
2731858,568900
2733263,569000
2735756,569100
2737063,569200
2738573,569300
2740187,569400
2741786,569500
2743120,569600
2744280,569700
2745504,569800
2746693,569900
2747852,570000
2750811,570100
2752303,570200
2753805,570300
2755616,570400
2757189,570500
2758283,570600
2759499,570700
2761054,570800
2762560,570900
2763702,571000
2839889,571100
2841477,571200
2842894,571300
2844342,571400
2845411,571500
2846422,571600
2848719,571700
2850094,571800
2851190,571900
2852413,572000
2855179,572100
2856512,572200
2857715,572300
2858920,572400
2860137,572500
2861262,572600
2862264,572700
2863292,572800
2864700,572900
2866278,573000
2869477,573100
2871174,573200
2872466,573300
2873984,573400
2875430,573500
2876492,573600
2877396,573700
2878907,573800
2880140,573900
2881536,574000
2884322,574100
2885601,574200
2887214,574300
2888713,574400
2890388,574500
2891805,574600
2892983,574700
2894152,574800
2895262,574900
2896477,575000
2899334,575100
2900927,575200
2902635,575300
2904330,575400
2905819,575500
2907236,575600
2909020,575700
2911197,575800
2913265,575900
2914807,576000
2917587,576100
2919380,576200
2920955,576300
2922421,576400
2923888,576500
2925277,576600
2926627,576700
2927789,576800
2928998,576900
2930529,577000
2933864,577100
2935882,577200
2937437,577300
2938969,577400
2940603,577500
2941951,577600
2943237,577700
2944439,577800
2945475,577900
2947079,578000
2949833,578100
2951809,578200
2953994,578300
2955791,578400
2957405,578500
2958832,578600
2960384,578700
2961803,578800
2963437,578900
2964594,579000
2967878,579100
2969427,579200
2971117,579300
2973088,579400
2974736,579500
2975974,579600
2977291,579700
2978665,579800
2979786,579900
2980784,580000
2983172,580100
2984950,580200
2986342,580300
2987761,580400
2989243,580500
2990527,580600
2992408,580700
2994901,580800
2996337,580900
2997849,581000
3001061,581100
3002948,581200
3004654,581300
3006373,581400
3007780,581500
3009113,581600
3010639,581700
3012420,581800
3014183,581900
3016031,582000
3020292,582100
3022284,582200
3024042,582300
3025611,582400
3027610,582500
3029917,582600
3031777,582700
3033605,582800
3035244,582900
3037001,583000
3039630,583100
3041241,583200
3042758,583300
3044792,583400
3047496,583500
3050192,583600
3051831,583700
3053157,583800
3054698,583900
3056583,584000
3058916,584100
3060025,584200
3061017,584300
3062212,584400
3063387,584500
3065157,584600
3066470,584700
3068337,584800
3070543,584900
3072187,585000
3075301,585100
3077486,585200
3078963,585300
3080202,585400
3081626,585500
3083055,585600
3084344,585700
3085551,585800
3087176,585900
3088551,586000
3091922,586100
3095135,586200
3096497,586300
3097743,586400
3099378,586500
3100677,586600
3102120,586700
3103384,586800
3104668,586900
3105997,587000
3108826,587100
3110018,587200
3111210,587300
3112185,587400
3113476,587500
3115130,587600
3116720,587700
3118104,587800
3119436,587900
3120482,588000
3139157,588100
3140824,588200
3142512,588300
3143637,588400
3144623,588500
3145875,588600
3147096,588700
3148992,588800
3150722,588900
3152576,589000
3156118,589100
3158221,589200
3159793,589300
3161332,589400
3162574,589500
3163633,589600
3164605,589700
3165744,589800
3167226,589900
3169198,590000
3172562,590100
3174092,590200
3175875,590300
3177564,590400
3178949,590500
3180306,590600
3181396,590700
3182296,590800
3183507,590900
3184818,591000
3187659,591100
3189773,591200
3191677,591300
3193765,591400
3195305,591500
3197110,591600
3198135,591700
3199242,591800
3200778,591900
3202265,592000
3204507,592100
3205775,592200
3206905,592300
3208152,592400
3209352,592500
3210477,592600
3211322,592700
3212361,592800
3213645,592900
3214875,593000
3217369,593100
3219200,593200
3220812,593300
3222540,593400
3224118,593500
3226267,593600
3227457,593700
3228181,593800
3229055,593900
3230283,594000
3233338,594100
3235221,594200
3236754,594300
3238191,594400
3239200,594500
3240421,594600
3241614,594700
3242675,594800
3243671,594900
3245341,595000
3247510,595100
3249289,595200
3251346,595300
3253115,595400
3254759,595500
3256092,595600
3257938,595700
3259369,595800
3260483,595900
3261575,596000
3263846,596100
3264930,596200
3266319,596300
3267631,596400
3269080,596500
3270133,596600
3271065,596700
3272080,596800
3273353,596900
3274370,597000
3276725,597100
3278124,597200
3279752,597300
3281397,597400
3282638,597500
3283771,597600
3284904,597700
3286267,597800
3287682,597900
3288520,598000
3290897,598100
3292312,598200
3293474,598300
3294801,598400
3296371,598500
3298173,598600
3299982,598700
3301475,598800
3302721,598900
3304080,599000
3306666,599100
3308064,599200
3309423,599300
3311327,599400
3312625,599500
3314267,599600
3315536,599700
3316845,599800
3317846,599900
3319688,600000
3322075,600100
3323202,600200
3324267,600300
3325819,600400
3326914,600500
3328265,600600
3329298,600700
3330715,600800
3332020,600900
3333498,601000
3336634,601100
3338414,601200
3340112,601300
3342509,601400
3344259,601500
3345836,601600
3347424,601700
3348560,601800
3350208,601900
3351548,602000
3354447,602100
3355924,602200
3357420,602300
3359378,602400
3360628,602500
3362122,602600
3363702,602700
3365177,602800
3367243,602900
3368746,603000
3371559,603100
3372949,603200
3374376,603300
3376316,603400
3377970,603500
3380053,603600
3381474,603700
3382716,603800
3385027,603900
3387272,604000
3421213,604100
3425363,604200
3427215,604300
3428565,604400
3430011,604500
3431326,604600
3432486,604700
3433763,604800
3435251,604900
3436713,605000
3438911,605100
3440041,605200
3441713,605300
3443091,605400
3444467,605500
3445702,605600
3446743,605700
3448085,605800
3449217,605900
3450634,606000
3453519,606100
3454826,606200
3456190,606300
3457782,606400
3459551,606500
3461782,606600
3463519,606700
3465063,606800
3466325,606900
3467856,607000
3470340,607100
3471584,607200
3473137,607300
3475053,607400
3476677,607500
3478610,607600
3480652,607700
3481980,607800
3483134,607900
3484365,608000
3486496,608100
3487472,608200
3488952,608300
3490287,608400
3491754,608500
3493670,608600
3495013,608700
3496052,608800
3497366,608900
3498415,609000
3500697,609100
3501794,609200
3503058,609300
3504938,609400
3506462,609500
3508058,609600
3509256,609700
3510567,609800
3511955,609900
3513223,610000
3519029,610100
3520628,610200
3522503,610300
3524000,610400
3525614,610500
3527117,610600
3528463,610700
3529510,610800
3530668,610900
3532184,611000
3534406,611100
3536003,611200
3537309,611300
3538452,611400
3539734,611500
3541333,611600
3543113,611700
3544587,611800
3545960,611900
3547561,612000
3550033,612100
3551290,612200
3553072,612300
3554082,612400
3554931,612500
3556106,612600
3557132,612700
3558905,612800
3560421,612900
3561667,613000
3564559,613100
3565880,613200
3567484,613300
3568867,613400
3570573,613500
3571910,613600
3573146,613700
3574318,613800
3575775,613900
3577449,614000
3580791,614100
3582490,614200
3584001,614300
3585554,614400
3586732,614500
3587577,614600
3588623,614700
3590229,614800
3592476,614900
3594054,615000
3597318,615100
3598598,615200
3600538,615300
3602308,615400
3603741,615500
3605352,615600
3606561,615700
3607840,615800
3609472,615900
3611246,616000
3613756,616100
3615428,616200
3617106,616300
3618867,616400
3620538,616500
3621797,616600
3623208,616700
3624652,616800
3627125,616900
3629032,617000
3632417,617100
3634777,617200
3637034,617300
3638757,617400
3640284,617500
3642004,617600
3643205,617700
3644535,617800
3645568,617900
3647001,618000
3650303,618100
3653203,618200
3655796,618300
3657269,618400
3658604,618500
3659864,618600
3660975,618700
3662126,618800
3663429,618900
3665041,619000
3667947,619100
3669800,619200
3671535,619300
3673035,619400
3674349,619500
3676147,619600
3677625,619700
3678920,619800
3680478,619900
3682008,620000
3685746,620100
3689013,620200
3690660,620300
3692212,620400
3693404,620500
3694508,620600
3695583,620700
3696556,620800
3698636,620900
3700810,621000
3704557,621100
3706733,621200
3709395,621300
3711776,621400
3714307,621500
3716054,621600
3717703,621700
3719690,621800
3721383,621900
3722900,622000
3726405,622100
3728441,622200
3730375,622300
3732589,622400
3734289,622500
3735531,622600
3737064,622700
3738924,622800
3740387,622900
3742008,623000
3744631,623100
3745984,623200
3747742,623300
3749686,623400
3750982,623500
3752346,623600
3754017,623700
3755593,623800
3756975,623900
3758620,624000
3760888,624100
3762206,624200
3764074,624300
3765805,624400
3766939,624500
3767929,624600
3769305,624700
3770721,624800
3772223,624900
3773750,625000
3776677,625100
3778534,625200
3780004,625300
3781540,625400
3782874,625500
3784248,625600
3785529,625700
3787151,625800
3788556,625900
3789819,626000
3794088,626100
3796448,626200
3798261,626300
3800367,626400
3802162,626500
3803711,626600
3804750,626700
3806227,626800
3807767,626900
3809319,627000
3812186,627100
3814251,627200
3816080,627300
3818465,627400
3820424,627500
3822537,627600
3824706,627700
3826335,627800
3827692,627900
3829189,628000
3832151,628100
3833928,628200
3836190,628300
3838332,628400
3840378,628500
3842676,628600
3844612,628700
3846332,628800
3847699,628900
3849330,629000
3852907,629100
3854895,629200
3856987,629300
3859491,629400
3861842,629500
3864122,629600
3866159,629700
3867872,629800
3869550,629900
3871089,630000
3874520,630100
3876696,630200
3878582,630300
3881238,630400
3883450,630500
3884999,630600
3886728,630700
3888635,630800
3890717,630900
3892467,631000
3895983,631100
3898003,631200
3899734,631300
3901659,631400
3904072,631500
3905849,631600
3907467,631700
3909146,631800
3910491,631900
3911949,632000
3915016,632100
3917030,632200
3919877,632300
3921528,632400
3922692,632500
3924286,632600
3925968,632700
3927731,632800
3929394,632900
3930846,633000
3933932,633100
3935393,633200
3937083,633300
3938233,633400
3939623,633500
3940630,633600
3941918,633700
3943320,633800
3944741,633900
3946218,634000
4067655,634100
4071341,634200
4073648,634300
4075405,634400
4077289,634500
4078487,634600
4079361,634700
4080306,634800
4081917,634900
4083214,635000
4086318,635100
4088710,635200
4090710,635300
4092891,635400
4094769,635500
4096231,635600
4097537,635700
4099034,635800
4100670,635900
4102381,636000
4105346,636100
4107665,636200
4109453,636300
4111242,636400
4112480,636500
4113710,636600
4114920,636700
4116243,636800
4117725,636900
4119156,637000
4122289,637100
4124036,637200
4125349,637300
4127191,637400
4128626,637500
4129922,637600
4131368,637700
4132412,637800
4134904,637900
4136308,638000
4139707,638100
4141858,638200
4144067,638300
4146182,638400
4149513,638500
4151454,638600
4153545,638700
4155124,638800
4156662,638900
4158128,639000
4161428,639100
4163489,639200
4165663,639300
4167962,639400
4170392,639500
4172320,639600
4174199,639700
4176133,639800
4177792,639900
4179543,640000
4182748,640100
4184388,640200
4186111,640300
4187959,640400
4189432,640500
4191144,640600
4193157,640700
4195096,640800
4196860,640900
4199213,641000
4203032,641100
4205762,641200
4207689,641300
4209667,641400
4211424,641500
4213603,641600
4215415,641700
4217144,641800
4218975,641900
4221651,642000
4226149,642100
4228569,642200
4230832,642300
4233640,642400
4235583,642500
4237660,642600
4239499,642700
4241237,642800
4243210,642900
4244892,643000
4248710,643100
4250881,643200
4253769,643300
4256404,643400
4258148,643500
4260048,643600
4261732,643700
4263200,643800
4265251,643900
4266669,644000
4270259,644100
4272251,644200
4274249,644300
4276155,644400
4277665,644500
4279584,644600
4281532,644700
4283068,644800
4284643,644900
4286140,645000
4289469,645100
4291321,645200
4293546,645300
4295296,645400
4297430,645500
4299386,645600
4301395,645700
4302827,645800
4304517,645900
4306516,646000
4310958,646100
4312922,646200
4315186,646300
4316996,646400
4319028,646500
4321423,646600
4323152,646700
4325064,646800
4326955,646900
4328736,647000
4332221,647100
4334118,647200
4336403,647300
4338572,647400
4340260,647500
4342054,647600
4343652,647700
4345225,647800
4346545,647900
4347876,648000
4350556,648100
4352067,648200
4354060,648300
4355953,648400
4358102,648500
4360323,648600
4361953,648700
4363665,648800
4365338,648900
4366860,649000
4370760,649100
4372408,649200
4374125,649300
4376191,649400
4378269,649500
4380342,649600
4382316,649700
4383951,649800
4385614,649900
4387323,650000
4390841,650100
4393037,650200
4394859,650300
4396406,650400
4398357,650500
4399865,650600
4401392,650700
4403872,650800
4405917,650900
4407750,651000
4411523,651100
4414119,651200
4416202,651300
4418105,651400
4420334,651500
4422162,651600
4423904,651700
4425905,651800
4427378,651900
4429060,652000
4432768,652100
4434912,652200
4437758,652300
4439336,652400
4441325,652500
4443387,652600
4445059,652700
4446930,652800
4448647,652900
4450083,653000
4453473,653100
4455110,653200
4457022,653300
4459485,653400
4461388,653500
4463275,653600
4465408,653700
4467622,653800
4469625,653900
4471625,654000
4475739,654100
4478134,654200
4480608,654300
4483054,654400
4486047,654500
4488433,654600
4490478,654700
4492680,654800
4494587,654900
4496526,655000
4500447,655100
4502539,655200
4504653,655300
4506520,655400
4508396,655500
4510683,655600
4512998,655700
4515433,655800
4517689,655900
4520706,656000
4524655,656100
4527052,656200
4528864,656300
4530922,656400
4532877,656500
4534834,656600
4537086,656700
4538970,656800
4540938,656900
4543421,657000
4548418,657100
4550963,657200
4553634,657300
4556223,657400
4559084,657500
4561211,657600
4563155,657700
4565544,657800
4568131,657900
4570298,658000
4574444,658100
4576912,658200
4579136,658300
4581575,658400
4583936,658500
4586155,658600
4588207,658700
4590464,658800
4593081,658900
4595365,659000
4599885,659100
4602209,659200
4604656,659300
4606896,659400
4609387,659500
4611389,659600
4613260,659700
4615212,659800
4617170,659900
4619519,660000
4624042,660100
4626822,660200
4629038,660300
4630981,660400
4632985,660500
4634954,660600
4636992,660700
4638836,660800
4640591,660900
4642354,661000
4645974,661100
4648366,661200
4650428,661300
4652957,661400
4655169,661500
4657674,661600
4660570,661700
4663929,661800
4666358,661900
4668981,662000
4673403,662100
4676772,662200
4680033,662300
4682364,662400
4685000,662500
4687845,662600
4690804,662700
4693507,662800
4696033,662900
4698592,663000
4703635,663100
4708250,663200
4711360,663300
4714000,663400
4716295,663500
4718889,663600
4721461,663700
4723860,663800
4726763,663900
4730090,664000
4734910,664100
4738109,664200
4741792,664300
4746383,664400
4749542,664500
4752380,664600
4754705,664700
4757351,664800
4759826,664900
4762603,665000
4767972,665100
4771540,665200
4774868,665300
4777802,665400
4780892,665500
4784136,665600
4786630,665700
4788801,665800
4792577,665900
4795211,666000
4799996,666100
4803330,666200
4806757,666300
4809516,666400
4812182,666500
4814672,666600
4817088,666700
4819254,666800
4821659,666900
4823903,667000
4828277,667100
4830660,667200
4833744,667300
4836899,667400
4839186,667500
4841224,667600
4843569,667700
4845531,667800
4847975,667900
4850454,668000
4857769,668100
4861026,668200
4863525,668300
4865900,668400
4868032,668500
4870405,668600
4872642,668700
4874861,668800
4877044,668900
4879478,669000
4884323,669100
4887672,669200
4890142,669300
4892950,669400
4895301,669500
4897601,669600
4899681,669700
4902143,669800
4904661,669900
4906871,670000
4911824,670100
4915719,670200
4918226,670300
4920719,670400
4922877,670500
4925374,670600
4927506,670700
4929615,670800
4932357,670900
4935872,671000
4971409,671100
4974233,671200
4976530,671300
4979243,671400
4981829,671500
4984229,671600
4986918,671700
4989450,671800
4991569,671900
4993651,672000
4998775,672100
5002174,672200
5004452,672300
5007005,672400
5009507,672500
5011983,672600
5014133,672700
5016231,672800
5018387,672900
5020632,673000
5024557,673100
5026811,673200
5028905,673300
5031288,673400
5034586,673500
5036854,673600
5039351,673700
5041531,673800
5043922,673900
5046131,674000
5050881,674100
5053592,674200
5056187,674300
5058597,674400
5061173,674500
5064047,674600
5066442,674700
5068736,674800
5071014,674900
5073205,675000
5077654,675100
5080627,675200
5083125,675300
5085502,675400
5088220,675500
5090253,675600
5092496,675700
5095207,675800
5097827,675900
5100119,676000
5105419,676100
5108140,676200
5110619,676300
5112704,676400
5114694,676500
5116778,676600
5118801,676700
5121078,676800
5123767,676900
5125692,677000
5129802,677100
5132806,677200
5135369,677300
5137637,677400
5139795,677500
5141845,677600
5144668,677700
5146791,677800
5149335,677900
5151317,678000
5155722,678100
5158705,678200
5161667,678300
5164101,678400
5166548,678500
5168829,678600
5171184,678700
5174133,678800
5176472,678900
5178698,679000
5189979,679100
5192386,679200
5194774,679300
5196754,679400
5198909,679500
5201665,679600
5204422,679700
5206811,679800
5208872,679900
5210975,680000
5215024,680100
5217663,680200
5220421,680300
5222788,680400
5224853,680500
5227092,680600
5229161,680700
5231912,680800
5234697,680900
5237061,681000
5241738,681100
5244290,681200
5246625,681300
5249208,681400
5251747,681500
5254365,681600
5257231,681700
5260342,681800
5263811,681900
5266886,682000
5272271,682100
5276144,682200
5279740,682300
5283715,682400
5286045,682500
5288520,682600
5290762,682700
5294084,682800
5296642,682900
5298964,683000
5303369,683100
5306804,683200
5310438,683300
5313701,683400
5316992,683500
5319816,683600
5322112,683700
5324764,683800
5327322,683900
5329862,684000
5334255,684100
5337849,684200
5340481,684300
5342732,684400
5345423,684500
5348126,684600
5350804,684700
5353091,684800
5355415,684900
5357432,685000
5361755,685100
5364266,685200
5367026,685300
5369282,685400
5372292,685500
5374831,685600
5377822,685700
5380750,685800
5383031,685900
5385448,686000
5421261,686100
5423930,686200
5426102,686300
5428176,686400
5429737,686500
5431246,686600
5433469,686700
5435492,686800
5438310,686900
5440614,687000
5445200,687100
5447831,687200
5449836,687300
5451992,687400
5454439,687500
5456342,687600
5458076,687700
5460473,687800
5462653,687900
5464392,688000
5468059,688100
5471085,688200
5474068,688300
5477298,688400
5480224,688500
5482580,688600
5484666,688700
5486759,688800
5489322,688900
5491651,689000
5495681,689100
5497773,689200
5500106,689300
5501946,689400
5503779,689500
5505950,689600
5508248,689700
5510490,689800
5513090,689900
5514824,690000
5519150,690100
5522804,690200
5524925,690300
5527270,690400
5528821,690500
5530837,690600
5532719,690700
5534429,690800
5536481,690900
5538142,691000
5541213,691100
5543607,691200
5545174,691300
5546476,691400
5547607,691500
5548615,691600
5550155,691700
5551840,691800
5554819,691900
5556544,692000
5559740,692100
5561842,692200
5563880,692300
5565783,692400
5567366,692500
5568512,692600
5570478,692700
5573021,692800
5574539,692900
5576050,693000
5579391,693100
5581446,693200
5583526,693300
5584977,693400
5586631,693500
5588464,693600
5589476,693700
5591131,693800
5592984,693900
5594937,694000
5598294,694100
5600815,694200
5602768,694300
5604722,694400
5606223,694500
5607899,694600
5609317,694700
5611209,694800
5612449,694900
5614351,695000
5618078,695100
5620370,695200
5622548,695300
5624503,695400
5626459,695500
5628744,695600
5630337,695700
5631942,695800
5633424,695900
5635027,696000
5639418,696100
5643859,696200
5646488,696300
5648965,696400
5652029,696500
5655069,696600
5657413,696700
5659752,696800
5661535,696900
5662736,697000
5665958,697100
5668145,697200
5669802,697300
5671739,697400
5673634,697500
5676040,697600
5678142,697700
5679609,697800
5681747,697900
5683491,698000
5686451,698100
5689055,698200
5691420,698300
5693937,698400
5696512,698500
5698787,698600
5701040,698700
5703481,698800
5705928,698900
5707352,699000
5710849,699100
5713197,699200
5714917,699300
5717212,699400
5718839,699500
5720663,699600
5722937,699700
5724715,699800
5726398,699900
5728682,700000
5762806,700100
5764805,700200
5766985,700300
5769025,700400
5770775,700500
5772904,700600
5774880,700700
5776725,700800
5778961,700900
5780674,701000
5784039,701100
5785929,701200
5787499,701300
5789269,701400
5791408,701500
5793230,701600
5795245,701700
5796770,701800
5798498,701900
5800603,702000
5807483,702100
5809700,702200
5811611,702300
5813366,702400
5815445,702500
5817382,702600
5818959,702700
5820954,702800
5823449,702900
5825462,703000
5830071,703100
5831823,703200
5833750,703300
5835478,703400
5837994,703500
5840232,703600
5842108,703700
5844314,703800
5846871,703900
5849234,704000
5853861,704100
5857194,704200
5859429,704300
5861382,704400
5863462,704500
5867064,704600
5869584,704700
5872125,704800
5874026,704900
5876189,705000
5881004,705100
5883893,705200
5886706,705300
5888211,705400
5889837,705500
5892244,705600
5894694,705700
5897141,705800
5900408,705900
5903064,706000
5907983,706100
5911086,706200
5913433,706300
5916160,706400
5918169,706500
5919516,706600
5921619,706700
5923492,706800
5925415,706900
5927590,707000
5931699,707100
5934495,707200
5936717,707300
5938400,707400
5940621,707500
5943307,707600
5945979,707700
5949259,707800
5951781,707900
5954193,708000
5959062,708100
5962330,708200
5964915,708300
5967746,708400
5969730,708500
5971457,708600
5973178,708700
5975458,708800
5978276,708900
5981060,709000
5987024,709100
5990225,709200
5993899,709300
5996258,709400
5998495,709500
6000327,709600
6001877,709700
6003511,709800
6006000,709900
6007820,710000
6013040,710100
6015997,710200
6018624,710300
6021070,710400
6024067,710500
6026238,710600
6027724,710700
6029665,710800
6031926,710900
6033650,711000
6037823,711100
6040732,711200
6043864,711300
6046945,711400
6049072,711500
6050885,711600
6052511,711700
6054461,711800
6056610,711900
6059059,712000
6063185,712100
6066120,712200
6069478,712300
6071618,712400
6073477,712500
6075521,712600
6078718,712700
6080972,712800
6082758,712900
6084517,713000
6088745,713100
6091710,713200
6094179,713300
6096774,713400
6098680,713500
6100834,713600
6102651,713700
6104056,713800
6105729,713900
6107558,714000
6111380,714100
6114365,714200
6117043,714300
6120486,714400
6123157,714500
6125834,714600
6128028,714700
6129822,714800
6131763,714900
6133682,715000
6137868,715100
6140351,715200
6142528,715300
6144335,715400
6146860,715500
6148752,715600
6150206,715700
6151866,715800
6153612,715900
6155291,716000
6160876,716100
6164245,716200
6167417,716300
6170289,716400
6173288,716500
6175292,716600
6176371,716700
6177525,716800
6179027,716900
6180409,717000
6184067,717100
6186025,717200
6188345,717300
6190977,717400
6193238,717500
6195417,717600
6197225,717700
6199001,717800
6200594,717900
6201968,718000
6206688,718100
6209262,718200
6211682,718300
6214401,718400
6216520,718500
6218785,718600
6221242,718700
6223034,718800
6224733,718900
6226170,719000
6229569,719100
6232083,719200
6234823,719300
6236830,719400
6238785,719500
6240302,719600
6242463,719700
6244916,719800
6247795,719900
6250083,720000
6253554,720100
6256356,720200
6259190,720300
6261976,720400
6264144,720500
6266989,720600
6269865,720700
6272748,720800
6274606,720900
6276440,721000
6280214,721100
6283025,721200
6285566,721300
6288331,721400
6290563,721500
6292472,721600
6294900,721700
6296690,721800
6299478,721900
6302538,722000
6306452,722100
6309404,722200
6313076,722300
6316712,722400
6321460,722500
6330526,722600
6336332,722700
6340164,722800
6343498,722900
6345467,723000
6349312,723100
6351748,723200
6353678,723300
6355749,723400
6357984,723500
6359730,723600
6361672,723700
6363324,723800
6365690,723900
6367825,724000
6371462,724100
6373558,724200
6375505,724300
6378665,724400
6381090,724500
6382862,724600
6384806,724700
6387434,724800
6389909,724900
6391686,725000
6395700,725100
6397740,725200
6399668,725300
6401785,725400
6405898,725500
6409384,725600
6412129,725700
6414364,725800
6416486,725900
6418331,726000
6422460,726100
6424734,726200
6427077,726300
6429622,726400
6431493,726500
6434134,726600
6436649,726700
6438962,726800
6440927,726900
6442415,727000
6445767,727100
6447844,727200
6449829,727300
6452433,727400
6455147,727500
6457228,727600
6459486,727700
6461951,727800
6463850,727900
6465933,728000
6469735,728100
6471609,728200
6473867,728300
6476179,728400
6477973,728500
6480313,728600
6482341,728700
6484224,728800
6486434,728900
6488579,729000
6492596,729100
6494657,729200
6496548,729300
6499020,729400
6501839,729500
6504219,729600
6506642,729700
6508799,729800
6511594,729900
6513996,730000
6518817,730100
6522021,730200
6524805,730300
6527139,730400
6529488,730500
6531950,730600
6533909,730700
6535939,730800
6538164,730900
6540392,731000
6544396,731100
6546153,731200
6548051,731300
6550504,731400
6552889,731500
6555858,731600
6558417,731700
6560826,731800
6563340,731900
6565032,732000
6568935,732100
6571294,732200
6573256,732300
6574903,732400
6577225,732500
6579640,732600
6581578,732700
6583731,732800
6585691,732900
6587354,733000
6591757,733100
6593516,733200
6595474,733300
6596909,733400
6598706,733500
6600723,733600
6603062,733700
6604769,733800
6607112,733900
6609833,734000
6614689,734100
6618307,734200
6621030,734300
6623091,734400
6624851,734500
6627090,734600
6629383,734700
6631446,734800
6633263,734900
6635917,735000
6640819,735100
6644085,735200
6646835,735300
6649074,735400
6651097,735500
6652953,735600
6656215,735700
6658635,735800
6660318,735900
6663734,736000
6669897,736100
6673668,736200
6676811,736300
6679406,736400
6682079,736500
6685433,736600
6688178,736700
6690636,736800
6692816,736900
6694924,737000
6699328,737100
6702383,737200
6704219,737300
6706613,737400
6708733,737500
6710774,737600
6713290,737700
6715900,737800
6718329,737900
6720108,738000
6724481,738100
6727752,738200
6730036,738300
6732060,738400
6734088,738500
6736643,738600
6738807,738700
6741200,738800
6743403,738900
6745631,739000
6750129,739100
6752793,739200
6754779,739300
6756043,739400
6757781,739500
6760092,739600
6761583,739700
6763654,739800
6765264,739900
6766920,740000
6770917,740100
6773101,740200
6776118,740300
6778498,740400
6780424,740500
6783075,740600
6786379,740700
6789286,740800
6791599,740900
6793788,741000
6797972,741100
6800279,741200
6802775,741300
6804810,741400
6806590,741500
6808642,741600
6810442,741700
6812336,741800
6814529,741900
6816166,742000
6819899,742100
6823198,742200
6826889,742300
6832246,742400
6836918,742500
6840928,742600
6843485,742700
6845676,742800
6847930,742900
6849576,743000
6853399,743100
6856125,743200
6858782,743300
6860759,743400
6862407,743500
6864573,743600
6867161,743700
6870131,743800
6872233,743900
6874015,744000
6878072,744100
6881352,744200
6883366,744300
6884595,744400
6886092,744500
6888025,744600
6890005,744700
6892411,744800
6895436,744900
6898059,745000
6902813,745100
6905835,745200
6908052,745300
6910089,745400
6912023,745500
6914544,745600
6916656,745700
6919491,745800
6921598,745900
6923349,746000
6927738,746100
6929891,746200
6931940,746300
6933771,746400
6936192,746500
6938339,746600
6940749,746700
6942548,746800
6944913,746900
6947203,747000
6951065,747100
6953375,747200
6956025,747300
6958011,747400
6960230,747500
6962457,747600
6965118,747700
6967198,747800
6969987,747900
6972392,748000
6975944,748100
6978714,748200
6980640,748300
6982046,748400
6983510,748500
6985570,748600
6987458,748700
6990223,748800
6993478,748900
6995937,749000
6999486,749100
7001741,749200
7003271,749300
7005138,749400
7006695,749500
7008370,749600
7010216,749700
7012851,749800
7015116,749900
7017476,750000
7021253,750100
7023946,750200
7026061,750300
7028637,750400
7030506,750500
7032684,750600
7034740,750700
7037086,750800
7039068,750900
7041125,751000
7044883,751100
7046519,751200
7049154,751300
7051118,751400
7052440,751500
7054924,751600
7057987,751700
7060588,751800
7063236,751900
7065123,752000
7070776,752100
7073778,752200
7076811,752300
7079496,752400
7081226,752500
7083051,752600
7084821,752700
7087705,752800
7089694,752900
7091706,753000
7096078,753100
7098726,753200
7100684,753300
7102628,753400
7104689,753500
7105923,753600
7107812,753700
7109966,753800
7112184,753900
7115746,754000
7121081,754100
7123787,754200
7127416,754300
7130448,754400
7132475,754500
7133997,754600
7135998,754700
7138304,754800
7140513,754900
7142676,755000
7146357,755100
7149214,755200
7151773,755300
7154150,755400
7155855,755500
7157406,755600
7159440,755700
7161281,755800
7163447,755900
7165729,756000
7170006,756100
7172270,756200
7174807,756300
7176793,756400
7178330,756500
7180018,756600
7181399,756700
7183229,756800
7185467,756900
7187049,757000
7332127,757100
7333891,757200
7336036,757300
7338458,757400
7342075,757500
7344052,757600
7345467,757700
7346811,757800
7348817,757900
7350355,758000
7354696,758100
7357312,758200
7360677,758300
7363682,758400
7367926,758500
7372078,758600
7376475,758700
7379242,758800
7381447,758900
7383629,759000
7388105,759100
7392725,759200
7397486,759300
7403832,759400
7406529,759500
7409218,759600
7412233,759700
7414498,759800
7416608,759900
7418196,760000
7422717,760100
7426496,760200
7430880,760300
7435210,760400
7438103,760500
7440731,760600
7442900,760700
7444781,760800
7446805,760900
7448805,761000
7452413,761100
7455087,761200
7457638,761300
7459938,761400
7462359,761500
7464364,761600
7466823,761700
7469247,761800
7471205,761900
7473297,762000
7478014,762100
7482909,762200
7487074,762300
7490014,762400
7494390,762500
7496949,762600
7499868,762700
7502005,762800
7504180,762900
7507110,763000
7511589,763100
7514878,763200
7518890,763300
7522422,763400
7526268,763500
7530052,763600
7533319,763700
7536453,763800
7539207,763900
7541248,764000
7546596,764100
7550576,764200
7554050,764300
7557845,764400
7562123,764500
7566624,764600
7570900,764700
7574937,764800
7577663,764900
7580182,765000
7585953,765100
7589566,765200
7592173,765300
7595321,765400
7597573,765500
7600155,765600
7602892,765700
7606415,765800
7608668,765900
7611587,766000
7616970,766100
7621015,766200
7623580,766300
7625641,766400
7627567,766500
7629405,766600
7634263,766700
7641104,766800
7643280,766900
7645402,767000
7650880,767100
7653839,767200
7656614,767300
7658745,767400
7660992,767500
7663421,767600
7665542,767700
7668214,767800
7670376,767900
7672669,768000
7678536,768100
7681283,768200
7684171,768300
7686125,768400
7688776,768500
7690964,768600
7693668,768700
7696261,768800
7697798,768900
7699298,769000
7703741,769100
7706818,769200
7708536,769300
7710879,769400
7713353,769500
7716401,769600
7719181,769700
7721864,769800
7723608,769900
7725457,770000
7731943,770100
7735171,770200
7738077,770300
7741034,770400
7743102,770500
7746488,770600
7748383,770700
7749827,770800
7751600,770900
7753055,771000
7757582,771100
7765783,771200
7774416,771300
7777663,771400
7783738,771500
7787589,771600
7790387,771700
7792672,771800
7794868,771900
7797573,772000
7802681,772100
7804826,772200
7808139,772300
7810596,772400
7813469,772500
7815515,772600
7817514,772700
7819687,772800
7822108,772900
7824154,773000
7828001,773100
7831047,773200
7833636,773300
7836121,773400
7838192,773500
7840017,773600
7841664,773700
7843686,773800
7845281,773900
7847036,774000
7850992,774100
7853757,774200
7857411,774300
7860609,774400
7863611,774500
7866540,774600
7868921,774700
7871176,774800
7873473,774900
7875664,775000
7880029,775100
7881915,775200
7885107,775300
7887893,775400
7890476,775500
7892953,775600
7895154,775700
7897861,775800
7899826,775900
7901973,776000
7906218,776100
7908159,776200
7910684,776300
7913889,776400
7916152,776500
7918899,776600
7921361,776700
7923621,776800
7926304,776900
7928519,777000
7933160,777100
7935611,777200
7937687,777300
7939725,777400
7941693,777500
7943868,777600
7946305,777700
7949331,777800
7951952,777900
7954703,778000
7960357,778100
7965436,778200
7968411,778300
7971199,778400
7973507,778500
7976506,778600
7979418,778700
7982115,778800
7984763,778900
7987276,779000
7992043,779100
7995016,779200
7997723,779300
7999867,779400
8002289,779500
8005266,779600
8007729,779700
8010205,779800
8012453,779900
8015012,780000
8020318,780100
8024586,780200
8027059,780300
8029391,780400
8031497,780500
8034051,780600
8037079,780700
8040370,780800
8043237,780900
8046197,781000
8051061,781100
8053916,781200
8056528,781300
8059417,781400
8062306,781500
8065388,781600
8068081,781700
8070785,781800
8073498,781900
8076058,782000
8081156,782100
8084147,782200
8086966,782300
8089222,782400
8092327,782500
8095030,782600
8097856,782700
8100189,782800
8102974,782900
8105469,783000
8110021,783100
8112889,783200
8115934,783300
8118740,783400
8121551,783500
8124479,783600
8127411,783700
8130256,783800
8133029,783900
8135627,784000
8141702,784100
8144661,784200
8147162,784300
8149727,784400
8151639,784500
8154328,784600
8157060,784700
8160670,784800
8164071,784900
8167133,785000
8172617,785100
8176273,785200
8179327,785300
8182318,785400
8184597,785500
8186859,785600
8189789,785700
8192140,785800
8194786,785900
8197040,786000
8203101,786100
8207314,786200
8210588,786300
8213217,786400
8215729,786500
8217647,786600
8219365,786700
8221621,786800
8223761,786900
8226423,787000
8231871,787100
8235982,787200
8239892,787300
8242923,787400
8245524,787500
8247504,787600
8249957,787700
8252023,787800
8254051,787900
8257104,788000
8263365,788100
8266429,788200
8269259,788300
8272375,788400
8274352,788500
8276256,788600
8278029,788700
8279900,788800
8281629,788900
8284213,789000
8289482,789100
8291527,789200
8293880,789300
8296237,789400
8298323,789500
8300330,789600
8301994,789700
8304092,789800
8306351,789900
8308676,790000
8315201,790100
8318897,790200
8321670,790300
8324348,790400
8326404,790500
8328824,790600
8330531,790700
8332436,790800
8334755,790900
8337485,791000
8343066,791100
8346454,791200
8349471,791300
8352343,791400
8354565,791500
8356944,791600
8359405,791700
8361770,791800
8364198,791900
8366488,792000
8371599,792100
8375169,792200
8377952,792300
8380963,792400
8383529,792500
8386588,792600
8390719,792700
8394449,792800
8397789,792900
8401356,793000
8408135,793100
8412447,793200
8415370,793300
8417934,793400
8420348,793500
8423510,793600
8426898,793700
8430039,793800
8432933,793900
8435964,794000
8443129,794100
8446921,794200
8450860,794300
8453821,794400
8456545,794500
8458570,794600
8461058,794700
8463175,794800
8465912,794900
8469387,795000
8476762,795100
8480954,795200
8485613,795300
8490615,795400
8495009,795500
8499792,795600
8503688,795700
8507343,795800
8510252,795900
8514120,796000
8520247,796100
8524612,796200
8528681,796300
8532009,796400
8535801,796500
8538900,796600
8541614,796700
8544580,796800
8546879,796900
8549733,797000
8555853,797100
8559196,797200
8561999,797300
8565989,797400
8570513,797500
8573509,797600
8576613,797700
8579198,797800
8581517,797900
8583837,798000
8589591,798100
8593849,798200
8596769,798300
8599657,798400
8602496,798500
8605751,798600
8610118,798700
8613542,798800
8616815,798900
8620228,799000
8626522,799100
8629982,799200
8633863,799300
8637149,799400
8639987,799500
8643179,799600
8646226,799700
8648811,799800
8650922,799900
8653453,800000
8659639,800100
8662954,800200
8666256,800300
8669273,800400
8672147,800500
8674810,800600
8677365,800700
8679626,800800
8681929,800900
8684639,801000
8691363,801100
8694318,801200
8697074,801300
8699812,801400
8702768,801500
8705437,801600
8708729,801700
8710798,801800
8713189,801900
8716666,802000
8723944,802100
8728224,802200
8732224,802300
8735089,802400
8737802,802500
8740679,802600
8743206,802700
8746401,802800
8749262,802900
8751767,803000
8758792,803100
8761793,803200
8765008,803300
8768101,803400
8770833,803500
8773743,803600
8776631,803700
8779908,803800
8782331,803900
8785220,804000
8790154,804100
8793096,804200
8797061,804300
8800658,804400
8803359,804500
8806716,804600
8809327,804700
8812079,804800
8814550,804900
8817035,805000
8822549,805100
8827026,805200
8829676,805300
8832801,805400
8836683,805500
8841419,805600
8844451,805700
8847435,805800
8850070,805900
8852310,806000
8858119,806100
8861985,806200
8865675,806300
8869157,806400
8871669,806500
8874523,806600
8877352,806700
8881125,806800
8883978,806900
8886094,807000
8891878,807100
8895629,807200
8898983,807300
8902295,807400
8904571,807500
8906692,807600
8909312,807700
8912143,807800
8915287,807900
8917515,808000
8922835,808100
8925605,808200
8927695,808300
8930396,808400
8933075,808500
8935821,808600
8938554,808700
8941843,808800
8946143,808900
8949158,809000
8954987,809100
8959024,809200
8963485,809300
8966909,809400
8970113,809500
8973165,809600
8976272,809700
8980024,809800
8983830,809900
8987389,810000
8994801,810100
9001030,810200
9005884,810300
9010263,810400
9015097,810500
9018856,810600
9023734,810700
9027945,810800
9032916,810900
9037742,811000
9045768,811100
9051381,811200
9055765,811300
9062192,811400
9068376,811500
9075066,811600
9080802,811700
9086754,811800
9092535,811900
9097642,812000
9105090,812100
9110555,812200
9116166,812300
9121944,812400
9126632,812500
9131078,812600
9135448,812700
9139962,812800
9145740,812900
9150564,813000
9159118,813100
9164281,813200
9168404,813300
9172713,813400
9176911,813500
9181059,813600
9185803,813700
9189176,813800
9193091,813900
9197502,814000
9206573,814100
9211134,814200
9215522,814300
9218791,814400
9222387,814500
9226302,814600
9230353,814700
9233462,814800
9237221,814900
9240768,815000
9246730,815100
9250662,815200
9253790,815300
9256073,815400
9259190,815500
9262362,815600
9265746,815700
9269304,815800
9271857,815900
9274658,816000
9281492,816100
9285790,816200
9288322,816300
9291259,816400
9293428,816500
9296382,816600
9299580,816700
9302887,816800
9305579,816900
9308831,817000
9315514,817100
9319594,817200
9322266,817300
9324900,817400
9327015,817500
9329743,817600
9332620,817700
9335309,817800
9338052,817900
9341355,818000
9347495,818100
9352612,818200
9356163,818300
9358823,818400
9361267,818500
9363818,818600
9366894,818700
9370836,818800
9375013,818900
9378381,819000
9392205,819100
9397835,819200
9400905,819300
9405197,819400
9408576,819500
9410983,819600
9414509,819700
9419989,819800
9425068,819900
9430472,820000
9439803,820100
9444843,820200
9448637,820300
9452318,820400
9455318,820500
9458215,820600
9461331,820700
9464975,820800
9468965,820900
9472156,821000
9477648,821100
9480618,821200
9483481,821300
9486338,821400
9488594,821500
9490414,821600
9492886,821700
9495372,821800
9497933,821900
9501146,822000
9508321,822100
9513418,822200
9517772,822300
9521672,822400
9525863,822500
9529001,822600
9531999,822700
9534638,822800
9536991,822900
9539830,823000
9545591,823100
9548712,823200
9552524,823300
9557035,823400
9561087,823500
9564228,823600
9566321,823700
9568663,823800
9571422,823900
9575173,824000
9582821,824100
9586907,824200
9590387,824300
9594610,824400
9597984,824500
9602911,824600
9607907,824700
9612506,824800
9616218,824900
9620759,825000
9628790,825100
9633720,825200
9636892,825300
9640950,825400
9645040,825500
9648475,825600
9650492,825700
9653255,825800
9657382,825900
9660980,826000
9669085,826100
9674052,826200
9677714,826300
9681854,826400
9685413,826500
9688419,826600
9691060,826700
9693773,826800
9697614,826900
9701484,827000
9709347,827100
9714848,827200
9719915,827300
9725247,827400
9728860,827500
9732145,827600
9735338,827700
9737972,827800
9741370,827900
9745945,828000
9753702,828100
9759426,828200
9764100,828300
9768592,828400
9772429,828500
9775493,828600
9778420,828700
9780847,828800
9783904,828900
9787086,829000
9793490,829100
9797782,829200
9801887,829300
9804522,829400
9808642,829500
9812855,829600
9816459,829700
9820940,829800
9825650,829900
9830280,830000
9838080,830100
9845468,830200
9851751,830300
9857322,830400
9863400,830500
9868406,830600
9873911,830700
9878638,830800
9883385,830900
9887625,831000
9894408,831100
9898461,831200
9902248,831300
9905551,831400
9908963,831500
9912457,831600
9915709,831700
9919916,831800
9923747,831900
9928206,832000
9936483,832100
9941612,832200
9946636,832300
9950495,832400
9956801,832500
9962024,832600
9966265,832700
9970547,832800
9976306,832900
9980751,833000
9988900,833100
9995186,833200
10001548,833300
10007011,833400
10011858,833500
10015615,833600
10019175,833700
10023750,833800
10028011,833900
10031933,834000
10040875,834100
10047022,834200
10053586,834300
10058668,834400
10063768,834500
10069487,834600
10074246,834700
10079419,834800
10083888,834900
10088332,835000
10096734,835100
10101930,835200
10105962,835300
10109782,835400
10113242,835500
10118644,835600
10123067,835700
10126450,835800
10132568,835900
10138570,836000
10147024,836100
10152801,836200
10157770,836300
10162308,836400
10166038,836500
10170066,836600
10174054,836700
10177430,836800
10180761,836900
10183885,837000
10189950,837100
10194307,837200
10198982,837300
10203732,837400
10208520,837500
10212848,837600
10217604,837700
10224298,837800
10228794,837900
10233144,838000
10238578,838100
10243656,838200
10249017,838300
10253311,838400
10257364,838500
10260374,838600
10263660,838700
10266637,838800
10269832,838900
10272367,839000
10277712,839100
10282104,839200
10287613,839300
10292323,839400
10295965,839500
10299131,839600
10302529,839700
10305713,839800
10309258,839900
10312833,840000
10317337,840100
10320686,840200
10324345,840300
10327001,840400
10329032,840500
10331187,840600
10334331,840700
10337614,840800
10341311,840900
10344788,841000
10350479,841100
10354036,841200
10357695,841300
10361516,841400
10364706,841500
10368197,841600
10372295,841700
10375891,841800
10378984,841900
10382239,842000
10387204,842100
10390488,842200
10394873,842300
10399644,842400
10403485,842500
10407446,842600
10410429,842700
10413464,842800
10416231,842900
10418338,843000
10424549,843100
10428333,843200
10432013,843300
10435654,843400
10439155,843500
10443702,843600
10448107,843700
10451767,843800
10455563,843900
10459091,844000
10466301,844100
10471069,844200
10474563,844300
10478137,844400
10482282,844500
10486609,844600
10490204,844700
10494203,844800
10497827,844900
10501504,845000
10507496,845100
10510388,845200
10513802,845300
10517086,845400
10520563,845500
10524338,845600
10527267,845700
10531571,845800
10535445,845900
10538289,846000
10543955,846100
10548255,846200
10552056,846300
10556167,846400
10559802,846500
10563878,846600
10567790,846700
10571354,846800
10575669,846900
10580150,847000
10586152,847100
10589166,847200
10591734,847300
10594949,847400
10598172,847500
10601937,847600
10605834,847700
10608810,847800
10611754,847900
10615116,848000
10622630,848100
10626882,848200
10630478,848300
10634255,848400
10637931,848500
10641185,848600
10644943,848700
10649297,848800
10652693,848900
10656511,849000
10663859,849100
10668798,849200
10673695,849300
10678217,849400
10681911,849500
10686520,849600
10693502,849700
10698668,849800
10704494,849900
10708801,850000
10717377,850100
10723373,850200
10727769,850300
10732019,850400
10736215,850500
10741823,850600
10746008,850700
10749951,850800
10754443,850900
10760756,851000
10767717,851100
10772035,851200
10778561,851300
10782870,851400
10788590,851500
10793918,851600
10798504,851700
10803593,851800
10808410,851900
10811273,852000
10819105,852100
10826957,852200
10833659,852300
10839295,852400
10846768,852500
10851815,852600
10857574,852700
10863942,852800
10868627,852900
10873582,853000
10881202,853100
10885763,853200
10890406,853300
10894805,853400
10898536,853500
10902936,853600
10906691,853700
10910762,853800
10917810,853900
10925738,854000
10942239,854100
10952741,854200
10958050,854300
10962665,854400
10967463,854500
10972079,854600
10976814,854700
10980753,854800
10985176,854900
10989821,855000
10999969,855100
11006119,855200
11010223,855300
11015937,855400
11022159,855500
11029226,855600
11035408,855700
11042082,855800
11046320,855900
11050338,856000
11059261,856100
11063765,856200
11068992,856300
11076728,856400
11085792,856500
11092974,856600
11098309,856700
11103138,856800
11107761,856900
11111284,857000
11117689,857100
11120900,857200
11124661,857300
11127702,857400
11131344,857500
11134449,857600
11137915,857700
11141223,857800
11144379,857900
11147270,858000
11153347,858100
11157934,858200
11161036,858300
11164075,858400
11167238,858500
11170852,858600
11174574,858700
11177507,858800
11181259,858900
11185510,859000
11192118,859100
11197254,859200
11200400,859300
11203515,859400
11206963,859500
11211247,859600
11215009,859700
11218164,859800
11222297,859900
11225255,860000
11423149,860100
11427369,860200
11431140,860300
11436003,860400
11439219,860500
11443359,860600
11447335,860700
11452331,860800
11456696,860900
11461465,861000
11469360,861100
11474206,861200
11478180,861300
11482783,861400
11486781,861500
11490981,861600
11494557,861700
11498819,861800
11503852,861900
11507839,862000
11517335,862100
11523478,862200
11528094,862300
11532457,862400
11536090,862500
11541404,862600
11546607,862700
11552306,862800
11557860,862900
11562672,863000
11570606,863100
11575821,863200
11580442,863300
11585230,863400
11589788,863500
11593912,863600
11598753,863700
11605140,863800
11609829,863900
11615131,864000
11626514,864100
11632483,864200
11635941,864300
11638986,864400
11642489,864500
11646625,864600
11649521,864700
11653390,864800
11656639,864900
11659723,865000
11665705,865100
11672562,865200
11676685,865300
11679342,865400
11682993,865500
11687081,865600
11690416,865700
11694536,865800
11698301,865900
11701637,866000
11709578,866100
11716582,866200
11721746,866300
11726350,866400
11730394,866500
11734791,866600
11739163,866700
11742716,866800
11747095,866900
11751898,867000
11762214,867100
11766208,867200
11769978,867300
11774242,867400
11779760,867500
11783924,867600
11788592,867700
11793275,867800
11798484,867900
11806010,868000
11815689,868100
11820635,868200
11825806,868300
11832146,868400
11836740,868500
11841521,868600
11847218,868700
11853325,868800
11860375,868900
11866571,869000
11878697,869100
11886781,869200
11893588,869300
11898899,869400
11904029,869500
11908809,869600
11914350,869700
11920981,869800
11928648,869900
11937723,870000
11949250,870100
11960808,870200
11967815,870300
11974093,870400
11979630,870500
11986023,870600
11992416,870700
11997614,870800
12002468,870900
12006325,871000
12014528,871100
12018756,871200
12023756,871300
12032072,871400
12038462,871500
12044577,871600
12049652,871700
12055447,871800
12060856,871900
12066712,872000
12075766,872100
12081084,872200
12085620,872300
12089718,872400
12094102,872500
12098775,872600
12104023,872700
12108563,872800
12113314,872900
12118950,873000
12127655,873100
12132785,873200
12138069,873300
12145336,873400
12151132,873500
12157645,873600
12163267,873700
12169169,873800
12174606,873900
12179469,874000
12189972,874100
12196599,874200
12200954,874300
12205118,874400
12210619,874500
12215025,874600
12218727,874700
12222884,874800
12227397,874900
12232819,875000
12243678,875100
12249780,875200
12254716,875300
12259188,875400
12264604,875500
12271473,875600
12277661,875700
12284391,875800
12291079,875900
12297347,876000
12307649,876100
12314689,876200
12320459,876300
12326597,876400
12333058,876500
12340526,876600
12348441,876700
12355704,876800
12364321,876900
12369997,877000
12380014,877100
12387173,877200
12393316,877300
12401047,877400
12409377,877500
12414872,877600
12420148,877700
12426128,877800
12431753,877900
12436713,878000
12448659,878100
12454850,878200
12460317,878300
12464777,878400
12468826,878500
12474633,878600
12479209,878700
12486063,878800
12492012,878900
12498789,879000
12507324,879100
12513039,879200
12518775,879300
12524919,879400
12530219,879500
12535044,879600
12540899,879700
12548509,879800
12556343,879900
12562164,880000
12574934,880100
12581050,880200
12587455,880300
12594250,880400
12603984,880500
12611052,880600
12617545,880700
12623766,880800
12632714,880900
12642076,881000
12653358,881100
12661501,881200
12669408,881300
12677041,881400
12684938,881500
12691633,881600
12698881,881700
12708296,881800
12716486,881900
12724060,882000
12738030,882100
12749061,882200
12757016,882300
12763019,882400
12768493,882500
12774388,882600
12780765,882700
12785461,882800
12790443,882900
12796370,883000
12806737,883100
12813218,883200
12818625,883300
12823513,883400
12828950,883500
12835590,883600
12842505,883700
12850014,883800
12859331,883900
12866478,884000
12876965,884100
12885809,884200
12896708,884300
12901853,884400
12906280,884500
12910047,884600
12913126,884700
12918058,884800
12922465,884900
12926191,885000
12932117,885100
12936176,885200
12941628,885300
12946768,885400
12952842,885500
12958027,885600
12963898,885700
12969843,885800
12977448,885900
12982552,886000
12993284,886100
13000053,886200
13008738,886300
13016052,886400
13023799,886500
13029973,886600
13038014,886700
13043558,886800
13050007,886900
13059149,887000
13069055,887100
13074572,887200
13079802,887300
13083967,887400
13088627,887500
13092588,887600
13096918,887700
13100017,887800
13103055,887900
13106461,888000
13115386,888100
13119950,888200
13124199,888300
13128696,888400
13132792,888500
13138231,888600
13143362,888700
13149431,888800
13153273,888900
13156800,889000
13162299,889100
13167294,889200
13171792,889300
13175092,889400
13178364,889500
13182190,889600
13186500,889700
13190288,889800
13194519,889900
13198927,890000
13205271,890100
13210502,890200
13215868,890300
13220129,890400
13224530,890500
13227923,890600
13231803,890700
13236604,890800
13240310,890900
13243739,891000
13249252,891100
13253925,891200
13257620,891300
13264766,891400
13267670,891500
13272633,891600
13276973,891700
13280234,891800
13283688,891900
13286906,892000
13293228,892100
13297659,892200
13301196,892300
13305463,892400
13308779,892500
13312032,892600
13316829,892700
13320295,892800
13323414,892900
13326579,893000
13333194,893100
13336459,893200
13339895,893300
13343292,893400
13346614,893500
13350795,893600
13355063,893700
13358273,893800
13362077,893900
13365513,894000
13372745,894100
13378898,894200
13390324,894300
13396823,894400
13401908,894500
13407064,894600
13412415,894700
13417568,894800
13421381,894900
13426739,895000
13433313,895100
13438227,895200
13443352,895300
13447701,895400
13451521,895500
13455823,895600
13462514,895700
13469190,895800
13475933,895900
13482968,896000
13494376,896100
13503367,896200
13510736,896300
13516009,896400
13521234,896500
13526723,896600
13532688,896700
13537076,896800
13541865,896900
13547408,897000
13558911,897100
13564442,897200
13567893,897300
13572994,897400
13577777,897500
13582596,897600
13588543,897700
13594481,897800
13600965,897900
13605850,898000
13613764,898100
13621167,898200
13625540,898300
13630254,898400
13636893,898500
13641723,898600
13647576,898700
13652839,898800
13656381,898900
13660999,899000
13669812,899100
13675352,899200
13678716,899300
13683803,899400
13688545,899500
13693366,899600
13699223,899700
13704459,899800
13709344,899900
13714884,900000
13723193,900100
13728678,900200
13732590,900300
13736468,900400
13739915,900500
13745251,900600
13750328,900700
13755166,900800
13759520,900900
13764177,901000
13773114,901100
13778791,901200
13782689,901300
13787520,901400
13791171,901500
13796115,901600
13802140,901700
13806869,901800
13811861,901900
13818220,902000
13827593,902100
13833322,902200
13839157,902300
13843487,902400
13849135,902500
13854595,902600
13859434,902700
13863908,902800
13868739,902900
13873189,903000
13880168,903100
13884799,903200
13888252,903300
13892333,903400
13897363,903500
13902259,903600
13906748,903700
13911217,903800
13916043,903900
13920210,904000
13927052,904100
13930575,904200
13933347,904300
13937432,904400
13942330,904500
13946747,904600
13951358,904700
13955780,904800
13960597,904900
13966049,905000
13975191,905100
13979698,905200
13983993,905300
13988048,905400
13993202,905500
13998173,905600
14001790,905700
14005724,905800
14010647,905900
14014963,906000
14032610,906100
14036558,906200
14041179,906300
14045159,906400
14049857,906500
14053603,906600
14057799,906700
14063765,906800
14068332,906900
14072773,907000
14079849,907100
14085300,907200
14089545,907300
14092849,907400
14097156,907500
14101391,907600
14107061,907700
14111062,907800
14115354,907900
14120226,908000
14127412,908100
14133222,908200
14137422,908300
14140485,908400
14143488,908500
14147043,908600
14150030,908700
14154179,908800
14157982,908900
14161133,909000
14167875,909100
14172451,909200
14177250,909300
14181179,909400
14184675,909500
14189702,909600
14193294,909700
14197751,909800
14201441,909900
14205014,910000
14213614,910100
14219905,910200
14225075,910300
14228804,910400
14232374,910500
14235571,910600
14239759,910700
14243702,910800
14247369,910900
14250950,911000
14257451,911100
14262971,911200
14267647,911300
14271694,911400
14274701,911500
14278393,911600
14282534,911700
14286682,911800
14290087,911900
14293818,912000
14300578,912100
14306193,912200
14311553,912300
14315293,912400
14318717,912500
14322054,912600
14325232,912700
14328195,912800
14331766,912900
14335628,913000
14342492,913100
14347138,913200
14350813,913300
14354489,913400
14357223,913500
14360324,913600
14363779,913700
14368173,913800
14372159,913900
14375553,914000
14382496,914100
14387060,914200
14391151,914300
14395857,914400
14400340,914500
14403954,914600
14407324,914700
14410589,914800
14415131,914900
14418672,915000
14425590,915100
14431221,915200
14435149,915300
14438753,915400
14441949,915500
14444815,915600
14447891,915700
14452548,915800
14456656,915900
14459883,916000
14468616,916100
14473319,916200
14478085,916300
14482590,916400
14486946,916500
14492004,916600
14495592,916700
14498965,916800
14502688,916900
14506618,917000
14513795,917100
14517109,917200
14521735,917300
14526491,917400
14531421,917500
14536675,917600
14541021,917700
14545812,917800
14549279,917900
14554444,918000
14565103,918100
14573458,918200
14578683,918300
14583312,918400
14589183,918500
14594930,918600
14598331,918700
14602044,918800
14606043,918900
14609768,919000
14616704,919100
14621285,919200
14625294,919300
14630743,919400
14634687,919500
14639291,919600
14642439,919700
14645126,919800
14649712,919900
14654139,920000
14661898,920100
14668667,920200
14673486,920300
14677343,920400
14681609,920500
14685458,920600
14688116,920700
14692045,920800
14695190,920900
14699228,921000
14713548,921100
14717094,921200
14721023,921300
14724809,921400
14728055,921500
14731611,921600
14735067,921700
14738469,921800
14741040,921900
14744257,922000
14751921,922100
14758784,922200
14763511,922300
14767395,922400
14770868,922500
14774896,922600
14778564,922700
14782794,922800
14785561,922900
14788927,923000
14796548,923100
14800683,923200
14804432,923300
14807789,923400
14811426,923500
14815992,923600
14820161,923700
14823730,923800
14826362,923900
14829790,924000
14839140,924100
14846888,924200
14851001,924300
14855179,924400
14860347,924500
14866268,924600
14870686,924700
14875142,924800
14878545,924900
14882011,925000
14889447,925100
14894371,925200
14897978,925300
14901916,925400
14904862,925500
14908720,925600
14911717,925700
14915610,925800
14918971,925900
14922978,926000
14932736,926100
14938163,926200
14942281,926300
14946049,926400
14952231,926500
14957208,926600
14961491,926700
14964090,926800
14968259,926900
14971606,927000
14978042,927100
14984010,927200
14988374,927300
14991488,927400
14995161,927500
14999373,927600
15002003,927700
15005623,927800
15008546,927900
15012200,928000
15019088,928100
15024500,928200
15029085,928300
15033336,928400
15036747,928500
15040420,928600
15042810,928700
15046179,928800
15049170,928900
15052630,929000
15058872,929100
15063393,929200
15067016,929300
15070737,929400
15073690,929500
15076429,929600
15079502,929700
15082367,929800
15084947,929900
15087645,930000
15094001,930100
15099832,930200
15104393,930300
15108352,930400
15111579,930500
15115383,930600
15118375,930700
15121623,930800
15126225,930900
15129127,931000
15135669,931100
15139888,931200
15144416,931300
15148485,931400
15152642,931500
15158586,931600
15162224,931700
15166678,931800
15171338,931900
15173887,932000
15180293,932100
15185450,932200
15190017,932300
15193820,932400
15197487,932500
15202963,932600
15206797,932700
15209711,932800
15213249,932900
15216155,933000
15222628,933100
15226897,933200
15231122,933300
15234345,933400
15237137,933500
15241189,933600
15244459,933700
15249191,933800
15253497,933900
15256501,934000
15264425,934100
15271415,934200
15278091,934300
15283094,934400
15286678,934500
15291879,934600
15295916,934700
15300581,934800
15304901,934900
15308273,935000
15316101,935100
15324297,935200
15329691,935300
15332859,935400
15335963,935500
15338655,935600
15341023,935700
15344206,935800
15346721,935900
15349866,936000
15357579,936100
15360870,936200
15364155,936300
15367170,936400
15370187,936500
15372931,936600
15375359,936700
15377537,936800
15379818,936900
15382714,937000
15387697,937100
15392347,937200
15395265,937300
15397815,937400
15400402,937500
15403590,937600
15406248,937700
15408836,937800
15411224,937900
15417014,938000
15424283,938100
15429474,938200
15433601,938300
15436286,938400
15439945,938500
15443384,938600
15446728,938700
15450123,938800
15452758,938900
15456143,939000
15462569,939100
15466606,939200
15470432,939300
15473156,939400
15476871,939500
15479865,939600
15483105,939700
15485894,939800
15489097,939900
15491717,940000
15499186,940100
15503780,940200
15506983,940300
15510924,940400
15514293,940500
15518616,940600
15521729,940700
15524325,940800
15528017,940900
15532221,941000
15538875,941100
15543545,941200
15546593,941300
15550446,941400
15554195,941500
15556495,941600
15558864,941700
15561504,941800
15564150,941900
15567687,942000
15573369,942100
15577861,942200
15581023,942300
15584631,942400
15588075,942500
15591083,942600
15593969,942700
15596201,942800
15599185,942900
15602495,943000
15609854,943100
15613481,943200
15617509,943300
20121918,0
20121968,100
20121984,200
20121998,300
20122004,400
20122011,500
20122028,600
20122034,700
20122041,800
20122047,900
20122054,1000
20122070,1100
20122077,1200
20122084,1300
20122091,1400
20122098,1500
20122105,1600
20122111,1700
20122118,1800
20122124,1900
20122131,2000
20122145,2100
20122159,2200
20122166,2300
20122172,2400
20122179,2500
20122186,2600
20122192,2700
20122199,2800
20122206,2900
20122214,3000
20122220,3100
20122226,3200
20122233,3300
20122241,3400
20122247,3500
20122254,3600
20122262,3700
20122268,3800
20122275,3900
20122281,4000
20122298,4100
20122304,4200
20122311,4300
20122317,4400
20122323,4500
20122330,4600
20122337,4700
20122343,4800
20122349,4900
20122355,5000
20122361,5100
20122367,5200
20122374,5300
20122380,5400
20122386,5500
20122392,5600
20122399,5700
20122405,5800
20122412,5900
20122420,6000
20122426,6100
20122434,6200
20122441,6300
20122448,6400
20122456,6500
20122463,6600
20122470,6700
20122477,6800
20122483,6900
20122490,7000
20122497,7100
20122504,7200
20122511,7300
20122517,7400
20122524,7500
20122530,7600
20122537,7700
20122543,7800
20122549,7900
20122556,8000
20122562,8100
20122577,8200
20122584,8300
20122591,8400
20122597,8500
20122603,8600
20122609,8700
20122616,8800
20122622,8900
20122628,9000
20122634,9100
20122640,9200
20122647,9300
20122653,9400
20122659,9500
20122665,9600
20122672,9700
20122677,9800
20122684,9900
20122690,10000
20122927,10100
20122933,10200
20122941,10300
20122947,10400
20122953,10500
20122966,10600
20122972,10700
20122979,10800
20122985,10900
20122992,11000
20123000,11100
20123007,11200
20123013,11300
20123020,11400
20123027,11500
20123034,11600
20123041,11700
20123048,11800
20123054,11900
20123060,12000
20123070,12100
20123076,12200
20123083,12300
20123089,12400
20123096,12500
20123102,12600
20123109,12700
20123115,12800
20123122,12900
20123128,13000
20123135,13100
20123142,13200
20123148,13300
20123155,13400
20123162,13500
20123168,13600
20123175,13700
20123181,13800
20123188,13900
20123195,14000
20123206,14100
20123212,14200
20123219,14300
20123226,14400
20123233,14500
20123239,14600
20123246,14700
20123253,14800
20123259,14900
20123266,15000
20123273,15100
20123280,15200
20123288,15300
20123295,15400
20123302,15500
20123309,15600
20123316,15700
20123323,15800
20123330,15900
20123337,16000
20123343,16100
20123351,16200
20123358,16300
20123365,16400
20123372,16500
20123378,16600
20123386,16700
20123393,16800
20123400,16900
20123407,17000
20123414,17100
20123422,17200
20123429,17300
20123437,17400
20123443,17500
20123450,17600
20123457,17700
20123465,17800
20123472,17900
20123480,18000
20123487,18100
20123497,18200
20123504,18300
20123511,18400
20123518,18500
20123524,18600
20123531,18700
20123538,18800
20123546,18900
20123553,19000
20123561,19100
20123567,19200
20123574,19300
20123581,19400
20123588,19500
20123595,19600
20123602,19700
20123608,19800
20123615,19900
20123621,20000
20124219,20100
20124227,20200
20124235,20300
20124243,20400
20124251,20500
20124259,20600
20124266,20700
20124273,20800
20124280,20900
20124286,21000
20124296,21100
20124304,21200
20124311,21300
20124318,21400
20124326,21500
20124334,21600
20124341,21700
20124348,21800
20124355,21900
20124363,22000
20124371,22100
20124379,22200
20124386,22300
20124394,22400
20124400,22500
20124407,22600
20124414,22700
20124422,22800
20124429,22900
20124436,23000
20124444,23100
20124450,23200
20124457,23300
20124464,23400
20124472,23500
20124479,23600
20124487,23700
20124494,23800
20124501,23900
20124508,24000
20124517,24100
20124524,24200
20124532,24300
20124539,24400
20124546,24500
20124554,24600
20124561,24700
20124568,24800
20124577,24900
20124584,25000
20124592,25100
20124598,25200
20124605,25300
20124612,25400
20124619,25500
20124626,25600
20124633,25700
20124640,25800
20124647,25900
20124654,26000
20124661,26100
20124669,26200
20124676,26300
20124683,26400
20124691,26500
20124698,26600
20124704,26700
20124712,26800
20124719,26900
20124726,27000
20124733,27100
20124741,27200
20124748,27300
20124754,27400
20124761,27500
20124768,27600
20124776,27700
20124783,27800
20124790,27900
20124797,28000
20124804,28100
20124814,28200
20124821,28300
20124827,28400
20124835,28500
20124843,28600
20124850,28700
20124858,28800
20124865,28900
20124872,29000
20124880,29100
20124888,29200
20124896,29300
20124903,29400
20124910,29500
20124917,29600
20124927,29700
20124935,29800
20124942,29900
20124949,30000
20125012,30100
20125019,30200
20125026,30300
20125033,30400
20125040,30500
20125048,30600
20125055,30700
20125062,30800
20125069,30900
20125076,31000
20125083,31100
20125090,31200
20125098,31300
20125105,31400
20125112,31500
20125119,31600
20125126,31700
20125134,31800
20125141,31900
20125148,32000
20125158,32100
20125165,32200
20125173,32300
20125179,32400
20125186,32500
20125193,32600
20125200,32700
20125208,32800
20125215,32900
20125223,33000
20125230,33100
20125237,33200
20125244,33300
20125251,33400
20125258,33500
20125264,33600
20125272,33700
20125279,33800
20125286,33900
20125293,34000
20125302,34100
20125310,34200
20125317,34300
20125324,34400
20125332,34500
20125339,34600
20125347,34700
20125353,34800
20125360,34900
20125366,35000
20125373,35100
20125379,35200
20125385,35300
20125392,35400
20125398,35500
20125404,35600
20125412,35700
20125420,35800
20125428,35900
20125436,36000
20125444,36100
20125451,36200
20125459,36300
20125466,36400
20125474,36500
20125481,36600
20125489,36700
20125496,36800
20125503,36900
20125511,37000
20125517,37100
20125525,37200
20125532,37300
20125539,37400
20125547,37500
20125555,37600
20125563,37700
20125570,37800
20125577,37900
20125584,38000
20125591,38100
20125600,38200
20125608,38300
20125616,38400
20125624,38500
20125631,38600
20125638,38700
20125646,38800
20125653,38900
20125661,39000
20125669,39100
20125677,39200
20125684,39300
20125692,39400
20125700,39500
20125707,39600
20125715,39700
20125723,39800
20125731,39900
20125738,40000
20125807,40100
20125814,40200
20125822,40300
20125829,40400
20125837,40500
20125845,40600
20125852,40700
20125859,40800
20125867,40900
20125874,41000
20125882,41100
20125890,41200
20125897,41300
20125904,41400
20125912,41500
20125920,41600
20125926,41700
20125934,41800
20125942,41900
20125949,42000
20125958,42100
20125964,42200
20125971,42300
20125979,42400
20125986,42500
20125994,42600
20126001,42700
20126008,42800
20126015,42900
20126022,43000
20126030,43100
20126036,43200
20126044,43300
20126051,43400
20126059,43500
20126066,43600
20126074,43700
20126082,43800
20126088,43900
20126096,44000
20126106,44100
20126113,44200
20126121,44300
20126128,44400
20126137,44500
20126143,44600
20126151,44700
20126158,44800
20126165,44900
20126173,45000
20126179,45100
20126187,45200
20126193,45300
20126201,45400
20126208,45500
20126215,45600
20126222,45700
20126231,45800
20126239,45900
20126248,46000
20126256,46100
20126264,46200
20126272,46300
20126280,46400
20126289,46500
20126296,46600
20126304,46700
20126313,46800
20126321,46900
20126329,47000
20126338,47100
20126347,47200
20126355,47300
20126364,47400
20126372,47500
20126380,47600
20126388,47700
20126396,47800
20126404,47900
20126412,48000
20126420,48100
20126430,48200
20126438,48300
20126446,48400
20126455,48500
20126463,48600
20126472,48700
20126480,48800
20126488,48900
20126497,49000
20126506,49100
20126515,49200
20126523,49300
20126531,49400
20126540,49500
20126548,49600
20126556,49700
20126566,49800
20126575,49900
20126584,50000
20126647,50100
20126655,50200
20126664,50300
20126672,50400
20126681,50500
20126689,50600
20126698,50700
20126707,50800
20126716,50900
20126724,51000
20126735,51100
20126744,51200
20126754,51300
20126763,51400
20126772,51500
20126781,51600
20126791,51700
20126806,51800
20126815,51900
20126824,52000
20126835,52100
20126844,52200
20126853,52300
20126862,52400
20126870,52500
20126880,52600
20126889,52700
20126898,52800
20126907,52900
20126916,53000
20126926,53100
20126935,53200
20126945,53300
20126954,53400
20126963,53500
20126973,53600
20126982,53700
20126991,53800
20127000,53900
20127009,54000
20127019,54100
20127027,54200
20127035,54300
20127044,54400
20127053,54500
20127062,54600
20127071,54700
20127080,54800
20127089,54900
20127098,55000
20127107,55100
20127115,55200
20127125,55300
20127133,55400
20127141,55500
20127151,55600
20127160,55700
20127168,55800
20127178,55900
20127187,56000
20127196,56100
20127204,56200
20127213,56300
20127222,56400
20127231,56500
20127239,56600
20127248,56700
20127257,56800
20127266,56900
20127275,57000
20127284,57100
20127292,57200
20127301,57300
20127310,57400
20127320,57500
20127329,57600
20127338,57700
20127347,57800
20127356,57900
20127366,58000
20127376,58100
20127389,58200
20127398,58300
20127407,58400
20127416,58500
20127426,58600
20127436,58700
20127446,58800
20127455,58900
20127465,59000
20127475,59100
20127485,59200
20127495,59300
20127505,59400
20127514,59500
20127524,59600
20127534,59700
20127543,59800
20127553,59900
20127563,60000
20127628,60100
20127637,60200
20127646,60300
20127655,60400
20127666,60500
20127675,60600
20127684,60700
20127694,60800
20127704,60900
20127713,61000
20127724,61100
20127733,61200
20127743,61300
20127753,61400
20127761,61500
20127771,61600
20127780,61700
20127790,61800
20127798,61900
20127808,62000
20127819,62100
20127828,62200
20127838,62300
20127848,62400
20127856,62500
20127866,62600
20127876,62700
20127885,62800
20127894,62900
20127904,63000
20127913,63100
20127923,63200
20127933,63300
20127943,63400
20127952,63500
20127961,63600
20127970,63700
20127980,63800
20127989,63900
20127999,64000
20128009,64100
20128018,64200
20128027,64300
20128037,64400
20128047,64500
20128056,64600
20128066,64700
20128075,64800
20128085,64900
20128095,65000
20128104,65100
20128113,65200
20128122,65300
20128131,65400
20128141,65500
20128153,65600
20128165,65700
20128177,65800
20128188,65900
20128201,66000
20128213,66100
20128226,66200
20128238,66300
20128250,66400
20128261,66500
20128273,66600
20128284,66700
20128296,66800
20128308,66900
20128320,67000
20128331,67100
20128341,67200
20128356,67300
20128371,67400
20128383,67500
20128393,67600
20128404,67700
20128415,67800
20128427,67900
20128438,68000
20128450,68100
20128464,68200
20128475,68300
20128485,68400
20128497,68500
20128509,68600
20128520,68700
20128532,68800
20128543,68900
20128556,69000
20128568,69100
20128579,69200
20128592,69300
20128603,69400
20128614,69500
20128626,69600
20128638,69700
20128649,69800
20128660,69900
20128672,70000
20128761,70100
20128773,70200
20128783,70300
20128794,70400
20128804,70500
20128816,70600
20128828,70700
20128839,70800
20128851,70900
20128861,71000
20128873,71100
20128884,71200
20128894,71300
20128904,71400
20128914,71500
20128925,71600
20128935,71700
20128944,71800
20128956,71900
20128966,72000
20128979,72100
20128991,72200
20129000,72300
20129012,72400
20129022,72500
20129034,72600
20129045,72700
20129057,72800
20129069,72900
20129079,73000
20129089,73100
20129100,73200
20129112,73300
20129123,73400
20129133,73500
20129143,73600
20129153,73700
20129163,73800
20129174,73900
20129185,74000
20129195,74100
20129206,74200
20129215,74300
20129225,74400
20129235,74500
20129245,74600
20129257,74700
20129269,74800
20129280,74900
20129292,75000
20129305,75100
20129316,75200
20129327,75300
20129338,75400
20129349,75500
20129360,75600
20129370,75700
20129381,75800
20129391,75900
20129402,76000
20129411,76100
20129423,76200
20129433,76300
20129444,76400
20129454,76500
20129465,76600
20129476,76700
20129486,76800
20129497,76900
20129508,77000
20129519,77100
20129530,77200
20129542,77300
20129553,77400
20129565,77500
20129577,77600
20129589,77700
20129600,77800
20129936,77900
20129947,78000
20129958,78100
20129973,78200
20129985,78300
20129995,78400
20130007,78500
20130018,78600
20130029,78700
20130041,78800
20130054,78900
20130065,79000
20130077,79100
20130089,79200
20130100,79300
20130111,79400
20130124,79500
20130137,79600
20130147,79700
20130157,79800
20130168,79900
20130179,80000
20130248,80100
20130258,80200
20130268,80300
20130279,80400
20130289,80500
20130299,80600
20130310,80700
20130320,80800
20130331,80900
20130342,81000
20130355,81100
20130368,81200
20130380,81300
20130393,81400
20130404,81500
20130416,81600
20130427,81700
20130439,81800
20130451,81900
20130462,82000
20130474,82100
20130485,82200
20130497,82300
20130508,82400
20130519,82500
20130529,82600
20130542,82700
20130557,82800
20130570,82900
20130583,83000
20130594,83100
20130607,83200
20130619,83300
20130631,83400
20130645,83500
20130657,83600
20130670,83700
20130682,83800
20130694,83900
20130705,84000
20130718,84100
20130730,84200
20130743,84300
20130754,84400
20130766,84500
20130777,84600
20130789,84700
20130800,84800
20130812,84900
20130824,85000
20130834,85100
20130845,85200
20130855,85300
20130865,85400
20130875,85500
20130886,85600
20130896,85700
20130908,85800
20130918,85900
20130929,86000
20130941,86100
20130954,86200
20130967,86300
20130979,86400
20130992,86500
20131005,86600
20131016,86700
20131028,86800
20131042,86900
20131054,87000
20131067,87100
20131078,87200
20131090,87300
20131101,87400
20131113,87500
20131125,87600
20131137,87700
20131148,87800
20131161,87900
20131173,88000
20131184,88100
20131200,88200
20131211,88300
20131222,88400
20131234,88500
20131246,88600
20131257,88700
20131267,88800
20131281,88900
20131292,89000
20131303,89100
20131314,89200
20131324,89300
20131335,89400
20131346,89500
20131357,89600
20131368,89700
20131379,89800
20131390,89900
20131400,90000
20131488,90100
20131499,90200
20131510,90300
20131520,90400
20131531,90500
20131544,90600
20131554,90700
20131565,90800
20131576,90900
20131588,91000
20131599,91100
20131610,91200
20131621,91300
20131633,91400
20131643,91500
20131654,91600
20131664,91700
20131675,91800
20131686,91900
20131698,92000
20131718,92100
20131734,92200
20131746,92300
20131756,92400
20131767,92500
20131778,92600
20131789,92700
20131801,92800
20131819,92900
20131836,93000
20131853,93100
20131867,93200
20131878,93300
20131890,93400
20131903,93500
20131914,93600
20131931,93700
20131948,93800
20131963,93900
20131977,94000
20131992,94100
20132006,94200
20132018,94300
20132030,94400
20132042,94500
20132054,94600
20132066,94700
20132078,94800
20132091,94900
20132103,95000
20132114,95100
20132127,95200
20132139,95300
20132151,95400
20132161,95500
20132173,95600
20132183,95700
20132195,95800
20132205,95900
20132216,96000
20132227,96100
20132239,96200
20132252,96300
20132264,96400
20132276,96500
20132287,96600
20132299,96700
20132311,96800
20132324,96900
20132337,97000
20132351,97100
20132364,97200
20132378,97300
20132392,97400
20132405,97500
20132419,97600
20132432,97700
20132444,97800
20132457,97900
20132470,98000
20132482,98100
20132498,98200
20132511,98300
20132523,98400
20132536,98500
20132551,98600
20132563,98700
20132576,98800
20132590,98900
20132603,99000
20132616,99100
20132630,99200
20132643,99300
20132656,99400
20132670,99500
20132683,99600
20132696,99700
20132709,99800
20132722,99900
20132734,100000
20132820,100100
20132832,100200
20132845,100300
20132856,100400
20132868,100500
20132881,100600
20132892,100700
20132904,100800
20132918,100900
20132932,101000
20132947,101100
20132961,101200
20132974,101300
20132988,101400
20133001,101500
20133015,101600
20133029,101700
20133043,101800
20133059,101900
20133075,102000
20133089,102100
20133104,102200
20133118,102300
20133131,102400
20133145,102500
20133158,102600
20133171,102700
20133185,102800
20133199,102900
20133212,103000
20133225,103100
20133238,103200
20133252,103300
20133267,103400
20133280,103500
20133294,103600
20133307,103700
20133321,103800
20133335,103900
20133351,104000
20133368,104100
20133382,104200
20133398,104300
20133413,104400
20133426,104500
20133440,104600
20133453,104700
20133467,104800
20133481,104900
20133495,105000
20133510,105100
20133525,105200
20133540,105300
20133557,105400
20133572,105500
20133586,105600
20133600,105700
20133614,105800
20133628,105900
20133640,106000
20133653,106100
20133665,106200
20133679,106300
20133692,106400
20133704,106500
20133718,106600
20133731,106700
20133743,106800
20133757,106900
20133770,107000
20133784,107100
20133799,107200
20133816,107300
20133832,107400
20133848,107500
20133865,107600
20133880,107700
20133896,107800
20133911,107900
20133925,108000
20133941,108100
20133961,108200
20133975,108300
20133990,108400
20134005,108500
20134020,108600
20134035,108700
20134050,108800
20134065,108900
20134080,109000
20134096,109100
20134113,109200
20134127,109300
20134142,109400
20134157,109500
20134173,109600
20134188,109700
20134204,109800
20134219,109900
20134234,110000
20134327,110100
20134341,110200
20134356,110300
20134371,110400
20134386,110500
20134401,110600
20134415,110700
20134429,110800
20134443,110900
20134458,111000
20134474,111100
20134490,111200
20134507,111300
20134522,111400
20134539,111500
20134555,111600
20134571,111700
20134586,111800
20134602,111900
20134617,112000
20134633,112100
20134649,112200
20134663,112300
20134679,112400
20134694,112500
20134709,112600
20134725,112700
20134741,112800
20134756,112900
20134773,113000
20134789,113100
20134805,113200
20134821,113300
20134838,113400
20134855,113500
20134872,113600
20134889,113700
20134905,113800
20134921,113900
20134937,114000
20134955,114100
20134972,114200
20134989,114300
20135007,114400
20135023,114500
20135039,114600
20135056,114700
20135073,114800
20135089,114900
20135105,115000
20135121,115100
20135138,115200
20135155,115300
20135172,115400
20135188,115500
20135206,115600
20135222,115700
20135238,115800
20135258,115900
20135273,116000
20135288,116100
20135304,116200
20135320,116300
20135336,116400
20135351,116500
20135368,116600
20135383,116700
20135401,116800
20135417,116900
20135433,117000
20135449,117100
20135466,117200
20135482,117300
20135498,117400
20135514,117500
20135530,117600
20135546,117700
20135565,117800
20135583,117900
20135601,118000
20135951,118100
20135973,118200
20135992,118300
20136010,118400
20136029,118500
20136048,118600
20136066,118700
20136085,118800
20136103,118900
20136122,119000
20136143,119100
20136160,119200
20136177,119300
20136193,119400
20136210,119500
20136226,119600
20136242,119700
20136259,119800
20136276,119900
20136292,120000
20137182,120100
20137197,120200
20137213,120300
20137230,120400
20137246,120500
20137264,120600
20137280,120700
20137296,120800
20137315,120900
20137332,121000
20137350,121100
20137367,121200
20137384,121300
20137400,121400
20137418,121500
20137434,121600
20137452,121700
20137469,121800
20137485,121900
20137502,122000
20137520,122100
20137537,122200
20137554,122300
20137570,122400
20137588,122500
20137605,122600
20137621,122700
20137638,122800
20137654,122900
20137671,123000
20137689,123100
20137707,123200
20137725,123300
20137743,123400
20137758,123500
20137777,123600
20137795,123700
20137813,123800
20137829,123900
20137848,124000
20137868,124100
20137886,124200
20137904,124300
20137923,124400
20137941,124500
20137958,124600
20137975,124700
20137992,124800
20138008,124900
20138026,125000
20138045,125100
20138063,125200
20138080,125300
20138099,125400
20138116,125500
20138133,125600
20138150,125700
20138169,125800
20138188,125900
20138206,126000
20138222,126100
20138239,126200
20138256,126300
20138273,126400
20138291,126500
20138309,126600
20138326,126700
20138346,126800
20138363,126900
20138381,127000
20138400,127100
20138418,127200
20138437,127300
20138456,127400
20138474,127500
20138494,127600
20138514,127700
20138534,127800
20138555,127900
20138574,128000
20138595,128100
20138622,128200
20138642,128300
20138663,128400
20138685,128500
20138705,128600
20138725,128700
20138745,128800
20138764,128900
20138783,129000
20138805,129100
20138828,129200
20138854,129300
20138877,129400
20138904,129500
20138929,129600
20138952,129700
20138972,129800
20138994,129900
20139015,130000
20139144,130100
20139165,130200
20139186,130300
20139209,130400
20139230,130500
20139251,130600
20139273,130700
20139294,130800
20139315,130900
20139335,131000
20139359,131100
20139382,131200
20139407,131300
20139432,131400
20139454,131500
20139476,131600
20139499,131700
20139521,131800
20139543,131900
20139564,132000
20139587,132100
20139608,132200
20139627,132300
20139648,132400
20139668,132500
20139688,132600
20139709,132700
20139728,132800
20139749,132900
20139768,133000
20139791,133100
20139813,133200
20139837,133300
20139860,133400
20139887,133500
20139913,133600
20139937,133700
20139962,133800
20139984,133900
20140007,134000
20140030,134100
20140056,134200
20140079,134300
20140103,134400
20140125,134500
20140151,134600
20140174,134700
20140198,134800
20140221,134900
20140245,135000
20140271,135100
20140294,135200
20140317,135300
20140340,135400
20140362,135500
20140386,135600
20140411,135700
20140434,135800
20140457,135900
20140480,136000
20140502,136100
20140524,136200
20140547,136300
20140570,136400
20140595,136500
20140617,136600
20140641,136700
20140664,136800
20140688,136900
20140711,137000
20140735,137100
20140760,137200
20140784,137300
20140812,137400
20140843,137500
20140867,137600
20140890,137700
20140911,137800
20140934,137900
20140958,138000
20140981,138100
20141008,138200
20141028,138300
20141051,138400
20141073,138500
20141099,138600
20141120,138700
20141141,138800
20141161,138900
20141183,139000
20141204,139100
20141227,139200
20141249,139300
20141273,139400
20141296,139500
20141319,139600
20141342,139700
20141365,139800
20141389,139900
20141410,140000
20142007,140100
20142034,140200
20142062,140300
20142085,140400
20142110,140500
20142132,140600
20142154,140700
20142175,140800
20142199,140900
20142223,141000
20142248,141100
20142273,141200
20142296,141300
20142319,141400
20142342,141500
20142365,141600
20142389,141700
20142410,141800
20142432,141900
20142453,142000
20142475,142100
20142501,142200
20142522,142300
20142544,142400
20142567,142500
20142590,142600
20142612,142700
20142637,142800
20142659,142900
20142681,143000
20142704,143100
20142724,143200
20142746,143300
20142767,143400
20142790,143500
20142810,143600
20142835,143700
20142855,143800
20142883,143900
20142906,144000
20142929,144100
20142952,144200
20142975,144300
20142998,144400
20143020,144500
20143044,144600
20143068,144700
20143090,144800
20143111,144900
20143135,145000
20143158,145100
20143179,145200
20143200,145300
20143222,145400
20143241,145500
20143267,145600
20143288,145700
20143308,145800
20143326,145900
20143348,146000
20143371,146100
20143395,146200
20143419,146300
20143441,146400
20143462,146500
20143482,146600
20143504,146700
20143525,146800
20143546,146900
20143567,147000
20143588,147100
20143610,147200
20143631,147300
20143651,147400
20143671,147500
20143696,147600
20143714,147700
20143735,147800
20143757,147900
20143785,148000
20143807,148100
20143831,148200
20143853,148300
20143874,148400
20143894,148500
20143916,148600
20143936,148700
20143958,148800
20143981,148900
20144004,149000
20144026,149100
20144047,149200
20144068,149300
20144089,149400
20144109,149500
20144131,149600
20144155,149700
20144176,149800
20144196,149900
20144217,150000
20144430,150100
20144451,150200
20144473,150300
20144494,150400
20144513,150500
20144533,150600
20144554,150700
20144574,150800
20144596,150900
20144615,151000
20144638,151100
20144659,151200
20144678,151300
20144698,151400
20144718,151500
20144737,151600
20144758,151700
20144777,151800
20144799,151900
20144818,152000
20144838,152100
20144858,152200
20144879,152300
20144900,152400
20144921,152500
20144939,152600
20144959,152700
20144980,152800
20145001,152900
20145021,153000
20145039,153100
20145059,153200
20145079,153300
20145100,153400
20145121,153500
20145143,153600
20145163,153700
20145183,153800
20145204,153900
20145223,154000
20145243,154100
20145263,154200
20145287,154300
20145307,154400
20145329,154500
20145349,154600
20145370,154700
20145392,154800
20145411,154900
20145433,155000
20145453,155100
20145475,155200
20145499,155300
20145520,155400
20145540,155500
20145560,155600
20145579,155700
20145600,155800
20145620,155900
20145639,156000
20145659,156100
20145679,156200
20145699,156300
20145721,156400
20145743,156500
20145762,156600
20145784,156700
20145803,156800
20145824,156900
20145845,157000
20145863,157100
20145885,157200
20145907,157300
20145928,157400
20145949,157500
20145970,157600
20145991,157700
20146012,157800
20146030,157900
20146051,158000
20146071,158100
20146096,158200
20146122,158300
20146146,158400
20146165,158500
20146186,158600
20146207,158700
20146227,158800
20146247,158900
20146266,159000
20146284,159100
20146303,159200
20146322,159300
20146341,159400
20146362,159500
20146381,159600
20146402,159700
20146422,159800
20146444,159900
20146465,160000
20146628,160100
20146648,160200
20146668,160300
20146689,160400
20146709,160500
20146728,160600
20146752,160700
20146775,160800
20146795,160900
20146818,161000
20146839,161100
20146861,161200
20146883,161300
20146905,161400
20146928,161500
20146952,161600
20146977,161700
20146998,161800
20147019,161900
20147042,162000
20147065,162100
20147084,162200
20147106,162300
20147129,162400
20147149,162500
20147170,162600
20147193,162700
20147214,162800
20147235,162900
20147259,163000
20147279,163100
20147300,163200
20147322,163300
20147340,163400
20147359,163500
20147381,163600
20147403,163700
20147427,163800
20147451,163900
20147474,164000
20147503,164100
20147526,164200
20147932,164300
20147954,164400
20147978,164500
20147999,164600
20148024,164700
20148048,164800
20148073,164900
20148095,165000
20148116,165100
20148137,165200
20148160,165300
20148181,165400
20148202,165500
20148222,165600
20148244,165700
20148266,165800
20148287,165900
20148313,166000
20148334,166100
20148358,166200
20148382,166300
20148404,166400
20148423,166500
20148444,166600
20148468,166700
20148493,166800
20148518,166900
20148545,167000
20148570,167100
20148592,167200
20148614,167300
20148632,167400
20148652,167500
20148672,167600
20148693,167700
20148715,167800
20148738,167900
20148758,168000
20148781,168100
20148811,168200
20148833,168300
20148854,168400
20148875,168500
20148896,168600
20148918,168700
20148941,168800
20148962,168900
20148983,169000
20149003,169100
20149025,169200
20149048,169300
20149073,169400
20149096,169500
20149117,169600
20149140,169700
20149163,169800
20149186,169900
20149208,170000
20149373,170100
20149394,170200
20149415,170300
20149434,170400
20149455,170500
20149476,170600
20149494,170700
20149513,170800
20149534,170900
20149555,171000
20149583,171100
20149607,171200
20149632,171300
20149653,171400
20149675,171500
20149695,171600
20149714,171700
20149734,171800
20149755,171900
20149776,172000
20149797,172100
20149817,172200
20149838,172300
20149862,172400
20149883,172500
20149905,172600
20149923,172700
20149943,172800
20149965,172900
20149987,173000
20150008,173100
20150028,173200
20150049,173300
20150071,173400
20150094,173500
20150115,173600
20150136,173700
20150155,173800
20150175,173900
20150196,174000
20150223,174100
20150251,174200
20150273,174300
20150298,174400
20150323,174500
20150346,174600
20150368,174700
20150391,174800
20150412,174900
20150434,175000
20150457,175100
20150480,175200
20150504,175300
20150527,175400
20150552,175500
20150578,175600
20150602,175700
20150626,175800
20150649,175900
20150675,176000
20150701,176100
20150727,176200
20150750,176300
20150773,176400
20150798,176500
20150821,176600
20150844,176700
20150866,176800
20150888,176900
20150912,177000
20150937,177100
20150960,177200
20150986,177300
20151011,177400
20151034,177500
20151055,177600
20151078,177700
20151100,177800
20151126,177900
20151150,178000
20151173,178100
20151201,178200
20151226,178300
20151250,178400
20151278,178500
20151305,178600
20151331,178700
20151355,178800
20151381,178900
20151405,179000
20151434,179100
20151462,179200
20151487,179300
20151515,179400
20151545,179500
20151572,179600
20151610,179700
20151640,179800
20151671,179900
20151697,180000
20151912,180100
20151945,180200
20151979,180300
20152011,180400
20152042,180500
20152074,180600
20152108,180700
20152145,180800
20152180,180900
20152215,181000
20152252,181100
20152286,181200
20152323,181300
20152356,181400
20152391,181500
20152426,181600
20152456,181700
20152484,181800
20152519,181900
20152553,182000
20152588,182100
20152624,182200
20152658,182300
20152688,182400
20152719,182500
20152755,182600
20152781,182700
20152810,182800
20152847,182900
20152882,183000
20152926,183100
20152964,183200
20152987,183300
20153026,183400
20153061,183500
20153092,183600
20153123,183700
20153167,183800
20153201,183900
20153235,184000
20153272,184100
20153303,184200
20153335,184300
20153379,184400
20153424,184500
20153472,184600
20153902,184700
20153950,184800
20153990,184900
20154032,185000
20154071,185100
20154104,185200
20154137,185300
20154177,185400
20154216,185500
20154251,185600
20154286,185700
20154316,185800
20154346,185900
20154377,186000
20154412,186100
20154444,186200
20154478,186300
20154513,186400
20154548,186500
20154582,186600
20154618,186700
20154650,186800
20154683,186900
20154716,187000
20154747,187100
20154775,187200
20154822,187300
20154855,187400
20154887,187500
20154919,187600
20154952,187700
20154983,187800
20155017,187900
20155045,188000
20155076,188100
20155111,188200
20155142,188300
20155178,188400
20155215,188500
20155250,188600
20155284,188700
20155318,188800
20155349,188900
20155384,189000
20155413,189100
20155444,189200
20155479,189300
20155516,189400
20155552,189500
20155588,189600
20155624,189700
20155661,189800
20155700,189900
20155737,190000
20156043,190100
20156079,190200
20156113,190300
20156151,190400
20156186,190500
20156219,190600
20156251,190700
20156281,190800
20156312,190900
20156344,191000
20156372,191100
20156405,191200
20156444,191300
20156476,191400
20156509,191500
20156542,191600
20156583,191700
20156625,191800
20156661,191900
20156693,192000
20156730,192100
20156763,192200
20156796,192300
20156832,192400
20156868,192500
20156908,192600
20156942,192700
20156976,192800
20157011,192900
20157047,193000
20157080,193100
20157113,193200
20157153,193300
20157182,193400
20157216,193500
20157247,193600
20157286,193700
20157323,193800
20157357,193900
20157396,194000
20157439,194100
20157480,194200
20157521,194300
20157563,194400
20157603,194500
20157641,194600
20157678,194700
20157713,194800
20157747,194900
20157784,195000
20157824,195100
20157862,195200
20157894,195300
20157929,195400
20157963,195500
20158001,195600
20158035,195700
20158064,195800
20158100,195900
20158135,196000
20158169,196100
20158215,196200
20158248,196300
20158280,196400
20158320,196500
20158357,196600
20158392,196700
20158429,196800
20158464,196900
20158498,197000
20158535,197100
20158576,197200
20158609,197300
20158646,197400
20158683,197500
20158721,197600
20158756,197700
20158792,197800
20158827,197900
20158861,198000
20158897,198100
20158943,198200
20158980,198300
20159028,198400
20159061,198500
20159096,198600
20159133,198700
20159170,198800
20159204,198900
20159239,199000
20159269,199100
20159300,199200
20159333,199300
20159365,199400
20159403,199500
20159441,199600
20159482,199700
20159896,199800
20159935,199900
20159973,200000
20160353,200100
20160387,200200
20160421,200300
20160456,200400
20160487,200500
20160523,200600
20160563,200700
20160595,200800
20160631,200900
20160670,201000
20160700,201100
20160733,201200
20160766,201300
20160799,201400
20160840,201500
20160880,201600
20160919,201700
20160964,201800
20161006,201900
20161046,202000
20161080,202100
20161116,202200
20161157,202300
20161193,202400
20161233,202500
20161271,202600
20161307,202700
20161342,202800
20161379,202900
20161413,203000
20161452,203100
20161488,203200
20161532,203300
20161566,203400
20161605,203500
20161642,203600
20161678,203700
20161720,203800
20161755,203900
20161792,204000
20161832,204100
20161865,204200
20161902,204300
20161941,204400
20161976,204500
20162017,204600
20162057,204700
20162093,204800
20162131,204900
20162166,205000
20162199,205100
20162228,205200
20162258,205300
20162288,205400
20162319,205500
20162351,205600
20162387,205700
20162424,205800
20162458,205900
20162493,206000
20162527,206100
20162562,206200
20162605,206300
20162635,206400
20162669,206500
20162706,206600
20162744,206700
20162782,206800
20162818,206900
20162868,207000
20162905,207100
20162941,207200
20162976,207300
20163009,207400
20163039,207500
20163075,207600
20163111,207700
20163146,207800
20163181,207900
20163218,208000
20163258,208100
20163300,208200
20163340,208300
20163382,208400
20163418,208500
20163461,208600
20163504,208700
20163543,208800
20163583,208900
20163623,209000
20163659,209100
20163696,209200
20163731,209300
20163765,209400
20163801,209500
20163840,209600
20163877,209700
20163915,209800
20163951,209900
20163985,210000
20164332,210100
20164369,210200
20164406,210300
20164442,210400
20164474,210500
20164503,210600
20164537,210700
20164569,210800
20164612,210900
20164653,211000
20164694,211100
20164734,211200
20164771,211300
20164807,211400
20164845,211500
20164887,211600
20164924,211700
20164963,211800
20165002,211900
20165045,212000
20165086,212100
20165135,212200
20165175,212300
20165214,212400
20165256,212500
20165298,212600
20165343,212700
20165390,212800
20165431,212900
20165484,213000
20165929,213100
20165973,213200
20166016,213300
20166061,213400
20166101,213500
20166137,213600
20166175,213700
20166212,213800
20166252,213900
20166289,214000
20166329,214100
20166368,214200
20166407,214300
20166443,214400
20166478,214500
20166509,214600
20166542,214700
20166579,214800
20166619,214900
20166655,215000
20166698,215100
20166740,215200
20166782,215300
20166831,215400
20166869,215500
20166909,215600
20166947,215700
20166997,215800
20167038,215900
20167084,216000
20167144,216100
20167198,216200
20167242,216300
20167288,216400
20167328,216500
20167371,216600
20167417,216700
20167466,216800
20167514,216900
20167566,217000
20167618,217100
20167661,217200
20167704,217300
20167746,217400
20167790,217500
20167831,217600
20167882,217700
20167932,217800
20167974,217900
20168019,218000
20168065,218100
20168114,218200
20168158,218300
20168202,218400
20168248,218500
20168293,218600
20168337,218700
20168378,218800
20168417,218900
20168458,219000
20168506,219100
20168555,219200
20168601,219300
20168648,219400
20168691,219500
20168734,219600
20168780,219700
20168822,219800
20168862,219900
20168910,220000
20169304,220100
20169351,220200
20169396,220300
20169442,220400
20169486,220500
20169532,220600
20169574,220700
20169621,220800
20169667,220900
20169711,221000
20169757,221100
20169803,221200
20169846,221300
20169888,221400
20169925,221500
20169969,221600
20170006,221700
20170055,221800
20170099,221900
20170140,222000
20170189,222100
20170230,222200
20170281,222300
20170319,222400
20170367,222500
20170411,222600
20170457,222700
20170512,222800
20170556,222900
20170602,223000
20170643,223100
20170690,223200
20170734,223300
20170776,223400
20170820,223500
20170867,223600
20170919,223700
20170967,223800
20171017,223900
20171062,224000
20171105,224100
20171151,224200
20171198,224300
20171255,224400
20171308,224500
20171361,224600
20171414,224700
20171469,224800
20171520,224900
20171951,225000
20172003,225100
20172053,225200
20172104,225300
20172149,225400
20172202,225500
20172261,225600
20172308,225700
20172354,225800
20172400,225900
20172447,226000
20172494,226100
20172531,226200
20172571,226300
20172604,226400
20172644,226500
20172685,226600
20172730,226700
20172773,226800
20172818,226900
20172859,227000
20172904,227100
20172946,227200
20172994,227300
20173037,227400
20173086,227500
20173130,227600
20173174,227700
20173216,227800
20173267,227900
20173322,228000
20173374,228100
20173437,228200
20173495,228300
20173546,228400
20173604,228500
20173659,228600
20173713,228700
20173765,228800
20173822,228900
20173872,229000
20173914,229100
20173970,229200
20174027,229300
20174088,229400
20174148,229500
20174213,229600
20174275,229700
20174336,229800
20174414,229900
20174463,230000
20174846,230100
20174902,230200
20174962,230300
20175021,230400
20175073,230500
20175132,230600
20175194,230700
20175259,230800
20175327,230900
20175377,231000
20175434,231100
20175482,231200
20175531,231300
20175586,231400
20175639,231500
20175692,231600
20175763,231700
20175813,231800
20175873,231900
20175918,232000
20175984,232100
20176045,232200
20176092,232300
20176139,232400
20176186,232500
20176239,232600
20176292,232700
20176348,232800
20176404,232900
20176466,233000
20176520,233100
20176574,233200
20176625,233300
20176676,233400
20176741,233500
20176791,233600
20176844,233700
20176895,233800
20176953,233900
20177010,234000
20177068,234100
20177126,234200
20177188,234300
20177247,234400
20177300,234500
20177355,234600
20177408,234700
20177461,234800
20177540,234900
20177990,235000
20178053,235100
20178114,235200
20178168,235300
20178224,235400
20178282,235500
20178338,235600
20178394,235700
20178446,235800
20178499,235900
20178552,236000
20178608,236100
20178665,236200
20178726,236300
20178790,236400
20178848,236500
20178900,236600
20178958,236700
20179010,236800
20179062,236900
20179115,237000
20179173,237100
20179225,237200
20179281,237300
20179329,237400
20179382,237500
20179438,237600
20179486,237700
20179570,237800
20179621,237900
20179670,238000
20179721,238100
20179776,238200
20179832,238300
20179887,238400
20179939,238500
20179995,238600
20180046,238700
20180099,238800
20180147,238900
20180198,239000
20180244,239100
20180289,239200
20180334,239300
20180383,239400
20180425,239500
20180475,239600
20180520,239700
20180567,239800
20180614,239900
20180669,240000
20181246,240100
20181299,240200
20181350,240300
20181396,240400
20181437,240500
20181485,240600
20181527,240700
20181570,240800
20181616,240900
20181659,241000
20181702,241100
20181745,241200
20181786,241300
20181837,241400
20181881,241500
20181926,241600
20181973,241700
20182010,241800
20182051,241900
20182094,242000
20182145,242100
20182192,242200
20182247,242300
20182300,242400
20182353,242500
20182400,242600
20182443,242700
20182484,242800
20182528,242900
20182567,243000
20182612,243100
20182659,243200
20182709,243300
20182748,243400
20182795,243500
20182840,243600
20182884,243700
20182930,243800
20182978,243900
20183018,244000
20183058,244100
20183101,244200
20183147,244300
20183194,244400
20183246,244500
20183285,244600
20183326,244700
20183381,244800
20183416,244900
20183461,245000
20183500,245100
20183544,245200
20183966,245300
20184010,245400
20184053,245500
20184099,245600
20184139,245700
20184184,245800
20184226,245900
20184265,246000
20184311,246100
20184359,246200
20184415,246300
20184456,246400
20184496,246500
20184539,246600
20184582,246700
20184622,246800
20184666,246900
20184710,247000
20184751,247100
20184794,247200
20184840,247300
20184880,247400
20184921,247500
20184960,247600
20184997,247700
20185034,247800
20185070,247900
20185118,248000
20185163,248100
20185217,248200
20185263,248300
20185311,248400
20185356,248500
20185400,248600
20185440,248700
20185480,248800
20185518,248900
20185566,249000
20185611,249100
20185650,249200
20185693,249300
20185741,249400
20185790,249500
20185858,249600
20185913,249700
20185957,249800
20186004,249900
20186045,250000
20186481,250100
20186523,250200
20186563,250300
20186605,250400
20186653,250500
20186698,250600
20186742,250700
20186786,250800
20186828,250900
20186877,251000
20186917,251100
20186961,251200
20187005,251300
20187045,251400
20187080,251500
20187119,251600
20187157,251700
20187206,251800
20187266,251900
20187311,252000
20187371,252100
20187426,252200
20187477,252300
20187527,252400
20187584,252500
20187629,252600
20187676,252700
20187717,252800
20187762,252900
20187812,253000
20187865,253100
20187913,253200
20187964,253300
20188010,253400
20188066,253500
20188108,253600
20188157,253700
20188204,253800
20188256,253900
20188317,254000
20188367,254100
20188417,254200
20188471,254300
20188524,254400
20188576,254500
20188635,254600
20188688,254700
20188744,254800
20188790,254900
20188838,255000
20188888,255100
20188932,255200
20188971,255300
20189011,255400
20189052,255500
20189092,255600
20189132,255700
20189178,255800
20189225,255900
20189270,256000
20189317,256100
20189370,256200
20189418,256300
20189467,256400
20189515,256500
20189569,256600
20190015,256700
20190069,256800
20190115,256900
20190166,257000
20190210,257100
20190258,257200
20190302,257300
20190345,257400
20190391,257500
20190439,257600
20190480,257700
20190525,257800
20190564,257900
20190605,258000
20190648,258100
20190697,258200
20190744,258300
20190837,258400
20190884,258500
20190943,258600
20190995,258700
20191038,258800
20191088,258900
20191133,259000
20191182,259100
20191228,259200
20191276,259300
20191321,259400
20191364,259500
20191409,259600
20191459,259700
20191510,259800
20191561,259900
20191604,260000
20192126,260100
20192172,260200
20192227,260300
20192270,260400
20192323,260500
20192366,260600
20192410,260700
20192454,260800
20192498,260900
20192552,261000
20192600,261100
20192653,261200
20192705,261300
20192762,261400
20192814,261500
20192863,261600
20192913,261700
20192962,261800
20193008,261900
20193046,262000
20193092,262100
20193139,262200
20193192,262300
20193237,262400
20193284,262500
20193331,262600
20193381,262700
20193427,262800
20193476,262900
20193524,263000
20193567,263100
20193611,263200
20193657,263300
20193709,263400
20193755,263500
20193801,263600
20193849,263700
20193888,263800
20193932,263900
20193977,264000
20194023,264100
20194085,264200
20194133,264300
20194187,264400
20194238,264500
20194284,264600
20194337,264700
20194384,264800
20194423,264900
20194473,265000
20194524,265100
20194573,265200
20194622,265300
20194674,265400
20194724,265500
20194779,265600
20194835,265700
20194891,265800
20194937,265900
20194987,266000
20195035,266100
20195082,266200
20195134,266300
20195177,266400
20195223,266500
20195276,266600
20195326,266700
20195380,266800
20195428,266900
20195477,267000
20195521,267100
20195582,267200
20196022,267300
20196070,267400
20196121,267500
20196170,267600
20196211,267700
20196260,267800
20196304,267900
20196361,268000
20196414,268100
20196516,268200
20196582,268300
20196665,268400
20196737,268500
20196812,268600
20196887,268700
20196962,268800
20197020,268900
20197070,269000
20197136,269100
20197187,269200
20197244,269300
20197297,269400
20197368,269500
20197425,269600
20197488,269700
20197549,269800
20197596,269900
20197649,270000
20198506,270100
20198568,270200
20198638,270300
20198730,270400
20198815,270500
20198888,270600
20198960,270700
20199057,270800
20199131,270900
20199209,271000
20199277,271100
20199338,271200
20199399,271300
20199457,271400
20199521,271500
20199589,271600
20199683,271700
20199755,271800
20199837,271900
20199913,272000
20199981,272100
20200064,272200
20200138,272300
20200201,272400
20200261,272500
20200331,272600
20200400,272700
20200482,272800
20200542,272900
20200609,273000
20200684,273100
20200758,273200
20200827,273300
20200879,273400
20200971,273500
20201032,273600
20201090,273700
20201142,273800
20201192,273900
20201254,274000
20201323,274100
20201381,274200
20201455,274300
20201519,274400
20201574,274500
20201645,274600
20202108,274700
20202179,274800
20202241,274900
20202306,275000
20202372,275100
20202435,275200
20202504,275300
20202570,275400
20202627,275500
20202695,275600
20202763,275700
20202815,275800
20202873,275900
20202935,276000
20202996,276100
20203063,276200
20203126,276300
20203181,276400
20203241,276500
20203301,276600
20203363,276700
20203424,276800
20203486,276900
20203543,277000
20203602,277100
20203664,277200
20203720,277300
20203771,277400
20203839,277500
20203897,277600
20203960,277700
20204021,277800
20204083,277900
20204138,278000
20204179,278100
20204281,278200
20204351,278300
20204418,278400
20204484,278500
20204540,278600
20204605,278700
20204666,278800
20204735,278900
20204809,279000
20204868,279100
20204934,279200
20204990,279300
20205090,279400
20205144,279500
20205199,279600
20205252,279700
20205315,279800
20205366,279900
20205426,280000
20206420,280100
20206471,280200
20206524,280300
20206593,280400
20206652,280500
20206715,280600
20206771,280700
20206821,280800
20206891,280900
20206950,281000
20207013,281100
20207071,281200
20207124,281300
20207186,281400
20207243,281500
20207314,281600
20207379,281700
20207448,281800
20207503,281900
20207565,282000
20207631,282100
20208074,282200
20208138,282300
20208202,282400
20208274,282500
20208334,282600
20208399,282700
20208463,282800
20208533,282900
20208600,283000
20208662,283100
20208726,283200
20208788,283300
20208845,283400
20208923,283500
20208973,283600
20209037,283700
20209094,283800
20209146,283900
20209216,284000
20209286,284100
20209358,284200
20209421,284300
20209497,284400
20209561,284500
20209632,284600
20209731,284700
20209792,284800
20209856,284900
20209927,285000
20209995,285100
20210066,285200
20210128,285300
20210202,285400
20210293,285500
20210362,285600
20210431,285700
20210496,285800
20210566,285900
20210625,286000
20210681,286100
20210736,286200
20210799,286300
20210867,286400
20210937,286500
20211005,286600
20211064,286700
20211134,286800
20211200,286900
20211274,287000
20211351,287100
20211414,287200
20211477,287300
20211542,287400
20211610,287500
20211676,287600
20211759,287700
20211838,287800
20211913,287900
20211980,288000
20212048,288100
20212125,288200
20212189,288300
20212330,288400
20212396,288500
20212465,288600
20212545,288700
20212641,288800
20212737,288900
20212818,289000
20212901,289100
20212974,289200
20213046,289300
20213122,289400
20213191,289500
20213258,289600
20213369,289700
20213435,289800
20213512,289900
20213591,290000
20215169,290100
20215245,290200
20215325,290300
20215400,290400
20215483,290500
20215563,290600
20215631,290700
20215698,290800
20215767,290900
20215836,291000
20215914,291100
20215972,291200
20216039,291300
20216114,291400
20216180,291500
20216259,291600
20216337,291700
20216405,291800
20216486,291900
20216538,292000
20216593,292100
20216659,292200
20216723,292300
20216797,292400
20216874,292500
20216943,292600
20217022,292700
20217102,292800
20217168,292900
20217238,293000
20217295,293100
20217359,293200
20217434,293300
20217496,293400
20217564,293500
20217653,293600
20217728,293700
20217790,293800
20217852,293900
20217914,294000
20217980,294100
20218045,294200
20218105,294300
20218169,294400
20218231,294500
20218307,294600
20218380,294700
20218458,294800
20218535,294900
20218607,295000
20218675,295100
20218763,295200
20218829,295300
20218896,295400
20218952,295500
20219004,295600
20219073,295700
20219144,295800
20219217,295900
20219284,296000
20219368,296100
20219445,296200
20219514,296300
20219585,296400
20219652,296500
20220108,296600
20220176,296700
20220237,296800
20220304,296900
20220371,297000
20220441,297100
20220563,297200
20220625,297300
20220701,297400
20220768,297500
20220847,297600
20220917,297700
20220978,297800
20221040,297900
20221104,298000
20221168,298100
20221246,298200
20221315,298300
20221388,298400
20221467,298500
20221538,298600
20221602,298700
20221662,298800
20221734,298900
20221801,299000
20221869,299100
20221946,299200
20222024,299300
20222086,299400
20222160,299500
20222231,299600
20222345,299700
20222421,299800
20222490,299900
20222555,300000
20224137,300100
20224195,300200
20224275,300300
20224343,300400
20224422,300500
20224489,300600
20224560,300700
20224632,300800
20224711,300900
20224779,301000
20224848,301100
20226248,301200
20226318,301300
20226378,301400
20226444,301500
20226514,301600
20226582,301700
20226663,301800
20226729,301900
20226796,302000
20226859,302100
20226930,302200
20227008,302300
20227070,302400
20227136,302500
20227206,302600
20227273,302700
20227351,302800
20227434,302900
20227505,303000
20227585,303100
20227677,303200
20227738,303300
20227806,303400
20227897,303500
20227958,303600
20228023,303700
20228087,303800
20228150,303900
20228216,304000
20228288,304100
20228343,304200
20228418,304300
20228491,304400
20228567,304500
20228645,304600
20228704,304700
20228765,304800
20228846,304900
20228923,305000
20228985,305100
20229067,305200
20229139,305300
20229211,305400
20229285,305500
20229359,305600
20229425,305700
20229491,305800
20229543,305900
20229610,306000
20229677,306100
20229742,306200
20229813,306300
20229879,306400
20229947,306500
20230021,306600
20230089,306700
20230153,306800
20230215,306900
20230278,307000
20230380,307100
20230436,307200
20230507,307300
20230565,307400
20230629,307500
20230688,307600
20230749,307700
20230814,307800
20230878,307900
20230943,308000
20230998,308100
20231067,308200
20231124,308300
20231182,308400
20231260,308500
20231332,308600
20231421,308700
20231505,308800
20231580,308900
20231655,309000
20231733,309100
20232179,309200
20232240,309300
20232310,309400
20232380,309500
20232445,309600
20232527,309700
20232605,309800
20232682,309900
20232798,310000
20234406,310100
20234472,310200
20234540,310300
20234601,310400
20234667,310500
20234734,310600
20234801,310700
20234880,310800
20234953,310900
20235011,311000
20235086,311100
20235146,311200
20235211,311300
20235276,311400
20235329,311500
20235402,311600
20235463,311700
20235533,311800
20235606,311900
20235677,312000
20235750,312100
20235827,312200
20235905,312300
20235973,312400
20236050,312500
20236120,312600
20236181,312700
20236274,312800
20236345,312900
20236413,313000
20236493,313100
20236580,313200
20236651,313300
20236727,313400
20236789,313500
20236860,313600
20236919,313700
20236979,313800
20237058,313900
20237141,314000
20237227,314100
20237311,314200
20237392,314300
20237460,314400
20237533,314500
20237610,314600
20237674,314700
20237736,314800
20237802,314900
20238262,315000
20238335,315100
20238400,315200
20238476,315300
20238547,315400
20238632,315500
20238705,315600
20238783,315700
20238856,315800
20238953,315900
20239021,316000
20239090,316100
20239162,316200
20239232,316300
20239342,316400
20239407,316500
20239478,316600
20239552,316700
20239623,316800
20239691,316900
20239766,317000
20239828,317100
20239893,317200
20239960,317300
20240036,317400
20240114,317500
20240184,317600
20240253,317700
20240327,317800
20240386,317900
20240463,318000
20240525,318100
20240595,318200
20240659,318300
20240713,318400
20240814,318500
20240880,318600
20240962,318700
20241040,318800
20241106,318900
20241176,319000
20241246,319100
20241314,319200
20241394,319300
20241450,319400
20241514,319500
20241596,319600
20241663,319700
20241748,319800
20241842,319900
20241944,320000
20243289,320100
20243352,320200
20243411,320300
20243483,320400
20243534,320500
20243591,320600
20243672,320700
20243757,320800
20243835,320900
20244322,321000
20244392,321100
20244453,321200
20244520,321300
20244590,321400
20244662,321500
20244732,321600
20244793,321700
20244854,321800
20244922,321900
20244992,322000
20245066,322100
20245143,322200
20245224,322300
20245309,322400
20245380,322500
20245456,322600
20245529,322700
20245607,322800
20245678,322900
20245788,323000
20245873,323100
20245951,323200
20246031,323300
20246108,323400
20246181,323500
20246255,323600
20246334,323700
20246413,323800
20246478,323900
20246567,324000
20246643,324100
20246733,324200
20246813,324300
20246900,324400
20246991,324500
20247075,324600
20247146,324700
20247217,324800
20247294,324900
20247370,325000
20247460,325100
20247549,325200
20247639,325300
20247725,325400
20247813,325500
20247884,325600
20247968,325700
20248089,325800
20248151,325900
20248218,326000
20248346,326100
20248427,326200
20248509,326300
20248589,326400
20248663,326500
20248746,326600
20248824,326700
20248894,326800
20248969,326900
20249042,327000
20249128,327100
20249202,327200
20249289,327300
20249372,327400
20249454,327500
20249535,327600
20249607,327700
20249684,327800
20249758,327900
20249834,328000
20250289,328100
20250378,328200
20250467,328300
20250555,328400
20250636,328500
20250717,328600
20250797,328700
20250883,328800
20250985,328900
20251081,329000
20251160,329100
20251240,329200
20251334,329300
20251410,329400
20251508,329500
20251598,329600
20251684,329700
20251791,329800
20251882,329900
20251975,330000
20253182,330100
20253254,330200
20253339,330300
20253418,330400
20253509,330500
20253585,330600
20253666,330700
20253751,330800
20253828,330900
20253915,331000
20253985,331100
20254065,331200
20254147,331300
20254227,331400
20254315,331500
20254401,331600
20254479,331700
20254562,331800
20254656,331900
20254726,332000
20254813,332100
20254883,332200
20254959,332300
20255069,332400
20255168,332500
20255251,332600
20255355,332700
20255444,332800
20255531,332900
20255612,333000
20255695,333100
20255774,333200
20255873,333300
20256349,333400
20256450,333500
20256540,333600
20256618,333700
20256711,333800
20256792,333900
20256876,334000
20256971,334100
20257046,334200
20257140,334300
20257237,334400
20257344,334500
20257494,334600
20257593,334700
20257694,334800
20257792,334900
20257882,335000
20257970,335100
20258058,335200
20258155,335300
20258249,335400
20258337,335500
20258426,335600
20258507,335700
20258574,335800
20258681,335900
20258754,336000
20258830,336100
20258910,336200
20258974,336300
20259064,336400
20259133,336500
20259218,336600
20259297,336700
20259371,336800
20259437,336900
20259494,337000
20259562,337100
20259645,337200
20259724,337300
20259808,337400
20259898,337500
20259979,337600
20260076,337700
20260149,337800
20260239,337900
20260339,338000
20260425,338100
20260524,338200
20260619,338300
20260721,338400
20260804,338500
20260902,338600
20260993,338700
20261108,338800
20261209,338900
20261306,339000
20261410,339100
20261499,339200
20261692,339300
20261793,339400
20261871,339500
20262362,339600
20262457,339700
20262555,339800
20262646,339900
20262727,340000
20263830,340100
20263914,340200
20264004,340300
20264087,340400
20264211,340500
20264314,340600
20264405,340700
20264484,340800
20264555,340900
20264630,341000
20264712,341100
20264790,341200
20264867,341300
20264956,341400
20265017,341500
20265114,341600
20265195,341700
20265288,341800
20265363,341900
20265450,342000
20265528,342100
20265614,342200
20265685,342300
20265761,342400
20265837,342500
20265937,342600
20266017,342700
20266107,342800
20266195,342900
20266280,343000
20266372,343100
20266468,343200
20266569,343300
20266677,343400
20266774,343500
20266889,343600
20266984,343700
20267078,343800
20267174,343900
20267269,344000
20267360,344100
20267436,344200
20267522,344300
20267597,344400
20267731,344500
20267831,344600
20267916,344700
20268403,344800
20268510,344900
20268631,345000
20268712,345100
20268803,345200
20268893,345300
20268979,345400
20269070,345500
20269175,345600
20269255,345700
20269360,345800
20269459,345900
20269552,346000
20269650,346100
20269749,346200
20269858,346300
20269968,346400
20270064,346500
20270163,346600
20270243,346700
20270345,346800
20270455,346900
20270562,347000
20270656,347100
20270754,347200
20270864,347300
20270971,347400
20271071,347500
20271176,347600
20271260,347700
20271365,347800
20271477,347900
20271570,348000
20271669,348100
20271777,348200
20271883,348300
20271990,348400
20272095,348500
20272192,348600
20272285,348700
20272389,348800
20272615,348900
20272684,349000
20272772,349100
20272850,349200
20272932,349300
20273030,349400
20273100,349500
20273186,349600
20273277,349700
20273355,349800
20273457,349900
20273557,350000
20275290,350100
20275387,350200
20275491,350300
20275575,350400
20275661,350500
20275758,350600
20275845,350700
20275923,350800
20276018,350900
20276125,351000
20276212,351100
20276314,351200
20276416,351300
20276502,351400
20276611,351500
20276699,351600
20276795,351700
20276874,351800
20276970,351900
20277086,352000
20277176,352100
20277275,352200
20277372,352300
20277460,352400
20277559,352500
20277654,352600
20277756,352700
20277849,352800
20277952,352900
20278052,353000
20278136,353100
20278238,353200
20278336,353300
20278436,353400
20278552,353500
20278654,353600
20278752,353700
20278831,353800
20278931,353900
20279043,354000
20279175,354100
20279283,354200
20279393,354300
20279493,354400
20279579,354500
20279666,354600
20279763,354700
20279845,354800
20279970,354900
20280469,355000
20280563,355100
20280657,355200
20280753,355300
20280849,355400
20280939,355500
20281052,355600
20281149,355700
20281253,355800
20281350,355900
20281460,356000
20281558,356100
20281651,356200
20281741,356300
20281829,356400
20281924,356500
20282020,356600
20282127,356700
20282208,356800
20282299,356900
20282394,357000
20282487,357100
20282599,357200
20282699,357300
20282783,357400
20282883,357500
20282988,357600
20283084,357700
20283185,357800
20283290,357900
20283396,358000
20283495,358100
20283607,358200
20283724,358300
20283928,358400
20284020,358500
20284131,358600
20284247,358700
20284329,358800
20284429,358900
20284550,359000
20284651,359100
20284762,359200
20284868,359300
20284970,359400
20285057,359500
20285159,359600
20285248,359700
20285319,359800
20285413,359900
20285502,360000
20288039,360100
20288138,360200
20288244,360300
20288341,360400
20288442,360500
20288539,360600
20288639,360700
20288730,360800
20288817,360900
20288919,361000
20289037,361100
20289144,361200
20289280,361300
20289379,361400
20289475,361500
20289576,361600
20289709,361700
20289810,361800
20289903,361900
20290006,362000
20290135,362100
20290260,362200
20290347,362300
20290454,362400
20290543,362500
20290639,362600
20290747,362700
20290867,362800
20290955,362900
20291069,363000
20291181,363100
20291299,363200
20291429,363300
20291552,363400
20291704,363500
20291805,363600
20291909,363700
20292007,363800
20292089,363900
20292580,364000
20292680,364100
20292849,364200
20292976,364300
20293100,364400
20293222,364500
20293349,364600
20293468,364700
20293617,364800
20293780,364900
20293919,365000
20294083,365100
20294204,365200
20294319,365300
20294435,365400
20294548,365500
20294675,365600
20294788,365700
20294911,365800
20295018,365900
20295133,366000
20295251,366100
20295358,366200
20295457,366300
20295576,366400
20295686,366500
20295780,366600
20295885,366700
20295980,366800
20296071,366900
20296160,367000
20296275,367100
20296490,367200
20296600,367300
20296723,367400
20296884,367500
20297048,367600
20297199,367700
20297351,367800
20297506,367900
20297662,368000
20297754,368100
20297866,368200
20297980,368300
20298169,368400
20298740,368500
20298937,368600
20299133,368700
20299267,368800
20299363,368900
20299457,369000
20299556,369100
20299648,369200
20299769,369300
20299862,369400
20299974,369500
20300092,369600
20300185,369700
20300296,369800
20300409,369900
20300514,370000
20303552,370100
20303658,370200
20303758,370300
20303856,370400
20303961,370500
20304056,370600
20304140,370700
20304244,370800
20304782,370900
20304874,371000
20304967,371100
20305066,371200
20305159,371300
20305273,371400
20305381,371500
20305466,371600
20305563,371700
20305662,371800
20305775,371900
20305864,372000
20305952,372100
20306033,372200
20306134,372300
20306224,372400
20306338,372500
20306437,372600
20306569,372700
20306699,372800
20306800,372900
20306878,373000
20306974,373100
20307081,373200
20307167,373300
20307279,373400
20307383,373500
20307504,373600
20307617,373700
20307778,373800
20307928,373900
20308034,374000
20308151,374100
20308266,374200
20308379,374300
20308501,374400
20308622,374500
20308749,374600
20308873,374700
20308995,374800
20309128,374900
20309265,375000
20309385,375100
20309501,375200
20309607,375300
20309727,375400
20309848,375500
20309952,375600
20310080,375700
20310184,375800
20310290,375900
20310834,376000
20310935,376100
20311036,376200
20311151,376300
20311241,376400
20311370,376500
20311477,376600
20311578,376700
20311712,376800
20311832,376900
20311928,377000
20312042,377100
20312169,377200
20312274,377300
20312360,377400
20312566,377500
20312679,377600
20312782,377700
20312906,377800
20313033,377900
20313158,378000
20313278,378100
20313407,378200
20313534,378300
20313648,378400
20313774,378500
20313898,378600
20314021,378700
20314142,378800
20314263,378900
20314381,379000
20314505,379100
20314635,379200
20314788,379300
20314913,379400
20315114,379500
20315215,379600
20315340,379700
20315485,379800
20315607,379900
20315719,380000
20319172,380100
20319278,380200
20319407,380300
20319528,380400
20319623,380500
20319750,380600
20319875,380700
20319985,380800
20320102,380900
20320232,381000
20320348,381100
20320475,381200
20320588,381300
20320702,381400
20320829,381500
20320947,381600
20321065,381700
20321199,381800
20321334,381900
20321484,382000
20321647,382100
20321790,382200
20321929,382300
20322057,382400
20322171,382500
20322290,382600
20322419,382700
20322932,382800
20323139,382900
20323278,383000
20323385,383100
20323495,383200
20323614,383300
20323714,383400
20323838,383500
20323951,383600
20324055,383700
20324170,383800
20324280,383900
20324384,384000
20324531,384100
20324657,384200
20324775,384300
20324899,384400
20325027,384500
20325140,384600
20325259,384700
20325358,384800
20325475,384900
20325588,385000
20325699,385100
20325817,385200
20325940,385300
20326056,385400
20326180,385500
20326308,385600
20326452,385700
20326579,385800
20326687,385900
20326832,386000
20326971,386100
20327179,386200
20327320,386300
20327440,386400
20327563,386500
20327688,386600
20327802,386700
20327929,386800
20328053,386900
20328168,387000
20328299,387100
20328439,387200
20328969,387300
20329096,387400
20329236,387500
20329372,387600
20329484,387700
20329596,387800
20329727,387900
20329876,388000
20330012,388100
20330161,388200
20330316,388300
20330461,388400
20330647,388500
20330780,388600
20330915,388700
20331059,388800
20331199,388900
20331329,389000
20331459,389100
20331606,389200
20331733,389300
20331856,389400
20331999,389500
20332161,389600
20332315,389700
20332450,389800
20332597,389900
20332751,390000
20336952,390100
20337053,390200
20337171,390300
20337280,390400
20337386,390500
20337494,390600
20337627,390700
20337764,390800
20337888,390900
20338000,391000
20338118,391100
20338231,391200
20338339,391300
20338469,391400
20338586,391500
20338730,391600
20338833,391700
20338961,391800
20339092,391900
20339229,392000
20339351,392100
20339492,392200
20339610,392300
20339734,392400
20339885,392500
20340001,392600
20340122,392700
20340247,392800
20340385,392900
20340507,393000
20341082,393100
20341215,393200
20341356,393300
20341506,393400
20341657,393500
20341797,393600
20341945,393700
20342082,393800
20342205,393900
20342350,394000
20342518,394100
20342713,394200
20342887,394300
20343050,394400
20343183,394500
20343313,394600
20343454,394700
20343578,394800
20343721,394900
20343860,395000
20344029,395100
20344185,395200
20344350,395300
20344520,395400
20344779,395500
20344904,395600
20345063,395700
20345182,395800
20345302,395900
20345417,396000
20345558,396100
20345727,396200
20345887,396300
20346050,396400
20346190,396500
20346318,396600
20346453,396700
20346580,396800
20347085,396900
20347311,397000
20347435,397100
20347572,397200
20347707,397300
20347852,397400
20348004,397500
20348138,397600
20348265,397700
20348417,397800
20348553,397900
20348702,398000
20348840,398100
20348989,398200
20349122,398300
20349269,398400
20349423,398500
20349581,398600
20349733,398700
20349916,398800
20350083,398900
20350215,399000
20350354,399100
20350520,399200
20350685,399300
20350843,399400
20351020,399500
20351197,399600
20351388,399700
20351576,399800
20351763,399900
20351931,400000
20356296,400100
20356463,400200
20356598,400300
20356723,400400
20356898,400500
20357070,400600
20357230,400700
20357399,400800
20357555,400900
20357727,401000
20357910,401100
20358057,401200
20358217,401300
20358347,401400
20358502,401500
20358633,401600
20358787,401700
20359314,401800
20359487,401900
20359624,402000
20359764,402100
20359887,402200
20360011,402300
20360168,402400
20360297,402500
20360434,402600
20360584,402700
20360714,402800
20360840,402900
20360979,403000
20361124,403100
20361255,403200
20361407,403300
20361541,403400
20361665,403500
20361821,403600
20361977,403700
20362129,403800
20362280,403900
20362419,404000
20362558,404100
20362696,404200
20362834,404300
20362985,404400
20363125,404500
20363279,404600
20363446,404700
20363571,404800
20363777,404900
20364009,405000
20364166,405100
20364323,405200
20364463,405300
20364693,405400
20364877,405500
20365433,405600
20365561,405700
20365698,405800
20365848,405900
20365979,406000
20366126,406100
20366271,406200
20366406,406300
20366550,406400
20366672,406500
20366790,406600
20366911,406700
20367051,406800
20367213,406900
20367377,407000
20367504,407100
20367665,407200
20367813,407300
20367954,407400
20368110,407500
20368258,407600
20368391,407700
20368549,407800
20368705,407900
20368841,408000
20369006,408100
20369150,408200
20369289,408300
20369454,408400
20369612,408500
20369751,408600
20369893,408700
20370054,408800
20370236,408900
20370396,409000
20370564,409100
20370741,409200
20370915,409300
20371533,409400
20371692,409500
20371844,409600
20371979,409700
20372115,409800
20372272,409900
20372425,410000
20382098,410100
20382226,410200
20382369,410300
20382514,410400
20382636,410500
20382776,410600
20382905,410700
20383027,410800
20383540,410900
20383673,411000
20383806,411100
20383949,411200
20384091,411300
20384250,411400
20384392,411500
20384551,411600
20384699,411700
20384854,411800
20385032,411900
20385178,412000
20385344,412100
20385515,412200
20385686,412300
20385857,412400
20386016,412500
20386166,412600
20386326,412700
20386498,412800
20386617,412900
20386745,413000
20386863,413100
20387076,413200
20387234,413300
20387400,413400
20387549,413500
20387707,413600
20387889,413700
20388059,413800
20388200,413900
20388356,414000
20388541,414100
20388705,414200
20388894,414300
20389062,414400
20389621,414500
20389821,414600
20389991,414700
20390164,414800
20390286,414900
20390430,415000
20390573,415100
20390799,415200
20390954,415300
20391113,415400
20391249,415500
20391399,415600
20391564,415700
20391708,415800
20391845,415900
20392009,416000
20392181,416100
20392359,416200
20392632,416300
20392809,416400
20392992,416500
20393164,416600
20393356,416700
20393539,416800
20393698,416900
20393858,417000
20394011,417100
20394161,417200
20394344,417300
20394533,417400
20394708,417500
20394901,417600
20395075,417700
20395674,417800
20395893,417900
20396050,418000
20396204,418100
20396345,418200
20396512,418300
20396662,418400
20396829,418500
20396984,418600
20397152,418700
20397285,418800
20397456,418900
20397609,419000
20397732,419100
20397875,419200
20398024,419300
20398201,419400
20398360,419500
20398515,419600
20398678,419700
20398845,419800
20399012,419900
20399151,420000
20404994,420100
20405119,420200
20405264,420300
20405406,420400
20405551,420500
20405709,420600
20405848,420700
20406007,420800
20406146,420900
20406277,421000
20406416,421100
20406556,421200
20406703,421300
20406846,421400
20407022,421500
20407166,421600
20407321,421700
20407952,421800
20408108,421900
20408255,422000
20408387,422100
20408539,422200
20408700,422300
20408862,422400
20409025,422500
20409188,422600
20409343,422700
20409492,422800
20409637,422900
20409825,423000
20409982,423100
20410139,423200
20410276,423300
20410444,423400
20410588,423500
20410741,423600
20410878,423700
20411006,423800
20411141,423900
20411262,424000
20411394,424100
20411536,424200
20411694,424300
20411837,424400
20412002,424500
20412162,424600
20412331,424700
20412490,424800
20412648,424900
20412776,425000
20412976,425100
20413108,425200
20413241,425300
20413402,425400
20414094,425500
20414259,425600
20414423,425700
20414574,425800
20414721,425900
20414972,426000
20415123,426100
20415247,426200
20415381,426300
20415533,426400
20415672,426500
20415831,426600
20415979,426700
20416114,426800
20416284,426900
20416437,427000
20416573,427100
20416698,427200
20416823,427300
20416968,427400
20417121,427500
20417272,427600
20417449,427700
20417599,427800
20417762,427900
20417912,428000
20418068,428100
20418221,428200
20418348,428300
20418495,428400
20418666,428500
20418832,428600
20418996,428700
20419141,428800
20419311,428900
20419471,429000
20420005,429100
20420197,429200
20420329,429300
20420467,429400
20420604,429500
20420775,429600
20420913,429700
20421062,429800
20421200,429900
20421357,430000
20427950,430100
20428099,430200
20428244,430300
20428369,430400
20428512,430500
20428672,430600
20428822,430700
20428961,430800
20429093,430900
20429226,431000
20429373,431100
20429526,431200
20429669,431300
20429766,431400
20429890,431500
20430043,431600
20430204,431700
20430353,431800
20430490,431900
20430651,432000
20430802,432100
20430972,432200
20431123,432300
20431257,432400
20431390,432500
20431598,432600
20432146,432700
20432348,432800
20432515,432900
20432657,433000
20432807,433100
20432971,433200
20433129,433300
20433285,433400
20433436,433500
20433564,433600
20433725,433700
20433894,433800
20434075,433900
20434268,434000
20434492,434100
20434661,434200
20434829,434300
20435001,434400
20435154,434500
20435304,434600
20435467,434700
20435747,434800
20435902,434900
20436055,435000
20436238,435100
20436415,435200
20436577,435300
20436706,435400
20436876,435500
20437027,435600
20437217,435700
20437421,435800
20437608,435900
20438224,436000
20438498,436100
20438681,436200
20438842,436300
20439026,436400
20439193,436500
20439335,436600
20439471,436700
20439642,436800
20439807,436900
20440005,437000
20440190,437100
20440363,437200
20440555,437300
20440758,437400
20440944,437500
20441089,437600
20441245,437700
20441418,437800
20441586,437900
20441768,438000
20441963,438100
20442129,438200
20442302,438300
20442458,438400
20442621,438500
20442785,438600
20442943,438700
20443115,438800
20443278,438900
20443465,439000
20443833,439100
20444516,439200
20444712,439300
20444889,439400
20445098,439500
20445292,439600
20445468,439700
20445651,439800
20445850,439900
20446045,440000
20454612,440100
20454791,440200
20454978,440300
20455157,440400
20455337,440500
20455506,440600
20455682,440700
20455854,440800
20456405,440900
20456689,441000
20456869,441100
20457042,441200
20457210,441300
20457374,441400
20457560,441500
20457750,441600
20457927,441700
20458089,441800
20458285,441900
20458466,442000
20458641,442100
20458829,442200
20459008,442300
20459190,442400
20459354,442500
20459533,442600
20459759,442700
20459935,442800
20460090,442900
20460240,443000
20460381,443100
20460565,443200
20460713,443300
20460887,443400
20461062,443500
20461246,443600
20461429,443700
20461700,443800
20461855,443900
20462003,444000
20462620,444100
20462795,444200
20462984,444300
20463160,444400
20463342,444500
20463522,444600
20463698,444700
20463883,444800
20464055,444900
20464203,445000
20464341,445100
20464498,445200
20464669,445300
20464853,445400
20465016,445500
20465204,445600
20465382,445700
20465553,445800
20465731,445900
20465896,446000
20466044,446100
20466215,446200
20466415,446300
20466621,446400
20466811,446500
20467045,446600
20467247,446700
20467447,446800
20467650,446900
20467858,447000
20468069,447100
20468682,447200
20468851,447300
20469058,447400
20469396,447500
20469571,447600
20469754,447700
20469928,447800
20470293,447900
20470461,448000
20470629,448100
20470784,448200
20470935,448300
20471085,448400
20471227,448500
20471412,448600
20471600,448700
20471772,448800
20471971,448900
20472144,449000
20472323,449100
20472483,449200
20472634,449300
20472799,449400
20472949,449500
20473111,449600
20473316,449700
20473552,449800
20473771,449900
20473973,450000
20488239,450100
20488434,450200
20488584,450300
20488770,450400
20488981,450500
20489153,450600
20489337,450700
20489523,450800
20489704,450900
20489913,451000
20490083,451100
20490257,451200
20490449,451300
20490633,451400
20490822,451500
20491001,451600
20491185,451700
20491369,451800
20491591,451900
20491774,452000
20491962,452100
20492141,452200
20492321,452300
20492933,452400
20493152,452500
20493339,452600
20493510,452700
20493682,452800
20493861,452900
20494021,453000
20494206,453100
20494377,453200
20494561,453300
20494747,453400
20494927,453500
20495115,453600
20495315,453700
20495491,453800
20495750,453900
20495929,454000
20496111,454100
20496291,454200
20496473,454300
20496659,454400
20496845,454500
20497031,454600
20497213,454700
20497384,454800
20497556,454900
20497741,455000
20497928,455100
20498126,455200
20498306,455300
20498880,455400
20499121,455500
20499321,455600
20499512,455700
20499706,455800
20499898,455900
20500086,456000
20500282,456100
20500470,456200
20500676,456300
20500887,456400
20501094,456500
20501286,456600
20501506,456700
20501710,456800
20501902,456900
20502103,457000
20502302,457100
20502646,457200
20502839,457300
20503030,457400
20503222,457500
20503417,457600
20503807,457700
20504011,457800
20504210,457900
20504387,458000
20505015,458100
20505223,458200
20505412,458300
20505612,458400
20505806,458500
20505996,458600
20506177,458700
20506352,458800
20506540,458900
20506718,459000
20506881,459100
20507063,459200
20507271,459300
20507467,459400
20507666,459500
20507867,459600
20508073,459700
20508266,459800
20508477,459900
20508674,460000
20524951,460100
20525127,460200
20525310,460300
20525496,460400
20525682,460500
20525862,460600
20526042,460700
20526227,460800
20526419,460900
20526601,461000
20526769,461100
20526964,461200
20527148,461300
20527323,461400
20527504,461500
20527687,461600
20527882,461700
20528100,461800
20528292,461900
20528478,462000
20529050,462100
20529286,462200
20529457,462300
20529647,462400
20529861,462500
20530056,462600
20530247,462700
20530439,462800
20530624,462900
20530814,463000
20530999,463100
20531169,463200
20531349,463300
20531537,463400
20531728,463500
20531917,463600
20532188,463700
20532369,463800
20532564,463900
20532765,464000
20532951,464100
20533140,464200
20533337,464300
20533522,464400
20533718,464500
20533915,464600
20534108,464700
20534305,464800
20534498,464900
20535071,465000
20535327,465100
20535523,465200
20535712,465300
20535919,465400
20536118,465500
20536339,465600
20536533,465700
20536719,465800
20536933,465900
20537136,466000
20537441,466100
20537658,466200
20537855,466300
20538062,466400
20538269,466500
20538459,466600
20538643,466700
20538843,466800
20539042,466900
20539241,467000
20539641,467100
20539846,467200
20540054,467300
20540267,467400
20540479,467500
20540689,467600
20541341,467700
20541542,467800
20541744,467900
20541945,468000
20542154,468100
20542357,468200
20542566,468300
20542775,468400
20542992,468500
20543207,468600
20543414,468700
20543628,468800
20543823,468900
20544031,469000
20544243,469100
20544466,469200
20544684,469300
20544896,469400
20545123,469500
20545335,469600
20545537,469700
20545762,469800
20545961,469900
20546186,470000
20558357,470100
20558559,470200
20558763,470300
20559488,470400
20559685,470500
20559884,470600
20560087,470700
20560314,470800
20560511,470900
20560704,471000
20560900,471100
20561102,471200
20561294,471300
20561506,471400
20561716,471500
20561946,471600
20562134,471700
20562344,471800
20562549,471900
20562787,472000
20562993,472100
20563193,472200
20563393,472300
20563591,472400
20563798,472500
20563987,472600
20564186,472700
20564394,472800
20564598,472900
20564802,473000
20565458,473100
20565663,473200
20565939,473300
20566140,473400
20566339,473500
20566537,473600
20566727,473700
20566897,473800
20567055,473900
20567231,474000
20567417,474100
20567600,474200
20567788,474300
20567982,474400
20568159,474500
20568368,474600
20568567,474700
20568745,474800
20568920,474900
20569106,475000
20569280,475100
20569489,475200
20569686,475300
20569895,475400
20570076,475500
20570290,475600
20570489,475700
20570692,475800
20570932,475900
20571632,476000
20571820,476100
20572168,476200
20572391,476300
20572591,476400
20572802,476500
20573003,476600
20573164,476700
20573375,476800
20573574,476900
20573775,477000
20573967,477100
20574099,477200
20574497,477300
20574713,477400
20574917,477500
20575129,477600
20575331,477700
20575543,477800
20575758,477900
20575953,478000
20576160,478100
20576391,478200
20576590,478300
20576813,478400
20577422,478500
20577640,478600
20577859,478700
20578093,478800
20578300,478900
20578530,479000
20578747,479100
20578948,479200
20579148,479300
20579348,479400
20579557,479500
20579786,479600
20580000,479700
20580220,479800
20580444,479900
20580671,480000
20614692,480100
20614897,480200
20615102,480300
20615315,480400
20615514,480500
20615712,480600
20615906,480700
20616149,480800
20616351,480900
20616546,481000
20616728,481100
20616943,481200
20617144,481300
20617350,481400
20617580,481500
20617828,481600
20618030,481700
20618230,481800
20618500,481900
20618685,482000
20618883,482100
20619093,482200
20619295,482300
20619919,482400
20620124,482500
20620328,482600
20620527,482700
20620749,482800
20620971,482900
20621168,483000
20621374,483100
20621706,483200
20621895,483300
20622065,483400
20622257,483500
20622471,483600
20622644,483700
20622820,483800
20623031,483900
20623208,484000
20623432,484100
20623628,484200
20623810,484300
20623984,484400
20624146,484500
20624353,484600
20624521,484700
20624709,484800
20624885,484900
20625052,485000
20625233,485100
20625390,485200
20626062,485300
20626234,485400
20626450,485500
20626616,485600
20626760,485700
20626931,485800
20627133,485900
20627391,486000
20627744,486100
20627956,486200
20628129,486300
20628305,486400
20628486,486500
20628658,486600
20628815,486700
20628974,486800
20629173,486900
20629393,487000
20629617,487100
20629979,487200
20630240,487300
20630430,487400
20630623,487500
20630807,487600
20630978,487700
20631206,487800
20631448,487900
20632108,488000
20632292,488100
20632498,488200
20632683,488300
20632912,488400
20633141,488500
20633356,488600
20633536,488700
20633710,488800
20633878,488900
20634080,489000
20634288,489100
20634517,489200
20634752,489300
20634990,489400
20635208,489500
20635447,489600
20635688,489700
20635928,489800
20636162,489900
20636354,490000
20659391,490100
20659593,490200
20659810,490300
20660023,490400
20660209,490500
20660410,490600
20660636,490700
20660829,490800
20661061,490900
20661275,491000
20661473,491100
20661678,491200
20662280,491300
20662567,491400
20662803,491500
20663030,491600
20663341,491700
20663539,491800
20663685,491900
20663902,492000
20664120,492100
20664332,492200
20664561,492300
20664782,492400
20665015,492500
20665251,492600
20665488,492700
20665733,492800
20665969,492900
20666217,493000
20666456,493100
20666758,493200
20667006,493300
20667238,493400
20667459,493500
20667691,493600
20668301,493700
20668705,493800
20668937,493900
20669170,494000
20669417,494100
20669648,494200
20669880,494300
20670119,494400
20670343,494500
20670569,494600
20670795,494700
20671020,494800
20671252,494900
20671494,495000
20671768,495100
20672007,495200
20672224,495300
20672438,495400
20672675,495500
20672902,495600
20673150,495700
20673399,495800
20673633,495900
20673890,496000
20674597,496100
20674842,496200
20675312,496300
20675545,496400
20675789,496500
20676033,496600
20676269,496700
20676518,496800
20676757,496900
20677008,497000
20677236,497100
20677468,497200
20677706,497300
20677919,497400
20678171,497500
20678424,497600
20678682,497700
20678947,497800
20679203,497900
20679462,498000
20679710,498100
20680370,498200
20680703,498300
20680980,498400
20681252,498500
20681524,498600
20682135,498700
20682567,498800
20682869,498900
20683168,499000
20683445,499100
20683722,499200
20683988,499300
20684342,499400
20684598,499500
20684857,499600
20685138,499700
20685439,499800
20685707,499900
20685978,500000
20708911,500100
20709154,500200
20709381,500300
20709634,500400
20709866,500500
20710101,500600
20710791,500700
20711027,500800
20711304,500900
20711543,501000
20711782,501100
20712026,501200
20712269,501300
20712540,501400
20712783,501500
20713019,501600
20713259,501700
20713497,501800
20713750,501900
20713986,502000
20714232,502100
20714469,502200
20714716,502300
20714957,502400
20715207,502500
20715458,502600
20715838,502700
20716174,502800
20716861,502900
20717102,503000
20717347,503100
20717582,503200
20717820,503300
20718060,503400
20718305,503500
20718549,503600
20718789,503700
20719034,503800
20719302,503900
20719548,504000
20719793,504100
20720055,504200
20720310,504300
20720556,504400
20720801,504500
20721062,504600
20721321,504700
20721585,504800
20721834,504900
20722106,505000
20722762,505100
20723064,505200
20723334,505300
20723589,505400
20723849,505500
20724107,505600
20724362,505700
20724804,505800
20725047,505900
20725292,506000
20725545,506100
20725785,506200
20726032,506300
20726291,506400
20726529,506500
20726765,506600
20727000,506700
20727228,506800
20727468,506900
20727698,507000
20727961,507100
20728214,507200
20728842,507300
20729143,507400
20729368,507500
20729562,507600
20729795,507700
20730012,507800
20730304,507900
20730592,508000
20730901,508100
20731217,508200
20731551,508300
20731871,508400
20732188,508500
20732479,508600
20732818,508700
20733156,508800
20733483,508900
20733807,509000
20734140,509100
20734859,509200
20735239,509300
20735514,509400
20735811,509500
20736435,509600
20736739,509700
20737017,509800
20737292,509900
20737583,510000
20767646,510100
20767870,510200
20768092,510300
20768312,510400
20768553,510500
20768798,510600
20769038,510700
20769249,510800
20769405,510900
20769637,511000
20769878,511100
20770097,511200
20770310,511300
20770608,511400
20771224,511500
20771473,511600
20771709,511700
20772011,511800
20772323,511900
20772648,512000
20772949,512100
20773225,512200
20773523,512300
20773794,512400
20774090,512500
20774429,512600
20774732,512700
20774989,512800
20775265,512900
20775583,513000
20775879,513100
20776272,513200
20776467,513300
20776713,513400
20777396,513500
20777577,513600
20777768,513700
20777922,513800
20778068,513900
20778209,514000
20778344,514100
20778509,514200
20778688,514300
20778865,514400
20779019,514500
20779213,514600
20779402,514700
20779624,514800
20779801,514900
20779954,515000
20780096,515100
20780261,515200
20780453,515300
20780654,515400
20780821,515500
20781018,515600
20781174,515700
20781334,515800
20781502,515900
20781669,516000
20781801,516100
20781940,516200
20782087,516300
20782241,516400
20782429,516500
20782597,516600
20782765,516700
20783309,516800
20783545,516900
20783720,517000
20783861,517100
20783989,517200
20784123,517300
20784270,517400
20784490,517500
20784656,517600
20784785,517700
20784964,517800
20785149,517900
20785310,518000
20785492,518100
20785643,518200
20785808,518300
20785978,518400
20786219,518500
20786412,518600
20786596,518700
20786756,518800
20786923,518900
20787104,519000
20787271,519100
20787500,519200
20787688,519300
20787825,519400
20787993,519500
20788178,519600
20788393,519700
20788902,519800
20789727,519900
20789971,520000
20809830,520100
20810038,520200
20810240,520300
20810368,520400
20810538,520500
20810701,520600
20810872,520700
20811038,520800
20811207,520900
20811387,521000
20811593,521100
20811803,521200
20812011,521300
20812187,521400
20812345,521500
20812509,521600
20812722,521700
20812923,521800
20813088,521900
20813648,522000
20813856,522100
20814056,522200
20814298,522300
20814457,522400
20814586,522500
20814767,522600
20814983,522700
20815221,522800
20815397,522900
20815556,523000
20815702,523100
20815953,523200
20816153,523300
20816304,523400
20816454,523500
20816672,523600
20816849,523700
20817011,523800
20817187,523900
20817362,524000
20817527,524100
20817706,524200
20817841,524300
20818021,524400
20818171,524500
20818284,524600
20818415,524700
20818572,524800
20818766,524900
20818956,525000
20819131,525100
20819683,525200
20819927,525300
20820090,525400
20820298,525500
20820436,525600
20820607,525700
20820774,525800
20821078,525900
20821301,526000
20821467,526100
20821687,526200
20821891,526300
20822211,526400
20822444,526500
20822639,526600
20822796,526700
20822963,526800
20823138,526900
20823309,527000
20823496,527100
20823741,527200
20823921,527300
20824124,527400
20824307,527500
20824490,527600
20824626,527700
20824757,527800
20824872,527900
20825017,528000
20825184,528100
20825731,528200
20826048,528300
20826282,528400
20826464,528500
20826630,528600
20826786,528700
20826980,528800
20827129,528900
20827253,529000
20827396,529100
20827588,529200
20827830,529300
20828073,529400
20828311,529500
20828491,529600
20828672,529700
20828852,529800
20829067,529900
20829254,530000
20856362,530100
20856540,530200
20856785,530300
20857012,530400
20857193,530500
20857377,530600
20857541,530700
20857709,530800
20857840,530900
20857974,531000
20858119,531100
20858317,531200
20858537,531300
20858740,531400
20859011,531500
20859305,531600
20859624,531700
20859899,531800
20860230,531900
20860448,532000
20860620,532100
20860836,532200
20861029,532300
20861259,532400
20861509,532500
20862117,532600
20862347,532700
20862512,532800
20862696,532900
20862869,533000
20862978,533100
20863116,533200
20863282,533300
20863481,533400
20863690,533500
20863882,533600
20864082,533700
20864249,533800
20864451,533900
20864646,534000
20864900,534100
20865041,534200
20865177,534300
20865360,534400
20865554,534500
20865769,534600
20865999,534700
20866194,534800
20866386,534900
20866557,535000
20866747,535100
20866942,535200
20867079,535300
20867215,535400
20867418,535500
20867629,535600
20868281,535700
20868462,535800
20868636,535900
20868934,536000
20869151,536100
20869333,536200
20869481,536300
20869624,536400
20869787,536500
20869975,536600
20870178,536700
20870408,536800
20870578,536900
20870792,537000
20870985,537100
20871164,537200
20871329,537300
20871474,537400
20871610,537500
20871780,537600
20871994,537700
20872164,537800
20872351,537900
20872547,538000
20872706,538100
20872914,538200
20873117,538300
20873284,538400
20873448,538500
20873609,538600
20873776,538700
20874423,538800
20874624,538900
20874839,539000
20875051,539100
20875222,539200
20875421,539300
20875625,539400
20875796,539500
20875968,539600
20876146,539700
20876317,539800
20876543,539900
20876788,540000
20894498,540100
20894673,540200
20894867,540300
20895069,540400
20895216,540500
20895380,540600
20895533,540700
20895690,540800
20895895,540900
20896096,541000
20896255,541100
20896419,541200
20896605,541300
20896778,541400
20897002,541500
20897160,541600
20897300,541700
20897508,541800
20897689,541900
20897885,542000
20898059,542100
20898721,542200
20898897,542300
20899117,542400
20899310,542500
20899476,542600
20899633,542700
20899790,542800
20899976,542900
20900147,543000
20900373,543100
20900555,543200
20900741,543300
20900922,543400
20901118,543500
20901266,543600
20901425,543700
20901572,543800
20901721,543900
20901934,544000
20902146,544100
20902326,544200
20902600,544300
20902824,544400
20902994,544500
20903207,544600
20903398,544700
20903571,544800
20903783,544900
20904016,545000
20904697,545100
20904948,545200
20905139,545300
20905334,545400
20905548,545500
20905741,545600
20905939,545700
20906137,545800
20906355,545900
20906568,546000
20906809,546100
20907050,546200
20907256,546300
20907593,546400
20907816,546500
20908000,546600
20908170,546700
20908345,546800
20908539,546900
20908734,547000
20908968,547100
20909221,547200
20909464,547300
20909681,547400
20909909,547500
20910108,547600
20910310,547700
20910931,547800
20911182,547900
20911409,548000
20911600,548100
20911926,548200
20912112,548300
20912345,548400
20912590,548500
20912796,548600
20913020,548700
20913336,548800
20913548,548900
20913747,549000
20914002,549100
20914244,549200
20914487,549300
20914735,549400
20914963,549500
20915166,549600
20915361,549700
20915577,549800
20915809,549900
20916056,550000
20947317,550100
20947542,550200
20947778,550300
20947977,550400
20948155,550500
20948307,550600
20948518,550700
20948788,550800
20949043,550900
20949270,551000
20949490,551100
20949721,551200
20949922,551300
20950116,551400
20950360,551500
20950609,551600
20950839,551700
20951083,551800
20951321,551900
20951557,552000
20951796,552100
20952007,552200
20952217,552300
20952429,552400
20952673,552500
20953354,552600
20953565,552700
20953793,552800
20954023,552900
20954279,553000
20954483,553100
20954674,553200
20954950,553300
20955168,553400
20955403,553500
20955643,553600
20955872,553700
20956091,553800
20956328,553900
20956540,554000
20956765,554100
20956994,554200
20957220,554300
20957460,554400
20957689,554500
20957929,554600
20958167,554700
20958399,554800
20958570,554900
20959082,555000
20959353,555100
20959524,555200
20959716,555300
20959899,555400
20960148,555500
20960316,555600
20960492,555700
20960688,555800
20960859,555900
20961056,556000
20961228,556100
20961400,556200
20961557,556300
20961735,556400
20961919,556500
20962089,556600
20962267,556700
20962488,556800
20962698,556900
20962891,557000
20963305,557100
20963499,557200
20963660,557300
20963838,557400
20964052,557500
20964227,557600
20964443,557700
20964632,557800
20964817,557900
20965463,558000
20965661,558100
20965852,558200
20966049,558300
20966227,558400
20966405,558500
20966603,558600
20966829,558700
20967052,558800
20967271,558900
20967501,559000
20967721,559100
20967914,559200
20968072,559300
20968261,559400
20968458,559500
20968660,559600
20968882,559700
20969190,559800
20969385,559900
20969573,560000
20992800,560100
20992973,560200
20993129,560300
20993297,560400
20993481,560500
20993688,560600
20993865,560700
20994052,560800
20994258,560900
20994450,561000
20994632,561100
20994797,561200
20994986,561300
20995159,561400
20995770,561500
20995982,561600
20996192,561700
20996399,561800
20996635,561900
20996815,562000
20996995,562100
20997229,562200
20997389,562300
20997571,562400
20997730,562500
20997898,562600
20998207,562700
20998471,562800
20998713,562900
20998898,563000
20999145,563100
20999361,563200
20999581,563300
20999771,563400
20999940,563500
21000160,563600
21000379,563700
21000635,563800
21000859,563900
21001075,564000
21001690,564100
21001967,564200
21002145,564300
21002354,564400
21002539,564500
21002740,564600
21002985,564700
21003201,564800
21003433,564900
21003632,565000
21003866,565100
21004054,565200
21004307,565300
21004522,565400
21004710,565500
21004902,565600
21005164,565700
21005445,565800
21005670,565900
21005888,566000
21006102,566100
21006302,566200
21006517,566300
21006714,566400
21006874,566500
21007104,566600
21007724,566700
21008002,566800
21008335,566900
21008597,567000
21008809,567100
21009010,567200
21009212,567300
21009516,567400
21009652,567500
21009843,567600
21010044,567700
21010226,567800
21010453,567900
21010668,568000
21010896,568100
21011135,568200
21011329,568300
21011543,568400
21011739,568500
21011890,568600
21012100,568700
21012343,568800
21012576,568900
21012823,569000
21013134,569100
21013362,569200
21014030,569300
21014262,569400
21014475,569500
21014699,569600
21014929,569700
21015179,569800
21015431,569900
21015713,570000
21042698,570100
21042922,570200
21043166,570300
21043405,570400
21043611,570500
21044268,570600
21044479,570700
21044716,570800
21044956,570900
21045183,571000
21045425,571100
21045648,571200
21045884,571300
21046138,571400
21046387,571500
21046583,571600
21046820,571700
21047051,571800
21047274,571900
21047527,572000
21047775,572100
21048005,572200
21048226,572300
21048491,572400
21048694,572500
21048944,572600
21049142,572700
21049358,572800
21049661,572900
21050355,573000
21050599,573100
21050859,573200
21051081,573300
21051307,573400
21051504,573500
21051707,573600
21051891,573700
21052119,573800
21052358,573900
21052621,574000
21052918,574100
21053112,574200
21053307,574300
21053507,574400
21053759,574500
21053990,574600
21054232,574700
21054462,574800
21054694,574900
21054945,575000
21055211,575100
21055468,575200
21055717,575300
21056401,575400
21056661,575500
21056935,575600
21057190,575700
21057457,575800
21057710,575900
21057981,576000
21058254,576100
21058630,576200
21058896,576300
21059174,576400
21059561,576500
21059826,576600
21060177,576700
21060405,576800
21060651,576900
21060943,577000
21061252,577100
21061576,577200
21061835,577300
21062533,577400
21062808,577500
21063071,577600
21063319,577700
21063556,577800
21063765,577900
21064022,578000
21064290,578100
21064560,578200
21064847,578300
21065098,578400
21065337,578500
21065600,578600
21065886,578700
21066154,578800
21066428,578900
21066679,579000
21066953,579100
21067220,579200
21067489,579300
21067748,579400
21068440,579500
21068692,579600
21068945,579700
21069198,579800
21069415,579900
21069633,580000
21097789,580100
21098031,580200
21098649,580300
21098958,580400
21099209,580500
21099447,580600
21099710,580700
21100007,580800
21100256,580900
21100494,581000
21100747,581100
21101043,581200
21101300,581300
21101549,581400
21101792,581500
21102017,581600
21102286,581700
21102590,581800
21102844,581900
21103105,582000
21103340,582100
21103598,582200
21103873,582300
21104134,582400
21104868,582500
21105164,582600
21105489,582700
21105761,582800
21106024,582900
21106336,583000
21106560,583100
21106842,583200
21107074,583300
21107329,583400
21107571,583500
21107822,583600
21108074,583700
21108317,583800
21108552,583900
21108791,584000
21109009,584100
21109191,584200
21109380,584300
21109594,584400
21109807,584500
21110065,584600
21110313,584700
21111034,584800
21111317,584900
21111591,585000
21111927,585100
21112175,585200
21112386,585300
21112571,585400
21112781,585500
21113034,585600
21113266,585700
21113504,585800
21113787,585900
21114062,586000
21114357,586100
21114738,586200
21114935,586300
21115107,586400
21115298,586500
21115543,586600
21115938,586700
21116140,586800
21116401,586900
21117089,587000
21117306,587100
21117515,587200
21117706,587300
21117878,587400
21118054,587500
21118229,587600
21118468,587700
21118716,587800
21118952,587900
21119162,588000
21119396,588100
21119688,588200
21119975,588300
21120180,588400
21120368,588500
21120572,588600
21120780,588700
21121061,588800
21121329,588900
21121586,589000
21121865,589100
21122151,589200
21122410,589300
21123109,589400
21123333,589500
21123495,589600
21123699,589700
21123910,589800
21124206,589900
21124483,590000
21158235,590100
21158440,590200
21158651,590300
21158853,590400
21159487,590500
21159683,590600
21159868,590700
21160030,590800
21160262,590900
21160483,591000
21160735,591100
21160999,591200
21161252,591300
21161486,591400
21161719,591500
21161950,591600
21162109,591700
21162313,591800
21162553,591900
21162783,592000
21162987,592100
21163229,592200
21163422,592300
21163636,592400
21163856,592500
21164050,592600
21164217,592700
21164451,592800
21164649,592900
21164904,593000
21165568,593100
21165808,593200
21166058,593300
21166272,593400
21166535,593500
21166838,593600
21167034,593700
21167183,593800
21167339,593900
21167516,594000
21167784,594100
21168011,594200
21168227,594300
21168523,594400
21168709,594500
21168920,594600
21169120,594700
21169335,594800
21169529,594900
21169754,595000
21169907,595100
21170175,595200
21170426,595300
21170675,595400
21170956,595500
21171616,595600
21171873,595700
21172079,595800
21172281,595900
21172481,596000
21172661,596100
21172876,596200
21173152,596300
21173405,596400
21173653,596500
21173888,596600
21174091,596700
21174317,596800
21174591,596900
21174782,597000
21174974,597100
21175295,597200
21175534,597300
21175875,597400
21176092,597500
21176316,597600
21176518,597700
21176733,597800
21176985,597900
21177544,598000
21177888,598100
21178078,598200
21178278,598300
21178510,598400
21178736,598500
21178941,598600
21179238,598700
21179473,598800
21179671,598900
21179908,599000
21180128,599100
21180285,599200
21180509,599300
21180769,599400
21180976,599500
21181230,599600
21181468,599700
21181718,599800
21181912,599900
21182146,600000
21217953,600100
21218133,600200
21218308,600300
21218511,600400
21218688,600500
21218903,600600
21219087,600700
21219307,600800
21219558,600900
21220249,601000
21220520,601100
21220769,601200
21221017,601300
21221268,601400
21221517,601500
21221821,601600
21222074,601700
21222285,601800
21222558,601900
21222814,602000
21223020,602100
21223244,602200
21223464,602300
21223745,602400
21223985,602500
21224295,602600
21224541,602700
21224811,602800
21225049,602900
21225294,603000
21225525,603100
21226147,603200
21226399,603300
21226679,603400
21226881,603500
21227136,603600
21227338,603700
21227567,603800
21227800,603900
21228078,604000
21228354,604100
21228706,604200
21228921,604300
21229141,604400
21229402,604500
21229617,604600
21229852,604700
21230137,604800
21230417,604900
21230664,605000
21230856,605100
21231049,605200
21231277,605300
21231522,605400
21232183,605500
21232516,605600
21232735,605700
21232970,605800
21233170,605900
21233439,606000
21233694,606100
21233876,606200
21234090,606300
21234350,606400
21234560,606500
21234872,606600
21235112,606700
21235321,606800
21235536,606900
21235898,607000
21236080,607100
21236251,607200
21236453,607300
21236671,607400
21237021,607500
21237293,607600
21237562,607700
21237805,607800
21238486,607900
21238732,608000
21238911,608100
21239187,608200
21239478,608300
21239709,608400
21239978,608500
21240271,608600
21240529,608700
21240747,608800
21240990,608900
21241208,609000
21241387,609100
21241582,609200
21241722,609300
21241939,609400
21242186,609500
21242539,609600
21242740,609700
21242959,609800
21243149,609900
21243383,610000
21279392,610100
21279557,610200
21279721,610300
21279919,610400
21280099,610500
21280312,610600
21280898,610700
21281114,610800
21281265,610900
21281500,611000
21281681,611100
21281884,611200
21282064,611300
21282228,611400
21282407,611500
21282637,611600
21282876,611700
21283121,611800
21283327,611900
21283608,612000
21283891,612100
21284096,612200
21284315,612300
21284508,612400
21284674,612500
21284920,612600
21285121,612700
21285390,612800
21285656,612900
21285888,613000
21286131,613100
21286328,613200
21286920,613300
21287215,613400
21287446,613500
21287636,613600
21287934,613700
21288153,613800
21288369,613900
21288617,614000
21288863,614100
21289096,614200
21289321,614300
21289566,614400
21289741,614500
21289930,614600
21290160,614700
21290383,614800
21290659,614900
21290915,615000
21291157,615100
21291347,615200
21291612,615300
21291923,615400
21292119,615500
21292394,615600
21292997,615700
21293292,615800
21293581,615900
21293846,616000
21294075,616100
21294340,616200
21294635,616300
21294954,616400
21295227,616500
21295469,616600
21295800,616700
21296191,616800
21296524,616900
21296819,617000
21297184,617100
21297482,617200
21297752,617300
21297996,617400
21298263,617500
21298506,617600
21299190,617700
21299437,617800
21299658,617900
21299960,618000
21300230,618100
21300542,618200
21300843,618300
21301084,618400
21301317,618500
21301546,618600
21301835,618700
21302063,618800
21302321,618900
21302589,619000
21302860,619100
21303119,619200
21303420,619300
21303660,619400
21303886,619500
21304143,619600
21304327,619700
21304535,619800
21305282,619900
21305532,620000
21347107,620100
21347807,620200
21347997,620300
21348264,620400
21348491,620500
21348730,620600
21348932,620700
21349106,620800
21349378,620900
21349632,621000
21349898,621100
21350155,621200
21350440,621300
21350729,621400
21351053,621500
21351381,621600
21351647,621700
21351915,621800
21352234,621900
21352489,622000
21352756,622100
21353039,622200
21353775,622300
21354034,622400
21354277,622500
21354500,622600
21354767,622700
21355065,622800
21355310,622900
21355554,623000
21355883,623100
21356103,623200
21356298,623300
21356526,623400
21356708,623500
21356921,623600
21357178,623700
21357427,623800
21357668,623900
21357956,624000
21358198,624100
21358457,624200
21358815,624300
21359018,624400
21359227,624500
21359853,624600
21360115,624700
21360411,624800
21360735,624900
21360975,625000
21361193,625100
21361445,625200
21361652,625300
21361875,625400
21362119,625500
21362290,625600
21362537,625700
21362864,625800
21363093,625900
21363350,626000
21363643,626100
21363923,626200
21364186,626300
21364526,626400
21364837,626500
21365202,626600
21365861,626700
21366089,626800
21366352,626900
21366612,627000
21366862,627100
21367124,627200
21367460,627300
21367776,627400
21368064,627500
21368369,627600
21368666,627700
21368925,627800
21369196,627900
21369490,628000
21369768,628100
21370076,628200
21370399,628300
21370708,628400
21371022,628500
21371341,628600
21372071,628700
21372339,628800
21372581,628900
21372874,629000
21373176,629100
21373467,629200
21373787,629300
21374112,629400
21374455,629500
21374781,629600
21375114,629700
21375401,629800
21375696,629900
21376009,630000
21414649,630100
21414960,630200
21415261,630300
21415598,630400
21415935,630500
21416218,630600
21416510,630700
21416821,630800
21417157,630900
21417494,631000
21417854,631100
21418162,631200
21418449,631300
21418743,631400
21419055,631500
21419359,631600
21419666,631700
21419982,631800
21420729,631900
21421088,632000
21421392,632100
21421693,632200
21421992,632300
21422342,632400
21422562,632500
21422851,632600
21423170,632700
21423472,632800
21423766,632900
21424044,633000
21424356,633100
21424567,633200
21424843,633300
21425017,633400
21425250,633500
21425544,633600
21425781,633700
21426473,633800
21426796,633900
21427018,634000
21427308,634100
21427598,634200
21427887,634300
21428147,634400
21428520,634500
21428747,634600
21428937,634700
21429160,634800
21429486,634900
21429762,635000
21430062,635100
21430380,635200
21430779,635300
21431063,635400
21431337,635500
21431574,635600
21431806,635700
21432044,635800
21432799,635900
21433101,636000
21433404,636100
21433702,636200
21433996,636300
21434297,636400
21434551,636500
21434795,636600
21435008,636700
21435266,636800
21435540,636900
21435823,637000
21436156,637100
21436455,637200
21436713,637300
21437006,637400
21437259,637500
21437540,637600
21437774,637700
21438005,637800
21438723,637900
21439001,638000
21439307,638100
21439620,638200
21439932,638300
21440251,638400
21440560,638500
21440834,638600
21441152,638700
21441411,638800
21441668,638900
21441905,639000
21442163,639100
21442474,639200
21442770,639300
21443063,639400
21443371,639500
21443679,639600
21443994,639700
21444778,639800
21445696,639900
21446124,640000
21486697,640100
21487000,640200
21487302,640300
21487634,640400
21487929,640500
21488254,640600
21488547,640700
21488838,640800
21489120,640900
21489416,641000
21489789,641100
21490129,641200
21490425,641300
21490747,641400
21491400,641500
21491767,641600
21492064,641700
21492348,641800
21492658,641900
21492966,642000
21493253,642100
21493581,642200
21493906,642300
21494191,642400
21494465,642500
21494766,642600
21495061,642700
21495357,642800
21495672,642900
21495956,643000
21496331,643100
21496636,643200
21497383,643300
21497669,643400
21497953,643500
21498254,643600
21498532,643700
21498813,643800
21499113,643900
21499377,644000
21499666,644100
21500008,644200
21500329,644300
21500634,644400
21501074,644500
21501521,644600
21501849,644700
21502301,644800
21502616,644900
21503345,645000
21503639,645100
21503933,645200
21504250,645300
21504572,645400
21504890,645500
21505207,645600
21505539,645700
21505842,645800
21506142,645900
21506448,646000
21506731,646100
21507039,646200
21507399,646300
21507707,646400
21508029,646500
21508347,646600
21509113,646700
21509430,646800
21509731,646900
21510035,647000
21510351,647100
21510650,647200
21510927,647300
21511242,647400
21511518,647500
21511831,647600
21512143,647700
21512446,647800
21512727,647900
21512989,648000
21513195,648100
21513473,648200
21513767,648300
21514054,648400
21514372,648500
21515114,648600
21515403,648700
21515713,648800
21515987,648900
21516302,649000
21516591,649100
21516851,649200
21517323,649300
21517815,649400
21518321,649500
21518650,649600
21518966,649700
21519268,649800
21519588,649900
21519892,650000
21560067,650100
21560331,650200
21560582,650300
21560857,650400
21561149,650500
21561957,650600
21562235,650700
21562521,650800
21562811,650900
21563094,651000
21563411,651100
21563746,651200
21563990,651300
21564248,651400
21564530,651500
21564848,651600
21565124,651700
21565389,651800
21565679,651900
21565965,652000
21566252,652100
21566517,652200
21566784,652300
21567158,652400
21567897,652500
21568220,652600
21568489,652700
21568799,652800
21569084,652900
21569356,653000
21569750,653100
21569998,653200
21570243,653300
21570551,653400
21570891,653500
21571184,653600
21571508,653700
21571839,653800
21572171,653900
21572479,654000
21572805,654100
21573513,654200
21573923,654300
21574285,654400
21574704,654500
21575041,654600
21575379,654700
21575810,654800
21576219,654900
21576543,655000
21576888,655100
21577219,655200
21577543,655300
21577861,655400
21578196,655500
21578547,655600
21578896,655700
21579685,655800
21580032,655900
21580357,656000
21580691,656100
21581010,656200
21581315,656300
21581647,656400
21581962,656500
21582282,656600
21582619,656700
21582940,656800
21583269,656900
21583569,657000
21583881,657100
21584186,657200
21584529,657300
21585245,657400
21585663,657500
21586010,657600
21586351,657700
21586689,657800
21587038,657900
21587327,658000
21587780,658100
21588130,658200
21588470,658300
21588837,658400
21589219,658500
21589582,658600
21589946,658700
21590313,658800
21591050,658900
21591465,659000
21591808,659100
21592123,659200
21592507,659300
21592865,659400
21593224,659500
21593584,659600
21594254,659700
21594938,659800
21595373,659900
21595748,660000
21644175,660100
21644490,660200
21644805,660300
21645075,660400
21645382,660500
21645736,660600
21646034,660700
21646330,660800
21646637,660900
21646986,661000
21647384,661100
21647638,661200
21647904,661300
21648213,661400
21648543,661500
21648836,661600
21649631,661700
21650085,661800
21650442,661900
21650818,662000
21651162,662100
21651574,662200
21652116,662300
21652453,662400
21652814,662500
21653144,662600
21653475,662700
21653813,662800
21654149,662900
21654477,663000
21654811,663100
21655665,663200
21656039,663300
21656376,663400
21656728,663500
21657089,663600
21657516,663700
21657892,663800
21658229,663900
21658571,664000
21658920,664100
21659305,664200
21659687,664300
21660065,664400
21660542,664500
21661579,664600
21661932,664700
21662284,664800
21662660,664900
21663025,665000
21663437,665100
21663905,665200
21664298,665300
21664685,665400
21665071,665500
21665461,665600
21665880,665700
21666261,665800
21666639,665900
21667460,666000
21667823,666100
21668179,666200
21668542,666300
21668930,666400
21669312,666500
21669689,666600
21670067,666700
21670412,666800
21670776,666900
21671149,667000
21671517,667100
21671848,667200
21672366,667300
21673258,667400
21673625,667500
21673998,667600
21674363,667700
21674698,667800
21675060,667900
21675422,668000
21675760,668100
21676172,668200
21676555,668300
21676910,668400
21677273,668500
21677639,668600
21678031,668700
21678503,668800
21679343,668900
21679740,669000
21680120,669100
21680831,669200
21681553,669300
21682231,669400
21682647,669500
21683063,669600
21683472,669700
21683942,669800
21684804,669900
21685365,670000
21744745,670100
21745288,670200
21745766,670300
21746158,670400
21746543,670500
21746942,670600
21747331,670700
21747700,670800
21748135,670900
21748527,671000
21749336,671100
21749848,671200
21750212,671300
21750613,671400
21751010,671500
21751346,671600
21751726,671700
21752161,671800
21752525,671900
21752868,672000
21753219,672100
21753669,672200
21754000,672300
21754401,672400
21755132,672500
21755550,672600
21755902,672700
21756256,672800
21756597,672900
21756960,673000
21757309,673100
21757664,673200
21758043,673300
21758388,673400
21758797,673500
21759205,673600
21759644,673700
21760018,673800
21760434,673900
21761244,674000
21761620,674100
21761966,674200
21762337,674300
21762803,674400
21763191,674500
21763572,674600
21763960,674700
21764341,674800
21764709,674900
21765089,675000
21765687,675100
21766058,675200
21766417,675300
21767218,675400
21767568,675500
21767949,675600
21768496,675700
21768863,675800
21769235,675900
21769604,676000
21769975,676100
21770344,676200
21770855,676300
21771224,676400
21771584,676500
21771944,676600
21772326,676700
21773086,676800
21773554,676900
21773928,677000
21774316,677100
21774698,677200
21775081,677300
21775479,677400
21775846,677500
21776227,677600
21776605,677700
21776996,677800
21777377,677900
21777780,678000
21778175,678100
21778646,678200
21779484,678300
21779904,678400
21780265,678500
21780633,678600
21781035,678700
21781447,678800
21782152,678900
21782546,679000
21782936,679100
21783323,679200
21783729,679300
21784099,679400
21784488,679500
21785350,679600
21785740,679700
21786198,679800
21786719,679900
21787137,680000
21844729,680100
21845122,680200
21846049,680300
21846445,680400
21846823,680500
21847206,680600
21847575,680700
21847964,680800
21848332,680900
21848743,681000
21849134,681100
21849507,681200
21849873,681300
21850259,681400
21850661,681500
21851035,681600
21851783,681700
21852250,681800
21852622,681900
21853055,682000
21853435,682100
21853796,682200
21854179,682300
21854547,682400
21854903,682500
21855358,682600
21855707,682700
21856057,682800
21856437,682900
21856801,683000
21857237,683100
21858072,683200
21858424,683300
21858795,683400
21859164,683500
21859616,683600
21860033,683700
21860509,683800
21860904,683900
21861302,684000
21861698,684100
21862123,684200
21862642,684300
21863035,684400
21863419,684500
21864225,684600
21864602,684700
21864993,684800
21865375,684900
21865768,685000
21866145,685100
21866511,685200
21866867,685300
21867219,685400
21867586,685500
21868111,685600
21868476,685700
21868839,685800
21869201,685900
21869948,686000
21870369,686100
21870748,686200
21871088,686300
21871386,686400
21871647,686500
21871937,686600
21872274,686700
21872595,686800
21872951,686900
21873304,687000
21873709,687100
21874067,687200
21874407,687300
21874747,687400
21875052,687500
21875416,687600
21876212,687700
21876629,687800
21877009,687900
21877357,688000
21877688,688100
21878224,688200
21878591,688300
21878982,688400
21879385,688500
21879795,688600
21880186,688700
21880556,688800
21881125,688900
21881525,689000
21882368,689100
21882982,689200
21883424,689300
21883826,689400
21884226,689500
21884599,689600
21885006,689700
21885385,689800
21885757,689900
21886070,690000
21955744,690100
21956327,690200
21956721,690300
21957067,690400
21957351,690500
21957704,690600
21958115,690700
21958493,690800
21958849,690900
21959125,691000
21959452,691100
21959839,691200
21960121,691300
21960787,691400
21961113,691500
21961313,691600
21961615,691700
21961883,691800
21962288,691900
21962587,692000
21962889,692100
21963149,692200
21963466,692300
21963722,692400
21963987,692500
21964189,692600
21964438,692700
21964842,692800
21965125,692900
21965405,693000
21965710,693100
21965983,693200
21966304,693300
21966977,693400
21967253,693500
21967496,693600
21967677,693700
21967948,693800
21968271,693900
21968511,694000
21968801,694100
21969094,694200
21969356,694300
21969638,694400
21969880,694500
21970163,694600
21970443,694700
21970685,694800
21970905,694900
21971204,695000
21971499,695100
21971782,695200
21972084,695300
21972410,695400
21973198,695500
21973719,695600
21974005,695700
21974253,695800
21974440,695900
21974754,696000
21975105,696100
21975602,696200
21975952,696300
21976284,696400
21976739,696500
21977080,696600
21977371,696700
21977820,696800
21978089,696900
21978326,697000
21979062,697100
21979360,697200
21979628,697300
21979945,697400
21980221,697500
21980529,697600
21980818,697700
21981058,697800
21981400,697900
21981714,698000
21981952,698100
21982249,698200
21982569,698300
21982877,698400
21983236,698500
21983587,698600
21983927,698700
21984272,698800
21985062,698900
21985307,699000
21985682,699100
21985943,699200
21986233,699300
21986571,699400
21986868,699500
21987195,699600
21987583,699700
21987964,699800
21988295,699900
21988675,700000
22046684,700100
22047002,700200
22047338,700300
22047760,700400
22047989,700500
22048368,700600
22048750,700700
22049116,700800
22049502,700900
22049842,701000
22050102,701100
22050360,701200
22050564,701300
22050849,701400
22051631,701500
22052008,701600
22052330,701700
22052619,701800
22052918,701900
22053257,702000
22053565,702100
22053859,702200
22054108,702300
22054360,702400
22054659,702500
22054921,702600
22055241,702700
22055578,702800
22055957,702900
22056199,703000
22056617,703100
22056844,703200
22057102,703300
22057795,703400
22058136,703500
22058461,703600
22058760,703700
22059096,703800
22059492,703900
22059933,704000
22060299,704100
22060670,704200
22060975,704300
22061194,704400
22061521,704500
22061915,704600
22062257,704700
22062599,704800
22062901,704900
22063260,705000
22064079,705100
22064479,705200
22064859,705300
22065256,705400
22065641,705500
22066137,705600
22066567,705700
22066924,705800
22067318,705900
22067828,706000
22068231,706100
22068603,706200
22068928,706300
22069610,706400
22069999,706500
22070264,706600
22070626,706700
22070932,706800
22071293,706900
22071643,707000
22071951,707100
22072303,707200
22072623,707300
22072914,707400
22073251,707500
22073553,707600
22074014,707700
22074438,707800
22074785,707900
22075115,708000
22075920,708100
22076293,708200
22076655,708300
22077025,708400
22077288,708500
22077540,708600
22077836,708700
22078173,708800
22078611,708900
22079011,709000
22079392,709100
22079773,709200
22080171,709300
22080514,709400
22080862,709500
22081192,709600
22081928,709700
22082232,709800
22082618,709900
22082968,710000
22148083,710100
22148716,710200
22149173,710300
22149547,710400
22149971,710500
22150284,710600
22150592,710700
22150950,710800
22151366,710900
22151683,711000
22152057,711100
22152543,711200
22152871,711300
22153275,711400
22154015,711500
22154406,711600
22154672,711700
22154972,711800
22155332,711900
22155682,712000
22156042,712100
22156410,712200
22156803,712300
22157110,712400
22157455,712500
22157739,712600
22158144,712700
22158501,712800
22158794,712900
22159098,713000
22159868,713100
22160129,713200
22160551,713300
22160934,713400
22161278,713500
22161623,713600
22161901,713700
22162156,713800
22162455,713900
22162790,714000
22163113,714100
22163490,714200
22163851,714300
22164302,714400
22164652,714500
22165403,714600
22165809,714700
22166054,714800
22166381,714900
22166760,715000
22167200,715100
22167542,715200
22168002,715300
22168294,715400
22168651,715500
22168997,715600
22169335,715700
22169619,715800
22169926,715900
22170255,716000
22170694,716100
22171555,716200
22171920,716300
22172320,716400
22172737,716500
22173098,716600
22173288,716700
22173516,716800
22173832,716900
22174174,717000
22174602,717100
22174980,717200
22175376,717300
22175784,717400
22176162,717500
22176485,717600
22177286,717700
22177606,717800
22177865,717900
22178163,718000
22178657,718100
22179027,718200
22179346,718300
22179703,718400
22179985,718500
22180276,718600
22180613,718700
22180878,718800
22181149,718900
22181387,719000
22181675,719100
22182001,719200
22182340,719300
22183093,719400
22183381,719500
22183641,719600
22184015,719700
22184404,719800
22184834,719900
22185180,720000
22248915,720100
22249318,720200
22249707,720300
22250121,720400
22250477,720500
22250833,720600
22251222,720700
22251574,720800
22251895,720900
22252181,721000
22252515,721100
22252908,721200
22253731,721300
22254151,721400
22254496,721500
22254829,721600
22255154,721700
22255499,721800
22255935,721900
22256312,722000
22256574,722100
22256885,722200
22257244,722300
22257583,722400
22257990,722500
22258436,722600
22259196,722700
22259669,722800
22260045,722900
22260393,723000
22260616,723100
22260878,723200
22261120,723300
22261404,723400
22261753,723500
22262047,723600
22262336,723700
22262610,723800
22262948,723900
22263268,724000
22263525,724100
22263816,724200
22264203,724300
22264573,724400
22265361,724500
22265628,724600
22265990,724700
22266404,724800
22266746,724900
22267078,725000
22267388,725100
22267666,725200
22267974,725300
22268335,725400
22268721,725500
22269284,725600
22269706,725700
22270054,725800
22270395,725900
22271174,726000
22271509,726100
22271806,726200
22272162,726300
22272532,726400
22272866,726500
22273232,726600
22273605,726700
22273941,726800
22274269,726900
22274538,727000
22274791,727100
22275197,727200
22275452,727300
22275830,727400
22276179,727500
22276936,727600
22277264,727700
22277615,727800
22277962,727900
22278300,728000
22278574,728100
22278823,728200
22279105,728300
22279429,728400
22279718,728500
22280110,728600
22280435,728700
22280741,728800
22281146,728900
22281546,729000
22281797,729100
22282112,729200
22282871,729300
22283244,729400
22283601,729500
22283956,729600
22284319,729700
22284682,729800
22285087,729900
22285458,730000
22349547,730100
22350007,730200
22350419,730300
22350764,730400
22351115,730500
22351497,730600
22351847,730700
22352207,730800
22352960,730900
22353348,731000
22353650,731100
22353906,731200
22354155,731300
22354508,731400
22354897,731500
22355353,731600
22355683,731700
22356053,731800
22356402,731900
22356672,732000
22356984,732100
22357252,732200
22357470,732300
22357715,732400
22358079,732500
22358811,732600
22359181,732700
22359500,732800
22359790,732900
22360084,733000
22360425,733100
22360686,733200
22360991,733300
22361266,733400
22361586,733500
22361899,733600
22362237,733700
22362544,733800
22362957,733900
22363308,734000
22363638,734100
22364039,734200
22364858,734300
22365129,734400
22365397,734500
22365695,734600
22366024,734700
22366391,734800
22366691,734900
22367089,735000
22367516,735100
22367889,735200
22368192,735300
22368514,735400
22368782,735500
22369088,735600
22369520,735700
22369841,735800
22370142,735900
22371035,736000
22371525,736100
22372034,736200
22372465,736300
22372895,736400
22373306,736500
22373828,736600
22374343,736700
22374768,736800
22375159,736900
22375519,737000
22375874,737100
22376718,737200
22377042,737300
22377311,737400
22377641,737500
22377930,737600
22378258,737700
22378636,737800
22378989,737900
22379292,738000
22379668,738100
22380055,738200
22380331,738300
22380647,738400
22380960,738500
22381293,738600
22381656,738700
22382497,738800
22382834,738900
22383208,739000
22383562,739100
22383929,739200
22384216,739300
22384458,739400
22384749,739500
22385125,739600
22385415,739700
22385758,739800
22386004,739900
22386308,740000
22453833,740100
22454268,740200
22454724,740300
22455151,740400
22455467,740500
22455916,740600
22456437,740700
22456911,740800
22457295,740900
22457719,741000
22458105,741100
22458508,741200
22458899,741300
22459695,741400
22459980,741500
22460313,741600
22460613,741700
22460945,741800
22461269,741900
22461549,742000
22461862,742100
22462205,742200
22462435,742300
22462743,742400
22463109,742500
22463472,742600
22463751,742700
22464066,742800
22464377,742900
22464656,743000
22464966,743100
22465853,743200
22466179,743300
22466463,743400
22466834,743500
22467185,743600
22467540,743700
22467987,743800
22468362,743900
22468676,744000
22469025,744100
22469401,744200
22469698,744300
22469927,744400
22470234,744500
22470554,744600
22470877,744700
22471681,744800
22472065,744900
22472454,745000
22472797,745100
22473106,745200
22473396,745300
22473693,745400
22474014,745500
22474413,745600
22474794,745700
22475213,745800
22475577,745900
22475917,746000
22476299,746100
22476550,746200
22476787,746300
22477609,746400
22477929,746500
22478223,746600
22478603,746700
22478939,746800
22479295,746900
22479698,747000
22480013,747100
22480327,747200
22480650,747300
22480923,747400
22481229,747500
22481568,747600
22481938,747700
22482281,747800
22482792,747900
22483805,748000
22484070,748100
22484441,748200
22484723,748300
22484949,748400
22485223,748500
22485581,748600
22485912,748700
22486318,748800
22486693,748900
22487056,749000
22487381,749100
22487770,749200
22488053,749300
22488389,749400
22488706,749500
22489045,749600
22489805,749700
22490220,749800
22490612,749900
22490964,750000
22556904,750100
22557517,750200
22557871,750300
22558267,750400
22558587,750500
22558915,750600
22559286,750700
22559679,750800
22560047,750900
22560439,751000
22560758,751100
22561040,751200
22561394,751300
22561694,751400
22562312,751500
22562728,751600
22563015,751700
22563382,751800
22563768,751900
22564060,752000
22564445,752100
22564775,752200
22565133,752300
22565509,752400
22565765,752500
22565991,752600
22566278,752700
22566656,752800
22566954,752900
22567346,753000
22567729,753100
22568510,753200
22568847,753300
22569209,753400
22569480,753500
22569718,753600
22570070,753700
22570368,753800
22570765,753900
22571173,754000
22571639,754100
22571993,754200
22572387,754300
22572738,754400
22573032,754500
22573373,754600
22573658,754700
22574278,754800
22574745,754900
22575075,755000
22575372,755100
22575737,755200
22576115,755300
22576465,755400
22576770,755500
22577034,755600
22577342,755700
22577782,755800
22578204,755900
22578609,756000
22578890,756100
22579198,756200
22579558,756300
22579851,756400
22580573,756500
22580852,756600
22581124,756700
22581429,756800
22581758,756900
22582038,757000
22582403,757100
22582633,757200
22582954,757300
22583264,757400
22583578,757500
22584017,757600
22584271,757700
22584516,757800
22584766,757900
22585091,758000
22585437,758100
22585727,758200
22586469,758300
22586883,758400
22587414,758500
22587922,758600
22588432,758700
22588780,758800
22589050,758900
22589360,759000
22589671,759100
22590036,759200
22590525,759300
22591011,759400
22591377,759500
22591726,759600
22592379,759700
22592831,759800
22593147,759900
22593406,760000
22667883,760100
22668531,760200
22669129,760300
22669612,760400
22670006,760500
22670469,760600
22671201,760700
22671639,760800
22672054,760900
22672399,761000
22672729,761100
22673103,761200
22673469,761300
22673835,761400
22674215,761500
22674520,761600
22674895,761700
22675295,761800
22675590,761900
22675888,762000
22676203,762100
22676605,762200
22677371,762300
22677722,762400
22678248,762500
22678595,762600
22678992,762700
22679352,762800
22679716,762900
22680163,763000
22680607,763100
22681122,763200
22681555,763300
22681994,763400
22682435,763500
22683208,763600
22683758,763700
22684218,763800
22684649,763900
22685093,764000
22685495,764100
22685918,764200
22686314,764300
22686719,764400
22687218,764500
22687685,764600
22688083,764700
22688504,764800
22689205,764900
22689659,765000
22690007,765100
22690497,765200
22690873,765300
22691280,765400
22691610,765500
22691968,765600
22692365,765700
22692732,765800
22693037,765900
22693519,766000
22693915,766100
22694316,766200
22694606,766300
22695375,766400
22695679,766500
22695967,766600
22696458,766700
22696905,766800
22697223,766900
22697533,767000
22697861,767100
22698224,767200
22698560,767300
22698895,767400
22699431,767500
22699849,767600
22700203,767700
22700604,767800
22701410,767900
22701732,768000
22702145,768100
22702568,768200
22702950,768300
22703280,768400
22703637,768500
22703963,768600
22704373,768700
22704835,768800
22705096,768900
22705370,769000
22705722,769100
22706133,769200
22706673,769300
22707517,769400
22707919,769500
22708377,769600
22708697,769700
22709038,769800
22709288,769900
22709605,770000
22775424,770100
22776037,770200
22776511,770300
22776936,770400
22777233,770500
22777673,770600
22777958,770700
22778229,770800
22778533,770900
22778782,771000
22779085,771100
22780087,771200
22780624,771300
22780957,771400
22781389,771500
22781777,771600
22782125,771700
22782503,771800
22782831,771900
22783153,772000
22783403,772100
22783665,772200
22784048,772300
22784353,772400
22784703,772500
22785098,772600
22785390,772700
22786095,772800
22786556,772900
22786843,773000
22787148,773100
22787436,773200
22787773,773300
22788078,773400
22788401,773500
22788683,773600
22788951,773700
22789354,773800
22789661,773900
22790008,774000
22790385,774100
22790657,774200
22790985,774300
22791528,774400
22792392,774500
22792825,774600
22793191,774700
22793584,774800
22793949,774900
22794431,775000
22794775,775100
22795053,775200
22795392,775300
22795711,775400
22796064,775500
22796417,775600
22796755,775700
22797119,775800
22797415,775900
22798143,776000
22798493,776100
22798789,776200
22799126,776300
22799437,776400
22799707,776500
22800005,776600
22800323,776700
22800647,776800
22800993,776900
22801324,777000
22801722,777100
22802067,777200
22802370,777300
22802707,777400
22803014,777500
22803354,777600
22803710,777700
22804518,777800
22804884,777900
22805258,778000
22805646,778100
22806103,778200
22806488,778300
22806784,778400
22807153,778500
22807569,778600
22807917,778700
22808278,778800
22808630,778900
22808944,779000
22809329,779100
22809769,779200
22810554,779300
22810873,779400
22811219,779500
22811565,779600
22812041,779700
22812388,779800
22812758,779900
22813164,780000
22885241,780100
22885893,780200
22886257,780300
22886612,780400
22886896,780500
22887262,780600
22887728,780700
22888187,780800
22888627,780900
22889469,781000
22889822,781100
22890263,781200
22890666,781300
22890971,781400
22891245,781500
22891615,781600
22891978,781700
22892321,781800
22892706,781900
22893029,782000
22893327,782100
22893600,782200
22893866,782300
22894181,782400
22894496,782500
22895317,782600
22895644,782700
22896009,782800
22896392,782900
22896767,783000
22897202,783100
22897544,783200
22897982,783300
22898401,783400
22898844,783500
22899193,783600
22899562,783700
22899941,783800
22900303,783900
22901064,784000
22901547,784100
22901850,784200
22902227,784300
22902609,784400
22902920,784500
22903222,784600
22903555,784700
22903997,784800
22904479,784900
22904962,785000
22905322,785100
22905847,785200
22906233,785300
22906629,785400
22907476,785500
22907879,785600
22908254,785700
22908692,785800
22909076,785900
22909472,786000
22909868,786100
22910288,786200
22910664,786300
22911037,786400
22911373,786500
22911736,786600
22912062,786700
22912425,786800
22913206,786900
22913809,787000
22914197,787100
22914686,787200
22915071,787300
22915442,787400
22915783,787500
22916148,787600
22916465,787700
22916789,787800
22917133,787900
22917484,788000
22917859,788100
22918228,788200
22918602,788300
22919444,788400
22919772,788500
22920104,788600
22920392,788700
22920712,788800
22921049,788900
22921421,789000
22921742,789100
22922066,789200
22922413,789300
22922763,789400
22923092,789500
22923403,789600
22923712,789700
22924059,789800
22924407,789900
22924732,790000
23059487,790100
23060249,790200
23060902,790300
23061477,790400
23061941,790500
23062392,790600
23062734,790700
23063079,790800
23063454,790900
23063813,791000
23064635,791100
23064994,791200
23065348,791300
23065709,791400
23066060,791500
23066412,791600
23066807,791700
23067111,791800
23067446,791900
23067774,792000
23068136,792100
23068514,792200
23068859,792300
23069265,792400
23069614,792500
23069962,792600
23070734,792700
23071115,792800
23071460,792900
23071815,793000
23072159,793100
23072565,793200
23073090,793300
23073546,793400
23073950,793500
23074315,793600
23074718,793700
23075107,793800
23075468,793900
23075825,794000
23076675,794100
23077144,794200
23077548,794300
23077945,794400
23078297,794500
23078641,794600
23079039,794700
23079358,794800
23079682,794900
23080008,795000
23080375,795100
23080736,795200
23081140,795300
23081586,795400
23081966,795500
23082897,795600
23083274,795700
23083649,795800
23084027,795900
23084387,796000
23084760,796100
23085157,796200
23085550,796300
23085948,796400
23086387,796500
23087038,796600
23087536,796700
23087945,796800
23088794,796900
23089211,797000
23089644,797100
23090094,797200
23090484,797300
23090866,797400
23091285,797500
23091633,797600
23091978,797700
23092309,797800
23092644,797900
23092963,798000
23093317,798100
23093739,798200
23094131,798300
23094951,798400
23095416,798500
23095866,798600
23096268,798700
23096661,798800
23097025,798900
23097379,799000
23097760,799100
23098117,799200
23098487,799300
23098835,799400
23099231,799500
23099729,799600
23100706,799700
23101302,799800
23101687,799900
23102059,800000
23172612,800100
23173615,800200
23174212,800300
23174729,800400
23175183,800500
23175567,800600
23175987,800700
23176342,800800
23176742,800900
23177085,801000
23177489,801100
23177896,801200
23178340,801300
23178799,801400
23179195,801500
23180061,801600
23180483,801700
23180798,801800
23181114,801900
23181456,802000
23181768,802100
23182133,802200
23182529,802300
23182852,802400
23183212,802500
23183572,802600
23183900,802700
23184267,802800
23184582,802900
23184897,803000
23185203,803100
23186006,803200
23186305,803300
23186680,803400
23187054,803500
23187381,803600
23187817,803700
23188271,803800
23188796,803900
23189213,804000
23189563,804100
23189908,804200
23190322,804300
23190774,804400
23191135,804500
23192012,804600
23192366,804700
23192747,804800
23193125,804900
23193493,805000
23193846,805100
23194256,805200
23194595,805300
23195037,805400
23195462,805500
23195966,805600
23196337,805700
23196727,805800
23197257,805900
23198073,806000
23198398,806100
23198722,806200
23199086,806300
23199489,806400
23199850,806500
23200220,806600
23200580,806700
23200981,806800
23201323,806900
23201644,807000
23201995,807100
23202520,807200
23203034,807300
23203872,807400
23204473,807500
23204840,807600
23205263,807700
23205617,807800
23206052,807900
23206386,808000
23206729,808100
23207112,808200
23207446,808300
23207851,808400
23208269,808500
23208720,808600
23209158,808700
23210022,808800
23210422,808900
23210784,809000
23211159,809100
23211569,809200
23212088,809300
23212567,809400
23213006,809500
23213402,809600
23213801,809700
23214286,809800
23214776,809900
23215442,810000
23285941,810100
23286635,810200
23287159,810300
23287681,810400
23288160,810500
23289045,810600
23289591,810700
23290045,810800
23290436,810900
23290894,811000
23291291,811100
23291652,811200
23292023,811300
23292385,811400
23292712,811500
23293102,811600
23293434,811700
23293827,811800
23294184,811900
23295017,812000
23295389,812100
23295717,812200
23296057,812300
23296409,812400
23296811,812500
23297170,812600
23297569,812700
23297969,812800
23298319,812900
23298763,813000
23299295,813100
23299819,813200
23300165,813300
23300982,813400
23301331,813500
23301822,813600
23302395,813700
23302849,813800
23303311,813900
23303796,814000
23304243,814100
23304631,814200
23305013,814300
23305381,814400
23305893,814500
23306349,814600
23307179,814700
23307571,814800
23308017,814900
23308440,815000
23308799,815100
23309196,815200
23309521,815300
23309860,815400
23310230,815500
23310620,815600
23311042,815700
23311569,815800
23311966,815900
23312466,816000
23313371,816100
23313823,816200
23314226,816300
23314615,816400
23314939,816500
23315343,816600
23315780,816700
23316198,816800
23316565,816900
23316927,817000
23317286,817100
23317662,817200
23318002,817300
23318358,817400
23319107,817500
23319464,817600
23319852,817700
23320250,817800
23320859,817900
23321271,818000
23321632,818100
23322177,818200
23322629,818300
23323000,818400
23323519,818500
23323880,818600
23324273,818700
23325248,818800
23325704,818900
23326148,819000
23326632,819100
23327152,819200
23327538,819300
23327997,819400
23328407,819500
23328742,819600
23329163,819700
23329686,819800
23330104,819900
23330978,820000
23406321,820100
23407030,820200
23407492,820300
23407925,820400
23408317,820500
23408699,820600
23409102,820700
23410000,820800
23410395,820900
23410795,821000
23411243,821100
23411635,821200
23411995,821300
23412374,821400
23412700,821500
23413010,821600
23413344,821700
23413679,821800
23414057,821900
23414395,822000
23414725,822100
23415055,822200
23415384,822300
23416177,822400
23416544,822500
23416862,822600
23417192,822700
23417500,822800
23417830,822900
23418151,823000
23418503,823100
23418875,823200
23419355,823300
23419721,823400
23420181,823500
23420556,823600
23420875,823700
23421220,823800
23421958,823900
23422484,824000
23422949,824100
23423331,824200
23423753,824300
23424214,824400
23424593,824500
23424970,824600
23425402,824700
23425829,824800
23426200,824900
23426641,825000
23427106,825100
23427552,825200
23428393,825300
23428858,825400
23429313,825500
23429728,825600
23430031,825700
23430342,825800
23430748,825900
23431111,826000
23431521,826100
23431970,826200
23432324,826300
23432693,826400
23433191,826500
23434102,826600
23434506,826700
23434855,826800
23435257,826900
23435615,827000
23436037,827100
23436461,827200
23436936,827300
23437411,827400
23437871,827500
23438256,827600
23438662,827700
23439007,827800
23439360,827900
23440121,828000
23440570,828100
23441013,828200
23441438,828300
23441870,828400
23442258,828500
23442620,828600
23442984,828700
23443322,828800
23443677,828900
23444071,829000
23444483,829100
23444874,829200
23445334,829300
23445683,829400
23446513,829500
23447119,829600
23447687,829700
23448174,829800
23448667,829900
23449092,830000
23522375,830100
23523207,830200
23523800,830300
23524229,830400
23524715,830500
23525570,830600
23526021,830700
23526502,830800
23526936,830900
23527365,831000
23527796,831100
23528332,831200
23528720,831300
23529094,831400
23529491,831500
23529921,831600
23530281,831700
23530664,831800
23531471,831900
23531855,832000
23532259,832100
23532691,832200
23533126,832300
23533533,832400
23534194,832500
23534690,832600
23535213,832700
23535766,832800
23536291,832900
23536694,833000
23537653,833100
23538265,833200
23538850,833300
23539334,833400
23539808,833500
23540249,833600
23540668,833700
23541097,833800
23541495,833900
23541924,834000
23542385,834100
23543181,834200
23543789,834300
23544280,834400
23544798,834500
23545286,834600
23545741,834700
23546335,834800
23546799,834900
23547240,835000
23547645,835100
23548059,835200
23548534,835300
23549424,835400
23549819,835500
23550303,835600
23550747,835700
23551159,835800
23551640,835900
23552086,836000
23552509,836100
23552981,836200
23553480,836300
23553921,836400
23554276,836500
23554698,836600
23555538,836700
23555943,836800
23556420,836900
23556764,837000
23557345,837100
23557673,837200
23558079,837300
23558471,837400
23558908,837500
23559350,837600
23559863,837700
23560388,837800
23560830,837900
23561655,838000
23562009,838100
23562392,838200
23562816,838300
23563206,838400
23563582,838500
23563948,838600
23564329,838700
23564699,838800
23565098,838900
23565449,839000
23565816,839100
23566169,839200
23566535,839300
23567434,839400
23567812,839500
23568189,839600
23568543,839700
23568887,839800
23569264,839900
23569651,840000
23646935,840100
23647583,840200
23648142,840300
23648626,840400
23648977,840500
23649356,840600
23649813,840700
23650241,840800
23650676,840900
23651088,841000
23651523,841100
23652348,841200
23652735,841300
23653159,841400
23653631,841500
23654083,841600
23654514,841700
23654879,841800
23655263,841900
23655644,842000
23655941,842100
23656251,842200
23656592,842300
23656972,842400
23657325,842500
23657700,842600
23658479,842700
23658831,842800
23659130,842900
23659417,843000
23659754,843100
23660068,843200
23660455,843300
23660831,843400
23661232,843500
23661696,843600
23662070,843700
23662441,843800
23662773,843900
23663147,844000
23663550,844100
23664291,844200
23664703,844300
23665113,844400
23665501,844500
23665895,844600
23666277,844700
23666618,844800
23666928,844900
23667286,845000
23667568,845100
23667916,845200
23668206,845300
23668558,845400
23668921,845500
23669301,845600
23669603,845700
23670356,845800
23670977,845900
23671335,846000
23671666,846100
23671995,846200
23672361,846300
23672720,846400
23673034,846500
23673403,846600
23673767,846700
23674106,846800
23674462,846900
23674781,847000
23675122,847100
23675458,847200
23675766,847300
23676560,847400
23676914,847500
23677268,847600
23677641,847700
23677991,847800
23678307,847900
23678647,848000
23679025,848100
23679380,848200
23679726,848300
23680117,848400
23680529,848500
23680931,848600
23681306,848700
23681686,848800
23682537,848900
23682924,849000
23683270,849100
23683645,849200
23684007,849300
23684427,849400
23684821,849500
23685177,849600
23685659,849700
23686068,849800
23686473,849900
23687038,850000
23757189,850100
23757799,850200
23758343,850300
23758830,850400
23759284,850500
23759764,850600
23760146,850700
23760573,850800
23761495,850900
23762149,851000
23762538,851100
23762982,851200
23763433,851300
23763793,851400
23764193,851500
23764542,851600
23764902,851700
23765278,851800
23765654,851900
23765963,852000
23766301,852100
23766670,852200
23767426,852300
23767898,852400
23768317,852500
23768660,852600
23769079,852700
23769512,852800
23769871,852900
23770218,853000
23770563,853100
23770875,853200
23771208,853300
23771550,853400
23771878,853500
23772350,853600
23772721,853700
23773604,853800
23773994,853900
23774368,854000
23774809,854100
23775250,854200
23775636,854300
23775963,854400
23776350,854500
23776709,854600
23777048,854700
23777410,854800
23777821,854900
23778198,855000
23778608,855100
23779013,855200
23779888,855300
23780271,855400
23780747,855500
23781180,855600
23781712,855700
23782173,855800
23782554,855900
23782941,856000
23783326,856100
23783649,856200
23784019,856300
23784453,856400
23784914,856500
23785806,856600
23786168,856700
23786519,856800
23786842,856900
23787186,857000
23787538,857100
23787839,857200
23788167,857300
23788498,857400
23788857,857500
23789209,857600
23789592,857700
23789937,857800
23790304,857900
23790632,858000
23790974,858100
23791794,858200
23792110,858300
23792431,858400
23792762,858500
23793192,858600
23793549,858700
23793863,858800
23794228,858900
23794643,859000
23795042,859100
23795458,859200
23795815,859300
23796162,859400
23796519,859500
23796884,859600
23797597,859700
23798016,859800
23798634,859900
23798958,860000
23879661,860100
23880254,860200
23880697,860300
23881102,860400
23881429,860500
23881822,860600
23882209,860700
23883070,860800
23883490,860900
23883872,861000
23884358,861100
23884803,861200
23885192,861300
23885579,861400
23885946,861500
23886341,861600
23886713,861700
23887078,861800
23887437,861900
23887836,862000
23888245,862100
23889124,862200
23889451,862300
23889841,862400
23890162,862500
23890555,862600
23890913,862700
23891239,862800
23891630,862900
23892007,863000
23892400,863100
23892713,863200
23893079,863300
23893396,863400
23893793,863500
23894260,863600
23895108,863700
23895441,863800
23895841,863900
23896213,864000
23896574,864100
23896947,864200
23897258,864300
23897623,864400
23897967,864500
23898348,864600
23898705,864700
23899045,864800
23899425,864900
23899782,865000
23900300,865100
23901111,865200
23901441,865300
23901785,865400
23902103,865500
23902476,865600
23902855,865700
23903225,865800
23903589,865900
23903952,866000
23904318,866100
23904718,866200
23905052,866300
23905387,866400
23905736,866500
23906063,866600
23906404,866700
23907191,866800
23907530,866900
23907866,867000
23908280,867100
23908640,867200
23909011,867300
23909393,867400
23909752,867500
23910089,867600
23910441,867700
23910778,867800
23911151,867900
23911616,868000
23911976,868100
23912381,868200
23913247,868300
23913584,868400
23913996,868500
23914368,868600
23914764,868700
23915183,868800
23915604,868900
23916021,869000
23916519,869100
23917010,869200
23917400,869300
23917806,869400
23918298,869500
23919147,869600
23919549,869700
23920020,869800
23920792,869900
23921451,870000
23994103,870100
23994916,870200
23995548,870300
23996128,870400
23996611,870500
23997059,870600
23997856,870700
23998353,870800
23998805,870900
23999222,871000
23999656,871100
24000052,871200
24000473,871300
24001021,871400
24001463,871500
24001939,871600
24002379,871700
24002794,871800
24003190,871900
24004073,872000
24004555,872100
24005152,872200
24005600,872300
24006018,872400
24006469,872500
24006909,872600
24007335,872700
24007742,872800
24008242,872900
24008770,873000
24009197,873100
24010108,873200
24010604,873300
24011141,873400
24011631,873500
24012140,873600
24012546,873700
24012990,873800
24013426,873900
24013816,874000
24014286,874100
24014726,874200
24015250,874300
24016091,874400
24016597,874500
24016997,874600
24017422,874700
24017848,874800
24018261,874900
24018717,875000
24019210,875100
24019654,875200
24020067,875300
24020521,875400
24021018,875500
24021475,875600
24022362,875700
24022771,875800
24023170,875900
24023562,876000
24024035,876100
24024476,876200
24024879,876300
24025343,876400
24025756,876500
24026369,876600
24026783,876700
24027163,876800
24027504,876900
24028358,877000
24028753,877100
24029204,877200
24029646,877300
24030035,877400
24030431,877500
24030843,877600
24031250,877700
24031598,877800
24032001,877900
24032348,878000
24032723,878100
24033170,878200
24034057,878300
24034463,878400
24034842,878500
24035246,878600
24035670,878700
24035997,878800
24036480,878900
24036834,879000
24037270,879100
24037662,879200
24038391,879300
24038935,879400
24039400,879500
24040269,879600
24040797,879700
24041249,879800
24041695,879900
24042224,880000
24122685,880100
24123330,880200
24123908,880300
24124393,880400
24125256,880500
24125705,880600
24126168,880700
24126571,880800
24126931,880900
24127395,881000
24127832,881100
24128277,881200
24128647,881300
24129003,881400
24129326,881500
24129692,881600
24130080,881700
24130389,881800
24131158,881900
24131468,882000
24131932,882100
24132342,882200
24132808,882300
24133192,882400
24133560,882500
24133945,882600
24134284,882700
24134713,882800
24134994,882900
24135337,883000
24135667,883100
24136057,883200
24136438,883300
24137376,883400
24137759,883500
24138121,883600
24138507,883700
24138891,883800
24139207,883900
24139513,884000
24139811,884100
24140166,884200
24140903,884300
24141308,884400
24141701,884500
24142071,884600
24142423,884700
24143445,884800
24143811,884900
24144112,885000
24144436,885100
24144821,885200
24145227,885300
24145607,885400
24146095,885500
24146506,885600
24146897,885700
24147375,885800
24147788,885900
24148114,886000
24148555,886100
24149391,886200
24149815,886300
24150278,886400
24150748,886500
24151151,886600
24151604,886700
24152089,886800
24152491,886900
24152854,887000
24153249,887100
24153659,887200
24154079,887300
24154501,887400
24155287,887500
24155644,887600
24156053,887700
24156562,887800
24156955,887900
24157323,888000
24157716,888100
24158122,888200
24158500,888300
24158918,888400
24159249,888500
24159642,888600
24160066,888700
24160433,888800
24161153,888900
24161556,889000
24161860,889100
24162227,889200
24162636,889300
24162979,889400
24163319,889500
24163713,889600
24164093,889700
24164677,889800
24165189,889900
24165532,890000
24238937,890100
24239549,890200
24240537,890300
24240961,890400
24241385,890500
24241716,890600
24242072,890700
24242467,890800
24242777,890900
24243133,891000
24243430,891100
24243786,891200
24244168,891300
24244612,891400
24244910,891500
24245293,891600
24245668,891700
24246478,891800
24246808,891900
24247159,892000
24247443,892100
24247737,892200
24247992,892300
24248332,892400
24248659,892500
24248976,892600
24249340,892700
24249667,892800
24250003,892900
24250333,893000
24250699,893100
24250992,893200
24251381,893300
24251707,893400
24252516,893500
24252889,893600
24253298,893700
24253663,893800
24254063,893900
24254434,894000
24254763,894100
24255106,894200
24255839,894300
24256246,894400
24256613,894500
24257015,894600
24257429,894700
24257821,894800
24258761,894900
24259200,895000
24259483,895100
24259779,895200
24260095,895300
24260421,895400
24260751,895500
24261218,895600
24261640,895700
24262036,895800
24262497,895900
24262942,896000
24263304,896100
24263667,896200
24264341,896300
24264741,896400
24265099,896500
24265529,896600
24265946,896700
24266272,896800
24266658,896900
24267010,897000
24267407,897100
24267787,897200
24268062,897300
24268384,897400
24268763,897500
24269109,897600
24269513,897700
24269930,897800
24270849,897900
24271253,898000
24271695,898100
24272053,898200
24272342,898300
24272671,898400
24273034,898500
24273381,898600
24273830,898700
24274199,898800
24274505,898900
24274878,899000
24275248,899100
24275658,899200
24276617,899300
24276975,899400
24277404,899500
24277832,899600
24278300,899700
24278716,899800
24279108,899900
24279527,900000
24356184,900100
24356659,900200
24357088,900300
24357510,900400
24357860,900500
24358303,900600
24358675,900700
24359075,900800
24359475,900900
24359881,901000
24360238,901100
24360614,901200
24361003,901300
24361793,901400
24362072,901500
24362468,901600
24362867,901700
24363222,901800
24363609,901900
24363960,902000
24364334,902100
24364639,902200
24365024,902300
24365369,902400
24365853,902500
24366286,902600
24366648,902700
24366997,902800
24367833,902900
24368242,903000
24368548,903100
24368852,903200
24369076,903300
24369451,903400
24369841,903500
24370241,903600
24370608,903700
24371031,903800
24371476,903900
24371852,904000
24372143,904100
24372454,904200
24372750,904300
24373072,904400
24373879,904500
24374229,904600
24374605,904700
24374942,904800
24375299,904900
24375731,905000
24376201,905100
24376670,905200
24377072,905300
24377423,905400
24377847,905500
24378285,905600
24378576,905700
24378949,905800
24379813,905900
24380187,906000
24380605,906100
24380957,906200
24381338,906300
24381623,906400
24381955,906500
24382320,906600
24382653,906700
24383081,906800
24383483,906900
24383794,907000
24384123,907100
24384453,907200
24384747,907300
24385068,907400
24385881,907500
24386215,907600
24386677,907700
24387131,907800
24387571,907900
24387943,908000
24388340,908100
24388786,908200
24389097,908300
24389391,908400
24389706,908500
24390016,908600
24390330,908700
24390717,908800
24391092,908900
24391876,909000
24392426,909100
24392801,909200
24393319,909300
24393661,909400
24394020,909500
24394451,909600
24394810,909700
24395188,909800
24395543,909900
24395861,910000
24474044,910100
24474801,910200
24475282,910300
24475710,910400
24476051,910500
24476919,910600
24477339,910700
24477790,910800
24478247,910900
24478633,911000
24478999,911100
24479352,911200
24479815,911300
24480152,911400
24480434,911500
24480735,911600
24481082,911700
24481413,