timestamp_ms,disk_usage
0,16384
5550,38744064
16320,51167232
21750,58449920
27119,65155072
32596,78008320
37968,91897856
43401,115736576
48747,161382400
54168,246853632
59641,401809408
65294,579887104
70687,712597504
76014,767463424
81391,914821120
86784,1078362112
92151,1387868160
97485,1720492032
102824,2031079424
108163,2340139008
113505,2496782336
118854,2747916288
124227,2809073664
129605,3145867264
134968,3421319168
140322,3719897088
145704,4223361024
151074,4602028032
156436,4580499456
161778,4945977344
167142,5356318720
172513,5667414016
177864,5859696640
183319,6424616960
188700,6108790784
194066,6343716864
199447,6178496512
204879,6763327488
210249,7005065216
215630,7862947840
220994,8035196928
226386,8898576384
231852,8669077504
237247,9308450816
242611,10149830656
247999,9897693184
253378,10364628992
258771,10976665600
264143,10513387520
269522,11145973760
274912,11779719168
280283,11939274752
285665,12150390784
291126,12415406080
296514,12775907328
301909,12815572992
307326,13649563648
312745,14515904512
318139,13904289792
323514,14950617088
334409,15963934720
339811,14898339840
345184,15886483456
350578,16271138816
355967,16810684416
361366,16323514368
366754,17302568960
372163,17700978688
377650,18329817088
383242,17520586752
388887,18641985536
394428,18912731136
400013,19359678464
405600,20255940608
411184,20508762112
416706,20624596992
422291,20412416000
427859,21209182208
433418,22317862912
438996,21478457344
444564,21911363584
450101,23611039744
455723,24204472320
461313,24494698496
466888,24386686976
472468,25118208000
478051,25725378560
483634,26066927616
489207,25517219840
494798,26356641792
500388,26410569728
505959,26875637760
511510,27784794112
517080,28250980352
522704,27424157696
528291,27924291584
533914,28507054080
539512,28751077376
545050,29280243712
550652,29813161984
556224,30169460736
561747,30510186496
567317,30936231936
572876,30922727424
578430,31588679680
583946,31727628288
589501,32183869440
595088,32678408192
600648,33821319168
606210,34592776192
611767,34857164800
617271,35959173120
622835,35984420864
628421,35241582592
634020,36080689152
639630,36622704640
645238,37023821824
650831,37029736448
656404,37197197312
662004,37692469248
667569,37901549568
673368,38416494592
678896,38684000256
684471,39405752320
690085,39427706880
695658,40055844864
701236,40288309248
706836,40732708864
712389,40789581824
718040,40773218304
723637,41566552064
729226,41373863936
734850,41744408576
740366,41900417024
745904,42383020032
751444,42513887232
757005,44026261504
762645,43459448832
768182,44090613760
773782,46408859648
779332,46605123584
784887,47369973760
790469,47004397568
795995,47266381824
801541,47058857984
807123,47790583808
812728,47993360384
818293,49170575360
823837,48610160640
829415,48191074304
834901,48767082496
840471,49358630912
846016,50180616192
851631,49660006400
857211,50175369216
862783,50093666304
868338,50414170112
873900,51337986048
879495,50916884480
885095,51448016896
890732,51466166272
896329,51561230336
901898,51876990976
907496,52531355648
913077,52569346048
918665,52944486400
924294,52745990144
929854,52970700800
935429,53506138112
941059,53836169216
946654,54266552320
952261,54664622080
957845,55507873792
963452,55670181888
969025,55772180480
974624,56168325120
980212,56147566592
985845,56719802368
991455,56707743744
997077,56618131456
1002677,57353052160
1008289,57597911040
1013862,57948532736
1019385,58038566912
1024817,57867509760
1030281,58613207040
1035698,58909978624
1041138,59271286784
1046608,59039756288
1052121,59491110912
1057546,59986382848
1062966,60675018752
1068418,61171372032
1073828,60307877888
1079250,61020254208
1084700,60717043712
1090102,61199650816
1095512,62019493888
1100893,62425587712
1106297,62827532288
1111709,62362107904
1117133,63033614336
1122558,62796812288
1128074,63517356032
1133504,64320643072
1138913,64181960704
1144319,64957530112
1149724,63973720064
1155158,64547581952
1160580,64730189824
1165983,65305686016
1171409,65129590784
1176818,66260135936
1182229,67760549888
1187617,67760549888
1192996,68301701120
1198404,68445593600
1203783,69600239616
1209192,69265055744
1214609,69172457472
1220024,69006901248
1225444,70242025472
1230853,69592875008
1236258,69719871488
1241701,70129393664
1247125,70486577152
1252545,71240663040
1257967,70992261120
1263372,70024859648
1268781,70024859648
1274203,70285488128
1279769,70764527616
1285166,70889697280
1290564,71266316288
1295981,71763275776
1301408,71122358272
1306801,71489982464
1312209,71863275520
1317603,72197226496
1323078,72140890112
1328507,72376205312
1333957,73103818752
1339394,72623566848
1344805,72488734720
1350227,73454968832
1355677,73642790912
1361229,73704890368
1366654,73970425856
1372057,74930253824
1377516,74326130688
1382938,74649100288
1388389,75168403456
1393813,75345108992
1399239,75752480768
1404674,75484389376
1410076,76240158720
1415500,75667914752
1420895,76009152512
1426314,75924758528
1431738,76042448896
1437197,76425793536
1442605,76870475776
1448024,76418347008
1453425,77347102720
1458840,77377167360
1464377,77107757056
1469930,77107757056
1475504,77299466240
1481000,77916217344
1486570,77803319296
1492107,77872119808
1497652,77807439872
1503237,77928497152
1508807,78181179392
1514398,78677753856
1519959,78571479040
1525520,80887488512
1531067,81519001600
1536648,81491357696
1542201,81634467840
1547712,81878929408
1553281,82524798976
1558858,82127228928
1564388,82653749248
1569945,82950365184
1575531,83035963392
1581080,83272589312
1586618,84011184128
1592200,83323428864
1597758,83635527680
1603319,83366129664
1608882,87856918528
1614416,87856918528
1619970,88362225664
1625477,88771538944
1630955,88672894976
1636554,88764567552
1642131,88764567552
1647688,89822781440
1653303,88895549440
1658842,89386176512
1664415,89124683776
1669976,89796624384
1675533,90406543360
1681062,90203340800
1686631,90159132672
1692213,90159132672
1697791,90912399360
1703370,90742505472
1708950,91239108608
1714501,90716438528
1720063,91570585600
1725599,91873308672
1731111,91910422528
1736610,92482490368
1742214,92692770816
1747717,93055610880
1753299,92316684288
1758809,92708339712
1764398,92877209600
1770043,92735717376
1775548,93822648320
1781178,94281330688
1786694,94135304192
1792284,94666199040
1797872,94552793088
1803417,94620024832
1809005,95201648640
1814596,95708635136
1820217,96202559488
1825791,95417647104
1831315,96427393024
1836902,96245788672
1842494,96161656832
1848073,96887095296
1853638,96576434176
1859073,97509584896
1864607,97650192384
1870157,97119457280
1875777,98237952000
1881334,97921572864
1886876,98201034752
1892432,98965164032
1898063,99365146624
1903690,99533713408
1909282,99314094080
1914813,99827757056
1920449,99648020480
1925917,99862548480
1931407,99643961344
1936975,99643961344
1942515,100790296576
1948090,100735004672
1953612,101977616384
1959148,101449453568
1964716,101512273920
1970272,101898158080
1975870,101061890048
1981530,100763238400
1987061,101251780608
1992667,101601140736
1998230,101630877696
2003839,102505463808
2009393,102274564096
2014847,103251357696
2020452,103177789440
2025966,102948077568
2031576,103293042688
2037113,103151763456
2042640,104539496448
2048169,104309768192
2053727,104213827584
2059293,103983685632
2064897,104415842304
2070461,104095375360
2076014,104853917696
2081498,105086300160
2087031,106130661376
2092603,106120175616
2098160,106371817472
2103756,105455661056
2109281,105533931520
2114825,105592180736
2120399,106405679104
2125971,106974605312
2131510,106454790144
2137052,106778648576
2142618,107421229056
2148163,107370246144
2153653,107863314432
2159159,106839306240
2164710,106745200640
2170301,106695266304
2175825,107551080448
2181396,107673468928
2186924,108717252608
2192460,108597665792
2198025,108762648576
2203597,108633726976
2209212,109001031680
2214759,109548118016
2220300,109910212608
2225886,110570995712
2231459,111261286400
2237008,110517075968
2242584,110547910656
2248118,110444429312
2253613,111145222144
2259150,111167004672
2264663,111355879424
2270295,111009697792
2275846,111940456448
2281367,111809466368
2286910,112277237760
2292495,112157421568
2298069,112751484928
2303590,112746835968
2309169,113457635328
2314754,113489223680
2320316,114177617920
2325879,113090011136
2331441,113569079296
2336985,112777777152
2342569,113171562496
2348138,113373548544
2353700,114237009920
2359248,114164797440
2364738,114866925568
2370280,115869392896
2375849,114771873792
2381420,114949017600
2387033,114812899328
2392581,115145183232
2398191,114810974208
2403813,115539841024
2409378,115589443584
2414887,116335034368
2420424,116984553472
2425996,117426741248
2431581,117623508992
2437137,117578051584
2442726,116740591616
2448314,116740591616
2453861,117287772160
2459417,117287772160
2464957,118171783168
2470496,118191513600
2476014,118338719744
2481555,118758486016
2487089,119070056448
2492644,118340870144
2498200,118721515520
2503802,118924840960
2509400,119425032192
2515013,119541850112
2520571,119743303680
2526185,119356116992
2531708,120188055552
2537293,120050638848
2542856,119993573376
2548362,120978333696
2553947,120542904320
2559507,120720384000
2565040,121892782080
2570587,121284341760
2576158,122094514176
2581696,121463599104
2587317,121355333632
2592898,121947885568
2598419,121708597248
2604008,121761574912
2609585,121720725504
2615172,121720725504
2620701,122905067520
2626256,123218128896
2631856,124138397696
2637445,124056879104
2643059,123745443840
2648598,123959922688
2654149,123366879232
2659722,124092375040
2665364,123326394368
2670931,123770511360
2676481,124309852160
2682034,124309852160
2687567,125608099840
2693124,125814337536
2698703,125605265408
2704338,125851529216
2709921,125655920640
2715424,125641199616
2721030,125032280064
2726621,125044453376
2732174,126129262592
2737737,126153539584
2743310,126858125312
2748832,127727140864
2754378,127208062976
2759915,127786065920
2765445,127351377920
2770962,126912892928
2776485,127195123712
2782050,126973300736
2787590,126973300736
2793158,127514243072
2798715,128060936192
2804342,128089604096
2809879,128400785408
2815458,128497512448
2820992,128497512448
2826562,129333780480
2832104,129746202624
2837674,129600745472
2843216,129671806976
2848843,128974409728
2854398,129700241408
2859974,130061881344
2865558,130061881344
2871120,131067043840
2876637,131554336768
2882179,131401814016
2887687,132546940928
2893336,130933690368
2898901,131308773376
2904528,132052914176
2910086,131971874816
2915632,132033658880
2921243,132012789760
2926812,132068466688
2932342,132727267328
2937922,133432012800
2943439,132862889984
2948978,132531335168
2954552,132450152448
2960083,132163072000
2965611,132163072000
2971123,132829917184
2976632,133196099584
2982181,132919984128
2987765,133109194752
2993331,134010322944
2998867,134035894272
3004417,134035894272
3009926,134516944896
3015477,134432870400
3021029,134432870400
3026542,134432870400
3032094,135009431552
3037734,135086854144
3043302,139236990976
3048853,139236990976
3054393,139236990976
3059926,139236990976
3065435,139236990976
3070910,139242209280
3076504,139867901952
3082081,139169087488
3087653,139169087488
3093213,139169087488
3098788,139775741952
3104348,139962445824
3109897,139962445824
3115475,139963191296
3121114,141327843328
3126705,141443076096
3132255,141210529792
3137800,141161951232
3143389,140982435840
3148942,140522774528
3154477,140522774528
3160046,140522774528
3165626,141538033664
3171200,141479190528
3176727,141657993216
3182231,141657993216
3187705,141658660864
3193282,142723317760
3198856,142000672768
3204421,142000672768
3209958,142000672768
3215476,142728552448
3220994,142629310464
3226526,142408114176
3232069,142408114176
3237601,143238164480
3243164,143189331968
3248726,143198433280
3254291,143198433280
3259885,143831433216
3265404,143441629184
3270911,143441629184
3276393,143441629184
3281901,144965558272
3287387,144916975616
3292934,145054650368
3298475,145054650368
3303974,145708363776
3309525,145093820416
3315072,145093820416
3320628,145093820416
3326179,145350225920
3331773,144608505856
3337317,144309723136
3342883,144309723136
3348483,144579850240
3354102,145484951552
3359664,145638924288
3365191,145638924288
3370738,145882882048
3376317,146184343552
3381872,146184343552
3387431,146184343552
3393010,147276742656
3398565,147771416576
3404171,147443531776
3409697,147443531776
3415259,147626246144
3420880,146446954496
3426384,146076835840
3431927,146076835840
3437506,146624495616
3443059,146709954560
3448627,146709954560
3454174,147346432000
3459730,148322512896
3465315,148576600064
3470886,148576600064
3476424,149627277312
3481954,148499001344
3487504,148499001344
3493097,148499001344
3498609,149132959744
3504205,148747264000
3509730,148747264000
3515272,149547520000
3520822,148873732096
3526370,148873732096
3531907,148878405632
3537548,149651509248
3543049,149730435072
3548584,149730435072
3554127,149933551616
3559690,150803173376
3565263,150574374912
3570792,150696345600
3576332,150696345600
3581849,150341373952
3587399,149833027584
3592976,149833027584
3598513,149833027584
3604007,150579040256
3609561,150843023360
3615153,150843023360
3626325,152033079296
3631908,152106926080
3637439,152106926080
3642989,152642756608
3648519,150853361664
3654104,150853361664
3659703,153647046656
3665310,154180001792
3670934,155422318592
3676475,155422318592
3681957,155422318592
3687521,155422318592
3693068,155422318592
3698563,155422318592
3704115,155355361280
3709681,156274065408
3715212,156769349632
3720699,156769349632
3726205,156769349632
3731756,156953968640
3737283,156713795584
3742821,156713795584
3748381,157247467520
3753956,158023389184
3759572,157711331328
3765163,157711331328
3770728,158302064640
3776279,157934174208
3781864,157846392832
3787464,157751660544
3793009,157514674176
3798618,157514674176
3804164,158625095680
3809739,158981398528
3815325,158861496320
3820925,158942433280
3826513,158942433280
3832043,159707856896
3837613,159553880064
3843233,159535706112
3848855,160108896256
3854460,159860875264
3859988,159860875264
3865550,159589785600
3871129,159692513280
3876704,159692513280
3882273,159692513280
3887837,160626634752
3893410,160608477184
3898929,160608477184
3904517,160949821440
3910101,160793452544
3915714,160793452544
3921263,160895668224
3926929,160890769408
3932473,161278042112
3938058,161154711552
3943641,161296158720
3949232,161150386176
3954806,161891024896
3960346,161891024896
3965866,168670461952
3971449,169969418240
3976992,169969418240
3982541,169969418240
3988092,169969418240
3993627,169969418240
3999203,170666156032
4004783,170595328000
4010309,170595328000
4015850,170595328000
4021397,171482120192
4026958,171401629696
4032538,171099930624
4038090,171705483264
4043641,171844231168
4049176,171206123520
4054771,171206123520
4060341,171233058816
4065899,171482992640
4071427,171482992640
4076998,172122722304
4082513,171889258496
4088061,171889258496
4093576,171889258496
4099118,172636188672
4104658,172600532992
4110208,172600532992
4115802,172600532992
4121377,172852658176
4126958,173127057408
4132512,173127057408
4138058,173955268608
4143611,173329752064
4149111,173329752064
4154623,173329752064
4160139,174183829504
4165710,174189510656
4171265,174189510656
4176811,174189510656
4182337,174439718912
4187904,173914382336
4193453,173914382336
4198997,174073290752
4204545,174206414848
4210105,174252171264
4215662,174252171264
4221220,174903459840
4226773,175213527040
4232323,175213527040
4237807,175427596288
4243380,175498387456
4248921,175498387456
4254487,176149229568
4260041,177046953984
4265627,176649523200
4271194,176649523200
4276715,176655896576
4282307,176010895360
4287874,176171589632
4293468,176606117888
4299010,176569401344
4304582,176569401344
4310165,177303949312
4315709,177750708224
4321228,177894961152
4326790,178074398720
4332676,178421211136
4338285,178018648064
4343845,178326495232
4349419,179198386176
4354944,178601316352
4360476,178610855936
4366121,177907335168
4371687,178014339072
4377249,178014339072
4382819,178957209600
4388397,178995113984
4393930,178995113984
4399508,179858591744
4405118,180109512704
4410667,179842899968
4416173,179842899968
4421739,179842899968
4427320,179842899968
4432907,179842899968
4438436,179842899968
4443953,179893190656
4449566,180744507392
4455174,179625787392
4460758,180300722176
4466320,180517826560
4471926,180472967168
4477488,180516896768
4483075,181647147008
4488667,181024190464
4494161,181024190464
4499714,181239361536
4505251,181197287424
4510815,181137920000
4516396,181349163008
4521984,181877194752
4527568,181162348544
4533041,182231470080
4538555,181426401280
4544131,181426401280
4549669,182659194880
4555182,182999564288
4560736,183039877120
4566269,183895306240
4571884,182561959936
4577424,182561959936
4583008,183099285504
4588565,182678450176
4594161,182681317376
4599827,183367217152
4605355,183641210880
4610900,183625535488
4616561,183954657280
4622172,183954657280
4627712,184818458624
4633252,184966037504
4638826,184645013504
4644390,184530337792
4649947,184144457728
4655514,184144457728
4661044,184589991936
4666644,184677515264
4672265,184677515264
4677813,185706758144
4683352,186030043136
4688869,186319687680
4694456,187009372160
4700009,186485710848
4705633,186211872768
4711181,187110924288
4716743,187203305472
4722336,186720067584
4727876,187396444160
4733502,186518970368
4739012,186518970368
4744588,187059228672
4750188,187533070336
4755760,187533070336
4761302,188454391808
4766856,188737884160
4772414,188223008768
4777907,188223008768
4783443,188223008768
4788998,188847017984
4794591,188218650624
4800211,187899355136
4805786,188326690816
4811341,189690433536
4816890,189142052864
4822440,189403746304
4828081,189115211776
4833604,189222920192
4839185,190132154368
4844740,190174486528
4850394,189792432128
4855999,190452428800
4861594,190224076800
4867157,189767913472
4872669,190890164224
4878224,190126063616
4883789,190126063616
4889330,191139893248
4894821,191448256512
4900371,191622397952
4905953,191965446144
4911586,191541207040
4917156,191630925824
4922690,192691388416
4928258,191593644032
4933870,190989160448
4939440,191503204352
4944995,191912464384
4950600,191912464384
4956159,192558104576
4961766,192557178880
4967372,192557178880
4972948,193509384192
4978481,193154469888
4984016,192963448832
4989579,193366134784
4995184,192122183680
5000779,192122183680
5006333,192654647296
5011912,193034821632
5017532,193750228992
5023034,194334220288
5028604,194665283584
5034160,195152977920
5039728,194822389760
5045260,194560069632
5050870,194560069632
5056400,194560069632
5061882,194560069632
5067424,195146047488
5073020,194860236800
5078601,195082457088
5084141,195082457088
5089683,195082457088
5095231,195082457088
5100784,195180425216
5106399,194376560640
5111954,194376560640
5117503,194376560640
5123094,195007307776
5128633,195607203840
5134274,195611406336
5139786,195611406336
5145353,195978452992
5150944,196109328384
5156463,195969982464
5161974,195969982464
5167476,196558430208
5173025,196048035840
5178557,196048035840
5184108,196048035840
5189676,196853743616
5195185,197450235904
5200801,197102149632
5206362,197102149632
5211975,197102149632
5217517,197643112448
5223061,197450850304
5228628,197698035712
5234182,197698035712
5239733,198594269184
5245332,198056988672
5250972,198056988672
5256477,198056988672
5262031,198056988672
5267623,198056988672
5273137,198629027840
5278689,198538104832
5284186,198343454720
5289764,198584782848
5295367,198911246336
5300960,198771154944
5306477,198771154944
5312052,199502344192
5317612,200526856192
5323119,200643289088
5328665,200643289088
5334227,199730552832
5339812,198933753856
5345341,198933753856
5350920,199423746048
5356502,199520542720
5362034,199542972416
5367525,199542972416
5373069,199542972416
5378583,199542972416
5384100,199542972416
5389629,199542972416
5395122,200425811968
5400668,200333221888
5406222,200333221888
5411819,200302039040
5417343,200302039040
5422940,200738598912
5428538,201244487680
5434133,201053282304
5439649,201053282304
5445230,201298571264
5450830,201076084736
5456400,201076084736
5461960,202102013952
5467575,202103881728
5473169,202103881728
5478753,203156996096
5484299,202896961536
5489840,202896961536
5495402,203660578816
5500990,202894053376
5506561,202894053376
5512177,203022348288
5517793,203792584704
5523383,204182016000
5528901,203952406528
5534510,204539584512
5540066,203400708096
5545642,203400708096
5551205,203400708096
5556741,204704960512
5562258,204604780544
5567809,204604780544
5573399,205316669440
5578947,205416038400
5584524,205312548864
5590104,205312548864
5595657,205598244864
5601232,205235720192
5606808,205235720192
5612324,205791891456
5617876,206373343232
5623528,206292213760
5629077,206292213760
5634633,206292213760
5640171,205849620480
5645704,205876076544
5651225,205876076544
5656766,205982355456
5662347,207143481344
5667903,206968479744
5673402,206968479744
5678927,208031322112
5684452,208352206848
5689955,207860137984
5695460,207975346176
5701109,208314449920
5706590,208128892928
5712099,208128892928
5717646,209466998784
5723200,209098661888
5728746,209098661888
5734274,209625845760
5739838,210044727296
5745438,209831993344
5751054,210808123392
5756624,210021130240
5762232,209849610240
5767831,210050322432
5773457,210904399872
5779000,210876366848
5784507,210876366848
5790055,211384500224
5795602,211813453824
5801192,211813453824
5806782,211813453824
5812360,212261703680
5817925,212483395584
5823494,212330446848
5829083,212330446848
5834664,213012455424
5840256,212640546816
5845756,212640546816
5851356,212640546816
5856899,212987531264
5862540,213132705792
5868092,213132705792
5873613,213205229568
5879252,214685663232
5884787,214282043392
5890335,214282043392
5895923,215470129152
5901482,214452772864
5907047,213911121920
5912640,213911121920
5923822,215056506880
5929412,214772658176
5934981,214890057728
5940619,215201533952
5946131,215409000448
5951698,215409000448
5957293,216274849792
5962905,215989641216
5968475,215989641216
5973988,215989641216
5979543,216808886272
5985110,216756092928
5990743,216654913536
5996285,216654913536
6001840,216538443776
6007467,216845082624
6013105,216845082624
6018674,216845082624
6024215,217965924352
6029781,218002059264
6035358,217889890304
6040910,217889890304
6046496,219388870656
6052036,219028103168
6057580,219028103168
6063122,219411001344
6068747,220078608384
6074328,219678277632
6079955,219357609984
6085533,220610252800
6091066,220016914432
6096621,219551825920
6102210,219551825920
6107826,219898978304
6113445,219528654848
6119022,219528654848
6124576,219528654848
6130173,219894943744
6135870,221486526464
6141491,221514256384
6147099,221514256384
6152636,221514256384
6158173,221855522816
6163787,221910626304
6169369,221842956288
6174915,221842956288
6180467,221842956288
6185982,221842956288
6191532,221842956288
6197088,222836252672
6202654,222494502912
6208203,222106005504
6213778,222106005504
6219354,222106005504
6224996,222106005504
6230582,222106005504
6236107,223053570048
6241632,223027380224
6247227,222533074944
6252824,222533074944
6258388,222533074944
6263988,222533074944
6269559,222533074944
6275091,223069040640
6280730,223027159040
6286332,223027159040
6291920,223027159040
6297473,223027159040
6303005,223027159040
6308595,223585218560
6314226,223503851520
6319761,223064973312
6325320,223064973312
6330887,223064973312
6336443,223064973312
6341985,224064581632
6347557,224048041984
6353146,223831162880
6358657,223831162880
6364232,223831162880
6369794,224858112000
6375331,225594212352
6380904,224880529408
6386447,224880529408
6392034,224880529408
6397617,226258366464
6403214,225958023168
6408818,225958023168
6414361,225958023168
6419924,226397388800
6425490,226797355008
6431080,226138251264
6436648,226138251264
6442261,226138251264
6453405,225318887424
6459000,225318887424
6464553,225318887424
6470123,225318887424
6475638,226742059008
6481204,227102294016
6486784,226695979008
6492372,226695979008
6497905,226695979008
6503464,228132315136
6509085,228197916672
6514651,228197916672
6520250,228197916672
6525851,228520595456
6531399,228858998784
6536967,228995051520
6542485,228873117696
6548069,228873117696
6553637,230128918528
6559176,229296222208
6564771,229090172928
6570362,229090172928
6575938,229090172928
6581482,229441462272
6587075,229677490176
6592658,229821497344
6598174,229821497344
6603745,229821497344
6609300,229821497344
6614841,230822297600
6620483,231035187200
6626032,231183007744
6631598,231183007744
6637158,231183007744
6642733,231183007744
6648308,232197828608
6653842,231955034112
6659449,231767801856
6664943,231767801856
6670559,231767801856
6676110,231767801856
6681664,232125878272
6687276,232283234304
6692823,231929479168
6698333,231929479168
6703896,231929479168
6709436,231929479168
6714968,231929479168
6720551,231929479168
6726062,232967446528
6731670,234103349248
6737283,233138012160
6742889,233138012160
6748436,233138012160
6754021,233138012160
6759598,233253072896
6765177,233253072896
6770767,233253072896
6776311,233253072896
6781932,233253072896
6787459,234336088064
6793011,234866745344
6798575,233698455552
6804117,233698455552
6809655,233698455552
6815207,233698455552
6820753,233978544128
6826375,233581588480
6831969,233034825728
6837516,233034825728
6843116,233034825728
6848718,233034825728
6854254,233557004288
6859821,233559961600
6865377,233781415936
6870986,233781415936
6876550,233781415936
6882141,233781415936
6887687,233781415936
6893241,233781415936
6898807,234472493056
6904399,234227937280
6909956,234227937280
6915523,234227937280
6921068,234227937280
6926651,234227937280
6932198,234227937280
6937756,234710282240
6943411,235483160576
6949025,235905630208
6954548,236128915456
6960041,236128915456
6965546,236128915456
6971026,236128915456
6976578,236128915456
6982086,236128915456
6987624,236128915456
6993138,236854714368
6998648,234874454016
7004215,234874454016
7009710,234874454016
7015267,234874454016
7020799,234874454016
7026325,234874454016
7031839,234874454016
7037380,234874454016
7042924,236113367040
7048523,236573421568
7054063,236644339712
7059585,236644339712
7065160,236644339712
7070715,236644339712
7076238,236927225856
7081857,237345857536
7087405,237427163136
7092947,237427163136
7098496,237427163136
7104099,237427163136
7109646,237427163136
7115200,238382198784
7120770,238886846464
7126357,238021414912
7131963,238021414912
7137563,238021414912
7143130,238855778304
7148721,236746838016
7154381,236746838016
7159976,236746838016
7165564,236746838016
7171175,237792100352
7176783,237808287744
7182333,237961392128
7187868,237961392128
7193445,239071592448
7199035,239681662976
7204612,239681662976
7210193,239681662976
7215788,239681662976
7221395,240850173952
7226983,240795783168
7232534,240393510912
7238057,240393510912
7243620,240393510912
7249172,240399200256
7254722,239661363200
7260255,239661363200
7265845,239661363200
7271447,239661363200
7277002,239661363200
7282567,240653688832
7288137,241736171520
7293715,241500704768
7299356,241500704768
7304983,241500704768
7310537,241500704768
7316127,241786208256
7321638,241786208256
7327251,241786208256
7332824,241786208256
7338405,243047849984
7343974,242773852160
7349579,241737101312
7355176,241737101312
7360749,241737101312
7366327,242627268608
7371947,241627160576
7377499,241627160576
7383051,241627160576
7388644,241639534592
7394301,242506289152
7399855,243187814400
7405402,243475820544
7410945,243475820544
7416432,243475951616
7421971,243475951616
7427518,244768378880
7433137,244591075328
7438713,244691251200
7444279,244691251200
7449825,244691251200
7455385,244691251200
7460937,244691251200
7466511,244691251200
7472098,245149593600
7477644,244918255616
7483223,244950724608
7488757,244950724608
7494290,244950724608
7499875,244950724608
7505430,244950724608
7510955,244950724608
7516567,245073371136
7522214,244523315200
7527799,244274335744
7533393,244274335744
7538979,244274335744
7544534,244274335744
7550095,244274335744
7555716,244274335744
7561268,244274335744
7566802,245486649344
7572344,245504790528
7577946,245739900928
7583499,245739900928
7589112,245739900928
7594683,245739900928
7600215,245739900928
7605817,245739900928
7611397,245739900928
7616971,245739900928
7622476,246034878464
7628058,246234169344
7633656,246658899968
7639202,246566801408
7644763,246566801408
7650329,246566801408
7655869,246566801408
7661380,246566801408
7666955,246566801408
7672547,247542710272
7678138,247762247680
7683680,247122751488
7689263,247122751488
7694814,247122751488
7700366,247122751488
7705889,247122751488
7711381,247122751488
7716924,247122751488
7722574,247122751488
7728146,247122751488
7733691,247878287360
7739257,246098149376
7744854,246098149376
7750404,246098149376
7755931,246098149376
7761505,246098149376
7767065,246098149376
7772629,246098149376
7778190,246098149376
7783756,246098149376
7789329,247204921344
7794954,248082800640
7800572,248921133056
7806206,248855134208
7811760,248855134208
7817369,248855134208
7822884,248855134208
7828436,248855134208
7833952,248855134208
7839514,248855134208
7845026,248855134208
7850561,248855134208
7856084,248855134208
7861607,248855134208
7867177,249535406080
7872743,248676245504
7878287,248676245504
7883872,248676245504
7889396,248676245504
7894945,248676245504
7900517,248676245504
7906097,249724833792
7911684,249579642880
7917292,249579642880
7922861,249579642880
7928336,249579642880
7933897,249579642880
7939465,249866985472
7945057,249748926464
7950645,249748926464
7956203,249748926464
7961780,249748926464
7967349,249748926464
7972853,249748926464
7978398,250822303744
7983965,250168774656
7989491,250168774656
7995062,250168774656
8000651,250168774656
8006283,250168774656
8011885,250168774656
8017461,251445313536
8022996,251520933888
8028564,251520933888
8034157,251520933888
8039712,251520933888
8045287,251520933888
8050864,251520933888
8056476,251520933888
8067634,251804930048
8073197,251804930048
8078693,251804930048
8084303,251804930048
8089855,251804930048
8095394,251804930048
8100931,251804930048
8106516,251804930048
8112165,252481167360
8117770,252160819200
8123425,251610681344
8128986,251610681344
8134574,251610681344
8140130,251610681344
8145619,251610681344
8151163,251610681344
8156758,251610681344
8162347,251796246528
8167978,252109746176
8173552,252934774784
8179170,252825325568
8184727,252825325568
8190319,252825325568
8195865,252825325568
8201452,252825325568
8207040,254156763136
8212612,253091663872
8218197,253091663872
8223742,253091663872
8229289,253091663872
8234883,253091663872
8240424,253091663872
8245973,254192791552
8251517,254319325184
8257127,254092951552
8262749,254092951552
8268303,254092951552
8273916,254092951552
8279454,255278370816
8285029,254790955008
8290612,254641688576
8296106,254641688576
8301600,254641688576
8307097,254641688576
8312657,254641688576
8318201,254641688576
8323737,255701258240
8329345,254905663488
8334876,255047270400
8340350,255047270400
8345884,255047270400
8351457,255047270400
8356953,255047270400
8362524,255047270400
8368025,255047270400
8373607,255247450112
8379198,256482467840
8384774,256496713728
8390351,256496713728
8395880,256496713728
8401424,256496713728
8406992,256496713728
8412511,256496713728
8418081,256496713728
8423672,256496713728
8429174,256496713728
8434788,256496713728
8440344,256496713728
8445873,257440632832
8451401,257368027136
8456946,256962793472
8462539,256962793472
8468133,256962793472
8473699,256962793472
8479264,256962793472
8484769,256962793472
8490293,256962793472
8495849,256962793472
8501389,256962793472
8506950,257735995392
8512612,257197477888
8518413,256732753920
8523943,256732753920
8529524,256732753920
8535123,256732753920
8540650,256732753920
8546158,256732753920
8551712,256732753920
8557181,256732753920
8562726,256732753920
8568242,256732753920
8573806,256814206976
8579385,257239072768
8584989,256874971136
8590467,256874971136
8596040,256874971136
8601610,256874971136
8607177,256874971136
8612723,256874971136
8618271,256874971136
8623790,256874971136
8629346,258093621248
8634876,258544848896
8640443,258762694656
8645999,258762694656
8651522,258762694656
8657097,258762694656
8662646,258762694656
8668133,258762694656
8673695,258762694656
8679219,258762694656
8684723,258762694656
8690297,260022259712
8695845,259880972288
8701394,258538487808
8706926,258538487808
8712462,258538487808
8718050,258538487808
8723639,258538487808
8729215,258538487808
8734674,258618269696
8740299,258936627200
8745892,258345713664
8751449,258345713664
8756999,258345713664
8762476,258345713664
8768053,258345713664
8773604,258345713664
8779212,258345713664
8784703,258345713664
8790234,258345713664
8795800,258345713664
8801393,259265650688
8807001,259072987136
8812614,259054301184
8818175,259054301184
8823726,259054301184
8829251,259054301184
8834784,259054301184
8840344,259054301184
8845903,259054301184
8851463,259054301184
8856989,259054301184
8862582,259054301184
8868114,259980668928
8873692,260473331712
8879246,260473331712
8884813,260473331712
8890423,260473331712
8895997,260473331712
8901538,260473331712
8907089,260473331712
8912623,260473331712
8918242,260473331712
8923814,260473331712
8929362,260473331712
8934922,261357395968
8940472,261595549696
8946034,261273886720
8951620,261273886720
8957178,261273886720
8962748,261273886720
8968305,261273886720
8973813,261273886720
8979392,261273886720
8984926,261273886720
8990491,261956988928
8996126,261597339648
9001693,261097885696
9007211,261097885696
9012791,261097885696
9018337,261097885696
9023908,261097885696
9029484,261097885696
9035032,261097885696
9040607,261097885696
9046086,261097885696
9051654,261097885696
9057156,262134923264
9062736,261732327424
9068350,261732327424
9073882,261732327424
9079483,261732327424
9085016,261732327424
9090562,261732327424
9096097,261732327424
9101698,261732327424
9107290,261732327424
9112885,261732327424
9118390,261732327424
9123986,262875488256
9129563,262496669696
9135157,262496669696
9140683,262496669696
9146227,262496669696
9151796,262496669696
9157375,262496669696
9162893,262496669696
9168411,262496669696
9173974,262496669696
9179581,262496669696
9185169,262496669696
9190735,262538424320
9196387,263940898816
9201958,264314548224
9207604,263033479168
9213157,263033479168
9218726,263033479168
9224291,263033479168
9229808,263033479168
9235339,263033479168
9240891,263033479168
9246391,263033479168
9251969,263033479168
9257450,263033479168
9263054,263298596864
9268596,263731691520
9274254,262932877312
9279804,262960975872
9285344,262960975872
9290946,262960975872
9296487,262960975872
9302047,262960975872
9307520,262960975872
9313105,262960975872
9318694,262960975872
9324224,262960975872
9329792,262960975872
9335340,263483805696
9340906,263086944256
9346481,263086944256
9352031,263086944256
9357614,263086944256
9363156,263086944256
9368759,263086944256
9374293,263086944256
9379875,263086944256
9385452,263704973312
9391068,264389459968
9396641,264671629312
9402251,264671629312
9407850,264671629312
9413433,264671629312
9419001,264671629312
9424525,264671629312
9430067,264671629312
9435625,265566728192
9441202,265697935360
9446814,265244782592
9452408,265388142592
9458004,265388142592
9463578,265388142592
9469212,265388142592
9474774,265388142592
9480354,265388142592
9485912,265388142592
9491446,265388142592
9496999,265388142592
9502570,264747716608
9508205,263738908672
9513770,263738908672
9519324,263738908672
9524939,263738908672
9530527,263738908672
9536131,264625459200
9541781,264095879168
9547349,264649265152
9552928,264649265152
9558496,264649265152
9564068,264649265152
9569688,264649265152
9575261,265340833792
9580883,265372205056
9586511,265372205056
9592110,265372205056
9597701,265372205056
9603255,265659797504
9608869,266468696064
9614494,266265473024
9620097,266265473024
9625650,266265473024
9631157,266265473024
9636716,266658119680
9642365,266728247296
9647912,266238857216
9653487,266238857216
9659061,266238857216
9664589,266238857216
9670178,266238857216
9675769,267103989760
9681354,267142676480
9686923,267577090048
9692485,267486961664
9698035,267486961664
9703660,267486961664
9709230,268633735168
9714858,269160546304
9720433,268528623616
9725939,268528623616
9731525,268528623616
9737081,268681932800
9742732,269845872640
9748359,269425557504
9753998,269357584384
9759595,269357584384
9765152,269357584384
9770702,269357584384
9776270,269357584384
9781775,269357584384
9787349,269357584384
9792930,269357608960
9798618,270450212864
9804242,269350985728
9809822,268856582144
9815402,268856582144
9820934,268856582144
9826478,268856582144
9832007,268856582144
9837582,268856582144
9843130,269573033984
9848736,269583912960
9854292,269416394752
9859858,269416394752
9865396,269416394752
9870950,269416394752
9876525,269416394752
9882036,269416394752
9887583,269416394752
9893095,269416394752
9898689,270558412800
9904244,270126809088
9909823,270126809088
9915395,270126809088
9920974,270126809088
9926568,270126809088
9932081,270126809088
9937620,271379345408
9943203,271211479040
9948806,271085694976
9954400,271013236736
9959924,271013236736
9965441,271013236736
9971029,271013236736
9976584,271737401344
9982112,271427153920
9987700,270416646144
9993261,270416646144
9998834,270416646144
10004453,270416646144
10010036,270416646144
10015602,270416646144
10021132,271510097920
10026727,270993235968
10032553,270674227200
10038150,270674227200
10043721,270674227200
10049307,270674227200
10054885,270674227200
10060438,270674227200
10066004,271333556224
10071576,271751852032
10077116,271940743168
10082688,271940743168
10088201,271940743168
10093800,271940743168
10099388,271940743168
10104968,272196468736
10110604,273155514368
10116208,273504628736
10121805,273952374784
10127388,273835155456
10132918,273835155456
10138495,273835155456
10144082,273835155456
10149625,274326700032
10155267,271818108928
10160823,271359938560
10166366,271359938560
10171912,271359938560
10177402,271359938560
10182934,271495778304
10188573,272271155200
10194155,272588959744
10199688,272588959744
10205358,272588959744
10210889,272588959744
10216480,272588959744
10222023,273139355648
10227606,273117765632
10233231,273117765632
10238828,273117765632
10244361,273117765632
10249931,273117765632
10255502,273117765632
10261050,273553076224
10266725,274699907072
10272318,274645397504
10277868,273981779968
10283438,273981779968
10289002,273981779968
10294557,273981779968
10300124,273981779968
10305717,273981779968
10311258,273981779968
10316783,274994745344
10322326,275045761024
10327927,274555768832
10333489,274555768832
10339091,274555768832
10344624,274555768832
10350127,274555768832
10355626,273983516672
10361171,273983516672
10366738,273983516672
10372337,273983516672
10377877,273983516672
10383413,274351550464
10389079,274841604096
10394652,274841604096
10400187,274841604096
10405709,274841604096
10411251,274841604096
10416889,274841604096
10422436,275515863040
10428108,275853402112
10433672,276885397504
10439293,276915326976
10444872,276647870464
10450442,276647870464
10456013,276647870464
10461579,276521381888
10467119,276178575360
10472709,275162263552
10478293,275162263552
10483873,275162263552
10489444,275162263552
10495021,276253282304
10500603,276507447296
10506218,276868562944
10511765,276868562944
10517307,276868562944
10522911,276868562944
10528478,278016106496
10534053,277232214016
10539609,277232214016
10545149,277232214016
10550635,277232214016
10556159,277232214016
10561683,277827866624
10567273,278401503232
10572919,278154522624
10578499,278154522624
10584065,278154522624
10589650,278154522624
10595242,278378778624
10600823,278183342080
10606378,278183342080
10611949,278183342080
10617505,278183342080
10623056,278954991616
10628672,279653593088
10634275,279009701888
10639850,279009701888
10645467,279009701888
10651025,279009701888
10656595,279009701888
10662178,279815749632
10667749,279394750464
10673318,279394750464
10678847,279394750464
10684400,279394750464
10690001,279394750464
10695536,279394750464
10701080,280287944704
10706650,279767883776
10712236,279576137728
10717786,279576137728
10723340,279576137728
10728923,279576137728
10734485,279576137728
10740026,279576137728
10745608,279210971136
10751158,279227543552
10756786,279227543552
10762386,279227543552
10767982,279227543552
10773500,279227543552
10779039,280254935040
10784633,280721465344
10790179,280721465344
10795732,280721465344
10801301,280721465344
10806899,280976924672
10812488,281259487232
10818078,281259487232
10823659,281259487232
10829209,281259487232
10834787,281835753472
10840366,282153381888
10845988,281517469696
10851548,281517469696
10857157,281517469696
10862696,281517469696
10868357,281517469696
10873899,282418216960
10879490,282670665728
10885073,283246985216
10890642,283542814720
10896226,283542814720
10901790,283542814720
10907347,284372660224
10912938,283856785408
10918550,283547680768
10924133,283547680768
10929722,283547680768
10935261,283547680768
10940835,283547680768
10946391,283547680768
10951957,283767160832
10957522,283727028224
10963049,283727028224
10968575,283727028224
10974129,283727028224
10985243,284660105216
10990828,284890935296
10996432,284413128704
11001984,284413128704
11007554,284413128704
11013110,284413128704
11018662,284505354240
11024275,284952547328
11029970,284621701120
11035559,284401307648
11041100,284401307648
11046656,284401307648
11052239,284401307648
11057800,284827295744
11063412,284943024128
11068997,285071237120
11074528,285071237120
11080089,285071237120
11085661,285071237120
11091208,285725659136
11096719,285247414272
11102332,285247414272
11107915,285247414272
11113475,286181666816
11119067,286574784512
11124695,286665224192
11130264,286395035648
11135803,286395035648
11141365,286395035648
11146967,286395035648
11152526,287115128832
11158103,286373998592
11163652,286077730816
11169184,286077730816
11174753,286077730816
11180302,286077730816
11185881,286959988736
11191473,287227744256
11197092,286997938176
11202729,286997938176
11208263,286997938176
11213869,286997938176
11219452,286997938176
11225085,287505711104
11230621,287085527040
11236196,287085527040
11241764,287085527040
11247399,287085527040
11252963,288089137152
11258531,288639770624
11264132,289329504256
11269789,289056116736
11275325,289056116736
11280861,289056116736
11286400,289056116736
11291943,289769668608
11297521,288730193920
11303087,288611074048
11308593,288611074048
11314121,288611074048
11319663,288611074048
11325184,289351585792
11330770,289637142528
11336384,289343094784
11341997,289343094784
11347626,289294319616
11353225,289103396864
11358816,289103396864
11364416,289103396864
11369989,289173110784
11375705,290023849984
11381398,289367670784
11387015,289529393152
11392636,295990292480
11398281,298409357312
11403896,298409357312
11409532,298409357312
11415088,298409357312
11420649,298409357312
11426261,298409357312
11431880,298409357312
11437512,298409357312
11443081,298417745920
11448813,299568373760
11454474,299844657152
11460094,299771760640
11465781,299771760640
11471396,299771760640
11477022,300473864192
11482710,299975593984
11488383,299404292096
11494061,299404292096
11499693,299404292096
11505347,299404292096
11510960,300012068864
11516624,299589005312
11522243,299589005312
11527932,299589005312
11533557,300620611584
11539248,299846017024
11544906,300099846144
11550545,300099846144
11556156,301104152576
11561827,301068996608
11567450,301363752960
11573101,301077078016
11578692,301077078016
11584345,302039015424
11590015,302509412352
11595715,301590048768
11601417,301590048768
11607092,301590048768
11612808,302443642880
11618483,302784647168
11624155,302973829120
11629731,302980546560
11635408,310467313664
11641091,311907336192
11646703,311907336192
11652326,311907336192
11657951,311907336192
11663597,311907336192
11669192,311907336192
11674823,311907336192
11680408,311907336192
11686108,311907336192
11691766,312223166464
11697431,311986999296
11703061,310788587520
11708715,310788587520
11714322,310788587520
11720022,310789083136
11725771,311838810112
11731503,312100343808
11737166,311827709952
11742838,311827709952
11748484,311827709952
11754121,311827709952
11759770,311827709952
11765390,311827709952
11771060,312000827392
11776738,312688840704
11782364,312000524288
11787963,312000524288
11793605,312000524288
11799268,312000524288
11804878,312117518336
11810607,312898396160
11816293,312964042752
11821940,312964042752
11827574,312964042752
11833211,313177411584
11838964,313570545664
11844626,313276473344
11850343,313276473344
11855996,313276473344
11861662,313972379648
11867383,314637729792
11873075,314317991936
11878723,314317991936
11884363,314317991936
11890048,314410135552
11895789,314802262016
11901499,314420572160
11907189,314420572160
11912922,314420572160
11918605,314420572160
11924313,314841493504
11930032,314841493504
11935747,314846670848
11941444,314846670848
11947106,314846670848
11952715,314846670848
11958320,314846670848
11963943,314846670848
11969605,314846670848
11975281,314846670848
11980893,314846670848
11986548,314846670848
11992173,315543769088
11997933,315236941824
12003584,315585933312
12009255,315585933312
12014910,315585933312
12020566,315586064384
12026215,315724382208
12031930,315832655872
12037637,315329449984
12043352,315329449984
12049048,315329449984
12054745,315809894400
12060499,315401302016
12066137,315401302016
12071839,315401302016
12077487,316031909888
12083229,316479008768
12088934,316563103744
12094615,316563103744
12100259,319040036864
12105884,319040036864
12111551,323946323968
12117195,328077058048
12122793,328085086208
12128478,328461885440
12134170,334146658304
12139798,334146658304
12145479,334146658304
12151098,334146658304
12156761,334146658304
12162383,334146658304
12168033,334146658304
12173731,334146658304
12179410,334661001216
12185072,335464112128
12190724,336124186624
12196424,335918772224
12202119,335918772224
12207783,335980134400
12213529,336567570432
12219314,335037128704
12224978,335037128704
12230636,335037128704
12236262,335037128704
12241906,335037128704
12247523,335037128704
12253187,335934959616
12258889,336118632448
12264555,336118632448
12270201,336118632448
12275857,336118632448
12281534,337017135104
12287162,336828694528
12292829,336644259840
12298502,336644259840
12304124,336644259840
12309833,336644259840
12315519,336644259840
12321115,336644259840
12326688,336644259840
12332313,336644259840
12337882,336644259840
12343499,336644259840
12349135,325050634240
12355005,285391642624
12360426,281222324224
12366225,282122616832
12372136,283261087744
12377892,283604475904
12383760,283604475904
12389570,283624185856
12395467,283624185856
12401350,283624185856
12407223,283624185856
12413101,283623772160
12418994,283623772160
12424820,283623772160
12430638,283623772160
12436517,283623772160
12442364,283623772160
12448326,283623772160
12454202,283623772160
12460045,283623772160
12465882,283623772160
12471735,283623772160
12477527,283623772160
12483474,283623772160
12489373,283623772160
12495211,283623772160
12501042,283623772160
12506951,283623772160
12512801,283625861120
12518630,283684802560
12524432,283684802560
12530314,283684802560
12536259,283714801664
12542136,283714801664
12548010,283714801664
12553868,283714801664
12559706,283714801664
12565536,283714801664
12571343,283714801664
12577198,283714801664
12583057,283714801664
12588915,283714801664
12594822,283729645568
12600774,283729645568
12606634,283729645568
12612542,286486089728
12618452,286486089728
12624375,286486089728
12630271,288955682816
12636189,288955682816
12642185,288955682816
12648039,288955682816
12653994,288955682816
12659972,288955682816
12665912,296108167168
12671808,296989216768
12677714,301408718848
12683620,301834817536
12689542,302288883712
12695448,302773227520
12701353,303258292224
12707203,303728480256
12713146,303902412800
12719038,303902412800
12724898,304449458176
12730813,304449458176
12736709,304449458176
12742639,304937701376
12748597,304937701376
12754437,304940535808
12760357,305331261440
12766224,309322240000
12772102,309322240000
12777967,311552512000
12783853,311559704576
12789770,312441638912
12795652,312483188736
12801568,312693886976
12807470,312693886976
12813345,312693886976
12819270,312928243712
12825190,314677596160
12831123,314677596160
12837092,315204767744
12843034,315204767744
12848967,315646562304
12854900,316123811840
12860825,316123811840
12866791,316830617600
12872713,317421359104
12878618,318074097664
12884589,318074097664
12890462,318765355008
12896409,318765355008
12902355,319418142720
12908284,319418142720
12914239,320349491200
12920165,321026248704
12926133,321026248704
12932002,321897828352
12937992,321899745280
12943931,322876182528
12949816,322876182528
12955835,322919075840
12961783,323721859072
12967760,323721859072
12973733,324369780736
12979681,324369780736
12985614,324654960640
12991556,324654960640
12997506,324654960640
13003564,325727473664
13009579,326316101632
13015519,326319149056
13021481,326319149056
13027409,326921211904
13033372,327494668288
13039322,327494668288
13045243,328154238976
13051180,328159285248
13057130,328159285248
13063077,328159285248
13069021,329244872704
13075035,329550991360
13080946,329550991360
13086877,329550991360
13092836,329871298560
13098763,330191589376
13104781,330191589376
13110761,330191589376
13116668,330936913920
13122666,330940305408
13128592,330940305408
13134664,331795664896
13140565,331797123072
13146525,331797123072
13152423,333581291520
13158419,333586599936
13164432,333717094400
13170330,333717094400
13176231,333717094400
13182240,333717094400
13188188,333717094400
13194127,333717094400
13200056,333717094400
13205991,333717094400
13211918,333717094400
13217824,333717094400
13223818,333717094400
13229767,334857879552
13235706,334857879552
13241611,334857879552
13247541,334857879552
13253469,334857879552
13259364,335150055424
13265352,335150055424
13271283,335150055424
13277196,335150055424
13283094,335150055424
13289042,335150055424
13294962,335150055424
13300902,335150055424
13306830,335150055424
13312779,335150055424
13318732,337894064128
13324672,337894064128
13330628,337894064128
13336572,337894064128
13342508,337894064128
13348463,338196414464
13354458,338196414464
13360416,338196414464
13366345,338196414464
13372281,338196414464
13378270,338196414464
13384229,338196414464
13390191,338196414464
13396130,338196414464
13402061,338196414464
13408089,338196414464
13414053,338196414464
13419988,338196414464
13425922,338196414464
13431859,338196414464
13437836,338719932416
13443838,338719932416
13449799,338719932416
13455754,338719932416
13461727,338719932416
13467707,338739052544
13473623,338739052544
13479599,338739052544
13485596,338739052544
13491560,338739052544
13497528,338739052544
13503485,338739052544
13509477,338739052544
13515450,338739052544
13521398,338739052544
13527331,338756567040
13533265,338756567040
13539176,338756567040
13545093,338756567040
13551066,338756567040
13557026,338773114880
13562916,338773114880
13568817,338773114880
13574766,338773114880
13580702,338773114880
13586640,338792824832
13592524,338792824832
13598484,338792824832
13604367,338792824832
13610306,338792824832
13616189,338819301376
13622105,338819301376
13628022,338819301376
13633955,338819301376
13639900,338819301376
13645825,338831507456
13651750,338831507456
13657705,338831507456
13663650,338831507456
13669569,338831507456
13675457,338883346432
13681416,338883346432
13687342,338883346432
13693271,338883346432
13699233,338883346432
13705165,338904367104
13711120,338904367104
13717047,338904367104
13722988,338904367104
13728905,338904367104
13734837,338905448448
13740773,338905448448
13746719,338905448448
13752654,338905448448
13758595,338905448448
13764533,338912378880
13770446,338912378880
13776388,338912378880
13782316,338912378880
13788238,338912378880
13794154,338912378880
13800108,338912378880
13806058,338912378880
13812017,338912378880
13817986,326623674368
13823967,326747537408
13829883,326747537408
13835790,326747537408
13841715,326721613824
13847615,326721613824
13853465,326721613824
13859428,326721613824
13865346,326721613824
13871256,326721613824
13877150,326766710784
13883061,326881685504
13889038,326961180672
13895035,326990667776
13901003,327052795904
13906979,327114076160
13912932,327157567488
13918902,327208099840
13924951,327316267008
13930966,327369449472
13937009,327450058752
13943083,327457832960
13949182,327527075840
13955244,327616454656
13961349,327686000640
13967379,327772004352
13973429,327854329856
13979515,327986962432
13985583,327992053760
13991657,328121364480
13997707,328126242816
14003818,328265183232
14009915,328407736320
14016006,328412594176
14022118,328567263232
14028220,328572030976
14034286,328778940416
14040377,328783347712
14046463,328971288576
14052549,328975306752
14058583,329204838400
14064654,329208918016
14070722,329428828160
14076823,329432432640
14082923,329435598848
14089048,329684746240
14095148,329688281088
14101278,329691754496
14107350,329943011328
14113456,329945849856
14119556,329948565504
14125674,330268069888
14131830,330270879744
14137974,330273193984
14144072,330275553280
14150208,330619744256
14156312,330622406656
14162443,330624970752
14168577,330980552704
14174728,330983157760
14180845,330985549824
14186993,330987909120
14193109,331361361920
14199203,331363954688
14205315,331366428672
14211434,331368943616
14217542,331768659968
14223668,331771027456
14229828,331773227008
14235959,331775455232
14242107,332252090368
14248219,332254015488
14254381,332256153600
14260521,332257959936
14266700,332259123200
14272876,332764389376
14279021,332766330880
14285170,332768288768
14291301,332770131968
14297443,332771794944
14303562,333331333120
14310118,333333233664
14316260,333335134208
14322384,333337001984
14328519,333338779648
14334642,333339287552
14340808,333960724480
14346929,333962895360
14353089,333965107200
14359229,333967171584
14365432,333969240064
14371664,333969240064
14377827,334457790464
14383984,334460264448
14390172,334462636032
14396350,334465212416
14402527,334466764800
14408682,335072055296
14414839,335074119680
14420959,335076667392
14427099,335079202816
14433249,335081357312
14439404,335083487232
14445602,335084150784
14451737,335942987776
14457954,335945945088
14464087,335948566528
14470249,335951593472
14476422,335954784256
14482616,335957590016
14488890,335958401024
14495091,336567181312
14501254,336570564608
14507411,336573890560
14513546,336579387392
14519750,336584601600
14525929,336935047168
14532137,337053839360
14538331,337059491840
14544517,337064644608
14550672,337070227456
14556837,337447833600
14563018,337452978176
14569191,337458155520
14575376,337463549952
14581570,337468510208
14587733,337898840064
14593961,337904693248
14600153,337910325248
14606307,337915629568
14612486,337920176128
14618709,338401751040
14624904,338407526400
14631065,338412896256
14637289,338418548736
14643461,338424324096
14649654,338817114112
14655837,338913075200
14662051,338918391808
14668262,338923425792
14674485,338928418816
14680722,338930515968
14686909,339413139456
14693096,339417907200
14699278,339422429184
14705485,339426553856
14711700,339430846464
14717928,339432501248
14724168,339956039680
14730369,339960180736
14736588,339964776448
14742783,339969454080
14748971,339974479872
14755208,339977359360
14761386,340533354496
14767607,340538871808
14773804,340543889408
14779979,340548816896
14786198,340554424320
14792399,340556283904
14798598,341063016448
14804797,341068435456
14811002,341073870848
14817190,341079183360
14823398,341084491776
14829628,341165502464
14835876,341661483008
14842058,341667041280
14848252,341672345600
14854472,341677350912
14860649,341682647040
14866827,342215925760
14873081,342266974208
14879307,342272995328
14885483,342278320128
14891662,342282981376
14897851,342287605760
14904111,342289506304
14910355,342901575680
14916521,342906597376
14922708,342911254528
14928925,342915891200
14935175,342920556544
14941418,342924902400
14947602,343015714816
14953862,343588880384
14960081,343593304064
14966302,343597654016
14972503,343602253824
14978736,343606554624
14984991,343611060224
14991201,344332533760
14997523,344342167552
15003761,344346767360
15009985,344351760384
15016201,344358162432
15022416,344362123264
15028649,344366682112
15034891,345130909696
15041149,345146855424
15047362,345151197184
15053604,345155670016
15059839,345159852032
15066074,345164689408
15072286,345169633280
15078534,345174167552
15084741,345414688768
15091051,345981485056
15097241,345981485056
15103399,345985093632
15109592,345990414336
15115824,345996251136
15122042,346001793024
15128272,346006880256
15134507,346013003776
15140731,346018791424
15146928,346919821312
15153238,346930585600
15159493,346936459264
15165740,346941779968
15171974,346949373952
15178215,346956341248
15184409,346963906560
15190651,346973585408
15196870,347612573696
15203112,347677011968
15209340,347685756928
15215548,347694247936
15221784,347701723136
15228003,347710369792
15234232,347717947392
15240521,348243619840
15246688,348251402240
15252882,348260003840
15259089,348268150784
15265341,348276588544
15271592,348284821504
15277822,348291633152
15284047,348872503296
15290297,348878815232
15296528,348887924736
15302769,348896817152
15309016,348906213376
15315274,348915171328
15321528,348924628992
15327796,349540282368
15334077,349589512192
15340335,349599453184
15346522,349608181760
15352767,349617987584
15359017,349628518400
15365260,349637976064
15371514,349642199040
15377722,350285045760
15383980,350295900160
15390249,350306148352
15396493,350315581440
15402669,350324051968
15408915,350334369792
15415163,350343905280
15421449,350965071872
15427746,350979973120
15433965,350991278080
15440213,351001931776
15446463,351013318656
15452749,351023398912
15459023,351033511936
15465340,351037808640
15471641,351660285952
15477893,351681228800
15484164,351691960320
15490497,351702065152
15496751,351712878592
15503029,351722766336
15509314,351730896896
15515584,352305205248
15521867,352325398528
15528169,352336117760
15534405,352345292800
15540618,352355405824
15546858,352365543424
15553108,352376844288
15559382,353059672064
15565667,353074659328
15571941,353084719104
15578208,353095745536
15584441,353106649088
15590736,353116930048
15597035,353127227392
15603278,353133752320
15609599,353812471808
15615869,353823830016
15622149,353834561536
15628435,353845567488
15634715,353855135744
15640991,353865736192
15647296,353877352448
15653592,354580733952
15659909,354592980992
15666107,354592980992
15672314,354594865152
15678585,354606235648
15684859,354616590336
15691185,354627215360
15697465,354636959744
15703731,354647044096
15710002,354657796096
15716264,354811830272
15722507,355356344320
15728699,355356344320
15734882,355366203392
15741158,355377319936
15747423,355387613184
15753709,355398639616
15759981,355408248832
15766290,355418447872
15772572,356175818752
15778830,356189097984
15785100,356194177024
15791375,356204298240
15797631,356213903360
15803932,356223488000
15810208,356233084928
15816479,356242833408
15822744,356252770304
15829019,357003694080
15835415,357021843456
15841703,357032730624
15848023,357043654656
15854264,357053636608
15860599,357064781824
15866878,357074006016
15873196,357083095040
15879517,357084200960
15885824,357084233728
15892142,357695504384
15898392,357718409216
15904644,357728796672
15910979,357739155456
15917288,357747986432
15923599,357759262720
15929902,357768933376
15936228,357780676608
15942546,358020653056
15948878,358410792960
15955158,358423666688
15961504,358437134336
15967828,358449623040
15974142,358463758336
15980482,358476984320
15986846,358484680704
15993154,358915301376
15999473,358939648000
16005765,358951641088
16012072,358962376704
16018336,358973956096
16024658,358986694656
16031012,358999969792
16037320,359005663232
16043698,359465857024
16049978,359476068352
16056286,359489056768
16062585,359501844480
16068867,359515369472
16075184,359527972864
16081527,359539707904
16087866,359577616384
16094264,360026284032
16100611,360038293504
16106898,360050565120
16113214,360062345216
16119535,360074465280
16125841,360086966272
16132148,360100634624
16138491,360108056576
16144839,360597331968
16151140,360609763328
16157435,360622186496
16163761,360636555264
16170094,360649551872
16176430,360661139456
16182749,360673550336
16189083,360682438656
16195401,361162616832
16201649,361162616832
16207898,361162616832
16214167,361167704064
16220484,361182994432
16226822,361197387776
16233133,361212252160
16239479,361225293824
16245834,361239465984
16252160,361251115008
16258432,361733304320
16264674,361733304320
16270905,361734602752
16277232,361750188032
16283508,361765777408
16289811,361780109312
16296166,361794912256
16302528,361810268160
16308844,361823297536
16315172,362316144640
16321474,362332758016
16327779,362341900288
16334139,362357653504
16340447,362373468160
16346779,362388983808
16353086,362403540992
16359438,362419077120
16365726,362894893056
16372116,362917076992
16378458,362932580352
16384779,362948063232
16391133,362962386944
16397492,362978275328
16403858,362994409472
16410218,363049439232
16416604,363517976576
16422966,363536482304
16429335,363554361344
16435688,363571838976
16441993,363589488640
16448338,363606790144
16454690,364057231360
16461063,364124839936
16467413,364144107520
16473729,364162527232
16480082,364180824064
16486416,364197892096
16492760,364214685696
16499125,364697690112
16505435,364714733568
16511800,364732497920
16518144,364750024704
16524489,364767133696
16530848,364785352704
16537218,364802605056
16543545,365245120512
16549947,365269516288
16556267,365097299968
16562753,365097299968
16569241,365097299968
16575701,368553472000
16581981,368553472000
16588296,369305939968
16594582,369305939968
16600905,369305939968
16607259,369728036864
16613585,369798225920
16619917,371281813504
16626242,371061030912
16632575,371061030912
16638900,371061030912
16645255,371071926272
16651620,371071926272
16657899,371071926272
16664208,371071926272
16670472,371071926272
16676785,371118571520
16683056,371129376768
16689298,371129376768
16695571,371129376768
16701836,371129376768
16708105,371129376768
16714337,371129376768
16720565,371129376768
16726804,371129376768
16733082,371129376768
16739337,371129376768
16745682,371491000320
16752032,371143241728
16758274,371143241728
16764530,371143241728
16770832,371143241728
16777107,371143241728
16783385,371143241728
16789645,371143241728
16795888,371143241728
16802107,371143241728
16808360,371143241728
16814607,371143241728
16820901,371143241728
16827174,371143241728
16833418,371143241728
16839685,371143241728
16845900,371143241728
16852136,371143241728
16858332,371143241728
16864587,371143241728
16870852,371143241728
16877110,371143241728
16883332,371143241728
16889579,371143241728
16895819,371143241728
16902062,371143241728
16908309,371143241728
16914571,371143241728
16920818,371143241728
16927047,371143241728
16933300,371143241728
16939540,371143241728
16945793,371143241728
16952023,371143241728
16958235,371143241728
16964470,371143241728
16970698,371143241728
16976975,371143241728
16983199,371143241728
16989472,371143241728
16995706,371143241728
17001951,371143241728
17008236,371143241728
17014490,371143241728
17020723,371143241728
17026956,371143241728
17033200,371143241728
17039423,371143241728
17045666,371143241728
17051866,371143241728
17058097,371143241728
17064381,371143241728
17070614,371143241728
17076845,371143241728
17083080,371143241728
17089347,371143241728
17095590,371143241728
17101859,371143241728
17108117,371143241728
17114354,371143241728
17120617,371143241728
17126857,371143241728
17133088,371143241728
17139316,371143241728
17145543,371143241728
17151813,371143241728
17158040,371143241728
17164271,371143241728
17170515,371143241728
17176750,371143241728
17183050,371143241728
17189296,371143241728
17195533,371143241728
17201788,371143241728
17208009,371143241728
17214289,371143241728
17220524,371143241728
17226763,371143241728
17233113,372317179904
17239489,372748038144
17245708,372619177984
17251967,372619177984
17258237,372619177984
17264494,372619177984
17270762,372619177984
17277029,372619177984
17283299,372619177984
17289557,372619177984
17295783,372619177984
17302030,372619177984
17308275,372619177984
17314539,372619177984
17320829,372619177984
17327097,372619177984
17333322,372619177984
17339585,372619177984
17345864,372619177984
17352120,372619177984
17358365,372619177984
17364597,372619177984
17370828,372619177984
17377053,372619177984
17383287,372619177984
17389555,372619177984
17395799,372619177984
17402045,372619177984
17408289,372619177984
17414495,372619177984
17420740,372619177984
17426999,372619177984
17433215,372619177984
17439469,372619177984
17445649,372619177984
17451890,372619177984
17458107,372619177984
17464382,372619177984
17470623,372619177984
17476882,372619177984
17483123,372619177984
17489361,372619177984
17495587,372619177984
17501858,372619177984
17508090,372619177984
17514307,372619177984
17520552,372619177984
17526798,372619177984
17533048,372680040448
17539422,372866146304
17545670,372622213120
17551898,372622213120
17558139,372622213120
17564387,372622213120
17570619,372622213120
17576858,372622213120
17583108,372622213120
17589349,372622213120
17595599,372622213120
17601842,372622213120
17608089,372622213120
17614334,372622213120
17620606,372622213120
17626835,372622213120
17633081,372622213120
17639331,372622213120
17645566,372622213120
17651814,372622213120
17658082,373072150528
17664423,372147916800
17670672,372147916800
17676930,372147916800
17683195,372147916800
17689399,372147916800
17695680,372147916800
17701938,372147916800
17708176,372147916800
17714422,372147916800
17720693,372147916800
17726934,372147916800
17733159,372147916800
17739397,372147916800
17745653,372147916800
17751880,372147916800
17758117,372147916800
17764388,372147916800
17770638,372147916800
17776915,372147916800
17783161,372147916800
17789390,372147916800
17795606,372147916800
17801809,372147916800
17808037,372147916800
17814248,372147916800
17820456,372147916800
17826672,372147916800
17832879,372147916800
17839118,372147916800
17845355,372147916800
17851563,372147916800
17857813,372147916800
17864071,372147916800
17870309,372147916800
17876465,372147916800
17882713,372147916800
17888907,372147916800
17895096,372147916800
17901339,372147916800
17907583,372147916800
17913808,372147916800
17920054,372147916800
17926300,372147916800
17932547,372147916800
17938795,372147916800
17945052,372147916800
17951278,372147916800
17957520,372147916800
17963790,371953725440
17970137,371772989440
17976414,371772989440
17982637,371772989440
17988862,371772989440
17995096,371772989440
18001336,371772989440
18007595,371772989440
18013839,371772989440
18020095,371772989440
18026346,371772989440
18032565,371772989440
18038812,371772989440
18045032,371772989440
18051249,371772989440
18057515,371772989440
18063803,371772989440
18070039,371772989440
18076304,371772989440
18082552,371772989440
18088793,371772989440
18095043,371772989440
18101286,371772989440
18107521,371772989440
18113778,371772989440
18120046,371772989440
18126306,371772989440
18132554,371772989440
18138809,371772989440
18145054,371772989440
18151322,371772989440
18157544,371772989440
18163769,371772989440
18170035,371772989440
18176247,371772989440
18182464,371772989440
18188707,371772989440
18194942,371772989440
18201177,371772989440
18207410,371772989440
18213635,371772989440
18219923,371772989440
18226161,371772989440
18232426,371772989440
18238643,371772989440
18244893,371772989440
18251168,371772989440
18257393,371772989440
18263663,371772989440
18269913,371772989440
18276153,371772989440
18282409,371772989440
18288656,371772989440
18294932,371772989440
18301201,371772989440
18307442,371772989440
18313692,371772989440
18319966,371772989440
18326206,371772989440
18332455,371772989440
18338741,371772989440
18344991,371772989440
18351209,371772989440
18357454,371772989440
18363679,371772989440
18369868,371772989440
18376134,371772989440
18382367,371772989440
18388601,371863142400
18394909,371778768896
18401150,371778768896
18407377,371778768896
18413644,371778768896
18419874,371778768896
18426118,371778768896
18432364,371778768896
18438608,371778768896
18444882,371778768896
18451145,371778768896
18457420,371778768896
18463617,371778768896
18469883,371778768896
18476143,371778768896
18482396,371778768896
18488641,371778768896
18494885,371778768896
18501150,371778768896
18507416,371778768896
18513697,371778768896
18519919,371778768896
18526125,371778768896
18532360,371778768896
18538510,371778768896
18544744,371778768896
18550985,371778768896
18557204,371778768896
18563428,371778768896
18569686,371778768896
18575909,371778768896
18582119,371778768896
18588378,371778768896
18594624,371778768896
18600841,371778768896
18607074,371778768896
18613316,371778768896
18619532,371778768896
18625760,371778768896
18631993,371778768896
18638236,371778768896
18644457,371778768896
18650719,371778768896
18656981,371778768896
18663246,371778768896
18669486,371778768896
18675701,371778768896
18681954,371778768896
18688213,371778768896
18694469,371778768896
18700704,371778768896
18706935,371778768896
18713187,371778768896
18719427,371778768896
18725685,371778768896
18731935,371778768896
18738202,371778768896
18744427,371778768896
18750689,371778768896
18756928,371778768896
18763260,371778768896
18769518,371778768896
18775770,371778768896
18782005,371778768896
18788238,371778768896
18794487,371778768896
18800745,371778768896
18806996,371778768896
18813201,371778768896
18819414,371778768896
18825664,371778768896
18831920,371778768896
18838179,371778768896
18844480,371778768896
18850735,371778768896
18856958,371778768896
18863226,371778768896
18869468,371778768896
18875718,371778768896
18881943,371778768896
18888162,371778768896
18894459,371778768896
18900704,371778768896
18906953,371778768896
18913184,371778768896
18919434,371778768896
18925653,371778768896
18931878,371778768896
18938091,371778768896
18944351,371778768896
18950586,371778768896
18956842,371778768896
18963104,371778768896
18969325,371778768896
18975571,371778768896
18981775,371778768896
18988034,371778768896
18994323,371778768896
19000600,371778768896
19006800,371778768896
19013033,371778768896
19019324,371778768896
19025588,371778768896
19031820,371778768896
19038100,371778768896
19044365,371778768896
19050600,371778768896
19056850,371778768896
19063091,371778768896
19069336,371778768896
19075595,371778768896
19081841,371778768896
19088099,371778768896
19094363,371778768896
19100637,371778768896
19106881,371778768896
19113138,371778768896
19119425,371778768896
19125695,371778768896
19131987,371778768896
19138250,371778768896
19144461,371778768896
19150682,371778768896
19156911,371778768896
19163139,371778768896
19169385,371778768896
19175624,371778768896
19181856,371778768896
19188074,371778768896
19194326,371778768896
19200594,371778768896
19206832,371778768896
19213046,371778768896
19219309,371778768896
19225524,371778768896
19231784,371778768896
19238070,371778768896
19244323,371778768896
19250556,371778768896
19256797,371778768896
19263057,371778768896
19269302,371778768896
19275531,371778768896
19281751,371778768896
19287989,371778768896
19294248,371778768896
19300481,371778768896
19306699,371778768896
19312964,371778768896
19319179,371778768896
19325431,371778768896
19331696,371778768896
19337947,371778768896
19344197,371778768896
19350423,371778768896
19356695,371778768896
19362907,371778768896
19369115,371778768896
19375331,371778768896
19381573,371778768896
19387760,371778768896
19393998,371778768896
19400239,371778768896
19406489,371778768896
19412701,371778768896
19418987,371778768896
19425256,371778768896
19431456,371778768896
19437697,371778768896
19443957,371778768896
19450194,371778768896
19456466,371778768896
19462715,371778768896
19468973,371778768896
19475185,371778768896
19481430,371778768896
19487672,371778768896
19493905,371778768896
19500157,371778768896
19506400,371778768896
19512675,371778768896
19518955,371778768896
19525168,371778768896
19531388,371778768896
19537640,371778768896
19543930,371778768896
19550180,371778768896
19556431,371778768896
19562696,371778768896
19568939,371778768896
19575206,371778768896
19581467,371778768896
19587729,371778768896
19593949,371778768896
19600154,371778768896
19606446,371778768896
19612654,371778768896
19618892,371778768896
19625164,371778768896
19631433,371778768896
19637683,371778768896
19643886,371778768896
19650171,371778768896
19656472,371778768896
19662754,371778768896
19669024,371778768896
19675329,371778768896
19681570,371778768896
19687804,371778768896
19694058,371778768896
19700340,371778768896
19706562,371778768896
19712804,371778768896
19719072,371778768896
19725387,371778768896
19731651,371778768896
19737920,371778768896
19744140,371778768896
19750368,371778768896
19756593,371778768896
19762845,371778768896
19769073,371778768896
19775337,371778768896
19781611,371778768896
19787865,371778768896
19794136,371778768896
19800355,371778768896
19806595,371778768896
19812838,371778768896
19819101,371778768896
19825381,371778768896
19831611,371778768896
19837828,371778768896
19844039,371778768896
19850275,371778768896
19856486,371778768896
19862738,371778768896
19868969,371778768896
19875202,371778768896
19881449,371778768896
19887712,371778768896
19893931,371778768896
19900185,371778768896
19906412,371778768896
19912660,371778768896
19918926,371778768896
19925145,371778768896
19931369,371778768896
19937612,371778768896
19943869,371778768896
19950095,371778768896
19956344,371778768896
19962576,371778768896
19968760,371778768896
19974993,371778768896
19981231,371778768896
19987485,371778768896
19993701,371778768896
19999941,371778768896
20006179,371778768896
20012434,371778768896
20018720,371778768896
20024955,371778768896
20031226,371778768896
20037489,371778768896
20043718,371778768896
20049926,371778768896
20056209,371778768896
20062466,371778768896
20068697,371778768896
20074951,371778768896
20081226,371778768896
20087459,371778768896
20093718,371778768896
20100011,371778768896
20106252,371778768896
20112506,371778768896
20118781,371778768896
20125021,371778768896
20131259,371778768896
20137499,371778768896
20143744,371778768896
20150023,371778768896
20156249,371778768896
20162454,371778768896
20168714,371778768896
20174973,371778768896
20181192,371778768896
20187397,371778768896
20193617,371778768896
20199875,371778768896
20206125,371778768896
20212363,371778768896
20218579,371778768896
20224817,371778768896
20231067,371778768896
20237308,371778768896
20243577,371778768896
20249854,371778768896
20256121,371778768896
20262376,371778768896
20268638,371778768896
20274851,371778768896
20281075,371778768896
20287271,371778768896
20293503,371778768896
20299761,371778768896
20306008,371778768896
20312226,371778768896
20318494,371778768896
20324718,371778768896
20330962,371778768896
20337190,371778768896
20343448,371778768896
20349713,371778768896
20355922,371778768896
20362159,371778768896
20368377,371778768896
20374642,371778768896
20380851,371778768896
20387086,371778768896
20393300,371778768896
20399574,371778768896
20405811,371778768896
20412043,371778768896
20418286,371778768896
20424544,371778768896
20430810,371778768896
20437082,371778768896
20443313,371778768896
20449573,371778768896
20455826,371778768896
20462065,371778768896
20468298,371778768896
20474511,371778768896
20480767,371778768896
20487028,371778768896
20493265,371778768896
20499506,371778768896
20505747,371778768896
20511972,371778768896
20518219,371778768896
20524472,371778768896
20530700,371778768896
20536964,371778768896
20543209,371778768896
20549471,371778768896
20555723,371778768896
20561994,371778768896
20568235,371778768896
20574464,371778768896
20580693,371778768896
20586924,371778768896
20593176,371778768896
20599403,371778768896
20605632,371778768896
20611858,371778768896
20618123,371778768896
20624326,371778768896
20630595,371778768896
20636848,371778768896
20643084,371778768896
20649326,371778768896
20655560,371778768896
20661786,371778768896
20668032,371778768896
20674267,371778768896
20680559,371778768896
20686817,371778768896
20693076,371778768896
20699313,371778768896
20705534,371778768896
20711783,371778768896
20718020,371778768896
20724277,371778768896
20730546,371778768896
20736779,371778768896
20743019,371778768896
20749259,371778768896
20755513,371778768896
20761742,371778768896
20767944,371778768896
20774171,371778768896
20780425,371778768896
20786654,371778768896
20792902,371778768896
20799162,371778768896
20805435,371778768896
20811692,371778768896
20817919,371778768896
20824168,371778768896
20830353,371778768896
20836598,371778768896
20842825,371778768896
20849060,371778768896
20855275,371778768896
20861499,371778768896
20867716,371778768896
20873970,371778768896
20880191,371778768896
20886408,371778768896
20892633,371778768896
20898875,371778768896
20905105,371778768896
20911329,371778768896
20917555,371778768896
20923774,371778768896
20930001,371778768896
20936252,371778768896
20942475,371778768896
20948721,371778768896
20954965,371778768896
20961224,371778768896
20967439,371778768896
20973687,371778768896
20979918,371778768896
20986193,371778768896
20992446,371778768896
20998682,371778768896
21004863,371778768896
21011083,371778768896
21017283,371778768896
21023506,371778768896
21029699,371778768896
21035930,371778768896
21042140,371778768896
21048357,371778768896
21054617,371778768896
21060873,371778768896
21067070,371778768896
21073290,371778768896
21079568,371778768896
21085782,371778768896
21092015,371778768896
21098274,371778768896
21104531,371778768896
21110798,371778768896
21117058,371778768896
21123325,371778768896
21129556,371778768896
21135849,371778768896
21142064,371778768896
21148304,371778768896
21154523,371778768896
21160764,371778768896
21166998,371778768896
21173239,371778768896
21179549,371778768896
21185802,371778768896
21192066,371778768896
21198306,371778768896
21204531,371778768896
21210789,371778768896
21217031,371778768896
21223299,371778768896
21229555,371778768896
21235822,371778768896
21242008,371778768896
21248234,371778768896
21254476,371778768896
21260652,371778768896
21266883,371778768896
21273073,371778768896
21279315,371778768896
21285565,371778768896
21291807,371778768896
21298058,371778768896
21304285,371778768896
21310503,371778768896
21316759,371778768896
21322985,371778768896
21329232,371778768896
21335482,371778768896
21341726,371778768896
21347949,371778768896
21354170,371778768896
21360437,371778768896
21366663,371778768896
21372896,371778768896
21379175,371778768896
21385408,371778768896
21391680,371778768896
21397946,371778768896
21404190,371778768896
21410458,371778768896
21416679,371778768896
21422859,371778768896
21429101,371778768896
21435339,371778768896
21441579,371778768896
21447795,371778768896
21454046,371778768896
21460261,371778768896
21466549,371778768896
21472778,371778768896
21478987,371778768896
21485265,371778768896
21491524,371778768896
21497769,371778768896
21503987,371778768896
21510212,371778768896
21516474,371778768896
21522720,371778768896
21528983,371778768896
21535220,371778768896
21541478,371778768896
21547713,371778768896
21553945,371778768896
21560178,371778768896
21566432,371778768896
21572653,371778768896
21578926,371778768896
21585181,371778768896
21591438,371778768896
21597726,371778768896
21604053,372273242112
21610328,372174073856
21616564,372174073856
21622821,372174073856
21629071,372174073856
21635304,372174073856
21641563,372174073856
21647833,372174073856
21654085,372174073856
21660284,372174073856
21666519,372174073856
21672752,372174073856
21678977,372174073856
21685237,372174073856
21691477,372174073856
21697734,372174073856
21703984,372174073856
21710222,372174073856
21716483,372174073856
21722727,372174073856
21728954,372174073856
21735225,372174073856
21741492,372174073856
21747730,372174073856
21754003,372174073856
21760247,372174073856
21766465,372174073856
21772693,372174073856
21778945,372174073856
21785181,372174073856
21791407,372174073856
21797626,372174073856
21803866,372174073856
21810113,372174073856
21816395,372174073856
21822632,372174073856
21828893,372174073856
21835123,372174073856
21841363,372174073856
21847603,372174073856
21853834,372174073856
21860070,372174073856
21866291,372174073856
21872508,372174073856
21878776,372174073856
21885063,372174073856
21891326,372174073856
21897544,372174073856
21903756,372174073856
21909933,372174073856
21916118,372174073856
21922303,372174073856
21928520,372174073856
21934731,372174073856
21940976,372174073856
21947184,372174073856
21953418,372174073856
21959667,372174073856
21965902,372174073856
21972109,372174073856
21978342,372174073856
21984577,372174073856
21990815,372174073856
21997070,372174073856
22003333,372174073856
22009558,372174073856
22015822,372174073856
22022070,372174073856
22028317,372174073856
22034542,372174073856
22040750,372174073856
22046959,372174073856
22053142,372174073856
22059367,372174073856
22065558,372174073856
22071779,372174073856
22077970,372174073856
22084200,372174073856
22090480,372716228608
22096907,373181374464
22103163,372814544896
22109418,372814544896
22115673,372814544896
22121910,372814544896
22128158,372814544896
22134419,372814544896
22140652,372814544896
22146870,372814544896
22153082,372814544896
22159329,372814544896
22165549,372814544896
22171816,372814544896
22178057,372814544896
22184282,372814544896
22190490,372814544896
22196757,372814544896
22202964,372814544896
22209214,372814544896
22215459,372814544896
22221685,372814544896
22227907,372814544896
22234182,372814544896
22240398,372814544896
22246633,372814544896
22252892,372814544896
22259145,372814544896
22265382,372814544896
22271667,372814544896
22277931,372814544896
22284166,372814544896
22290419,372814544896
22296658,372814544896
22302935,372814544896
22309155,372814544896
22315380,372814544896
22321604,372814544896
22327839,372814544896
22334098,372814544896
22340314,372814544896
22346562,372814544896
22352818,372814544896
22359039,372814544896
22365256,372814544896
22371522,372814544896
22377744,372814544896
22383989,372814544896
22390231,372814544896
22396457,372814544896
22402681,372814544896
22408931,372814544896
22415179,372814544896
22421411,372814544896
22427689,372814544896
22433932,372814544896
22440239,372814544896
22446480,372814544896
22452714,372814544896
22458922,372814544896
22465153,372814544896
22471429,372814544896
22477705,372814544896
22483958,372814544896
22490212,372814544896
22496490,372814544896
22502730,372814544896
22508974,372814544896
22515208,372814544896
22521456,372814544896
22527717,372814544896
22533945,372814544896
22540158,372814544896
22546411,372814544896
22552676,372814544896
22558946,372814544896
22565156,372814544896
22571379,372814544896
22577603,372814544896
22583836,372814544896
22590092,372814544896
22596311,372814544896
22602573,372814544896
22608838,372814544896
22615109,372814544896
22621344,372814544896
22627568,372814544896
22633820,373111074816
22640204,372258222080
22646455,372258222080
22652681,372258222080
22658921,372258222080
22665166,372258222080
22671428,372258222080
22677683,372258222080
22683945,372258222080
22690212,372258222080
22696449,372258222080
22702726,372258222080
22708955,372258222080
22715200,372258222080
22721441,372258222080
22727678,372258222080
22733941,372258222080
22740162,372258222080
22746377,372258222080
22752670,372258222080
22758898,372258222080
22765174,372258222080
22771411,372258222080
22777628,372258222080
22783878,372258222080
22790140,372258222080
22796376,372258222080
22802591,372258222080
22808846,372258222080
22815079,372258222080
22821324,372258222080
22827534,372258222080
22833789,372258222080
22840045,372258222080
22846252,372258222080
22852527,372258222080
22858771,372258222080
22865036,372258222080
22871271,372258222080
22877519,372258222080
22883770,372258222080
22890012,372258222080
22896253,372258222080
22902460,372258222080
22908676,372258222080
22914906,372258222080
22921102,372258222080
22927327,372258222080
22933582,372258222080
22939795,372258222080
22946072,372258222080
22952336,372258222080
22958569,372258222080
22964828,372258222080
22971050,372258222080
22977260,372258222080
22983477,372258222080
22989682,372258222080
22995905,372258222080
23002150,372258222080
23008425,372258222080
23014622,372258222080
23020838,372258222080
23027077,372258222080
23033326,372258222080
23039543,372258222080
23045780,372258222080
23052003,372258222080
23058226,372258222080
23064486,372258222080
23070786,372258222080
23077034,372258222080
23083325,372258222080
23089547,372258222080
23095771,372258222080
23102005,372258222080
23108252,372258222080
23114483,372258222080
23120751,372258222080
23127026,372258222080
23133362,372258222080
23139603,372258222080
23145858,372258222080
23152139,372258222080
23158384,372258222080
23164621,372258222080
23170869,372258222080
23177142,372258222080
23183419,372929327104
23189720,372136779776
23195967,372136779776
23202218,372136779776
23208429,372136779776
23214662,372136779776
23220932,372136779776
23227149,372136779776
23233400,372136779776
23239670,372136779776
23245970,372136779776
23252213,372136779776
23258433,372136779776
23264660,372136779776
23270901,372136779776
23277126,372136779776
23283391,372136779776
23289621,372136779776
23295878,372136779776
23302133,372136779776
23308343,372136779776
23314565,372136779776
23320800,372136779776
23327033,372136779776
23333281,372136779776
23339500,372136779776
23345733,372136779776
23351974,372136779776
23358218,372136779776
23364481,372136779776
23370709,372136779776
23376952,372136779776
23383214,372136779776
23389449,372136779776
23395699,372136779776
23401965,372136779776
23408187,372136779776
23414459,372136779776
23420675,372136779776
23426919,372136779776
23433092,372136779776
23439259,372136779776
23445502,372136779776
23451694,372136779776
23457934,372136779776
23464151,372136779776
23470341,372136779776
23476464,372136779776
23482661,372136779776
23488914,372136779776
23495179,372136779776
23501442,372136779776
23507652,372136779776
23513887,372136779776
23520119,372136779776
23526363,372136779776
23532557,372136779776
23538748,372136779776
23544931,372136779776
23551190,372136779776
23557423,372136779776
23563643,372136779776
23569881,372136779776
23576166,372136779776
23582439,372136779776
23588666,372136779776
23594889,372136779776
23601114,372136779776
23607360,372136779776
23613606,372136779776
23619814,372136779776
23626081,372136779776
23632330,372136779776
23638530,372136779776
23644764,372136779776
23651014,372136779776
23657255,372136779776
23663497,372136779776
23669762,372136779776
23676019,372136779776
23682265,372136779776
23688500,372136779776
23694723,372136779776
23700951,372136779776
23707217,372136779776
23713473,372136779776
23719754,372136779776
23725990,372136779776
23732240,372136779776
23738406,372136779776
23744643,372136779776
23750902,372136779776
23757131,372136779776
23763336,372136779776
23769536,372136779776
23775748,372136779776
23781964,372136779776
23788186,372382601216
23794455,372129284096
23800679,372129284096
23806890,372129284096
23813101,372129284096
23819316,372129284096
23825516,372129284096
23831742,372129284096
23837937,372129284096
23844135,372129284096
23850370,372129284096
23856620,372129284096
23862862,372129284096
23869091,372129284096
23875361,372129284096
23881574,372129284096
23887811,372129284096
23894047,372129284096
23900249,372129284096
23906491,372129284096
23912727,372129284096
23918964,372129284096
23925224,372129284096
23931468,372129284096
23937741,372129284096
23943987,372129284096
23950231,372129284096
23956532,372129284096
23962774,372129284096
23969016,372129284096
23975191,372129284096
23981449,372129284096
23987690,372129284096
23993897,372129284096
24000179,372129284096
24006401,372129284096
24012623,372129284096
24018873,372129284096
24025095,372129284096
24031328,372129284096
24037609,372129284096
24043849,372129284096
24050062,372129284096
24056282,372129284096
24062489,372129284096
24068728,372129284096
24074924,372129284096
24081144,372129284096
24087386,372129284096
24093662,372547383296
24099979,371780923392
24106200,371780923392
24112444,371780923392
24118669,371780923392
24124902,371780923392
24131127,371780923392
24137359,371780923392
24143606,371780923392
24149870,371780923392
24156075,371780923392
24162293,371780923392
24168505,371780923392
24174718,371780923392
24180975,371780923392
24187210,371780923392
24193435,371780923392
24199677,371780923392
24205918,371780923392
24212145,371780923392
24218421,371780923392
24224685,371780923392
24230910,371780923392
24237141,371780923392
24243409,371780923392
24249671,371780923392
24255884,371780923392
24262145,371780923392
24268408,371780923392
24274658,371780923392
24280890,371780923392
24287087,371780923392
24293331,371780923392
24299560,371780923392
24305752,371780923392
24312008,371780923392
24318247,371780923392
24324435,371780923392
24330678,371780923392
24336880,371780923392
24343097,371780923392
24349304,371780923392
24355525,371780923392
24361713,371780923392
24367921,371780923392
24374165,371780923392
24380380,371780923392
24386598,371780923392
24392819,371780923392
24399076,371780923392
24405338,371780923392
24411601,371780923392
24417844,371780923392
24424079,371780923392
24430296,371780923392
24436549,371780923392
24442796,371780923392
24449058,371780923392
24455324,371780923392
24461571,371780923392
24467802,371780923392
24474037,371780923392
24480280,371780923392
24486520,371780923392
24492765,371780923392
24499029,371780923392
24505119,371780923392
24511280,371780923392
24517477,371780923392
24523610,371780923392
24529735,371780923392
24535790,371780923392
24541953,371780923392
24548049,371780923392
24554116,371780923392
24560185,371780923392
24566286,371780923392
24572345,371780923392
24578448,371780923392
24584523,371780923392
24590674,371780923392
24596818,371780923392
24602926,371780923392
24609018,371780923392
24615106,371780923392
24621183,371780923392
24627263,371780923392
24633381,371780923392
24639460,371780923392
24645532,371780923392
24651602,371780923392
24657679,371780923392
24663760,371780923392
24669819,371780923392
24675905,371780923392
24681987,371780923392
24688069,371780923392
24694134,371780923392
24700227,371780923392
24706321,371780923392
24712401,371780923392
24718471,371780923392
24724552,371780923392
24730624,371780923392
24736700,371780923392
24742779,371780923392
24748863,371780923392
24754950,371780923392
24761035,371780923392
24767103,371780923392
24773180,371780923392
24779246,371780923392
24785309,371780923392
24791377,371780923392
24797446,371780923392
24803521,371780923392
24809613,371780923392
24815680,371780923392
24821762,371780923392
24827820,371780923392
24833885,371780923392
24839966,371780923392
24846042,371780923392
24852108,371780923392
24858195,371780923392
24864283,371780923392
24870367,371780923392
24876453,371780923392
24882529,371780923392
24888599,371780923392
24894690,371780923392
24900745,371780923392
24906815,371780923392
24912934,371780923392
24919477,371780923392
24925841,371780923392
24932114,371780923392
24938344,371780923392
24944484,371780923392
24950662,371780923392
24956846,371780923392
24963185,371780923392
24969498,371780923392
24975837,371780923392
24982192,371780923392
24988527,371780923392
24994770,371780923392
25001045,371780923392
25007290,371780923392
25013500,371780923392
25019719,371780923392
25025956,371780923392
25032262,371780923392
25038478,371780923392
25044691,371780923392
25050934,371780923392
25057140,371780923392
25063420,371780923392
25069663,371780923392
25075871,371780923392
25082125,371780923392
25088359,371780923392
25094566,371780923392
25100811,371780923392
25107078,371780923392
25113326,371780923392
25119549,371780923392
25125799,371780923392
25132051,371780923392
25138328,371780923392
25144549,371780923392
25150766,371780923392
25157007,371780923392
25163197,371780923392
25169434,371780923392
25175694,371780923392
25181927,371780923392
25188186,371780923392
25194409,371780923392
25200607,371780923392
25206840,371780923392
25213066,371780923392
25219287,371780923392
25225557,371780923392
25231815,371780923392
25238079,371780923392
25244306,371780923392
25250585,371780923392
25256783,371780923392
25263031,371780923392
25269255,371780923392
25275533,371780923392
25281751,371780923392
25287965,371780923392
25294216,371780923392
25300456,371780923392
25306689,371780923392
25312927,371780923392
25319181,371780923392
25325381,371780923392
25331623,371780923392
25337885,371780923392
25344103,371780923392
25350370,371780923392
25356576,371780923392
25362811,371780923392
25369051,371780923392
25375268,371780923392
25381506,371780923392
25387757,371780923392
25393998,371780923392
25400223,371780923392
25406468,371780923392
25412693,371780923392
25418914,371780923392
25425163,371780923392
25431359,371780923392
25437624,371780923392
25443876,371780923392
25450093,371780923392
25456334,371780923392
25462605,371780923392
25468846,371780923392
25475073,371780923392
25481324,371780923392
25487552,371960918016
25493979,371795214336
25500226,371795214336
25506442,371795214336
25512684,371795214336
25518897,371795214336
25525125,371795214336
25531367,371795214336
25537600,371795214336
25543850,371795214336
25550127,371795214336
25556375,371795214336
25562652,371795214336
25568893,371795214336
25575125,371795214336
25581358,371795214336
25587584,371795214336
25593833,371795214336
25600092,371795214336
25606320,371795214336
25612583,371795214336
25618858,371795214336
25625103,371795214336
25631356,371795214336
25637610,371795214336
25643820,371795214336
25650071,371795214336
25656308,371795214336
25662541,371795214336
25668770,371795214336
25675033,371795214336
25681249,371795214336
25687521,371795214336
25693783,371795214336
25699999,371795214336
25706266,371795214336
25712541,371795214336
25718790,371795214336
25725028,371795214336
25731332,371795214336
25737591,371795214336
25743822,371795214336
25750042,371795214336
25756339,371795214336
25762557,371795214336
25768834,371795214336
25775111,371795214336
25781378,371795214336
25787607,371795214336
25793837,371795214336
25800090,371795214336
25806355,371795214336
25812600,371795214336
25818817,371795214336
25825090,371795214336
25831323,371795214336
25837607,371795214336
25843865,371795214336
25850113,371795214336
25856388,371795214336
25862627,371795214336
25868865,371795214336
25875123,371795214336
25881348,371795214336
25887590,371795214336
25893818,371795214336
25900091,371795214336
25906331,371795214336
25912581,371795214336
25918852,371795214336
25925130,371795214336
25931356,371795214336
25937606,371795214336
25943823,371795214336
25950097,371795214336
25956314,371795214336
25962572,371795214336
25968781,371795214336
25975023,371795214336
25981264,371795214336
25987522,371795214336
25993756,371795214336
26000004,371795214336
26006217,371795214336
26012443,371795214336
26018667,371795214336
26024899,371795214336
26031126,371795214336
26037364,371795214336
26043589,371795214336
26049840,371795214336
26056062,371795214336
26062322,371795214336
26068605,371795214336
26074898,371795214336
26081158,371795214336
26087388,371795214336
26093631,371795214336
26099893,371795214336
26106181,371795214336
26112438,371795214336
26118655,371795214336
26124867,371795214336
26131105,371795214336
26137313,371795214336
26143533,371795214336
26149775,371795214336
26156033,371795214336
26162282,371795214336
26168529,371795214336
26174771,371795214336
26181033,371795214336
26187254,371795214336
26193504,371795214336
26199706,371795214336
26205943,371795214336
26212179,371795214336
26218443,371795214336
26224717,371795214336
26230996,371795214336
26237212,371795214336
26243462,371795214336
26249733,371795214336
26255977,371795214336
26262247,371795214336
26268490,371795214336
26274729,371795214336
26281019,371795214336
26287241,371795214336
26293484,371795214336
26299747,371795214336
26305953,371795214336
26312220,371795214336
26318453,371795214336
26324707,371795214336
26330928,371795214336
26337161,371795214336
26343382,371795214336
26349621,371795214336
26355911,371795214336
26362170,371795214336
26368396,371795214336
26374661,371795214336
26380905,371795214336
26387165,371795214336
26393446,371795214336
26399679,371795214336
26405936,371795214336
26412157,371795214336
26418384,371795214336
26424625,371795214336
26430873,371795214336
26437094,371795214336
26443327,371795214336
26449534,371795214336
26455746,371795214336
26461996,371795214336
26468241,371795214336
26474448,371795214336
26480669,371795214336
26486941,371795214336
26493206,371795214336
26499463,371795214336
26505689,371795214336
26511947,371795214336
26518237,371795214336
26524531,371795214336
26530744,371795214336
26536958,371795214336
26543190,371795214336
26549443,371795214336
26555677,371795214336
26561947,371795214336
26568218,371795214336
26574452,371795214336
26580703,371795214336
26586981,371795214336
26593192,371795214336
26599443,371795214336
26605683,371795214336
26611910,371795214336
26618136,371795214336
26624409,371795214336
26630676,371795214336
26636904,371795214336
26643144,371795214336
26649364,371795214336
26655615,371795214336
26661855,371795214336
26668132,371795214336
26674367,371795214336
26680576,371795214336
26686784,371795214336
26693026,371795214336
26699276,371795214336
26705509,371795214336
26711761,371795214336
26718013,371795214336
26724255,371795214336
26730475,371795214336
26736713,371795214336
26742988,371795214336
26749208,371795214336
26755445,371795214336
26761714,371994124288
26768108,372160012288
26774335,372160012288
26780571,372160012288
26786792,372160012288
26793059,372160012288
26799318,372160012288
26805543,372160012288
26811787,372160012288
26818006,372160012288
26824237,372160012288
26830466,372160012288
26836756,372160012288
26843025,372160012288
26849291,372160012288
26855540,372160012288
26861771,372160012288
26867970,372160012288
26874200,372160012288
26880449,372160012288
26886674,372160012288
26892891,372160012288
26899141,372160012288
26905376,372160012288
26911632,372160012288
26917882,372160012288
26924105,372160012288
26930366,372160012288
26936626,372160012288
26942868,372160012288
26949149,372160012288
26955386,372160012288
26961632,372160012288
26967865,372160012288
26974124,372160012288
26980377,372160012288
26986649,372160012288
26992890,372160012288
26999099,372160012288
27005331,372160012288
27011551,372160012288
27017771,372160012288
27023994,372160012288
27030232,372160012288
27036459,372160012288
27042695,372160012288
27048906,372160012288
27055176,372160012288
27061396,372160012288
27067643,372160012288
27073902,372160012288
27080133,372160012288
27086371,372160012288
27092583,372160012288
27098805,372160012288
27105054,372160012288
27111289,372160012288
27117523,372160012288
27123773,372160012288
27130018,372160012288
27136263,372160012288
27142481,372160012288
27148718,372160012288
27154965,372160012288
27161210,372160012288
27167422,372160012288
27173652,372160012288
27179895,372160012288
27186078,372160012288
27192268,372160012288
27198506,372160012288
27204724,372160012288
27210934,372160012288
27217195,372160012288
27223448,372160012288
27229688,372160012288
27235922,372160012288
27242186,372160012288
27248412,372160012288
27254672,372160012288
27260942,372160012288
27267223,372160012288
27273468,372160012288
27279713,372160012288
27285942,372160012288
27292205,372160012288
27298432,372160012288
27304647,372160012288
27310834,372160012288
27316917,372160012288
27322986,372160012288
27329037,372160012288
27335114,372160012288
27341167,372160012288
27347204,372160012288
27353259,372160012288
27359330,372160012288
27365393,372160012288
27371497,372160012288
27377592,372160012288
27383650,372160012288
27389729,372160012288
27395804,372160012288
27401869,372160012288
27407928,372160012288
27413977,372160012288
27420045,372160012288
27426112,372160012288
27432195,372160012288
27438257,372160012288
27444333,372160012288
27450407,372160012288
27456504,372160012288
27462564,372160012288
27468639,372160012288
27474707,372160012288
27480778,372160012288
27486850,372160012288
27492908,372160012288
27498989,372160012288
27505037,372160012288
27511111,372160012288
27517194,372160012288
27523281,372160012288
27529367,372160012288
27535416,372160012288
27541475,372160012288
27547537,372160012288
27553594,372160012288
27559661,372160012288
27565741,372160012288
27571802,372160012288
27577851,372160012288
27583914,372160012288
27589979,372160012288
27596023,372160012288
27602113,372160012288
27608174,372160012288
27614240,372160012288
27620323,372160012288
27626385,372160012288
27632441,372160012288
27638490,372160012288
27644639,372160012288
27650835,372160012288
27656918,372160012288
27663018,372160012288
27669101,372160012288
27675341,372160012288
27681389,372160012288
27687473,372160012288
27693610,372160012288
27699820,372160012288
27705924,372160012288
27711983,372160012288
27718072,372160012288
27724219,372160012288
27730276,372160012288
27736617,372160012288
27743202,372160012288
27749709,372160012288
27756436,372160012288
27763071,372160012288
27769540,372160012288
27775777,372160012288
27782039,372160012288
27788151,372160012288
27794224,372160012288
27800334,372160012288
27806646,372160012288
27812806,372160012288
27818928,372160012288
27825051,372160012288
27831170,372160012288
27837285,372160012288
27843428,372160012288
27849938,372160012288
27856426,372160012288
27862609,372160012288
27868707,372160012288
27874820,372160012288
27881141,372160012288
27887517,372160012288
27893784,372160012288
27900201,372160012288
27906496,372160012288
27912966,372160012288
27919279,371934887936
27925849,371802443776
27932434,371802443776
27938684,371802443776
27945077,371802443776
27951425,371802443776
27957915,371802443776
27964029,371802443776
27970442,371802443776
27976748,371802443776
27983066,371802443776
27989310,371802443776
27995566,371802443776
28001843,371802443776
28008194,371802443776
28014632,371802443776
28020906,371802443776
28027232,371802443776
28033486,371802443776
28039814,371802443776
28046045,371802443776
28052274,371802443776
28058794,371802443776
28065205,371802443776
28071513,371802443776
28077821,371802443776
28084114,371802443776
28090449,371802443776
28096705,371802443776
28102951,371802443776
28109237,371802443776
28115565,371802443776
28121863,371802443776
28128115,371802443776
28134387,371802443776
28140708,371802443776
28146976,371802443776
28153229,371802443776
28159463,371802443776
28165824,371802443776
28172190,371802443776
28178437,371802443776
28184749,371802443776
28191020,371802443776
28197343,371802443776
28203783,371802443776
28209794,371802443776
28215836,371802443776
28221872,371802443776
28227931,371802443776
28233952,371802443776
28239973,371802443776
28246010,371802443776
28252051,371802443776
28258085,371802443776
28264114,371802443776
28270147,371802443776
28276184,371802443776
28282216,371802443776
28288258,371802443776
28294298,371802443776
28300336,371802443776
28306373,371802443776
28312405,371802443776
28318447,371802443776
28324522,371802443776
28330551,371802443776
28336584,371802443776
28342622,371802443776
28348700,372090195968
28354780,371774464000
28360820,371774464000
28366859,371774464000
28372892,371774464000
28378930,371774464000
28384963,371774464000
28390987,371774464000
28397040,371774464000
28403098,371774464000
28409141,371774464000
28415206,371774464000
28421255,371774464000
28427296,371774464000
28433341,371774464000
28439399,371774464000
28445582,371774464000
28451791,371774464000
28457973,371774464000
28464172,371774464000
28470357,371774464000
28476474,371774464000
28482524,371774464000
28488560,371774464000
28494592,371774464000
28500621,371774464000
28506675,371774464000
28512729,371774464000
28518745,371774464000
28524788,371774464000
28530832,371774464000
28536866,371774464000
28542903,371774464000
28548951,371774464000
28554973,371774464000
28561008,371774464000
28567078,371774464000
28573127,371774464000
28579166,371774464000
28585199,371774464000
28591256,371774464000
28597312,371774464000
28603363,371774464000
28609413,371774464000
28615474,371774464000
28621549,371774464000
28627588,371774464000
28633610,371774464000
28639624,371774464000
28645672,371774464000
28651755,371774464000
28657794,371774464000
28663844,371774464000
28669887,371774464000
28675918,371774464000
28681967,371774464000
28688025,371774464000
28694048,371774464000
28700096,371774464000
28706135,371774464000
28712207,371774464000
28718265,371774464000
28724298,371774464000
28730351,371774464000
28736369,371774464000
28742419,371774464000
28748452,371774464000
28754526,371774464000
28760561,371774464000
28766588,371774464000
28772646,371774464000
28778678,371774464000
28784731,371774464000
28790768,371774464000
28796807,371774464000
28802864,371774464000
28808905,371774464000
28814952,371774464000
28820985,371774464000
28827014,371774464000
28833078,371907756032
28839175,371753672704
28845201,371753672704
28851248,371753672704
28857472,371753672704
28863698,371753672704
28869898,371753672704
28876135,371753672704
28882347,371753672704
28888530,371753672704
28894764,371753672704
28901014,371753672704
28907215,371753672704
28913420,371753672704
28919611,371753672704
28925814,371753672704
28932006,371753672704
28938222,371753672704
28944443,371753672704
28950654,371753672704
28956846,371753672704
28963043,371753672704
28969331,371753672704
28975521,371753672704
28981681,371753672704
28987754,371753672704
28993785,371753672704
28999954,371753672704
29006080,371753672704
29012212,371753672704
29018257,372093431808
29024371,371746775040
29030468,371746775040
29036516,371746775040
29042555,371746775040
29048581,371746775040
29054623,371746775040
29060691,371746775040
29066731,371746775040
29072769,371746775040
29078812,371746775040
