timestamp_ms,bytes_read,bytes_written
0,585728,36175872
5550,688128,46055424
10883,141336576,98914304
16320,142614528,178450432
21750,143876096,271360000
27119,144928768,363941888
32596,146419712,464576512
37968,147615744,582144000
43401,149188608,720429056
48747,285765632,882298880
54168,423411712,1073561600
59641,561881088,1383034880
65294,836632576,1823899648
70687,975671296,2324729856
76014,1114693632,2811572224
81391,1388199936,3392716800
86784,1932353536,3983196160
92151,2480971776,4600590336
97485,2890289152,5446356992
102824,3431309312,6165438464
108163,3838083072,6970830848
113505,4378550272,7836164096
118854,5055131648,8710868992
124227,5727645696,9467695104
129605,6397878272,10265370624
134968,7068422144,11077664768
140322,7606104064,12091285504
145704,8411394048,13075853312
151074,8948043776,14183518208
156436,9484718080,15326232576
161778,10020966400,16323706880
167142,10691710976,17244131328
172513,11094106112,18146062336
177864,11630657536,19078623232
183319,12167008256,20139216896
188700,12703326208,20967170048
194066,13799313408,21839872000
199447,14740602880,22479540224
204879,15788376064,23400337408
210249,16737898496,24402051072
215630,17897381888,25647587328
220994,18824069120,26606297088
226386,19688468480,27592400896
231852,20776222720,28452012032
237247,21740019712,29653123072
242611,22864003072,31059681280
247999,23803514880,32176316416
253378,24837079040,33070915584
258771,26006028288,34342875136
264143,27040808960,35456475136
269522,28015415296,36440793088
274912,29452042240,37580767232
280283,30709673984,38862278656
285665,31763869696,40084271104
291126,32995999744,41428779008
296514,34359857152,42673725440
301909,35493478400,43975688192
307326,36883406848,45466316800
312745,38233878528,46398582784
318139,39464108032,47533441024
323514,40566657024,48660008960
328960,42069114880,50032463872
334409,43445743616,51224195072
339811,44838404096,51902566400
345184,46113566720,53183950848
350578,47576461312,54408843264
355967,48839630848,55743709184
361366,50230206464,56785592320
366754,51575066624,58636558336
372163,53091442688,59581378560
377650,54423949312,60730281984
383242,56206823424,61738139648
388887,57671241728,62846939136
394428,59180048384,64471351296
400013,61247033344,65217835008
405600,62473850880,66823290880
411184,64379113472,68003463168
416706,65892773888,69173551104
422291,67445911552,70567432192
427859,69281542144,71395995648
433418,70605930496,73385529344
438996,71900459008,74226438144
444564,73590423552,75298816000
450101,75125317632,77965365248
455723,76843388928,78595649536
461313,78321889280,80079609856
466888,80117067776,81170436096
472468,81862328320,81975209984
478051,83712012288,83547893760
483634,85712990208,84804427776
489207,86971445248,85648351232
494798,88733925376,87100297216
500388,90492297216,88074973184
505959,92130480128,88838373376
511510,93819719680,90356051968
517080,96068775936,91873492992
522704,97601961984,92345802752
528291,99016085504,93633953792
533914,100895133696,95184908288
539512,102491435008,95595003904
545050,104165576704,96950222848
550652,106004979712,98667761664
556224,107802779648,99517009920
561747,109578027008,100753051648
567317,111300444160,102474235904
572876,113330216960,103014076416
578430,115410378752,104212213760
583946,117322698752,105530728448
589501,119389212672,106727190528
595088,121386606592,107324456960
600648,123367546880,109073428480
606210,125249015808,110897704960
611767,127321513984,112215949312
617271,129538379776,113367027712
622835,131926339584,114811518976
628421,134109380608,115842658304
634020,136003923968,116794564608
639630,138008420352,118325747712
645238,140548784128,120031326208
650831,143150850048,120667693056
656404,144738402304,121913544704
662004,146915594240,123465560064
667569,149160112128,124953673728
673368,151203758080,125770006528
678896,153324646400,127265906688
684471,155841253376,128913387520
690085,158532603904,129982156800
695658,160592056320,130688483328
701236,162283143168,132190457856
706836,164529885184,133714952192
712389,167352586240,134859108352
718040,170582454272,135923617792
723637,172472233984,136807694336
729226,174788632576,138190655488
734850,177300094976,139574071296
740366,180366139392,140751761408
745904,182708588544,141248921600
751444,184983584768,142717771776
757005,187188355072,144851251200
762645,190221586432,145520451584
768182,192993103872,146736668672
773782,195893305344,149521399808
779332,197989818368,150027206656
784887,201007767552,150951419904
790469,204070715392,151968595968
795995,207179165696,153533485056
801541,210189656064,154514829312
807123,213845872640,155920818176
812728,216644390912,156583120896
818293,219786510336,157849542656
823837,222120849408,159006597120
829415,225377558528,159823085568
834901,228561727488,160889065472
840471,230792179712,161578029056
846016,233526849536,162614792192
851631,236560371712,163573698560
857211,239623647232,165127622656
862783,242531786752,166384197632
868338,245637558272,167100514304
873900,248293998592,168071708672
879495,251126456320,168920694784
885095,254429945856,169998970880
890732,257133867008,170862325760
896329,259891707904,171526324224
901898,261380063232,172571410432
907496,264127541248,173458776064
913077,266798858240,174347251712
918665,269481476096,174958710784
924294,271520284672,175556730880
929854,273181548544,176674185216
935429,275875020800,177662984192
941059,278124077056,178590347264
946654,280445415424,179175673856
952261,283105517568,179667582976
957845,284987027456,180871286784
963452,287218700288,181816774656
969025,289849933824,182977544192
974624,292245635072,183696842752
980212,293948284928,184649637888
985845,295749996544,185666236416
991455,298144600064,186518073344
997077,300563312640,186863976448
1002677,302331273216,187640426496
1008289,303764410368,188841652224
1013862,305906921472,189914554368
1019385,308025278464,190982361088
1024817,310115823616,191735832576
1030281,312618700800,192662409216
1035698,314459402240,193754185728
1041138,316311633920,194802049024
1046608,317747531776,195321020416
1052121,320134627328,195906330624
1057546,321944080384,196541812736
1062966,323914182656,197308604416
1068418,326251102208,198142767104
1073828,328649281536,199196209152
1079250,331210817536,200068648960
1084700,333578833920,200601128960
1090102,336144769024,201690660864
1095512,338016681984,202731102208
1100893,340693467136,203502936064
1106297,343052005376,204669202432
1111709,345795395584,204761382912
1117133,348094152704,206375235584
1122558,350601846784,206981132288
1128074,353837129728,207803662336
1133504,356143185920,208842280960
1138913,359514214400,209674280960
1144319,362069102592,210503593984
1149724,365500395520,210881134592
1155158,367664394240,212002439168
1160580,371267375104,212915863552
1165983,373335457792,213992591360
1171409,376375738368,214342352896
1176818,378276929536,215473139712
1182229,380995567616,218033405952
1187617,384190701568,218033405952
1192996,386603888640,219378143232
1198404,390722908160,219713830912
1203783,393220890624,221281746944
1209192,396423909376,222036312064
1214609,399277756416,223003889664
1220024,403045425152,223106695168
1225444,405318066176,224409542656
1230853,409332531200,224437542912
1236258,412728692736,224640962560
1241701,415791595520,225837645824
1247125,419485646848,226158592000
1252545,422048555008,227647582208
1257967,425979662336,228125409280
1263372,428620963840,229207519232
1268781,432215777280,229207519232
1274203,435175428096,229632720896
1279769,439027003392,230629367808
1285166,442364604416,230742904832
1290564,445665632256,232086683648
1295981,448602296320,232920997888
1301408,452162703360,233783050240
1306801,454309949440,234196500480
1312209,457690087424,234550603776
1317603,459713949696,235492077568
1323078,461496983552,236178919424
1328507,464564670464,237232996352
1333957,467847589888,238649974784
1339394,470519877632,239527337984
1344805,473051099136,240694734848
1350227,476791902208,241977040896
1355677,479529594880,242732470272
1361229,483088506880,243592663040
1366654,486184210432,244165537792
1372057,488720158720,245223505920
1377516,491539902464,246158061568
1382938,494020251648,247279411200
1388389,497693802496,248439795712
1393813,500262318080,248977661952
1399239,502904332288,250151231488
1404674,506736046080,250567757824
1410076,509983076352,251831623680
1415500,513430220800,252114194432
1420895,517094617088,253233717248
1426314,520119607296,253835669504
1431738,522697887744,254395117568
1437197,526471688192,255587758080
1442605,529595727872,256879312896
1448024,533815087104,257581727744
1453425,536658587648,258850676736
1458840,540405170176,259371495424
1464377,542914338816,259671904256
1469930,545541992448,259671904256
1475504,548873666560,261154443264
1481000,551582031872,261847846912
1486570,555728470016,262616403968
1492107,559692513280,263627481088
1497652,562897403904,264163983360
1503237,567097446400,265066254336
1508807,570203152384,265621680128
1514398,573626126336,266202521600
1519959,576137453568,267355389952
1525520,579538194432,269687427072
1531067,582907854848,270923919360
1536648,586426540032,271755067392
1542201,590386905088,272596447232
1547712,593932345344,273413726208
1553281,597180100608,274137997312
1558858,600933724160,275146649600
1564388,604083171328,276519186432
1569945,607335444480,277543882752
1575531,611223867392,278311661568
1581080,614837870592,278837026816
1586618,618060275712,279605911552
1592200,621757497344,280422100992
1597758,625395417088,281302380544
1603319,628047413248,282010124288
1608882,629735997440,286526783488
1614416,633675784192,286526783488
1619970,637029388288,287080394752
1625477,641418756096,288302129152
1630955,646045208576,288656449536
1636554,649220898816,289410973696
1642131,653092421632,289410973696
1647688,656867012608,290548224000
1653303,661205520384,291054669824
1658842,664465256448,292200546304
1664415,668833214464,292759355392
1669976,672418455552,293620264960
1675533,676687851520,294680985600
1681062,680887025664,294730801152
1686631,684455837696,295668969472
1692213,688607109120,295668969472
1697791,692149829632,296941404160
1703370,696201265152,297507364864
1708950,699756326912,298680160256
1714501,704095768576,298806972416
1720063,707230420992,300022145024
1725599,711466418176,300974305280
1731111,714805841920,301684203520
1736610,719288172544,302339895296
1742214,722885545984,303337070592
1747717,726599376896,304613916672
1753299,730747645952,305149669376
1758809,734016192512,306643918848
1764398,737187823616,307575713792
1770043,741887311872,307708219392
1775548,744896106496,309221634048
1781178,748649828352,310342201344
1786694,753003802624,311377465344
1792284,756522455040,312404172800
1797872,760341737472,313245102080
1803417,763432951808,313691701248
1809005,766844985344,314357858304
1814596,770735423488,315536543744
1820217,774249553920,316565700608
1825791,778402766848,317145493504
1831315,781315776512,318375755776
1836902,786129186816,319250464768
1842494,789379321856,319861854208
1848073,792402878464,320647376896
1853638,796060516352,321555238912
1859073,799348686848,322523656192
1864607,803528146944,323783491584
1870157,807297064960,324418736128
1875777,811432423424,325741928448
1881334,814408769536,326660280320
1886876,818530713600,327199682560
1892432,822576353280,328161452032
1898063,826726567936,329322385408
1903690,830415364096,330227113984
1909282,834805678080,331500478464
1914813,838012403712,332082524160
1920449,842286358528,333260333056
1925917,847013908480,333459738624
1931407,850254344192,334486466560
1936975,854066372608,334486466560
1942515,857632063488,335703539712
1948090,861973827584,336626262016
1953612,865946963968,337933692928
1959148,870055391232,338901389312
1964716,874403131392,339715362816
1970272,878413688832,341086466048
1975870,882443202560,342082322432
1981530,886894759936,342642638848
1987061,890832891904,343287287808
1992667,895322329088,344285446144
1998230,899706916864,344318402560
2003839,903290691584,346177495040
2009393,908091006976,346375704576
2014847,911443992576,347441639424
2020452,915760922624,348693053440
2025966,920137023488,348911951872
2031576,923840331776,350536110080
2037113,928405897216,350851313664
2042640,932270100480,352401252352
2048169,936803450880,353191813120
2053727,940571271168,354430885888
2059293,944855814144,354460868608
2064897,948143513600,355775856640
2070461,952777818112,356193062912
2076014,956389945344,357811929088
2081498,960339046400,358411030528
2087031,964309405696,359744651264
2092603,968625209344,360677642240
2098160,972260548608,361665032192
2103756,976837337088,362572419072
2109281,980694999040,363566645248
2114825,985322934272,364428591104
2120399,988888354816,365621690368
2125971,993243193344,366726995968
2131510,996817313792,367606190080
2137052,1001523060736,368330256384
2142618,1005322248192,369442234368
2148163,1009849176064,370361294848
2153653,1013769400320,371424620544
2159159,1018234806272,372206268416
2164710,1022056128512,373127974912
2170301,1026651410432,373367480320
2175825,1030173667328,374251995136
2181396,1034925559808,374491070464
2186924,1038308757504,376077750272
2192460,1042677841920,376468058112
2198025,1046581645312,377963864064
2203597,1050504032256,378641256448
2209212,1054985601024,379688759296
2214759,1058901422080,380275150848
2220300,1063078715392,380748439552
2225886,1066808983552,381548625920
2231459,1071294570496,382743027712
2237008,1075565187072,383063928832
2242584,1079337988096,384753344512
2248118,1084302237696,385033428992
2253613,1089009487872,386347950080
2259150,1094436380672,387228979200
2264663,1098433196032,387525103616
2270295,1103239294976,387842859008
2275846,1106312933376,388804366336
2281367,1110752595968,389663121408
2286910,1114152595456,390697574400
2292495,1118731685888,391914934272
2298069,1122569842688,392575475712
2303590,1126815088640,393584570368
2309169,1130906689536,394358378496
2314754,1135023841280,395000594432
2320316,1138754306048,395813183488
2325879,1142770393088,396865372160
2331441,1146645745664,397654519808
2336985,1151027486720,398660075520
2342569,1155294146560,399557046272
2348138,1159810723840,400581582848
2353700,1163786031104,401436196864
2359248,1168149196800,401773527040
2364738,1171812458496,402630750208
2370280,1175992995840,403941994496
2375849,1180884602880,404106334208
2381420,1184791777280,405841756160
2387033,1189794017280,405976702976
2392581,1193637216256,407179399168
2398191,1198595084288,407179399168
2403813,1202342780928,407970922496
2409378,1207301173248,408139780096
2414887,1211228000256,409205063680
2420424,1215735296000,410217549824
2425996,1219541614592,411166662656
2431581,1224233287680,412598464512
2437137,1228336594944,413318795264
2442726,1233862520832,414269526016
2448314,1238561128448,414269526016
2453861,1242960838656,414995738624
2459417,1247673462784,414995738624
2464957,1251792830464,415943020544
2470496,1255710113792,417052770304
2476014,1259705683968,417332514816
2481555,1263673761792,418641756160
2487089,1267487985664,419879665664
2492644,1271796875264,420836581376
2498200,1276719181824,422040096768
2503802,1281469845504,422279696384
2509400,1285428092928,423327186944
2515013,1289893490688,423460196352
2520571,1294638092288,424963874816
2526185,1299330174976,425179115520
2531708,1303212326912,426293510144
2537293,1307181723648,427375206400
2542856,1312247324672,427457982464
2548362,1315635605504,428862820352
2553947,1320402923520,429423988736
2559507,1324869558272,429648842752
2565040,1328889974784,430809223168
2570587,1333716418560,430886137856
2576158,1337703026688,431808598016
2581696,1341982752768,432944185344
2587317,1347202076672,432951537664
2592898,1351207342080,434200166400
2598419,1355636113408,435106611200
2604008,1360104169472,435225305088
2609585,1364372361216,436517421056
2615172,1369484967936,436517421056
2620701,1373101965312,437740990464
2626256,1377752907776,438789062656
2631856,1381645914112,439811026944
2637445,1386347462656,441048043520
2643059,1391470133248,441356943360
2648598,1395322867712,442720325632
2654149,1400125976576,443524227072
2659722,1404296806400,444383272960
2665364,1408776892416,445111799808
2670931,1412786716672,445659480064
2676481,1417517920256,446261379072
2682034,1421515558912,446261379072
2687567,1425448882176,447811371008
2693124,1429919010816,448755654656
2698703,1433836122112,449022115840
2704338,1438527463424,450788106240
2709921,1443270021120,451343556608
2715424,1447617003520,452402876416
2721030,1452045234176,452782399488
2726621,1456887083008,452791058432
2732174,1461244973056,454034993152
2737737,1466335858688,454048645120
2743310,1470061490176,454901989376
2748832,1474326446080,456332271616
2754378,1479649558528,456613584896
2759915,1483596185600,457613307904
2765445,1488382509056,458962644992
2770962,1493756731392,458972160000
2776485,1497538306048,460115197952
2782050,1501987999744,460766175232
2787590,1506219986944,460766175232
2793158,1509780443136,462414884864
2798715,1515391336448,462911221760
2804342,1519468658688,462930554880
2809879,1523750522880,464277262336
2815458,1528745418752,464883503104
2820992,1533376610304,464883503104
2826562,1537020743680,466301943808
2832104,1541890514944,467675131904
2837674,1546986000384,467973771264
2843216,1550690283520,469535133696
2848843,1555381350400,469627031552
2854398,1560032747520,470438117376
2859974,1564705222656,471697571840
2865558,1569189789696,471697571840
2871120,1572913143808,473018892288
2876637,1577755066368,474095460352
2882179,1582429917184,474434461696
2887687,1586560532480,476015296512
2893336,1591065706496,476684304384
2898901,1595126796288,477173792768
2904528,1599676026880,478977966080
2910086,1604602068992,479355363328
2915632,1609245171712,479565152256
2921243,1613802131456,480825987072
2926812,1619110785024,480881717248
2932342,1622780940288,481652899840
2937922,1627387006976,482986098688
2943439,1632677412864,483192676352
2948978,1636488564736,483519840256
2954552,1640664088576,485111361536
2960083,1645628547072,485229678592
2965611,1650487533568,485229678592
2971123,1654042693632,486345330688
2976632,1658618662912,487346638848
2982181,1664058142720,487373733888
2987765,1668204822528,487578390528
2993331,1672865366016,489134448640
2998867,1677500956672,489338535936
3004417,1682468052992,489338535936
3009926,1686191452160,490397888512
3015477,1690648891392,491234279424
3021029,1695430680576,491234279424
3026542,1700512620544,491234279424
3032094,1703583956992,492346417152
3037734,1706358861824,493513891840
3043302,1707876466688,498188984320
3048853,1711740194816,498188984320
3054393,1715843334144,498188984320
3059926,1719912923136,498188984320
3065435,1723982254080,498188984320
3070910,1727967125504,498268508160
3076504,1731531018240,500111339520
3082081,1735917400064,500111355904
3087653,1740737200128,500111355904
3093213,1745105358848,500111355904
3098788,1748557815808,501443923968
3104348,1753189908480,501594361856
3109897,1757746642944,501594361856
3115475,1762277384192,501693480960
3121114,1766229155840,503544139776
3126705,1770843971584,504030654464
3132255,1775899889664,504030654464
3137800,1780238376960,504310837248
3143389,1784379453440,505974906880
3148942,1789301497856,506368671744
3154477,1794461605888,506368671744
3160046,1799347621888,506368671744
3165626,1803244138496,507883307008
3171200,1808061198336,509003423744
3176727,1812895232000,509162397696
3182231,1817941225472,509162397696
3187705,1822800400384,509263794176
3193282,1827040653312,511243493376
3198856,1831776858112,511500763136
3204421,1836883886080,511500763136
3209958,1841409826816,511500763136
3215476,1844945461248,512327761920
3220994,1849879932928,513398288384
3226526,1854798336000,513412534272
3232069,1859215253504,513412534272
3237601,1863005659136,514498572288
3243164,1867796766720,515654348800
3248726,1872444940288,516011581440
3254291,1877913321472,516011581440
3259885,1881026957312,518300872704
3265404,1886138474496,518704021504
3270911,1891478433792,518704021504
3276393,1896378634240,518704021504
3281901,1900724113408,520262635520
3287387,1905570975744,521011679232
3292934,1910418690048,521134301184
3298475,1915670544384,521134301184
3303974,1919478611968,522403106816
3309525,1923913990144,523536003072
3315072,1928597065728,523536003072
3320628,1932898164736,523536003072
3326179,1937465589760,523834462208
3331773,1942094974976,525263491072
3337317,1947162206208,525430046720
3342883,1952294572032,525430046720
3348483,1956820946944,525771505664
3354102,1961389248512,527278731264
3359664,1966063005696,527653650432
3365191,1971170607104,527653650432
3370738,1975110762496,528545665024
3376317,1980186988544,529569198080
3381872,1985307418624,529569198080
3387431,1990225715200,529569198080
3393010,1994273398784,530830557184
3398565,1998917656576,532233113600
3404171,2003254431744,532610232320
3409697,2007481974784,532610232320
3415259,2011112382464,533405442048
3420880,2016474763264,534123077632
3426384,2020827303936,534150184960
3431927,2025322713088,534150184960
3437506,2029265780736,535276011520
3443059,2034234077184,535575838720
3448627,2039000608768,535575838720
3454174,2043394146304,536322519040
3459730,2047919607808,537573330944
3465315,2052459360256,538155831296
3470886,2057259524096,538155831296
3476424,2061382467584,539079499776
3481954,2065925259264,540127191040
3487504,2070807752704,540127191040
3493097,2075402657792,540127191040
3498609,2079404761088,541670055936
3504205,2084512141312,542495612928
3509730,2089540722688,542495612928
3515272,2093738909696,543490605056
3520822,2098741833728,544169803776
3526370,2103584473088,544169803776
3531907,2108338642944,544340664320
3537548,2112584482816,545778909184
3543049,2117076172800,545826172928
3548584,2121493737472,545826172928
3554127,2125335863296,546094571520
3559690,2129388863488,547794055168
3565263,2133647675392,548264484864
3570792,2138291400704,548383744000
3576332,2143303262208,548383744000
3581849,2147583565824,549362151424
3587399,2152255057920,549785911296
3592976,2157755940864,549785911296
3598513,2162264727552,549785911296
3604007,2166131036160,551088697344
3609561,2171220127744,551762739200
3615153,2176155144192,551762739200
3620722,2180529401856,552003911680
3626325,2185157902336,553606393856
3631908,2189749387264,554155012096
3637439,2194724188160,554155012096
3642989,2198307483648,554849603584
3648519,2202000113664,555623776256
3654104,2205030133760,555623776256
3659703,2207040331776,555623776256
3665310,2209383395328,555623776256
3670934,2211633463296,559372156928
3676475,2215400341504,559372156928
3681957,2218711887872,559372156928
3687521,2222671417344,559372156928
3693068,2226791284736,559372156928
3698563,2230424354816,559372156928
3704115,2234111139840,559667175424
3709681,2238644166656,561288036352
3715212,2243466760192,561865408512
3720699,2248386822144,561865408512
3726205,2253123256320,561865408512
3731756,2256743182336,563437142016
3737283,2261759102976,563638075392
3742821,2267271098368,563638075392
3748381,2270788538368,564304015360
3753956,2275945594880,565412896768
3759572,2280324456448,565586374656
3765163,2284448440320,565586374656
3770728,2287852204032,566732591104
3776279,2292680404992,567694131200
3781864,2297016913920,567781863424
3787464,2300714745856,568940773376
3793009,2305301987328,569109807104
3798618,2309284892672,569109807104
3804164,2313426780160,570491629568
3809739,2317583941632,571285069824
3815325,2321623113728,571732258816
3820925,2326669955072,572340494336
3826513,2331163828224,572340494336
3832043,2334938263552,573696954368
3837613,2339806830592,574288125952
3843233,2343923470336,574637039616
3848855,2349295345664,575961706496
3854460,2353721307136,576497152000
3859988,2357921193984,576497152000
3865550,2361288470528,577807388672
3871129,2364844032000,577900261376
3876704,2368988098560,577900261376
3882273,2373116518400,577900261376
3887837,2376842035200,578885197824
3893410,2381723439104,579152523264
3898929,2386113372160,579152523264
3904517,2388931764224,581055442944
3910101,2393798643712,581692731392
3915714,2398496034816,581692731392
3921263,2402519048192,582187356160
3926929,2407335800832,583466799104
3932473,2412396089344,583835721728
3938058,2416686198784,584216260608
3943641,2419519193088,585415286784
3949232,2421830602752,585453072384
3954806,2423665541120,585453072384
3960346,2424742240256,585453072384
3965866,2426002546688,587059343360
3971449,2427825082368,587721027584
3976992,2431435968512,587721027584
3982541,2435589320704,587721027584
3988092,2439002681344,587721027584
3993627,2443546099712,587721027584
3999203,2447413895168,588514369536
4004783,2452034809856,589255925760
4010309,2456789532672,589255925760
4015850,2460873445376,589255925760
4021397,2464511647744,590409691136
4026958,2468967612416,591639322624
4032538,2473983291392,591676129280
4038090,2478245523456,592314150912
4043641,2483242029056,593799290880
4049176,2488645718016,593835380736
4054771,2494195712000,593835380736
4060341,2498178142208,595357421568
4065899,2502872510464,595713609728
4071427,2507447300096,595713609728
4076998,2511354466304,596424036352
4082513,2516078338048,596798242816
4088061,2520135569408,596798242816
4093576,2524616040448,596798242816
4099118,2528393871360,597791780864
4104658,2532571619328,598720946176
4110208,2537307582464,598720946176
4115802,2541870641152,598720946176
4121377,2545531633664,600390545408
4126958,2550549155840,601233752064
4132512,2555528630272,601233752064
4138058,2559402307584,602640281600
4143611,2564127326208,603525836800
4149111,2568316051456,603525836800
4154623,2573408411648,603525836800
4160139,2576951803904,604759007232
4165710,2581710057472,605530562560
4171265,2586077130752,605530562560
4176811,2590842761216,605530562560
4182337,2594416734208,606559535104
4187904,2598735572992,607466745856
4193453,2603158491136,607466745856
4198997,2607542697984,607720972288
4204545,2611855933440,609257549824
4210105,2616186970112,609455697920
4215662,2621188632576,609455697920
4221220,2624555749376,611170459648
4226773,2628857995264,611781341184
4232323,2634286419968,611781341184
4237807,2638231433216,612523732992
4243380,2642493296640,613000908800
4248921,2647330922496,613000908800
4254487,2650461085696,613571940352
4260041,2654733094912,614917206016
4265627,2659074203648,615430639616
4271194,2663541329920,615430639616
4276715,2666950377472,617038848000
4282307,2671614996480,617264410624
4287874,2675712401408,617489252352
4293468,2679123656704,618984177664
4299010,2683400896512,619135971328
4304582,2688128389120,619135971328
4310165,2691489992704,619958099968
4315709,2695839137792,620961767424
4321228,2700557922304,621088677888
4326790,2704234868736,621528457216
4332676,2708305145856,622781349888
4338285,2713071693824,623230185472
4343845,2716702416896,623933300736
4349419,2721681887232,625247289344
4354944,2726354882560,625554833408
4360476,2730731110400,625649614848
4366121,2734271860736,627091873792
4371687,2738894229504,627184066560
4377249,2743107330048,627184066560
4382819,2746945351680,628259987456
4388397,2751534989312,628283686912
4393930,2756386934784,628283686912
4399508,2759621242880,629182529536
4405118,2763750051840,630490746880
4410667,2767326150656,630783180800
4416173,2770748764160,630783180800
4421739,2773620039680,630783180800
4427320,2776671604736,630783180800
4432907,2780099731456,630783180800
4438436,2784104058880,630783180800
4443953,2788327501824,630901682176
4449566,2792106557440,632629063680
4455174,2796932988928,632854167552
4460758,2800509403136,633570500608
4466320,2805840195584,634910314496
4471926,2810093498368,635239342080
4477488,2814191980544,635389816832
4483075,2818333327360,636939411456
4488667,2822771896320,637132660736
4494161,2827442520064,637132660736
4499714,2831092940800,638159241216
4505251,2835866030080,639279104000
4510815,2840545210368,639420579840
4516396,2844485906432,640312008704
4521984,2848872001536,641643749376
4527568,2853958504448,641835765760
4533041,2857555070976,642921480192
4538555,2862311096320,643901841408
4544131,2867179986944,643901841408
4549669,2871215050752,645178023936
4555182,2875975716864,645933305856
4560736,2880899219456,645957685248
4566269,2884694417408,647198105600
4571884,2889628983296,647834214400
4577424,2894191775744,647834214400
4583008,2898016456704,649274302464
4588565,2902501502976,649730162688
4594161,2906916200448,649839468544
4599827,2910672162816,651567251456
4605355,2915526430720,652161986560
4610900,2919105396736,652702138368
4616561,2924131418112,653342801920
4622172,2928592437248,653342801920
4627712,2932500447232,654545780736
4633252,2937372446720,655651020800
4638826,2942003404800,655743221760
4644390,2945806147584,657061961728
4649947,2951179264000,657475608576
4655514,2955830509568,657475608576
4661044,2959732977664,658827862016
4666644,2964673695744,659089731584
4672265,2969095168000,659089731584
4677813,2972790972416,660166750208
4683352,2977285926912,661123031040
4688869,2981600956416,661381005312
4694456,2985542209536,662119399424
4700009,2989757956096,663446294528
4705633,2994602921984,663771328512
4711181,2998431838208,664751771648
4716743,3003158474752,666114752512
4722336,3007856463872,666424418304
4727876,3011245789184,667938922496
4733502,3016562270208,668281237504
4739012,3020797898752,668281237504
4744588,3024393465856,668971487232
4750188,3028764090368,669460156416
4755760,3033282146304,669460156416
4761302,3036566945792,670418022400
4766856,3041863733248,671766626304
4772414,3048395567104,672020365312
4777907,3055464476672,672020365312
4783443,3061338173440,672020365312
4788998,3064759472128,673068646400
4794591,3069302382592,674121216000
4800211,3074564083712,674128134144
4805786,3078002757632,675443994624
4811341,3082151571456,676790489088
4816890,3086317727744,676950679552
4822440,3089815515136,677661011968
4828081,3094601879552,678012547072
4833604,3099647102976,678108721152
4839185,3103137120256,679355977728
4844740,3107288821760,680526823424
4850394,3111546875904,680545148928
4855999,3115471544320,681794949120
4861594,3120139444224,682878074880
4867157,3124726923264,682975662080
4872669,3129364066304,684209012736
4878224,3133519503360,685330386944
4883789,3137894105088,685330386944
4889330,3141907226624,686351519744
4894821,3147011440640,687474614272
4900371,3151352643584,687612149760
4905953,3154698887168,688621101056
4911586,3159151333376,689899794432
4917156,3163300499456,690175635456
4922690,3167022088192,691266351104
4928258,3172291788800,692104597504
4933870,3177180114944,692104597504
4939440,3181562376192,693492375552
4944995,3185974345728,694408953856
4950600,3190504497152,694408953856
4956159,3194995965952,695493263360
4961766,3199282843648,695868846080
4967372,3203711361024,695868846080
4972948,3207112478720,697026285568
4978481,3212518494208,698104606720
4984016,3216826626048,698384506880
4989579,3220309381120,699534893056
4995184,3225020407808,700093329408
5000779,3229876973568,700093329408
5006333,3233435959296,701810405376
5011912,3238369148928,702322548736
5017532,3242056646656,703065481216
5023034,3246878044160,704050122752
5028604,3251918012416,704333443072
5034160,3256240828416,705307705344
5039728,3260821573632,706350014464
5045260,3264493436928,706529923072
5050870,3268096315392,706529923072
5056400,3271475552256,706529923072
5061882,3276079927296,706529923072
5067424,3279470948352,708358914048
5073020,3283289804800,709234368512
5078601,3286964158464,709436129280
5084141,3290145665024,709436129280
5089683,3293583183872,709436129280
5095231,3297424666624,709436129280
5100784,3301375721472,709542129664
5106399,3305142968320,710641700864
5111954,3309188173824,710641700864
5117503,3314356211712,710641700864
5123094,3317664358400,711339352064
5128633,3322259087360,712385269760
5134274,3326533140480,712385269760
5139786,3331318947840,712385269760
5145353,3334880677888,714107064320
5150944,3339156520960,715369332736
5156463,3343847088128,715428835328
5161974,3348562759680,715428835328
5167476,3352868220928,716645879808
5173025,3358160642048,717780484096
5178557,3363852943360,717780484096
5184108,3369469259776,717780484096
5189676,3372564594688,718678470656
5195185,3377198395392,720020090880
5200801,3381937123328,720226664448
5206362,3386638880768,720226664448
5211975,3391404556288,720226664448
5217517,3394893844480,720985374720
5223061,3399912382464,721346011136
5228628,3404829937664,721552982016
5234182,3409636585472,721552982016
5239733,3413670653952,722850275328
5245332,3417599242240,723792822272
5250972,3421630541824,723792822272
5256477,3424933912576,723792822272
5262031,3428712505344,723792822272
5267623,3433084391424,723792822272
5273137,3436385447936,724967804928
5278689,3441032970240,726200803328
5284186,3445853167616,726313418752
5289764,3450471079936,726602678272
5295367,3454283456512,728264105984
5300960,3458842558464,728533434368
5306477,3463674138624,728533434368
5312052,3467361038336,729459777536
5317612,3472128114688,730740748288
5323119,3476628996096,731234029568
5328665,3481197854720,731234029568
5334227,3484871589888,732609396736
5339812,3489522274304,733437140992
5345341,3494261100544,733437140992
5350920,3498087235584,734256513024
5356502,3502146465792,735500111872
5362034,3505918431232,735518863360
5367525,3509971464192,735518863360
5373069,3514313146368,735518863360
5378583,3517903716352,735518863360
5384100,3522220785664,735518863360
5389629,3526844375040,735518863360
5395122,3530285113344,736946470912
5400668,3534572806144,737294413824
5406222,3539413671936,737294413824
5411819,3543212150784,738109939712
5417343,3548158189568,738109939712
5422940,3551701803008,738663653376
5428538,3555914108928,740045619200
5434133,3560257425408,740660645888
5439649,3565389574144,740660645888
5445230,3569119694848,742102700032
5450830,3574220910592,742459297792
5456400,3579346657280,742459297792
5461960,3583540314112,743897989120
5467575,3587721379840,744731578368
5473169,3592031313920,744731578368
5478753,3595962028032,745868976128
5484299,3601379864576,746035949568
5489840,3606117535744,746035949568
5495402,3609611382784,747417735168
5500990,3614561189888,748331270144
5506561,3619054452736,748331270144
5512177,3623431794688,748555988992
5517793,3627549687808,750119407616
5523383,3632309653504,751074656256
5528901,3636837068800,751151734784
5534510,3640375349248,752314990592
5540066,3645083664384,752879685632
5545642,3649887563776,752879685632
5551205,3654163640320,752879685632
5556741,3657829904384,754220183552
5562258,3663073492992,754633023488
5567809,3667595005952,754633023488
5573399,3670925705216,755387052032
5578947,3675754758144,756732121088
5584524,3680776626176,757543849984
5590104,3685473382400,757543849984
5595657,3689865142272,758938390528
5601232,3694979854336,759801053184
5606808,3699586359296,759801053184
5612324,3703489937408,760510177280
5617876,3708217896960,761563004928
5623528,3709766090752,762020163584
5629077,3713901867008,762020163584
5634633,3718088814592,762020163584
5640171,3721485938688,762902237184
5645704,3726417584128,762913689600
5651225,3731164168192,762913689600
5656766,3735219023872,763123634176
5662347,3739013693440,764742524928
5667903,3743762436096,765454655488
5673402,3747470462976,765454655488
5678927,3751100518400,766644809728
5684452,3755213422592,768053735424
5689955,3759839014912,768268877824
5695460,3763968991232,768504274944
5701109,3767715913728,770251882496
5706590,3772333309952,770528104448
5712099,3776282189824,770528104448
5717646,3779700416512,771933102080
5723200,3783769395200,772040040448
5728746,3788113166336,772040040448
5734274,3791434002432,773718880256
5739838,3795940024320,774815510528
5745438,3799977365504,775073120256
5751054,3803192598528,776088322048
5756624,3807716388864,777319809024
5762232,3812396412928,777319809024
5767831,3816244060160,777612201984
5773457,3820073402368,779236261888
5779000,3824800395264,779621339136
5784507,3829121851392,779621339136
5790055,3832759898112,780627218432
5795602,3838261297152,781786669056
5801192,3842642558976,781786669056
5806782,3847130087424,781786669056
5812360,3850880450560,783070617600
5817925,3855646326784,784218472448
5823494,3860307898368,785266827264
5829083,3865174228992,785266827264
5834664,3868827009024,787135606784
5840256,3873423781888,788268593152
5845756,3878026174464,788268593152
5851356,3882835841024,788268593152
5856899,3886102839296,789873340416
5862540,3890734477312,790615257088
5868092,3895294242816,790615257088
5873613,3899722059776,790743482368
5879252,3903519596544,792238710784
5884787,3908402716672,792256561152
5890335,3912623988736,792256561152
5895923,3915758419968,793485000704
5901482,3920430321664,794659291136
5907047,3925008687104,794853703680
5912640,3929545158656,794853703680
5918231,3932642197504,796277411840
5923822,3937128464384,797620363264
5929412,3941794508800,797671723008
5934981,3945626501120,797904891904
5940619,3949625679872,799768866816
5946131,3953903505408,800442671104
5951698,3958478553088,800442671104
5957293,3961676349440,801403002880
5962905,3966347296768,801680060416
5968475,3971020300288,801680060416
5973988,3975225126912,801680060416
5979543,3978570543104,803233796096
5985110,3983337836544,804316602368
5990743,3987848187904,804322783232
5996285,3992001880064,804322783232
6001840,3995216904192,806113574912
6007467,3999277985792,806879825920
6013105,4000891154432,806879825920
6018674,4005842038784,806879825920
6024215,4009290473472,808226988032
6029781,4013815939072,809353265152
6035358,4018758594560,809440202752
6040910,4023039336448,809440202752
6046496,4026785992704,811426738176
6052036,4031190466560,811753795584
6057580,4035981893632,811753795584
6063122,4039856082944,812165668864
6068747,4043767037952,813969018880
6074328,4048401907712,814958874624
6079955,4052763365376,814958874624
6085533,4055615721472,816035090432
6091066,4060643061760,817405755392
6096621,4065264484352,817709428736
6102210,4068897193984,817709428736
6107826,4071807811584,818145697792
6113445,4074824773632,819530924032
6119022,4078403375104,819530924032
6124576,4083085250560,819530924032
6130173,4086212292608,820124332032
6135870,4090266005504,821514215424
6141491,4094692937728,821800128512
6147099,4098755244032,821800128512
6152636,4103066476544,821800128512
6158173,4106944299008,822222204928
6163787,4111153983488,824002809856
6169369,4116118065152,824557694976
6174915,4121543716864,824557694976
6180467,4125843013632,824557694976
6185982,4129640128512,824557694976
6191532,4133003587584,824557694976
6197088,4135770955776,825608753152
6202654,4139793461248,827037478912
6208203,4144261267456,827049451520
6213778,4148448722944,827049451520
6219354,4152557481984,827049451520
6224996,4156255645696,827049451520
6230582,4159620231168,827049451520
6236107,4162404454400,827951087616
6241632,4166375182336,829426507776
6247227,4171004309504,829994967040
6252824,4175094272000,829994967040
6258388,4179110473728,829994967040
6263988,4182806818816,829994967040
6269559,4186085150720,829994967040
6275091,4189124706304,830940311552
6280730,4193037799424,831631634432
6286332,4196799688704,831631634432
6291920,4200975691776,831631634432
6297473,4205006757888,831631634432
6303005,4208754896896,831631634432
6308595,4211570114560,832358608896
6314226,4215696605184,833535619072
6319761,4219159846912,834171236352
6325320,4223188443136,834171236352
6330887,4227262210048,834171236352
6336443,4231337177088,834171236352
6341985,4234445332480,835269574656
6347557,4238696251392,836317954048
6353146,4242284355584,836426424320
6358657,4246354362368,836426424320
6364232,4250344374272,836426424320
6369794,4253324967936,837536133120
6375331,4257712631808,838751625216
6380904,4261616082944,839066116096
6386447,4265415626752,839066116096
6392034,4269358465024,839066116096
6397617,4272397869056,840555581440
6403214,4276437659648,840972881920
6408818,4280566034432,840972881920
6414361,4284634456064,840972881920
6419924,4287565746176,842245492736
6425490,4291829334016,843602169856
6431080,4295680983040,844007751680
6436648,4299331657728,844007751680
6442261,4303400247296,844007751680
6447816,4306653929472,845447221248
6453405,4310888886272,845670031360
6459000,4315601932288,845670031360
6464553,4319491719168,845670031360
6470123,4323935264768,845670031360
6475638,4327346343936,847382929408
6481204,4331746316288,848501608448
6486784,4335789256704,848530558976
6492372,4339669172224,848530558976
6497905,4343597543424,848530558976
6503464,4346814992384,849995849728
6509085,4348146159616,850769649664
6514651,4352527503360,850769649664
6520250,4356089823232,850769649664
6525851,4359893925888,851089788928
6531399,4363910672384,852910612480
6536967,4368537993216,853835124736
6542485,4372232155136,853898002432
6548069,4376222216192,853898002432
6553637,4379184472064,855177752576
6559176,4383275147264,856292352000
6564771,4387456851968,856418197504
6570362,4391432167424,856418197504
6575938,4395583377408,856418197504
6581482,4398681350144,858146041856
6587075,4402956730368,859020980224
6592658,4407270559744,859127128064
6598174,4411054653440,859127128064
6603745,4414861778944,859127128064
6609300,4418710614016,859127128064
6614841,4422134272000,860210446336
6620483,4426654908416,861094854656
6626032,4430751784960,861196705792
6631598,4434725285888,861196705792
6637158,4438468378624,861196705792
6642733,4441774186496,861196705792
6648308,4444551532544,862316515328
6653842,4448855535616,863516045312
6659449,4452916445184,864095858688
6664943,4456463372288,864095858688
6670559,4460265394176,864095858688
6676110,4463605456896,864095858688
6681664,4466589880320,864522809344
6687276,4470470037504,866139684864
6692823,4474233647104,866548088832
6698333,4479045795840,866548088832
6703896,4483335835648,866548088832
6709436,4487246749696,866548088832
6714968,4490830241792,866548088832
6720551,4494092095488,866548088832
6726062,4497062436864,868139229184
6731670,4501472292864,869260529664
6737283,4505427484672,869511983104
6742889,4509292818432,869511983104
6748436,4513213689856,869511983104
6754021,4517550698496,869511983104
6759598,4520864227328,871008923648
6765177,4525429293056,871008923648
6770767,4530041163776,871008923648
6776311,4534666416128,871008923648
6781932,4538783678464,871008923648
6787459,4542293184512,872203657216
6793011,4546836455424,873496616960
6798575,4551324061696,873691447296
6804117,4556067475456,873691447296
6809655,4560584822784,873691447296
6815207,4564894461952,873691447296
6820753,4568510472192,874505109504
6826375,4572767043584,875703463936
6831969,4577193160704,875914997760
6837516,4581619113984,875914997760
6843116,4585663459328,875914997760
6848718,4590064865280,875914997760
6854254,4593292226560,876854665216
6859821,4597802700800,877972664320
6865377,4601567522816,878609403904
6870986,4605944926208,878609403904
6876550,4610271543296,878609403904
6882141,4614695657472,878609403904
6887687,4618780762112,878609403904
6893241,4623103705088,878609403904
6898807,4626284830720,879652003840
6904399,4630571139072,879877623808
6909956,4634669199360,879877623808
6915523,4638879006720,879877623808
6921068,4642974097408,879877623808
6926651,4647298359296,879877623808
6932198,4651225493504,879877623808
6937756,4654532481024,880475762688
6943411,4658650537984,881811652608
6949025,4662921031680,883029970944
6954548,4667585388544,883584368640
6960041,4672043974656,883584368640
6965546,4676083458048,883584368640
6971026,4680256040960,883584368640
6976578,4684425314304,883584368640
6982086,4689012297728,883584368640
6987624,4693085028352,883584368640
6993138,4696330330112,884679671808
6998648,4700827418624,885657096192
7004215,4705416466432,885657096192
7009710,4710465544192,885657096192
7015267,4714380550144,885657096192
7020799,4718255931392,885657096192
7026325,4722246565888,885657096192
7031839,4725631746048,885657096192
7037380,4729665486848,885657096192
7042924,4733071171584,887542779904
7048523,4737293103104,888636596224
7054063,4741633695744,889023352832
7059585,4746431545344,889023352832
7065160,4750707400704,889023352832
7070715,4755270139904,889023352832
7076238,4758766936064,889682255872
7081857,4763004530688,890495942656
7087405,4767608000512,890543534080
7092947,4772137259008,890543534080
7098496,4776426020864,890543534080
7104099,4780051079168,890543534080
7109646,4785096540160,890543534080
7115200,4788483465216,891939438592
7120770,4792878505984,893104787456
7126357,4797361553408,893335572480
7131963,4802056007680,893335572480
7137563,4806542725120,893335572480
7143130,4809795145728,894682517504
7148721,4814133190656,895155896320
7154381,4815459454976,895155896320
7159976,4820251119616,895155896320
7165564,4824491687936,895155896320
7171175,4827562315776,896665505792
7176783,4831244148736,897432039424
7182333,4835311521792,897558106112
7187868,4840179240960,897558106112
7193445,4843280809984,899025985536
7199035,4847388471296,899784437760
7204612,4851613601792,899784437760
7210193,4856069414912,899784437760
7215788,4860283604992,899784437760
7221395,4863654821888,901083500544
7226983,4868361768960,902282907648
7232534,4872953434112,902642540544
7238057,4877459628032,902642540544
7243620,4881905160192,902642540544
7249172,4884786950144,904192790528
7254722,4888830902272,904735842304
7260255,4893269831680,904735842304
7265845,4897418305536,904735842304
7271447,4901361053696,904735842304
7277002,4905641684992,904735842304
7282567,4908912160768,906457694208
7288137,4913534013440,907619090432
7293715,4917852098560,908053389312
7299356,4922249543680,908053389312
7304983,4926519226368,908053389312
7310537,4930216308736,908053389312
7316127,4933321019392,909227941888
7321638,4937776300032,909227941888
7327251,4941745602560,909227941888
7332824,4945693573120,909227941888
7338405,4948989853696,910600044544
7343974,4953242382336,911771066368
7349579,4957642227712,911796580352
7355176,4962269224960,911796580352
7360749,4966407680000,911796580352
7366327,4969589551104,913068441600
7371947,4973717729280,913821569024
7377499,4977835700224,913821569024
7383051,4982211649536,913821569024
7388644,4986133377024,913946030080
7394301,4989338533888,915650543616
7399855,4993092182016,916747657216
7405402,4996963848192,917220958208
7410945,5001472618496,917220958208
7416432,5005945319424,917220958208
7421971,5010159300608,917220958208
7427518,5013646565376,918645661696
7433137,5017914294272,919561318400
7438713,5021753573376,919653445632
7444279,5026011766784,919653445632
7449825,5029922521088,919653445632
7455385,5034482827264,919653445632
7460937,5038805024768,919653445632
7466511,5042462490624,919653445632
7472098,5046026473472,920936214528
7477644,5050183548928,922281824256
7483223,5054426333184,922617356288
7488757,5058948460544,922617356288
7494290,5063000178688,922617356288
7499875,5067274571776,922617356288
7505430,5070723911680,922617356288
7510955,5073321062400,922617356288
7516567,5076186005504,922844000256
7522214,5079419772928,924403499008
7527799,5082933035008,924509540352
7533393,5087652765696,924509540352
7538979,5091860832256,924509540352
7544534,5095787540480,924509540352
7550095,5099325288448,924509540352
7555716,5103091769344,924509540352
7561268,5106742751232,924509540352
7566802,5109543727104,925733527552
7572344,5113578221568,927018737664
7577946,5117118164992,927212064768
7583499,5121333641216,927212064768
7589112,5125568618496,927212064768
7594683,5129493426176,927212064768
7600215,5132954480640,927212064768
7605817,5136874717184,927212064768
7611397,5140979777536,927212064768
7616971,5145262112768,927212064768
7622476,5149046415360,927896145920
7628058,5153060712448,928813637632
7633656,5156854517760,929168072704
7639202,5161275252736,929235787776
7644763,5165044834304,929235787776
7650329,5168905302016,929235787776
7655869,5172729683968,929235787776
7661380,5176533213184,929235787776
7666955,5180834729984,929235787776
7672547,5185011654656,930430685184
7678138,5189657989120,931742343168
7683680,5194525323264,932466032640
7689263,5199623446528,932466032640
7694814,5204278042624,932466032640
7700366,5207963799552,932466032640
7705889,5212312850432,932466032640
7711381,5216073658368,932466032640
7716924,5220262981632,932466032640
7722574,5221627600896,932466032640
7728146,5225554751488,932466032640
7733691,5228574330880,933686759424
7739257,5232516882432,934179033088
7744854,5236321361920,934179033088
7750404,5240349773824,934179033088
7755931,5244754255872,934179033088
7761505,5249182515200,934179033088
7767065,5253518450688,934179033088
7772629,5257110720512,934179033088
7778190,5261127712768,934179033088
7783756,5265201385472,934179033088
7789329,5268112822272,935741861888
7794954,5272951250944,936917528576
7800572,5277375885312,938132279296
7806206,5281297993728,938200231936
7811760,5284731797504,938200231936
7817369,5288863543296,938200231936
7822884,5292300963840,938200231936
7828436,5295204032512,938200231936
7833952,5299238961152,938200231936
7839514,5302034456576,938200231936
7845026,5305621135360,938200231936
7850561,5309495033856,938200231936
7856084,5313698947072,938200231936
7861607,5317176487936,938200231936
7867177,5320249942016,939109371904
7872743,5324420489216,939453804544
7878287,5328186306560,939453804544
7883872,5332802592768,939453804544
7889396,5337043001344,939453804544
7894945,5341169582080,939453804544
7900517,5344982573056,939453804544
7906097,5348105895936,941191479296
7911684,5352246935552,941969047552
7917292,5356383236096,941969047552
7922861,5360938897408,941969047552
7928336,5365401718784,941969047552
7933897,5369138307072,941969047552
7939465,5372313575424,943491084288
7945057,5376456384512,944366305280
7950645,5380019257344,944366305280
7956203,5383941025792,944366305280
7961780,5387829293056,944366305280
7967349,5391874719744,944366305280
7972853,5396352274432,944366305280
7978398,5399423717376,945817620480
7983965,5403514626048,946273783808
7989491,5408492138496,946273783808
7995062,5412552675328,946273783808
8000651,5416935849984,946273783808
8006283,5421357375488,946273783808
8011885,5425715662848,946273783808
8017461,5429497139200,947835789312
8022996,5433946333184,948311453696
8028564,5438095409152,948311453696
8034157,5442068856832,948311453696
8039712,5445653557248,948311453696
8045287,5449536348160,948311453696
8050864,5453540691968,948311453696
8056476,5457674244096,948311453696
8062023,5461024301056,949965418496
8067634,5464999120896,950916247552
8073197,5469474947072,950916247552
8078693,5474136256512,950916247552
8084303,5478421696512,950916247552
8089855,5482585821184,950916247552
8095394,5486795759616,950916247552
8100931,5492183429120,950916247552
8106516,5496786821120,950916247552
8112165,5500242063360,951596724224
8117770,5503227305984,954447642624
8123425,5507392872448,954714615808
8128986,5511829528576,954714615808
8134574,5516404371456,954714615808
8140130,5520705077248,954714615808
8145619,5523996925952,954714615808
8151163,5529492455424,954714615808
8156758,5534202961920,954714615808
8162347,5538529734656,955002470400
8167978,5542995296256,956691800064
8173552,5548170051584,957640577024
8179170,5553774252032,957946068992
8184727,5558051659776,957946068992
8190319,5563001954304,957946068992
8195865,5567238660096,957946068992
8201452,5571240325120,957946068992
8207040,5574514626560,959309004800
8212612,5578140348416,959408943104
8218197,5582100549632,959408943104
8223742,5586174660608,959408943104
8229289,5590343503872,959408943104
8234883,5594468065280,959408943104
8240424,5598558720000,959408943104
8245973,5601593724928,960831750144
8251517,5605570084864,962033385472
8257127,5609625563136,962091937792
8262749,5614320435200,962091937792
8268303,5618411167744,962091937792
8273916,5622588833792,962091937792
8279454,5625761333248,963334533120
8285029,5629714485248,964492644352
8290612,5633823559680,964643549184
8296106,5638523432960,964643549184
8301600,5643310698496,964643549184
8307097,5648346673152,964643549184
8312657,5653016903680,964643549184
8318201,5657080496128,964643549184
8323737,5660225024000,966002053120
8329345,5664622833664,967078764544
8334876,5669052727296,967202168832
8340350,5674418802688,967202168832
8345884,5679148617728,967202168832
8351457,5683764977664,967202168832
8356953,5688447795200,967202168832
8362524,5693278896128,967202168832
8368025,5698170564608,967202168832
8373607,5702147608576,967459287040
8379198,5705945776128,968864976896
8384774,5709833314304,969279369216
8390351,5714607976448,969279369216
8395880,5719245824000,969279369216
8401424,5723871772672,969279369216
8406992,5728595771392,969279369216
8412511,5732844740608,969279369216
8418081,5737693941760,969279369216
8423672,5741623263232,969279369216
8429174,5745766039552,969279369216
8434788,5749362167808,969279369216
8440344,5753223569408,969279369216
8445873,5756323803136,970792812544
8451401,5760394665984,972107792384
8456946,5764116291584,972370227200
8462539,5768171524096,972370227200
8468133,5772318523392,972370227200
8473699,5775978762240,972370227200
8479264,5780013871104,972370227200
8484769,5783463153664,972370227200
8490293,5787434471424,972370227200
8495849,5791304687616,972370227200
8501389,5795597598720,972370227200
8506950,5798296727552,973224017920
8512612,5802295898112,974616559616
8518413,5803654983680,975162458112
8523943,5807526334464,975162458112
8529524,5811878293504,975162458112
8535123,5815938621440,975162458112
8540650,5819682316288,975162458112
8546158,5823497830400,975162458112
8551712,5827476484096,975162458112
8557181,5831181533184,975162458112
8562726,5834868105216,975162458112
8568242,5839173988352,975162458112
8573806,5842770489344,975231909888
8579385,5846114590720,976713584640
8584989,5850291068928,976957517824
8590467,5854356615168,976957517824
8596040,5858228240384,976957517824
8601610,5862437240832,976957517824
8607177,5866252218368,976957517824
8612723,5870534184960,976957517824
8618271,5874936590336,976957517824
8623790,5879543386112,976957517824
8629346,5882752253952,978551451648
8634876,5887229038592,979166859264
8640443,5891376504832,979516997632
8645999,5895593488384,979516997632
8651522,5900219592704,979516997632
8657097,5904850391040,979516997632
8662646,5909472817152,979516997632
8668133,5914217930752,979516997632
8673695,5918764294144,979516997632
8679219,5923058421760,979516997632
8684723,5927337119744,979516997632
8690297,5930499780608,980936794112
8695845,5934670295040,982200340480
8701394,5939298050048,982278029312
8706926,5944068329472,982278029312
8712462,5948411375616,982278029312
8718050,5952758398976,982278029312
8723639,5956910579712,982278029312
8729215,5961241362432,982278029312
8734674,5965413085184,982414761984
8740299,5969225646080,984095301632
8745892,5973419073536,985002926080
8751449,5978323902464,985002926080
8756999,5982596608000,985002926080
8762476,5986330607616,985002926080
8768053,5990262034432,985002926080
8773604,5993938624512,985002926080
8779212,5997426405376,985002926080
8784703,6000834506752,985002926080
8790234,6004255125504,985002926080
8795800,6008046100480,985002926080
8801393,6011234344960,986036817920
8807001,6015762370560,987380191232
8812614,6019677560832,987947745280
8818175,6023592968192,987947745280
8823726,6027285602304,987947745280
8829251,6031228788736,987947745280
8834784,6035836022784,987947745280
8840344,6040448610304,987947728896
8845903,6045005201408,987947745280
8851463,6049504858112,987947745280
8856989,6054923837440,987947745280
8862582,6059633598464,987947745280
8868114,6062913134592,988900298752
8873692,6067686961152,989679509504
8879246,6072768978944,989679509504
8884813,6077541838848,989679509504
8890423,6081502965760,989679509504
8895997,6086329114624,989679509504
8901538,6090632163328,989679509504
8907089,6095190401024,989679509504
8912623,6099587289088,989679509504
8918242,6103800774656,989679509504
8923814,6108172685312,989679509504
8929362,6112881041408,989679509504
8934922,6116717129728,991359131648
8940472,6121816580096,992562745344
8946034,6126045089792,992731742208
8951620,6130839224320,992731742208
8957178,6135019929600,992731742208
8962748,6139448807424,992731742208
8968305,6143899262976,992731742208
8973813,6148700057600,992731742208
8979392,6153148268544,992731742208
8984926,6158028705792,992731742208
8990491,6161519431680,993558396928
8996126,6166123544576,994929115136
9001693,6170818146304,995141939200
9007211,6175758114816,995141939200
9012791,6180579807232,995141939200
9018337,6185209655296,995141939200
9023908,6189014491136,995141939200
9029484,6193601105920,995141939200
9035032,6198550712320,995141939200
9040607,6203032190976,995141939200
9046086,6208669667328,995141939200
9051654,6212845469696,995141939200
9057156,6215905079296,996110835712
9062736,6219917307904,997005520896
9068350,6224219893760,997005520896
9073882,6228761829376,997005520896
9079483,6233117356032,997005520896
9085016,6238075453440,997005520896
9090562,6242681389056,997005520896
9096097,6247622049792,997005520896
9101698,6252222500864,997005520896
9107290,6256937869312,997005520896
9112885,6263324479488,997005520896
9118390,6268260642816,997005520896
9123986,6272341872640,998184730624
9129563,6276845465600,998564298752
9135157,6282356498432,998564298752
9140683,6287907241984,998564298752
9146227,6292533612544,998564298752
9151796,6298214703104,998564298752
9157375,6303333085184,998564298752
9162893,6307990659072,998564298752
9168411,6313616809984,998564298752
9173974,6318963666944,998564298752
9179581,6324679020544,998564298752
9185169,6329011367936,998564298752
9190735,6333221265408,998688067584
9196387,6336492912640,1000460169216
9201958,6340240269312,1001722265600
9207604,6344117923840,1001897259008
9213157,6348327948288,1001897259008
9218726,6352582144000,1001897259008
9224291,6356488466432,1001897259008
9229808,6360978427904,1001897259008
9235339,6365689946112,1001897259008
9240891,6369757761536,1001897259008
9246391,6374433701888,1001897259008
9251969,6379510456320,1001897259008
9257450,6385664598016,1001897259008
9263054,6390861795328,1002238042112
9268596,6395700269056,1003835461632
9274254,6397227696128,1004337336320
9279804,6402251997184,1004358176768
9285344,6407544381440,1004358176768
9290946,6412227592192,1004358176768
9296487,6416919085056,1004358176768
9302047,6421475786752,1004358176768
9307520,6426968571904,1004358176768
9313105,6432847454208,1004358176768
9318694,6437902995456,1004358176768
9324224,6444014428160,1004358176768
9329792,6449274429440,1004358176768
9335340,6453422755840,1005994508288
9340906,6457928183808,1006770483200
9346481,6463599788032,1006770483200
9352031,6466194722816,1006770483200
9357614,6469807124480,1006770483200
9363156,6474427699200,1006770483200
9368759,6478522286080,1006770483200
9374293,6482629509120,1006770483200
9379875,6486464335872,1006770483200
9385452,6489648693248,1007453265920
9391068,6494205104128,1008747638784
9396641,6498229911552,1009533952000
9402251,6502407634944,1009533952000
9407850,6507066777600,1009533952000
9413433,6511833186304,1009533952000
9419001,6516394901504,1009533952000
9424525,6520646762496,1009533952000
9430067,6525109743616,1009533952000
9435625,6528735531008,1010438549504
9441202,6533268205568,1011768360960
9446814,6537578237952,1012856946688
9452408,6542444883968,1013175840768
9458004,6548306735104,1013175840768
9463578,6554318807040,1013175840768
9469212,6559363907584,1013175840768
9474774,6563677786112,1013175840768
9480354,6568765001728,1013175840768
9485912,6572945317888,1013175840768
9491446,6578119397376,1013175840768
9496999,6584203616256,1013175840768
9502570,6588350955520,1014920450048
9508205,6592793620480,1015590576128
9513770,6597794615296,1015590576128
9519324,6602545623040,1015590576128
9524939,6606839582720,1015590576128
9530527,6611249762304,1015590576128
9536131,6614288142336,1016523530240
9541781,6618784436224,1017797070848
9547349,6623057477632,1018304520192
9552928,6627623534592,1018304520192
9558496,6632211202048,1018304520192
9564068,6637665472512,1018304520192
9569688,6642982678528,1018304520192
9575261,6646333845504,1019220701184
9580883,6650802688000,1019510939648
9586511,6655308509184,1019510939648
9592110,6659713585152,1019510939648
9597701,6664273616896,1019510939648
9603255,6668466597888,1019873882112
9608869,6672811884544,1021400408064
9614494,6677572100096,1022459453440
9620097,6682664345600,1022459453440
9625650,6687346151424,1022459453440
9631157,6691930497024,1022459453440
9636716,6695758319616,1022897504256
9642365,6700047872000,1024337231872
9647912,6704362545152,1024688328704
9653487,6707943837696,1024688328704
9659061,6712064303104,1024688328704
9664589,6716846309376,1024688328704
9670178,6721165017088,1024688328704
9675769,6724435398656,1025570918400
9681354,6728494387200,1026822553600
9686923,6732739887104,1027440599040
9692485,6737748279296,1027483963392
9698035,6742233096192,1027483963392
9703660,6746527174656,1027483963392
9709230,6750025805824,1028657311744
9714858,6754717876224,1029679931392
9720433,6759340597248,1030013177856
9725939,6764095762432,1030013177856
9731525,6769103507456,1030013177856
9737081,6773619326976,1030154702848
9742732,6777754898432,1032136572928
9748359,6781776138240,1033195307008
9753998,6785006895104,1033381916672
9759595,6788582264832,1033381916672
9765152,6792676835328,1033381916672
9770702,6796866035712,1033381916672
9776270,6801245003776,1033381916672
9781775,6805930872832,1033381916672
9787349,6810901352448,1033381916672
9792930,6815705882624,1033439133696
9798618,6819950460928,1035239141376
9804242,6825003966464,1035993313280
9809822,6829814386688,1035993317376
9815402,6834729148416,1035993317376
9820934,6839524380672,1035993317376
9826478,6844926451712,1035993317376
9832007,6849687789568,1035993317376
9837582,6854801018880,1035993317376
9843130,6858445430784,1036851306496
9848736,6863018237952,1038017400832
9854292,6868727107584,1038203871232
9859858,6875250253824,1038203871232
9865396,6880587931648,1038203871232
9870950,6885148213248,1038203871232
9876525,6889804447744,1038203871232
9882036,6894431748096,1038203871232
9887583,6899258490880,1038203871232
9893095,6904166100992,1038203871232
9898689,6907481534464,1039118143488
9904244,6912229371904,1039180734464
9909823,6916966215680,1039180734464
9915395,6921627176960,1039180734464
9920974,6926027501568,1039180734464
9926568,6930946203648,1039180734464
9932081,6935457366016,1039180734464
9937620,6939070533632,1040703344640
9943203,6943495626752,1042142773248
9948806,6948314480640,1042693562368
9954400,6953747083264,1042849689600
9959924,6958997946368,1042849689600
9965441,6963887169536,1042849689600
9971029,6968750342144,1042849689600
9976584,6972511133696,1043659628544
9982112,6976877838336,1044979032064
9987700,6981702467584,1045464920064
9993261,6986910777344,1045464920064
9998834,6991864848384,1045464920064
10004453,6996215042048,1045464920064
10010036,7000615362560,1045464920064
10015602,7005118205952,1045464920064
10021132,7008494624768,1046623072256
10026727,7013228769280,1047898628096
10032553,7014777581568,1047898640384
10038150,7019654246400,1047898640384
10043721,7024588369920,1047898640384
10049307,7029404880896,1047898640384
10054885,7033949507584,1047898640384
10060438,7038708166656,1047898640384
10066004,7042818211840,1049025228800
10071576,7048093782016,1049387937792
10077116,7052869332992,1049556164608
10082688,7057438351360,1049556180992
10088201,7062344871936,1049556180992
10093800,7067060707328,1049556180992
10099388,7071582863360,1049556180992
10104968,7074862325760,1049850359808
10110604,7078943449088,1051496599552
10116208,7083491237888,1052762054656
10121805,7088237051904,1053659316224
10127388,7093513138176,1053659316224
10132918,7098648928256,1053659316224
10138495,7103802716160,1053659316224
10144082,7108666294272,1053659316224
10149625,7112515239936,1054556905472
10155267,7117379776512,1055700803584
10160823,7122411671552,1055862939648
10166366,7127610871808,1055862939648
10171912,7132850036736,1055862939648
10177402,7138067460096,1055862939648
10182934,7142769881088,1056061841408
10188573,7147545710592,1057457938432
10194155,7151775227904,1058570166272
10199688,7156672737280,1058570166272
10205358,7161450438656,1058570166272
10210889,7166351736832,1058570166272
10216480,7170901524480,1058570166272
10222023,7174572941312,1059439333376
10227606,7179165102080,1060276588544
10233231,7184091197440,1060276588544
10238828,7188843237376,1060276588544
10244361,7193626124288,1060276588544
10249931,7198517075968,1060276588544
10255502,7203219042304,1060276588544
10261050,7207200772096,1060694769664
10266725,7210377113600,1062855471104
10272318,7214652403712,1064686505984
10277868,7219328802816,1064727781376
10283438,7224216768512,1064727781376
10289002,7228745109504,1064727781376
10294557,7233368059904,1064727781376
10300124,7236633042944,1064727781376
10305717,7241099018240,1064727781376
10311258,7245513265152,1064727781376
10316783,7248968712192,1066142908416
10322326,7254001393664,1067309219840
10327927,7258794758144,1067309219840
10333489,7263564824576,1067309219840
10339091,7268132028416,1067309219840
10344624,7273121902592,1067309219840
10350127,7278246060032,1067309219840
10355626,7281493491712,1068786941952
10361171,7286220025856,1068786941952
10366738,7291064008704,1068786941952
10372337,7295507935232,1068786941952
10377877,7300353323008,1068786941952
10383413,7304160944128,1069342187520
10389079,7308617953280,1069794193408
10394652,7313064628224,1069794193408
10400187,7318040690688,1069794193408
10405709,7322340519936,1069794193408
10411251,7327290052608,1069794193408
10416889,7328870445056,1069794193408
10422436,7332229992448,1070536744960
10428108,7337009508352,1071819825152
10433672,7341683154944,1073087631360
10439293,7346013683712,1073806409728
10444872,7350846054400,1073806409728
10450442,7355396222976,1073806409728
10456013,7360103706624,1073806409728
10461579,7363913826304,1074661609472
10467119,7368588115968,1075844534272
10472709,7373466619904,1076005900288
10478293,7378211614720,1076005900288
10483873,7382977331200,1076005900288
10489444,7387839557632,1076005900288
10495021,7391327399936,1077125857280
10500603,7396114796544,1078295212032
10506218,7400642781184,1079015641088
10511765,7405655711744,1079015641088
10517307,7410664579072,1079015641088
10522911,7415684812800,1079015641088
10528478,7419604918272,1080659021824
10534053,7424426508288,1081173745664
10539609,7429319356416,1081173745664
10545149,7434393722880,1081173745664
10550635,7439466864640,1081173745664
10556159,7444195258368,1081173745664
10561683,7448033067008,1082783375360
10567273,7452785086464,1084085493760
10572919,7457835835392,1084877950976
10578499,7462716354560,1084877950976
10584065,7467923759104,1084877950976
10589650,7473021583360,1084877950976
10595242,7476757778432,1086585610240
10600823,7481889972224,1087163891712
10606378,7486847430656,1087163891712
10611949,7491582541824,1087163891712
10617505,7496765693952,1087163891712
10623056,7500527452160,1088051404800
10628672,7505252749312,1089619292160
10634275,7509758779392,1089901486080
10639850,7514911641600,1089901486080
10645467,7520505528320,1089901486080
10651025,7525506338816,1089901486080
10656595,7530502877184,1089901486080
10662178,7534536294400,1091198459904
10667749,7539774963712,1091231285248
10673318,7545145458688,1091231285248
10678847,7549970317312,1091231285248
10684400,7554625708032,1091231285248
10690001,7559328964608,1091231285248
10695536,7563290427392,1091231285248
10701080,7566725107712,1092912136192
10706650,7571669372928,1094193975296
10712236,7576723726336,1094250676224
10717786,7581740679168,1094250676224
10723340,7587080167424,1094250676224
10728923,7592284635136,1094250676224
10734485,7597128998912,1094250676224
10740026,7602229108736,1094250676224
10745608,7605547999232,1095820034048
10751158,7610496073728,1096140107776
10756786,7615316398080,1096140107776
10762386,7620335120384,1096140107776
10767982,7624847794176,1096140107776
10773500,7629730205696,1096140107776
10779039,7633624096768,1097728573440
10784633,7638014124032,1098366672896
10790179,7642758266880,1098366672896
10795732,7647774056448,1098366672896
10801301,7652674772992,1098366672896
10806899,7656421400576,1099164553216
10812488,7660900048896,1099444465664
10818078,7665288114176,1099444465664
10823659,7669676015616,1099444465664
10829209,7674269589504,1099444465664
10834787,7677583814656,1100069634048
10840366,7682386022400,1101345591296
10845988,7686509023232,1102134321152
10851548,7691008585728,1102134321152
10857157,7695741767680,1102134321152
10862696,7700096503808,1102134321152
10868357,7705109102592,1102134321152
10873899,7708823691264,1103715819520
10879490,7713280843776,1104763105280
10885073,7717725253632,1105336950784
10890642,7722495508480,1105765572608
10896226,7727353655296,1105765572608
10901790,7732153356288,1105765572608
10907347,7734801416192,1106654453760
10912938,7739575091200,1108074971136
10918550,7743785410560,1108337942528
10924133,7748841930752,1108337942528
10929722,7754047229952,1108337942528
10935261,7758582095872,1108337942528
10940835,7762430820352,1108337942528
10946391,7766606454784,1108337942528
10951957,7770442854400,1109033107456
10957522,7774941818880,1109256654848
10963049,7779448918016,1109256654848
10968575,7784437547008,1109256654848
10974129,7789181542400,1109256654848
10979659,7794098651136,1109338267648
10985243,7798166118400,1111051612160
10990828,7802919129088,1112106889216
10996432,7807875555328,1112134275072
11001984,7812984049664,1112134275072
11007554,7818141822976,1112134275072
11013110,7823881568256,1112134275072
11018662,7827868164096,1112596393984
11024275,7832394280960,1114261356544
11029970,7834091274240,1114896150528
11035559,7838666690560,1114926075904
11041100,7843316162560,1114926075904
11046656,7848061640704,1114926075904
11052239,7852760772608,1114926075904
11057800,7856343904256,1116290760704
11063412,7861112209408,1117475475456
11068997,7865418194944,1117766643712
11074528,7869971542016,1117766643712
11080089,7874838269952,1117766643712
11085661,7879401947136,1117766643712
11091208,7883237031936,1118887542784
11096719,7888014913536,1118908932096
11102332,7892795322368,1118908932096
11107915,7897038090240,1118908932096
11113475,7900358156288,1120157777920
11119067,7904888979456,1121435246592
11124695,7909542731776,1122548457472
11130264,7913850855424,1122563379200
11135803,7918036938752,1122563379200
11141365,7922379534336,1122563379200
11146967,7926279741440,1122563379200
11152526,7929867722752,1124011687936
11158103,7934734061568,1124799557632
11163652,7940383047680,1124799569920
11169184,7946261975040,1124799569920
11174753,7951804010496,1124799569920
11180302,7957152583680,1124799569920
11185881,7960371273728,1125686591488
11191473,7964889669632,1127153856512
11197092,7969450889216,1127626850304
11202729,7973927006208,1127626850304
11208263,7978363523072,1127626850304
11213869,7982331904000,1127626850304
11219452,7986870280192,1127626850304
11225085,7990269362176,1129038753792
11230621,7994632151040,1129199689728
11236196,7999171915776,1129199689728
11241764,8003848347648,1129199689728
11247399,8008794824704,1129199689728
11252963,8012435496960,1130207289344
11258531,8017225375744,1131397591040
11264132,8022237868032,1132615827456
11269789,8027143069696,1133104435200
11275325,8031881736192,1133104435200
11280861,8037023830016,1133104435200
11286400,8042153103360,1133104435200
11291943,8045974691840,1134614036480
11297521,8050442346496,1135678779392
11303087,8054804684800,1135989714944
11308593,8059706699776,1135989714944
11314121,8064533467136,1135989714944
11319663,8069354336256,1135989714944
11325184,8072836218880,1137338732544
11330770,8077856256000,1138574831616
11336384,8082634362880,1138786910208
11341997,8087178375168,1138786910208
11347626,8090852581376,1139534938112
11353225,8095279329280,1139737432064
11358816,8099854020608,1139737432064
11364416,8104397524992,1139737432064
11369989,8107734884352,1139882766336
11375705,8110734151680,1141423030272
11381398,8113821626368,1142320340992
11387015,8116761845760,1142426447872
11392636,8118333165568,1149042569216
11398281,8118827782144,1150685376512
11403896,8121799442432,1150685376512
11409532,8125614415872,1150685376512
11415088,8129325293568,1150685376512
11420649,8133038854144,1150685376512
11426261,8137195634688,1150685376512
11431880,8141444784128,1150685376512
11437512,8145696071680,1150685376512
11443081,8149735854080,1150693040128
11448813,8153533706240,1152531144704
11454474,8158459211776,1153605054464
11460094,8163015970816,1153948237824
11465781,8167451627520,1153948237824
11471396,8171997974528,1153948237824
11477022,8175865982976,1154797531136
11482710,8180777791488,1156266196992
11488383,8185315905536,1156455796736
11494061,8190218543104,1156455796736
11499693,8194659188736,1156455796736
11505347,8199260405760,1156455796736
11510960,8202925117440,1157938737152
11516624,8207545978880,1158006517760
11522243,8212092862464,1158006517760
11527932,8216551206912,1158006517760
11533557,8219978067968,1159351394304
11539248,8224449667072,1160547893248
11544906,8229164408832,1160775217152
11550545,8233810759680,1160775217152
11556156,8237530972160,1161796636672
11561827,8241950519296,1163180670976
11567450,8246794567680,1163826581504
11573101,8251239436288,1163911958528
11578692,8256047595520,1163911958528
11584345,8259805356032,1165253799936
11590015,8264527228928,1166459330560
11595715,8269160042496,1167012474880
11601417,8273732636672,1167012474880
11607092,8278144684032,1167012544512
11612808,8280982048768,1168551919616
11618483,8283599818752,1169187352576
11624155,8285935353856,1169460453376
11629731,8288091295744,1169460453376
11635408,8288749993984,1176340291584
11641091,8291302805504,1177706307584
11646703,8295286489088,1177706307584
11652326,8298282438656,1177706307584
11657951,8301958189056,1177706307584
11663597,8305832042496,1177706307584
11669192,8310105767936,1177706307584
11674823,8313947123712,1177706307584
11680408,8317779791872,1177706307584
11686108,8321565294592,1177706307584
11691766,8325118132224,1179299581952
11697431,8329977131008,1180555341824
11703061,8334591934464,1180835602432
11708715,8339329769472,1180835602432
11714322,8343548289024,1180835602432
11720022,8348106027008,1180916355072
11725771,8351836250112,1182840627200
11731503,8353549131776,1183672508416
11737166,8358264750080,1183897337856
11742838,8362425688064,1183897337856
11748484,8366738518016,1183897337856
11754121,8371021053952,1183897337856
11759770,8375337709568,1183897337856
11765390,8380338323456,1183897337856
11771060,8383758651392,1185011785728
11776738,8387292143616,1187445223424
11782364,8392080211968,1187526410240
11787963,8397050503168,1187526410240
11793605,8402047504384,1187526410240
11799268,8405988028416,1187526410240
11804878,8409875357696,1187778211840
11810607,8413870526464,1189538021376
11816293,8418160828416,1189711450112
11821940,8422724091904,1189711450112
11827574,8427301703680,1189711450112
11833211,8430964563968,1190041362432
11838964,8435197693952,1191793573888
11844626,8439598030848,1192491360256
11850343,8444650369024,1192491360256
11855996,8449100345344,1192491360256
11861662,8452500762624,1193634246656
11867383,8456861839360,1194959560704
11873075,8461475729408,1195332411392
11878723,8465971400704,1195332411392
11884363,8470313525248,1195332411392
11890048,8473240510464,1196712644608
11895789,8476613054464,1198128988160
11901499,8478963744768,1198314876928
11907189,8480153796608,1198314876928
11912922,8482300727296,1198314876928
11918605,8484460961792,1198314876928
11924313,8486651527168,1198314876928
11930032,8489334374400,1198314876928
11935747,8490695086080,1202533052416
11941444,8491683594240,1202533052416
11947106,8495294750720,1202533052416
11952715,8499016531968,1202533052416
11958320,8502780039168,1202533052416
11963943,8506574786560,1202533052416
11969605,8510472683520,1202533052416
11975281,8514286481408,1202533052416
11980893,8518203408384,1202533052416
11986548,8521897029632,1202533052416
11992173,8524735053824,1203355811840
11997933,8529129250816,1204546072576
12003584,8533237837824,1204877099008
12009255,8537481355264,1204877099008
12014910,8541453156352,1204877099008
12020566,8545383735296,1204877099008
12026215,8548703993856,1205088100352
12031930,8552480403456,1206820052992
12037637,8556820312064,1206933528576
12043352,8561115758592,1206933528576
12049048,8565143789568,1206933528576
12054745,8568482611200,1208581267456
12060499,8572834783232,1208674820096
12066137,8577184980992,1208674820096
12071839,8581461463040,1208674820096
12077487,8585026531328,1209348706304
12083229,8588162408448,1210910019584
12088934,8589553864704,1211097825280
12094615,8591264342016,1211097825280
12100259,8593409155072,1211097825280
12105884,8595524456448,1211097825280
12111551,8597003513856,1216036618240
12117195,8598805446656,1219682746368
12122793,8601241968640,1219682746368
12128478,8603494055936,1220254646272
12134170,8606055559168,1225744416768
12139798,8609544409088,1225744416768
12145479,8613028302848,1225744416768
12151098,8616608092160,1225744416768
12156761,8620497408000,1225744416768
12162383,8624386879488,1225744416768
12168033,8628212887552,1225744416768
12173731,8632054456320,1225744416768
12179410,8635006234624,1226839121920
12185072,8639712641024,1227908476928
12190724,8644020957184,1228564934656
12196424,8648317579264,1228894912512
12202119,8652821204992,1228894912512
12207783,8657423126528,1229146587136
12213529,8661558161408,1231030636544
12219314,8663047376896,1231094853632
12224978,8667800440832,1231094853632
12230636,8671762927616,1231094853632
12236262,8675786215424,1231094853632
12241906,8679631077376,1231094853632
12247523,8683180462080,1231094853632
12253187,8686380699648,1232501338112
12258889,8690672689152,1233238056960
12264555,8695226683392,1233238056960
12270201,8699451555840,1233238056960
12275857,8703440297984,1233238056960
12281534,8706658631680,1234251571200
12287162,8711220391936,1235402788864
12292829,8715508736000,1235436068864
12298502,8718910685184,1235436068864
12304124,8722534645760,1235436068864
12309833,8725864558592,1235436068864
12315519,8729133895680,1235436068864
12321115,8732627755008,1235436068864
12326688,8735545872384,1235436068864
12332313,8739381911552,1235436068864
12337882,8742950383616,1235436068864
12343499,8746554294272,1235436068864
12349135,8748675674112,1236438347776
12355005,8749755154432,1237567762432
12360426,8751489646592,1238205964288
12366225,8754407936000,1239163744256
12372136,8756941787136,1240666230784
12377892,8759134683136,1241558499328
12383760,8760875667456,1241558499328
12389570,8762651402240,1241558499328
12395467,8764366790656,1241558499328
12401350,8766257344512,1241558499328
12407223,8768199901184,1241558499328
12413101,8770069762048,1241572720640
12418994,8772001005568,1241572720640
12424820,8773777952768,1241572720640
12430638,8775459045376,1241572720640
12436517,8777279447040,1241572720640
12442364,8778921271296,1241572720640
12448326,8780693598208,1241572720640
12454202,8782639558656,1241572720640
12460045,8784676646912,1241572720640
12465882,8786642952192,1241572720640
12471735,8787480129536,1241572720640
12477527,8789682302976,1241572720640
12483474,8791957622784,1241572720640
12489373,8794030936064,1241572720640
12495211,8796054249472,1241572720640
12501042,8798116966400,1241572720640
12506951,8799803023360,1241572720640
12512801,8802867290112,1241574842368
12518630,8806192640000,1241635471360
12524432,8809162936320,1241635471360
12530314,8812427923456,1241635471360
12536259,8815356801024,1241635471360
12542136,8818560495616,1241635471360
12548010,8821766111232,1241635471360
12553868,8824999817216,1241635471360
12559706,8828166328320,1241635471360
12565536,8830894170112,1241635471360
12571343,8834755702784,1241635471360
12577198,8837251592192,1241635471360
12583057,8840266780672,1241635471360
12588915,8842633199616,1241635471360
12594822,8845290917888,1241635471360
12600774,8847227641856,1241635471360
12606634,8849028739072,1241635471360
12612542,8851559116800,1241635471360
12618452,8852855046144,1241635471360
12624375,8854373957632,1241635471360
12630271,8854645514240,1241635471360
12636189,8856227729408,1241635471360
12642185,8856689422336,1241635471360
12648039,8857765711872,1241635471360
12653994,8858709000192,1241635471360
12659972,8859081863168,1241635471360
12665912,8859878064128,1249067040768
12671808,8860752916480,1253936857088
12677714,8860885454848,1263137882112
12683620,8861519134720,1271257841664
12689542,8865676881920,1274222723072
12695448,8866135371776,1278247649280
12701353,8870182473728,1283049668608
12707203,8870733836288,1288322351104
12713146,8871315570688,1289120104448
12719038,8875867897856,1289120104448
12724898,8876643999744,1297345740800
12730813,8880570834944,1301701312512
12736709,8882049867776,1301701312512
12742639,8886047735808,1307151433728
12748597,8887554195456,1307151433728
12754437,8892722442240,1310797479936
12760357,8893515669504,1316274388992
12766224,8898341228544,1317976686592
12772102,8899546013696,1317976686592
12777967,8904255582208,1317976686592
12783853,8907126550528,1317976686592
12789770,8910594027520,1324228214784
12795652,8914202423296,1324228214784
12801568,8915949228032,1327334195200
12807470,8918510862336,1327334195200
12813345,8919125745664,1329943511040
12819270,8919646199808,1331200819200
12825190,8920057823232,1339895775232
12831123,8920801349632,1340507553792
12837092,8920910995456,1343987548160
12843034,8921602449408,1349692375040
12848967,8922832826368,1353980772352
12854900,8923573170176,1360728473600
12860825,8924075245568,1364545257472
12866791,8924405727232,1374868815872
12872713,8924798193664,1382407798784
12878618,8925182607360,1388166119424
12884589,8925290369024,1391549349888
12890462,8925649154048,1397979693056
12896409,8925948837888,1400176951296
12902355,8926332923904,1404531163136
12908284,8926684282880,1408851197952
12914239,8926884851712,1415697154048
12920165,8927392247808,1422025605120
12926133,8927779008512,1426516934656
12932002,8928041414656,1433373638656
12937992,8928486207488,1433478414336
12943931,8928709226496,1438826528768
12949816,8929057533952,1448544796672
12955835,8929605365760,1451600969728
12961783,8930306699264,1459439796224
12967760,8930983763968,1465424363520
12973733,8931916320768,1468838952960
12979681,8933244575744,1476008738816
12985614,8933845659648,1476008738816
12991556,8934517764096,1477328912384
12997506,8934845591552,1483761729536
13003564,8935386054656,1483891490816
13009579,8936171769856,1490945130496
13015519,8937016016896,1494961651712
13021481,8937562669056,1498287472640
13027409,8938299301888,1504618512384
13033372,8939005059072,1506711339008
13039322,8940345712640,1512198914048
13045243,8941430677504,1512198914048
13051180,8942287994880,1512198914048
13057130,8943009710080,1513722183680
13063077,8943659417600,1518202339328
13069021,8944268886016,1525278162944
13075035,8945599111168,1525278162944
13080946,8946200158208,1529144934400
13086877,8946653655040,1535820972032
13092836,8947831300096,1537940455424
13098763,8948813410304,1539378937856
13104781,8949388890112,1546476650496
13110761,8950211022848,1547092639744
13116668,8951021551616,1551547760640
13122666,8951691886592,1557949071360
13128592,8952600858624,1560933597184
13134664,8953968971776,1562412859392
13140565,8955107094528,1564426141696
13146525,8955582242816,1570280833024
13152423,8956034985984,1575684866048
13158419,8956474626048,1578250420224
13164432,8956967862272,1579240095744
13170330,8957453537280,1579240095744
13176231,8957944152064,1579240095744
13182240,8958451879936,1579240095744
13188188,8958943191040,1579240095744
13194127,8959403843584,1579240095744
13200056,8959920111616,1579240095744
13205991,8960739868672,1579240095744
13211918,8961260744704,1579240095744
13217824,8961782808576,1579240095744
13223818,8962298064896,1579240095744
13229767,8962779729920,1579240095744
13235706,8963275304960,1579240095744
13241611,8963545542656,1579240095744
13247541,8963907489792,1579240095744
13253469,8964275589120,1579240095744
13259364,8964680527872,1579240095744
13265352,8964966522880,1579240095744
13271283,8965225115648,1579240095744
13277196,8965558620160,1579240095744
13283094,8965984186368,1579240095744
13289042,8966276059136,1579240095744
13294962,8966508670976,1579240095744
13300902,8966759178240,1579240095744
13306830,8967024259072,1579240095744
13312779,8967573479424,1579240095744
13318732,8968002342912,1579240095744
13324672,8968268591104,1579240095744
13330628,8968622821376,1579240095744
13336572,8968997486592,1579240095744
13342508,8969440464896,1579240095744
13348463,8969773494272,1579240095744
13354458,8970179715072,1579240095744
13360416,8970526707712,1579240095744
13366345,8970849497088,1579240095744
13372281,8971212226560,1579240095744
13378270,8971526909952,1579240095744
13384229,8971846504448,1579240095744
13390191,8972113195008,1579240095744
13396130,8972358111232,1579240095744
13402061,8972561215488,1579240095744
13408089,8972776480768,1579240095744
13414053,8972902207488,1579240095744
13419988,8973106044928,1579240095744
13425922,8973363994624,1579240095744
13431859,8973627240448,1579240095744
13437836,8973816954880,1579240095744
13443838,8973928353792,1579240095744
13449799,8973980880896,1579240095744
13455754,8973980884992,1579240095744
13461727,8973981261824,1579240095744
13467707,8973981392896,1579240095744
13473623,8973981392896,1579240095744
13479599,8973981392896,1579240095744
13485596,8973981392896,1579240095744
13491560,8973981392896,1579240095744
13497528,8973981392896,1579240095744
13503485,8973981392896,1579240095744
13509477,8973981392896,1579240095744
13515450,8973981392896,1579240095744
13521398,8974607024128,1579240095744
13527331,8976131317760,1579240095744
13533265,8977740668928,1579240095744
13539176,8979304013824,1579240095744
13545093,8980877438976,1579240095744
13551066,8982515666944,1579240095744
13557026,8984016748544,1579240095744
13562916,8985542541312,1579240095744
13568817,8987087257600,1579240095744
13574766,8988750577664,1579240095744
13580702,8990348976128,1579240095744
13586640,8991901925376,1579240095744
13592524,8993459290112,1579240095744
13598484,8995141586944,1579240095744
13604367,8996699697152,1579240095744
13610306,8998356602880,1579240095744
13616189,8999894786048,1579240095744
13622105,9001433030656,1579240095744
13628022,9003057385472,1579240095744
13633955,9004767354880,1579240095744
13639900,9006454247424,1579240095744
13645825,9008152858624,1579240095744
13651750,9009856229376,1579240095744
13657705,9011491479552,1579240095744
13663650,9013199876096,1579240095744
13669569,9014848135168,1579240095744
13675457,9016395890688,1579240095744
13681416,9017977802752,1579240095744
13687342,9019591401472,1579240095744
13693271,9021206417408,1579240095744
13699233,9022862213120,1579240095744
13705165,9024358453248,1579240095744
13711120,9025892499456,1579240095744
13717047,9027591745536,1579240095744
13722988,9029256679424,1579240095744
13728905,9030954729472,1579240095744
13734837,9032499269632,1579240095744
13740773,9033901367296,1579240095744
13746719,9035479306240,1579240095744
13752654,9037129801728,1579240095744
13758595,9038721310720,1579240095744
13764533,9040308830208,1579240095744
13770446,9041780912128,1579240095744
13776388,9043186626560,1579240095744
13782316,9044620222464,1579240095744
13788238,9045966966784,1579240095744
13794154,9047321415680,1579240095744
13800108,9048380063744,1579240095744
13806058,9048402219008,1579240095744
13812017,9052533379072,1579240095744
13817986,9056280752128,1579301625856
13823967,9058943119360,1579301625856
13829883,9061490765824,1579301625856
13835790,9063931355136,1579301625856
13841715,9066328440832,1579339595776
13847615,9068598693888,1579339595776
13853465,9070617706496,1579339595776
13859428,9072696180736,1579339595776
13865346,9074835902464,1579339595776
13871256,9076876709888,1579339595776
13877150,9077784891392,1579432075264
13883061,9078739075072,1579900497920
13889038,9080454721536,1580304805888
13895035,9082560495616,1580543455232
13901003,9084748013568,1580826578944
13906979,9086859337728,1581177606144
13912932,9088974016512,1581367656448
13918902,9090892947456,1581597741056
13924951,9092859621376,1582128214016
13930966,9093318512640,1582440464384
13937009,9093435092992,1582805254144
13943083,9093560143872,1583201525760
13949182,9093694218240,1583207383040
13955244,9093794496512,1583654707200
13961349,9093902290944,1584123969536
13967379,9094008963072,1584654909440
13973429,9094131986432,1585224073216
13979515,9094246969344,1585903656960
13985583,9094390587392,1585908744192
13991657,9094518599680,1586651451392
13997707,9094657523712,1586656026624
14003818,9094812446720,1587467747328
14009915,9094950035456,1588373794816
14016006,9095146110976,1588378599424
14022118,9095310012416,1589385539584
14028220,9095522430976,1589390172160
14034286,9095707136000,1590575812608
14040377,9095934541824,1590580207616
14046463,9096131358720,1591862796288
14052549,9096373665792,1591866814464
14058583,9096571326464,1593344606208
14064654,9096813834240,1593348620288
14070722,9096998686720,1594873794560
14076823,9097295257600,1594877476864
14082923,9097635131392,1594880565248
14089048,9097775394816,1596586893312
14095148,9098053492736,1596590338048
14101278,9098306846720,1596593782784
14107350,9098436653056,1598436175872
14113456,9098724151296,1598438989824
14119556,9099014430720,1598441709568
14125674,9099179487232,1600522084352
14131830,9099476537344,1600524935168
14137974,9099773444096,1600527192064
14144072,9100064845824,1600529448960
14150208,9100291170304,1602876112896
14156312,9100585250816,1602878726144
14162443,9100867645440,1602881339392
14168577,9101032972288,1605453881344
14174728,9101354487808,1605456494592
14180845,9101660663808,1605458870272
14186993,9101964701696,1605461245952
14193109,9102088941568,1608291348480
14199203,9102392586240,1608293842944
14205315,9102692007936,1608296337408
14211434,9102989828096,1608298831872
14217542,9103144345600,1611350061056
14223668,9103452708864,1611352436736
14229828,9103741997056,1611354574848
14235959,9104027529216,1611356712960
14242107,9104184451072,1614715088896
14248219,9104471465984,1614717009920
14254381,9104768225280,1614719148032
14260521,9105044570112,1614720929792
14266700,9105205358592,1614721998848
14272876,9105307504640,1618505269248
14279021,9105610424320,1618507190272
14285170,9105898463232,1618509209600
14291301,9106185936896,1618510991360
14297443,9106410696704,1618512535552
14303562,9106429755392,1622773579776
14310118,9106748137472,1622775599104
14316260,9107059056640,1622777499648
14322384,9107354771456,1622779375616
14328519,9107658219520,1622781153280
14334642,9107717283840,1622781534208
14340808,9107826221056,1627588825088
14346929,9108119756800,1627591000064
14353089,9108400414720,1627593211904
14359229,9108657913856,1627595276288
14365432,9108909768704,1627597205504
14371664,9108909957120,1627597205504
14377827,9109108969472,1633062510592
14383984,9109398536192,1633065037824
14390172,9109673066496,1633067376640
14396350,9109941186560,1633069879296
14402527,9110112563200,1633071386624
14408682,9110151081984,1638526816256
14414839,9110423351296,1638551306240
14420959,9110711537664,1638553804800
14427099,9110996770816,1638556278784
14433249,9111269683200,1638558490624
14439404,9111535677440,1638560636928
14445602,9111607259136,1638561079296
14451737,9111672033280,1644417474560
14457954,9111970426880,1644420636672
14464087,9112266891264,1644423270400
14470249,9112521342976,1644426309632
14476422,9112754671616,1644429422592
14482616,9112944410624,1644432318464
14488890,9112990633984,1644432859136
14495091,9113042341888,1650704916480
14501254,9113249857536,1650734190592
14507411,9113445695488,1650737299456
14513546,9113695862784,1650743021568
14519750,9113954807808,1650748235776
14525929,9114083651584,1654782775296
14532137,9114317860864,1656903630848
14538331,9114578997248,1656909254656
14544517,9114828263424,1656914657280
14550672,9115059343360,1656919748608
14556837,9115155439616,1662840999936
14563018,9115393503232,1662846136320
14569191,9115653537792,1662851321856
14575376,9115909038080,1662856781824
14581570,9116127232000,1662861348864
14587733,9116245356544,1668933124096
14593961,9116533313536,1668938956800
14600153,9116811374592,1668944408576
14606307,9117089259520,1668949512192
14612486,9117336391680,1668953993216
14618709,9117412012032,1675222929408
14624904,9117720223744,1675228725248
14631065,9118012235776,1675233992704
14637289,9118295482368,1675239747584
14643461,9118618419200,1675245318144
14649654,9118686433280,1680239583232
14655837,9118987317248,1681678221312
14662051,9119318384640,1681683353600
14668262,9119626973184,1681688530944
14674485,9119927271424,1681693376512
14680722,9120099794944,1681695342592
14686909,9120294903808,1688236503040
14693096,9120633724928,1688240975872
14699278,9120981729280,1688245784576
14705485,9121298677760,1688249614336
14711700,9121625341952,1688254214144
14717928,9121762209792,1688255541248
14724168,9121970147328,1695217053696
14730369,9122305191936,1695221202944
14736588,9122630311936,1695225450496
14742783,9122934632448,1695230472192
14748971,9123237556224,1695235510272
14755208,9123382804480,1695238033408
14761386,9123659505664,1702582067200
14767607,9123999678464,1702587592704
14773804,9124319248384,1702592372736
14779979,9124625956864,1702597545984
14786198,9124933869568,1702602784768
14792399,9125086208000,1704666300416
14798598,9125296377856,1709971365888
14804797,9125619441664,1709976858624
14811002,9125920972800,1709982208000
14817190,9126208782336,1709987303424
14823398,9126499770368,1709992988672
14829628,9126597840896,1713425199104
14835876,9126847180800,1717726257152
14842058,9127164055552,1717731553280
14848252,9127469912064,1717737222144
14854472,9127779123200,1717742194688
14860649,9128088784896,1717747490816
14866827,9128136892416,1722288594944
14873081,9128413941760,1725870792704
14879307,9128741453824,1725876862976
14885483,9129041375232,1725882220544
14891662,9129333215232,1725886857216
14897851,9129631453184,1725891092480
14904111,9129781526528,1725892993024
14910355,9129964130304,1734539464704
14916521,9130288439296,1734544875520
14922708,9130587107328,1734549532672
14928925,9130878394368,1734554173440
14935175,9131174055936,1734558478336
14941418,9131474710528,1734563180544
14947602,9131652071424,1738260754432
14953862,9131905941504,1743494410240
14960081,9132241039360,1743498915840
14966302,9132566032384,1743503343616
14972503,9132879343616,1743508025344
14978736,9133192839168,1743512293376
14984991,9133489614848,1743516606464
14991201,9133899927552,1752218988544
14997523,9134202150912,1753012482048
15003761,9134534373376,1753017122816
15009985,9134867812352,1753022287872
15016201,9135177175040,1753026367488
15022416,9135480938496,1753030729728
15028649,9135783952384,1753035309056
15034891,9135963533312,1758202183680
15041149,9136210452480,1763050795008
15047362,9136561950720,1763055570944
15053604,9136872648704,1763060060160
15059839,9137195991040,1763063783424
15066074,9137502277632,1763069108224
15072286,9137828839424,1763074068480
15078534,9138147958784,1763078610944
15084741,9138699804672,1765760155648
15091051,9138700021760,1771360157696
15097241,9138700021760,1771360157696
15103399,9138981842944,1771363790848
15109592,9139361742848,1771369623552
15115824,9139737939968,1771374964736
15122042,9140076036096,1771380465664
15128272,9140375207936,1771386126336
15134507,9140717338624,1771391758336
15140731,9141057052672,1771398021120
15146928,9141806653440,1776842792960
15153238,9142008729600,1783158808576
15159493,9142347390976,1783164698624
15165740,9142681522176,1783170039808
15171974,9143020695552,1783177297920
15178215,9143305150464,1783184056320
15184409,9143603724288,1783192190976
15190651,9143903436800,1783201894400
15196870,9144181510144,1788437311488
15203112,9144479027200,1795107528704
15209340,9144771452928,1795116113920
15215548,9145061183488,1795124785152
15221784,9145326637056,1795132284928
15228003,9145619091456,1795140775936
15234232,9145858883584,1795147812864
15240521,9145977962496,1806067560448
15246688,9146256465920,1806077755392
15252882,9146553131008,1806086729728
15259089,9146863726592,1806094684160
15265341,9147160604672,1806102732800
15271592,9147460853760,1806110904320
15277822,9147696218112,1806117638144
15284047,9147803242496,1817235632128
15290297,9148044210176,1817468141568
15296528,9148344303616,1817476710400
15302769,9148636512256,1817486266368
15309016,9148918112256,1817494999040
15315274,9149199413248,1817504587776
15321528,9149493293056,1817514221568
15327796,9149561991168,1822095847424
15334077,9149701578752,1828779020288
15340335,9150000627712,1828788690944
15346522,9150270492672,1828797661184
15352767,9150556532736,1828807696384
15359017,9150843011072,1828817780736
15365260,9151124144128,1828827922432
15371514,9151244001280,1828831318016
15377722,9151457898496,1840288845824
15383980,9151790522368,1840299192320
15390249,9152109641728,1840309366784
15396493,9152425713664,1840319578112
15402669,9152737062912,1840327200768
15408915,9153042780160,1840338386944
15415163,9153296404480,1840347054080
15421449,9153596563456,1845848506368
15427746,9153956573184,1851396571136
15433965,9154322132992,1851407945728
15440213,9154671869952,1851418501120
15446463,9155009912832,1851429228544
15452749,9155313291264,1851440091136
15459023,9155619229696,1851449987072
15465340,9155735916544,1851453595648
15471641,9156072538112,1862241095680
15477893,9156403433472,1862693175296
15484164,9156738170880,1862703128576
15490497,9157074006016,1862714019840
15496751,9157387939840,1862724816896
15503029,9157711929344,1862733807616
15509314,9157941215232,1862741938176
15515584,9158050037760,1872772616192
15521867,9158366318592,1874285588480
15528169,9158768746496,1874295521280
15534405,9159079399424,1874304598016
15540618,9159399469056,1874315612160
15546858,9159727247360,1874325753856
15553108,9160040394752,1874336866304
15559382,9160219533312,1880012312576
15565667,9160445067264,1886252228608
15571941,9160797270016,1886262292480
15578208,9161173073920,1886273318912
15584441,9161520816128,1886283399168
15590736,9161861324800,1886294519808
15597035,9162199314432,1886304821248
15603278,9162451972096,1886401687552
15609599,9162723713024,1898605891584
15615869,9163193696256,1898616221696
15622149,9163582869504,1898627604480
15628435,9163972251648,1898638036992
15634715,9164344971264,1898647609344
15640991,9164769902592,1898659057664
15647296,9165249941504,1898670383104
15653592,9165392146432,1907356762112
15659909,9165392445440,1910425485312
15666107,9165392461824,1910425485312
15672314,9165509259264,1910428319744
15678585,9165959974912,1910438739968
15684859,9166349533184,1910449184768
15691185,9166743740416,1910459719680
15697465,9167100313600,1910470283264
15703731,9167492018176,1910479888384
15710002,9167899156480,1910490402816
15716264,9168239792128,1915801116672
15722507,9168244731904,1920319537152
15728699,9168261902336,1920319537152
15734882,9168729464832,1920330051584
15741158,9169188360192,1920340574208
15747423,9169666985984,1920351191040
15753709,9170121359360,1920362799104
15759981,9170559692800,1920372396032
15766290,9171026075648,1920381992960
15772572,9171318833152,1926635368448
15778830,9171533545472,1932084006912
15785100,9171889033216,1932089749504
15791375,9172319383552,1932099297280
15797631,9172801433600,1932108886016
15803932,9173296717824,1932118462464
15810208,9173891416064,1932128067584
15816479,9174453985280,1932137832448
15822744,9174984929280,1932147679232
15829019,9175392292864,1939348738048
15835415,9175683837952,1944451481600
15841703,9176233046016,1944461860864
15848023,9176717258752,1944472846336
15854264,9177187749888,1944482844672
15860599,9177644118016,1944494010368
15866878,9178073149440,1944503136256
15873196,9178449883136,1944512311296
15879517,9178648842240,1944706138112
15885824,9178648870912,1948098756608
15892142,9178756530176,1959806672896
15898392,9179192246272,1960899461120
15904644,9179743318016,1960910893056
15910979,9180328652800,1960920281088
15917288,9180809469952,1960929742848
15923599,9181316317184,1960940396544
15929902,9181751418880,1960951054336
15936228,9182228598784,1960962809856
15942546,9182496346112,1967515738112
15948878,9182720847872,1973776396288
15955158,9183252467712,1973789294592
15961504,9183754944512,1973802172416
15967828,9184286285824,1973815242752
15974142,9184825389056,1973829402624
15980482,9185327480832,1973842608128
15986846,9185630879744,1973849235456
15993154,9185856811008,1985109557248
15999473,9186336182272,1985632829440
16005765,9186829099008,1985643843584
16012072,9187295002624,1985654861824
16018336,9187733938176,1985667158016
16024658,9188206239744,1985679585280
16031012,9188706713600,1985692614656
16037320,9189091135488,1986882269184
16043698,9189231747072,1997563244544
16049978,9189615091712,1997572308992
16056286,9190133497856,1997586075648
16062585,9190654337024,1997598814208
16068867,9191200059392,1997611511808
16075184,9191725002752,1997624217600
16081527,9192251527168,1997637013504
16087866,9192611504128,2002507939840
16094264,9192817819648,2009454862336
16100611,9193412087808,2009466740736
16106898,9193923158016,2009478811648
16113214,9194380787712,2009489760256
16119535,9194844499968,2009502031872
16125841,9195220979712,2009515626496
16132148,9195662196736,2009528049664
16138491,9195961790464,2009535471616
16144839,9196044939264,2022457499648
16151140,9196607369216,2022471172096
16157435,9197038399488,2022483574784
16163761,9197503148032,2022497222656
16170094,9197945585664,2022510977024
16176430,9198358421504,2022522322944
16182749,9198717644800,2022534987776
16189083,9199076421632,2022542606336
16195401,9199248375808,2034600505344
16201649,9199248420864,2034600505344
16207898,9199248420864,2034600505344
16214167,9199475953664,2034606866432
16220484,9199928827904,2034621513728
16226822,9200454938624,2034636226560
16233133,9200907632640,2034650324992
16239479,9201304711168,2034663182336
16245834,9201840730112,2034678644736
16252160,9202116730880,2034689003520
16258432,9202298998784,2044264935424
16264674,9202299027456,2044264935424
16270905,9202362294272,2044267524096
16277232,9202800414720,2044283121664
16283508,9203226456064,2044297519104
16289811,9203667656704,2044311924736
16296166,9204192186368,2044327567360
16302528,9204645576704,2044343189504
16308844,9204994260992,2044354928640
16315172,9205208838144,2054186328064
16321474,9205209010176,2056081842176
16327779,9205516087296,2056092311552
16334139,9206006509568,2056108052480
16340447,9206466052096,2056123858944
16346779,9206903365632,2056138240000
16353086,9207343554560,2056153915392
16359438,9207792099328,2056169463808
16365726,9208080273408,2062846173184
16372116,9208351997952,2067914149888
16378458,9208871202816,2067929636864
16384779,9209343193088,2067944472576
16391133,9209763700736,2067959488512
16397492,9210202640384,2067975397376
16403858,9210625757184,2067991535616
16410218,9210981011456,2071387525120
16416604,9211141742592,2079728947200
16422966,9211649564672,2079747911680
16429335,9212105830400,2079765590016
16435688,9212579512320,2079782600704
16441993,9213051338752,2079800070144
16448338,9213493952512,2079818153984
16454690,9213741170688,2086901596160
16461063,9213980069888,2091599417344
16467413,9214453919744,2091619135488
16473729,9214927511552,2091637424128
16480082,9215412707328,2091655745536
16486416,9215860801536,2091672645632
16492760,9216313827328,2091688202240
16499125,9216451670016,2102899580928
16505435,9216945184768,2102940168192
16511800,9217442979840,2102958923776
16518144,9218001371136,2102976389120
16524489,9218526838784,2102993969152
16530848,9219035856896,2103011635200
16537218,9219514060800,2103027859456
16543545,9219661869056,2109718675456
16549947,9220031344640,2114410520576
16556267,9220725370880,2118780952576
16562753,9220862951424,2118780952576
16569241,9220996886528,2118780952576
16575701,9221184069632,2125247193088
16581981,9221262008320,2125247193088
16588296,9221292183552,2125247193088
16594582,9221379575808,2125247193088
16600905,9221569204224,2125247193088
16607259,9221592850432,2126419861504
16613585,9221597089792,2126419861504
16619917,9221794713600,2126419861504
16626242,9222177390592,2127245180928
16632575,9222493859840,2127245180928
16638900,9222815047680,2127245180928
16645255,9223129767936,2127245180928
16651620,9223187619840,2127245180928
16657899,9223189962752,2127245180928
16664208,9223197413376,2127245180928
16670472,9223213023232,2127245180928
16676785,9223219429376,2127245180928
16683056,9223223676928,2127274246144
16689298,9223223676928,2127274246144
16695571,9223223676928,2127274246144
16701836,9223223676928,2127274246144
16708105,9223223676928,2127274246144
16714337,9223223676928,2127274246144
16720565,9223223676928,2127274246144
16726804,9223223676928,2127274246144
16733082,9223223676928,2127274246144
16739337,9226172280832,2127274459136
16745682,9227627823104,2128969457664
16752032,9228254011392,2130396282880
16758274,9228254011392,2130396282880
16764530,9228254011392,2130396282880
16770832,9228254011392,2130396282880
16777107,9228254011392,2130396282880
16783385,9228254011392,2130396282880
16789645,9228254011392,2130396282880
16795888,9228254011392,2130396282880
16802107,9228272529408,2130396282880
16808360,9228273106944,2130400952320
16814607,9228273139712,2130400952320
16820901,9228273139712,2130400952320
16827174,9228273139712,2130400952320
16833418,9228273139712,2130400952320
16839685,9228273139712,2130400952320
16845900,9228273139712,2130400952320
16852136,9228273139712,2130400952320
16858332,9228273139712,2130400952320
16864587,9228273139712,2130400952320
16870852,9228273139712,2130405621760
16877110,9228273139712,2130405621760
16883332,9228273139712,2130405621760
16889579,9228273139712,2130405621760
16895819,9228273139712,2130405621760
16902062,9228273139712,2130405621760
16908309,9228273139712,2130405621760
16914571,9228273156096,2130405621760
16920818,9228273172480,2130405621760
16927047,9228273172480,2130405621760
16933300,9228273172480,2130410291200
16939540,9228273172480,2130410291200
16945793,9228273172480,2130410291200
16952023,9228273172480,2130410291200
16958235,9228273172480,2130410291200
16964470,9228273172480,2130410291200
16970698,9228273172480,2130410291200
16976975,9228273172480,2130410291200
16983199,9228273172480,2130410291200
16989472,9228273172480,2130414960640
16995706,9228273172480,2130414960640
17001951,9228273172480,2130414960640
17008236,9228273172480,2130414960640
17014490,9228273172480,2130414960640
17020723,9228273172480,2130414960640
17026956,9228273172480,2130414960640
17033200,9228273172480,2130414960640
17039423,9228273172480,2130414960640
17045666,9228273172480,2130414960640
17051866,9228273172480,2130419630080
17058097,9228273172480,2130419630080
17064381,9228273172480,2130419630080
17070614,9228273172480,2130419630080
17076845,9228273172480,2130419630080
17083080,9228273172480,2130419630080
17089347,9228273172480,2130419630080
17095590,9228273172480,2130419630080
17101859,9228273172480,2130419630080
17108117,9228273172480,2130419630080
17114354,9228273172480,2130424299520
17120617,9228273172480,2130424299520
17126857,9228273172480,2130424299520
17133088,9228273172480,2130424299520
17139316,9228273172480,2130424299520
17145543,9228273172480,2130424299520
17151813,9228273172480,2130424299520
17158040,9228273172480,2130424299520
17164271,9228273172480,2130424299520
17170515,9228273172480,2130424299520
17176750,9228273172480,2130428968960
17183050,9228273172480,2130428968960
17189296,9228273172480,2130428968960
17195533,9228273172480,2130428968960
17201788,9228273172480,2130428968960
17208009,9228273172480,2130428968960
17214289,9228273172480,2130428968960
17220524,9228273172480,2130428968960
17226763,9228525256704,2130430664704
17233113,9230084096000,2132362977280
17239489,9231166021632,2133440569344
17245708,9231200202752,2133499232256
17251967,9231200202752,2133499232256
17258237,9231200202752,2133499232256
17264494,9231200202752,2133499232256
17270762,9231200202752,2133499232256
17277029,9231200202752,2133499232256
17283299,9231200202752,2133499232256
17289557,9231218794496,2133499232256
17295783,9231218909184,2133503901696
17302030,9231218909184,2133503901696
17308275,9231218909184,2133503901696
17314539,9231218909184,2133503901696
17320829,9231218909184,2133503901696
17327097,9231218909184,2133503901696
17333322,9231218909184,2133503901696
17339585,9231218909184,2133503901696
17345864,9231218925568,2133503901696
17352120,9231218925568,2133503901696
17358365,9231218925568,2133508571136
17364597,9231218925568,2133508571136
17370828,9231218925568,2133508571136
17377053,9231218925568,2133508571136
17383287,9231218925568,2133508571136
17389555,9231218925568,2133508571136
17395799,9231218925568,2133508571136
17402045,9231218925568,2133508571136
17408289,9231218925568,2133508571136
17414495,9231218925568,2133508571136
17420740,9231218925568,2133513240576
17426999,9231218925568,2133513240576
17433215,9231218925568,2133513240576
17439469,9231218925568,2133513240576
17445649,9231218925568,2133513240576
17451890,9231218925568,2133513240576
17458107,9231218925568,2133513240576
17464382,9231218925568,2133513240576
17470623,9231218925568,2133513240576
17476882,9231218925568,2133517910016
17483123,9231218925568,2133517910016
17489361,9231218925568,2133517910016
17495587,9231218925568,2133517910016
17501858,9231218925568,2133517910016
17508090,9231218925568,2133517910016
17514307,9231218925568,2133517910016
17520552,9231218925568,2133517910016
17526798,9231218925568,2133517910016
17533048,9231720161280,2133632221184
17539422,9232703082496,2135028482048
17545670,9232771555328,2135118159872
17551898,9232771555328,2135118159872
17558139,9232771555328,2135118159872
17564387,9232771555328,2135118159872
17570619,9232771555328,2135118159872
17576858,9232771555328,2135118159872
17583108,9232771555328,2135118159872
17589349,9232771555328,2135118159872
17595599,9232790102016,2135118159872
17601842,9232790114304,2135122829312
17608089,9232790114304,2135122829312
17614334,9232790114304,2135122829312
17620606,9232790114304,2135122829312
17626835,9232790114304,2135122829312
17633081,9232790114304,2135122829312
17639331,9232790114304,2135122829312
17645566,9232790114304,2135122829312
17651814,9232790114304,2135122829312
17658082,9234094161920,2136012308480
17664423,9235072667648,2137393868800
17670672,9235072667648,2137393868800
17676930,9235072667648,2137393868800
17683195,9235072667648,2137393868800
17689399,9235072667648,2137393868800
17695680,9235072667648,2137393868800
17701938,9235072667648,2137393868800
17708176,9235072667648,2137393868800
17714422,9235072667648,2137393868800
17720693,9235091324928,2137393868800
17726934,9235091357696,2137398538240
17733159,9235091357696,2137398538240
17739397,9235091357696,2137398538240
17745653,9235091357696,2137398538240
17751880,9235091357696,2137398538240
17758117,9235091357696,2137398538240
17764388,9235091357696,2137398538240
17770638,9235091374080,2137398538240
17776915,9235091374080,2137398538240
17783161,9235091374080,2137403207680
17789390,9235091374080,2137403207680
17795606,9235091374080,2137403207680
17801809,9235091374080,2137403207680
17808037,9235091374080,2137403207680
17814248,9235091374080,2137403207680
17820456,9235091374080,2137403207680
17826672,9235091374080,2137403207680
17832879,9235091374080,2137403207680
17839118,9235091374080,2137403207680
17845355,9235091374080,2137407877120
17851563,9235091374080,2137407877120
17857813,9235091374080,2137407877120
17864071,9235091374080,2137407877120
17870309,9235091374080,2137407877120
17876465,9235091374080,2137407877120
17882713,9235091374080,2137407877120
17888907,9235091374080,2137407877120
17895096,9235091374080,2137407877120
17901339,9235091374080,2137407877120
17907583,9235091374080,2137411039232
17913808,9235091374080,2137411039232
17920054,9235091374080,2137411039232
17926300,9235091374080,2137411039232
17932547,9235091374080,2137411039232
17938795,9235091374080,2137411039232
17945052,9235091374080,2137411039232
17951278,9235091374080,2137411039232
17957520,9235091374080,2137411039232
17963790,9236143779840,2138185433088
17970137,9236190617600,2138415210496
17976414,9236190617600,2138415210496
17982637,9236190617600,2138415210496
17988862,9236190617600,2138415210496
17995096,9236190617600,2138415210496
18001336,9236190617600,2138415210496
18007595,9236190617600,2138415210496
18013839,9236190617600,2138415210496
18020095,9236190617600,2138415210496
18026346,9236190666752,2138418372608
18032565,9236190666752,2138418372608
18038812,9236190666752,2138418372608
18045032,9236190666752,2138418372608
18051249,9236190666752,2138418372608
18057515,9236190666752,2138418372608
18063803,9236190666752,2138418372608
18070039,9236190666752,2138418372608
18076304,9236190666752,2138418372608
18082552,9236190666752,2138418372608
18088793,9236190666752,2138421534720
18095043,9236190666752,2138421534720
18101286,9236190666752,2138421534720
18107521,9236190666752,2138421534720
18113778,9236190666752,2138421534720
18120046,9236190666752,2138421534720
18126306,9236190666752,2138421534720
18132554,9236190666752,2138421534720
18138809,9236190666752,2138421534720
18145054,9236190666752,2138421534720
18151322,9236190666752,2138424696832
18157544,9236190666752,2138424696832
18163769,9236190666752,2138424696832
18170035,9236190666752,2138424696832
18176247,9236190666752,2138424696832
18182464,9236190666752,2138424696832
18188707,9236190666752,2138424696832
18194942,9236190666752,2138424696832
18201177,9236190666752,2138424696832
18207410,9236190666752,2138424696832
18213635,9236190666752,2138427858944
18219923,9236190666752,2138427858944
18226161,9236190666752,2138427858944
18232426,9236190666752,2138427858944
18238643,9236190666752,2138427858944
18244893,9236190666752,2138427858944
18251168,9236190666752,2138427858944
18257393,9236190666752,2138427858944
18263663,9236190666752,2138427858944
18269913,9236190666752,2138431021056
18276153,9236190666752,2138431021056
18282409,9236190666752,2138431021056
18288656,9236190666752,2138431021056
18294932,9236190666752,2138431021056
18301201,9236190666752,2138431021056
18307442,9236190666752,2138431021056
18313692,9236190666752,2138431021056
18319966,9236190666752,2138431021056
18326206,9236190666752,2138431021056
18332455,9236190666752,2138435690496
18338741,9236190666752,2138435690496
18344991,9236190666752,2138435690496
18351209,9236190666752,2138435690496
18357454,9236190666752,2138435690496
18363679,9236190666752,2138435690496
18369868,9236190666752,2138435690496
18376134,9236190666752,2138435690496
18382367,9236190666752,2138435690496
18388601,9237466271744,2139451826176
18394909,9237606559744,2140023480320
18401150,9237606559744,2140023480320
18407377,9237606559744,2140023480320
18413644,9237606559744,2140023480320
18419874,9237606559744,2140023480320
18426118,9237606559744,2140023480320
18432364,9237606559744,2140023480320
18438608,9237606559744,2140023480320
18444882,9237606559744,2140023480320
18451145,9237606608896,2140023480320
18457420,9237606608896,2140028149760
18463617,9237606608896,2140028149760
18469883,9237606608896,2140028149760
18476143,9237606608896,2140028149760
18482396,9237606608896,2140028149760
18488641,9237606608896,2140028149760
18494885,9237606608896,2140028149760
18501150,9237606608896,2140028149760
18507416,9237606641664,2140028149760
18513697,9237606641664,2140032819200
18519919,9237606641664,2140032819200
18526125,9237606641664,2140032819200
18532360,9237606641664,2140032819200
18538510,9237606641664,2140032819200
18544744,9237606641664,2140032819200
18550985,9237606641664,2140032819200
18557204,9237606641664,2140032819200
18563428,9237606641664,2140032819200
18569686,9237606662144,2140032819200
18575909,9237606662144,2140037488640
18582119,9237606662144,2140037488640
18588378,9237606662144,2140037488640
18594624,9237606662144,2140037488640
18600841,9237606662144,2140037488640
18607074,9237606662144,2140037488640
18613316,9237606662144,2140037488640
18619532,9237606662144,2140037488640
18625760,9237606662144,2140037488640
18631993,9237606662144,2140037488640
18638236,9237606662144,2140042158080
18644457,9237606662144,2140042158080
18650719,9237606662144,2140042158080
18656981,9237606662144,2140042158080
18663246,9237606662144,2140042158080
18669486,9237606662144,2140042158080
18675701,9237606662144,2140042158080
18681954,9237606662144,2140042158080
18688213,9237606662144,2140042158080
18694469,9237606662144,2140046827520
18700704,9237606662144,2140046827520
18706935,9237606662144,2140046827520
18713187,9237606662144,2140046827520
18719427,9237606662144,2140046827520
18725685,9237606662144,2140046827520
18731935,9237606662144,2140046827520
18738202,9237606662144,2140046827520
18744427,9237606678528,2140046827520
18750689,9237606711296,2140046827520
18756928,9237606785024,2140051496960
18763260,9237606821888,2140051496960
18769518,9237606838272,2140051496960
18775770,9237606838272,2140051496960
18782005,9237606838272,2140051496960
18788238,9237606838272,2140051496960
18794487,9237606838272,2140051496960
18800745,9237606838272,2140051496960
18806996,9237606838272,2140051496960
18813201,9237606871040,2140051496960
18819414,9237606936576,2140056166400
18825664,9237606936576,2140056166400
18831920,9237606936576,2140056166400
18838179,9237606936576,2140056166400
18844480,9237606936576,2140056166400
18850735,9237606936576,2140056166400
18856958,9237606936576,2140056166400
18863226,9237606973440,2140056166400
18869468,9237606989824,2140056166400
18875718,9237607108608,2140056166400
18881943,9237607161856,2140060835840
18888162,9237607170048,2140060835840
18894459,9237607219200,2140060835840
18900704,9237607235584,2140060835840
18906953,9237607235584,2140060835840
18913184,9237607235584,2140060835840
18919434,9237607235584,2140060835840
18925653,9237607235584,2140060835840
18931878,9237607235584,2140060835840
18938091,9237607235584,2140065505280
18944351,9237607235584,2140065505280
18950586,9237607235584,2140065505280
18956842,9237607235584,2140065505280
18963104,9237607235584,2140065505280
18969325,9237607235584,2140065505280
18975571,9237607235584,2140065505280
18981775,9237607235584,2140065505280
18988034,9237607288832,2140065505280
18994323,9237607337984,2140065505280
19000600,9237607477248,2140070174720
19006800,9237607477248,2140070174720
19013033,9237607477248,2140070174720
19019324,9237607526400,2140070174720
19025588,9237607542784,2140070174720
19031820,9237607542784,2140070174720
19038100,9237607575552,2140070174720
19044365,9237607591936,2140070174720
19050600,9237607608320,2140070174720
19056850,9237607641088,2140070174720
19063091,9237607780352,2140074844160
19069336,9237607780352,2140074844160
19075595,9237607780352,2140074844160
19081841,9237607780352,2140074844160
19088099,9237607780352,2140074844160
19094363,9237607780352,2140074844160
19100637,9237607780352,2140074844160
19106881,9237607780352,2140074844160
19113138,9237607780352,2140074844160
19119425,9237607780352,2140079513600
19125695,9237607780352,2140079513600
19131987,9237607796736,2140079513600
19138250,9237607796736,2140079513600
19144461,9237607796736,2140079513600
19150682,9237607796736,2140079513600
19156911,9237607796736,2140079513600
19163139,9237607796736,2140079513600
19169385,9237607796736,2140079513600
19175624,9237607796736,2140079513600
19181856,9237607796736,2140084183040
19188074,9237607796736,2140084183040
19194326,9237607796736,2140084183040
19200594,9237607796736,2140084183040
19206832,9237607796736,2140084183040
19213046,9237607796736,2140084183040
19219309,9237607796736,2140084183040
19225524,9237607796736,2140084183040
19231784,9237607796736,2140084183040
19238070,9237607796736,2140084183040
19244323,9237607796736,2140088852480
19250556,9237607796736,2140088852480
19256797,9237607796736,2140088852480
19263057,9237607813120,2140088852480
19269302,9237607829504,2140088852480
19275531,9237607829504,2140088852480
19281751,9237607829504,2140088852480
19287989,9237607829504,2140088852480
19294248,9237607829504,2140088852480
19300481,9237608038400,2140093521920
19306699,9237608038400,2140093521920
19312964,9237608054784,2140093521920
19319179,9237608103936,2140093521920
19325431,9237608120320,2140093521920
19331696,9237608169472,2140093521920
19337947,9237608169472,2140093521920
19344197,9237608169472,2140093521920
19350423,9237608169472,2140093521920
19356695,9237608202240,2140093521920
19362907,9237608284160,2140098191360
19369115,9237608284160,2140098191360
19375331,9237608300544,2140098191360
19381573,9237608316928,2140098191360
19387760,9237608316928,2140098191360
19393998,9237608316928,2140098191360
19400239,9237608316928,2140098191360
19406489,9237608316928,2140098191360
19412701,9237608316928,2140098191360
19418987,9237608316928,2140098191360
19425256,9237608316928,2140102860800
19431456,9237608316928,2140102860800
19437697,9237608316928,2140102860800
19443957,9237608316928,2140102860800
19450194,9237608316928,2140102860800
19456466,9237608316928,2140102860800
19462715,9237608316928,2140102860800
19468973,9237608316928,2140102860800
19475185,9237608316928,2140102860800
19481430,9237608316928,2140102860800
19487672,9237608316928,2140107530240
19493905,9237608316928,2140107530240
19500157,9237608316928,2140107530240
19506400,9237608316928,2140107530240
19512675,9237608316928,2140107530240
19518955,9237608316928,2140107530240
19525168,9237608316928,2140107530240
19531388,9237608316928,2140107530240
19537640,9237608316928,2140107530240
19543930,9237608316928,2140112199680
19550180,9237608333312,2140112199680
19556431,9237608333312,2140112199680
19562696,9237608333312,2140112199680
19568939,9237608333312,2140112199680
19575206,9237608333312,2140112199680
19581467,9237608333312,2140112199680
19587729,9237608333312,2140112199680
19593949,9237608333312,2140112199680
19600154,9237608366080,2140112199680
19606446,9237608448000,2140116869120
19612654,9237608448000,2140116869120
19618892,9237608448000,2140116869120
19625164,9237608448000,2140116869120
19631433,9237608448000,2140116869120
19637683,9237608448000,2140116869120
19643886,9237608448000,2140116869120
19650171,9237608448000,2140116869120
19656472,9237608448000,2140116869120
19662754,9237608448000,2140116869120
19669024,9237608448000,2140121538560
19675329,9237608448000,2140121538560
19681570,9237608448000,2140121538560
19687804,9237608448000,2140121538560
19694058,9237608448000,2140121538560
19700340,9237608448000,2140121538560
19706562,9237608448000,2140121538560
19712804,9237608448000,2140121538560
19719072,9237608464384,2140121538560
19725387,9237608480768,2140126208000
19731651,9237608480768,2140126208000
19737920,9237608480768,2140126208000
19744140,9237608480768,2140126208000
19750368,9237608480768,2140126208000
19756593,9237608480768,2140126208000
19762845,9237608480768,2140126208000
19769073,9237608480768,2140126208000
19775337,9237608480768,2140126208000
19781611,9237608480768,2140126208000
19787865,9237608480768,2140130877440
19794136,9237608480768,2140130877440
19800355,9237608480768,2140130877440
19806595,9237608480768,2140130877440
19812838,9237608480768,2140130877440
19819101,9237608480768,2140130877440
19825381,9237608480768,2140130877440
19831611,9237608480768,2140130877440
19837828,9237608480768,2140130877440
19844039,9237608480768,2140130877440
19850275,9237608480768,2140135546880
19856486,9237608480768,2140135546880
19862738,9237608480768,2140135546880
19868969,9237608480768,2140135546880
19875202,9237608480768,2140135546880
19881449,9237608480768,2140135546880
19887712,9237608480768,2140135546880
19893931,9237608480768,2140135546880
19900185,9237608480768,2140135546880
19906412,9237608480768,2140140216320
19912660,9237608480768,2140140216320
19918926,9237608480768,2140140216320
19925145,9237608480768,2140140216320
19931369,9237608480768,2140140216320
19937612,9237608480768,2140140216320
19943869,9237608480768,2140140216320
19950095,9237608480768,2140140216320
19956344,9237608480768,2140140216320
19962576,9237608480768,2140140216320
19968760,9237608480768,2140144885760
19974993,9237608480768,2140144885760
19981231,9237608480768,2140144885760
19987485,9237608480768,2140144885760
19993701,9237608480768,2140144885760
19999941,9237608480768,2140144885760
20006179,9237608480768,2140144885760
20012434,9237608480768,2140144885760
20018720,9237608480768,2140144885760
20024955,9237608480768,2140144885760
20031226,9237608480768,2140149555200
20037489,9237608480768,2140149555200
20043718,9237608480768,2140149555200
20049926,9237608480768,2140149555200
20056209,9237608480768,2140149555200
20062466,9237608480768,2140149555200
20068697,9237608480768,2140149555200
20074951,9237608480768,2140149555200
20081226,9237608480768,2140149555200
20087459,9237608480768,2140149555200
20093718,9237608480768,2140154224640
20100011,9237608480768,2140154224640
20106252,9237608480768,2140154224640
20112506,9237608480768,2140154224640
20118781,9237608480768,2140154224640
20125021,9237608480768,2140154224640
20131259,9237608480768,2140154224640
20137499,9237608480768,2140154224640
20143744,9237608480768,2140154224640
20150023,9237608480768,2140158894080
20156249,9237608480768,2140158894080
20162454,9237608480768,2140158894080
20168714,9237608480768,2140158894080
20174973,9237608480768,2140158894080
20181192,9237608480768,2140158894080
20187397,9237608480768,2140158894080
20193617,9237608480768,2140158894080
20199875,9237608480768,2140158894080
20206125,9237608480768,2140158894080
20212363,9237608480768,2140163563520
20218579,9237608480768,2140163563520
20224817,9237608480768,2140163563520
20231067,9237608480768,2140163563520
20237308,9237608480768,2140163563520
20243577,9237608480768,2140163563520
20249854,9237608480768,2140163563520
20256121,9237608480768,2140163563520
20262376,9237608480768,2140163563520
20268638,9237608480768,2140163563520
20274851,9237608480768,2140168232960
20281075,9237608480768,2140168232960
20287271,9237608480768,2140168232960
20293503,9237608480768,2140168232960
20299761,9237608480768,2140168232960
20306008,9237608480768,2140168232960
20312226,9237608480768,2140168232960
20318494,9237608480768,2140168232960
20324718,9237608480768,2140168232960
20330962,9237608480768,2140172902400
20337190,9237608480768,2140172902400
20343448,9237608480768,2140172902400
20349713,9237608480768,2140172902400
20355922,9237608480768,2140172902400
20362159,9237608480768,2140172902400
20368377,9237608480768,2140172902400
20374642,9237608480768,2140172902400
20380851,9237608480768,2140172902400
20387086,9237608480768,2140172902400
20393300,9237608480768,2140177571840
20399574,9237608480768,2140177571840
20405811,9237608480768,2140177571840
20412043,9237608480768,2140177571840
20418286,9237608480768,2140177571840
20424544,9237608480768,2140177571840
20430810,9237608480768,2140177571840
20437082,9237608480768,2140177571840
20443313,9237608480768,2140177571840
20449573,9237608480768,2140177571840
20455826,9237608480768,2140182241280
20462065,9237608480768,2140182241280
20468298,9237608480768,2140182241280
20474511,9237608480768,2140182241280
20480767,9237608480768,2140182241280
20487028,9237608480768,2140182241280
20493265,9237608480768,2140182241280
20499506,9237608480768,2140182241280
20505747,9237608480768,2140182241280
20511972,9237608480768,2140182241280
20518219,9237608480768,2140186910720
20524472,9237608480768,2140186910720
20530700,9237608480768,2140186910720
20536964,9237608480768,2140186910720
20543209,9237608480768,2140186910720
20549471,9237608480768,2140186910720
20555723,9237608480768,2140186910720
20561994,9237608480768,2140186910720
20568235,9237608480768,2140186910720
20574464,9237608480768,2140191580160
20580693,9237608480768,2140191580160
20586924,9237608480768,2140191580160
20593176,9237608480768,2140191580160
20599403,9237608480768,2140191580160
20605632,9237608480768,2140191580160
20611858,9237608480768,2140191580160
20618123,9237608480768,2140191580160
20624326,9237608480768,2140191580160
20630595,9237608480768,2140191580160
20636848,9237608480768,2140194742272
20643084,9237608480768,2140194742272
20649326,9237608480768,2140194742272
20655560,9237608480768,2140194742272
20661786,9237608480768,2140194742272
20668032,9237608480768,2140194742272
20674267,9237608480768,2140194742272
20680559,9237608480768,2140194742272
20686817,9237608480768,2140194742272
20693076,9237608480768,2140194742272
20699313,9237608480768,2140197904384
20705534,9237608480768,2140197904384
20711783,9237608480768,2140197904384
20718020,9237608480768,2140197904384
20724277,9237608480768,2140197904384
20730546,9237608480768,2140197904384
20736779,9237608480768,2140197904384
20743019,9237608480768,2140197904384
20749259,9237608480768,2140197904384
20755513,9237608480768,2140201066496
20761742,9237608480768,2140201066496
20767944,9237608480768,2140201066496
20774171,9237608480768,2140201066496
20780425,9237608480768,2140201066496
20786654,9237608480768,2140201066496
20792902,9237608480768,2140201066496
20799162,9237608480768,2140201066496
20805435,9237608480768,2140201066496
20811692,9237608480768,2140201066496
20817919,9237608480768,2140204228608
20824168,9237608480768,2140204228608
20830353,9237608480768,2140204228608
20836598,9237608480768,2140204228608
20842825,9237608480768,2140204228608
20849060,9237608480768,2140204228608
20855275,9237608480768,2140204228608
20861499,9237608480768,2140204228608
20867716,9237608480768,2140204228608
20873970,9237608480768,2140204228608
20880191,9237608480768,2140207390720
20886408,9237608480768,2140207390720
20892633,9237608480768,2140207390720
20898875,9237608480768,2140207390720
20905105,9237608480768,2140207390720
20911329,9237608480768,2140207390720
20917555,9237608480768,2140207390720
20923774,9237608480768,2140207390720
20930001,9237608480768,2140207390720
20936252,9237608480768,2140207390720
20942475,9237608480768,2140210552832
20948721,9237608480768,2140210552832
20954965,9237608529920,2140210552832
20961224,9237608546304,2140210552832
20967439,9237608546304,2140210552832
20973687,9237608546304,2140210552832
20979918,9237608546304,2140210552832
20986193,9237608546304,2140210552832
20992446,9237608546304,2140210552832
20998682,9237608628224,2140213714944
21004863,9237608628224,2140213714944
21011083,9237608628224,2140213714944
21017283,9237608628224,2140213714944
21023506,9237608628224,2140213714944
21029699,9237608628224,2140213714944
21035930,9237608628224,2140213714944
21042140,9237608628224,2140213714944
21048357,9237608628224,2140213714944
21054617,9237608628224,2140213714944
21060873,9237608628224,2140216877056
21067070,9237608628224,2140216877056
21073290,9237608628224,2140216877056
21079568,9237608628224,2140216877056
21085782,9237608628224,2140216877056
21092015,9237608628224,2140216877056
21098274,9237608628224,2140216877056
21104531,9237608628224,2140216877056
21110798,9237608628224,2140216877056
21117058,9237608628224,2140216877056
21123325,9237608628224,2140220039168
21129556,9237608628224,2140220039168
21135849,9237608628224,2140220039168
21142064,9237608628224,2140220039168
21148304,9237608628224,2140220039168
21154523,9237608628224,2140220039168
21160764,9237608628224,2140220039168
21166998,9237608628224,2140220039168
21173239,9237608628224,2140220039168
21179549,9237608628224,2140224708608
21185802,9237608628224,2140224708608
21192066,9237608628224,2140224708608
21198306,9237608628224,2140224708608
21204531,9237608628224,2140224708608
21210789,9237608628224,2140224708608
21217031,9237608628224,2140224708608
21223299,9237608628224,2140224708608
21229555,9237608628224,2140224708608
21235822,9237608628224,2140224708608
21242008,9237608628224,2140229378048
21248234,9237608628224,2140229378048
21254476,9237608628224,2140229378048
21260652,9237608628224,2140229378048
21266883,9237608628224,2140229378048
21273073,9237608628224,2140229378048
21279315,9237608628224,2140229378048
21285565,9237608628224,2140229378048
21291807,9237608628224,2140229378048
21298058,9237608628224,2140229378048
21304285,9237608628224,2140234047488
21310503,9237608628224,2140234047488
21316759,9237608628224,2140234047488
21322985,9237608628224,2140234047488
21329232,9237608628224,2140234047488
21335482,9237608628224,2140234047488
21341726,9237608628224,2140234047488
21347949,9237608628224,2140234047488
21354170,9237608628224,2140234047488
21360437,9237608628224,2140234047488
21366663,9237608628224,2140238716928
21372896,9237608628224,2140238716928
21379175,9237608628224,2140238716928
21385408,9237608628224,2140238716928
21391680,9237608628224,2140238716928
21397946,9237608628224,2140238716928
21404190,9237608628224,2140238716928
21410458,9237608628224,2140238716928
21416679,9237608628224,2140238716928
21422859,9237608628224,2140243386368
21429101,9237608628224,2140243386368
21435339,9237608628224,2140243386368
21441579,9237608628224,2140243386368
21447795,9237608628224,2140243386368
21454046,9237608628224,2140243386368
21460261,9237608628224,2140243386368
21466549,9237608628224,2140243386368
21472778,9237608628224,2140243386368
21478987,9237608628224,2140243386368
21485265,9237608628224,2140248055808
21491524,9237608628224,2140248055808
21497769,9237608628224,2140248055808
21503987,9237608628224,2140248055808
21510212,9237608628224,2140248055808
21516474,9237608628224,2140248055808
21522720,9237608628224,2140248055808
21528983,9237608628224,2140248055808
21535220,9237608628224,2140248055808
21541478,9237608628224,2140248055808
21547713,9237608628224,2140252725248
21553945,9237608628224,2140252725248
21560178,9237608628224,2140252725248
21566432,9237608628224,2140252725248
21572653,9237608628224,2140252725248
21578926,9237608628224,2140252725248
21585181,9237608628224,2140252725248
21591438,9237608628224,2140252725248
21597726,9237923020800,2140252831744
21604053,9238939181056,2141638225920
21610328,9238939316224,2141704089600
21616564,9238939316224,2141704089600
21622821,9238939316224,2141704089600
21629071,9238939316224,2141704089600
21635304,9238939316224,2141704089600
21641563,9238939316224,2141704089600
21647833,9238939316224,2141704089600
21654085,9238939316224,2141704089600
21660284,9238939316224,2141704089600
21666519,9238939373568,2141708759040
21672752,9238939373568,2141708759040
21678977,9238939373568,2141708759040
21685237,9238939373568,2141708759040
21691477,9238939373568,2141708759040
21697734,9238939373568,2141708759040
21703984,9238939373568,2141708759040
21710222,9238939373568,2141708759040
21716483,9238939373568,2141708759040
21722727,9238939373568,2141708759040
21728954,9238939373568,2141713428480
21735225,9238939373568,2141713428480
21741492,9238939373568,2141713428480
21747730,9238939373568,2141713428480
21754003,9238939373568,2141713428480
21760247,9238939373568,2141713428480
21766465,9238939373568,2141713428480
21772693,9238939373568,2141713428480
21778945,9238939373568,2141713428480
21785181,9238939373568,2141713428480
21791407,9238939373568,2141718097920
21797626,9238939373568,2141718097920
21803866,9238939373568,2141718097920
21810113,9238939373568,2141718097920
21816395,9238939373568,2141718097920
21822632,9238939373568,2141718097920
21828893,9238939373568,2141718097920
21835123,9238939373568,2141718097920
21841363,9238939373568,2141718097920
21847603,9238939406336,2141722767360
21853834,9238939406336,2141722767360
21860070,9238939406336,2141722767360
21866291,9238939406336,2141722767360
21872508,9238939406336,2141722767360
21878776,9238939406336,2141722767360
21885063,9238939406336,2141722767360
21891326,9238939406336,2141722767360
21897544,9238939406336,2141722767360
21903756,9238939406336,2141722767360
21909933,9238939406336,2141727436800
21916118,9238939406336,2141727436800
21922303,9238939406336,2141727436800
21928520,9238939406336,2141727436800
21934731,9238939406336,2141727436800
21940976,9238939410432,2141727436800
21947184,9238939410432,2141727436800
21953418,9238939410432,2141727436800
21959667,9238939410432,2141727436800
21965902,9238939410432,2141727436800
21972109,9238939410432,2141732106240
21978342,9238939410432,2141732106240
21984577,9238939410432,2141732106240
21990815,9238939410432,2141732106240
21997070,9238939410432,2141732106240
22003333,9238939410432,2141732106240
22009558,9238939410432,2141732106240
22015822,9238939410432,2141732106240
22022070,9238939410432,2141732106240
22028317,9238939410432,2141732106240
22034542,9238939410432,2141736775680
22040750,9238939410432,2141736775680
22046959,9238939410432,2141736775680
22053142,9238939410432,2141736775680
22059367,9238939410432,2141736775680
22065558,9238939410432,2141736775680
22071779,9238939410432,2141736775680
22077970,9238939410432,2141736775680
22084200,9238985940992,2141736882176
22090480,9240531083264,2143539183616
22096907,9241521762304,2144628776960
22103163,9241576710144,2144706686976
22109418,9241576710144,2144706686976
22115673,9241576710144,2144706686976
22121910,9241576710144,2144706686976
22128158,9241576710144,2144706686976
22134419,9241576710144,2144706686976
22140652,9241576710144,2144706686976
22146870,9241595224064,2144706686976
22153082,9241595351040,2144711356416
22159329,9241595351040,2144711356416
22165549,9241595351040,2144711356416
22171816,9241595351040,2144711356416
22178057,9241595351040,2144711356416
22184282,9241595351040,2144711356416
22190490,9241595351040,2144711356416
22196757,9241595351040,2144711356416
22202964,9241595351040,2144711356416
22209214,9241595351040,2144711356416
22215459,9241595351040,2144716025856
22221685,9241595351040,2144716025856
22227907,9241595351040,2144716025856
22234182,9241595351040,2144716025856
22240398,9241595351040,2144716025856
22246633,9241595351040,2144716025856
22252892,9241595383808,2144716025856
22259145,9241595400192,2144716025856
22265382,9241595400192,2144716025856
22271667,9241595432960,2144716025856
22277931,9241595498496,2144720695296
22284166,9241595498496,2144720695296
22290419,9241595498496,2144720695296
22296658,9241595498496,2144720695296
22302935,9241595498496,2144720695296
22309155,9241595498496,2144720695296
22315380,9241595498496,2144720695296
22321604,9241595498496,2144720695296
22327839,9241595498496,2144720695296
22334098,9241595498496,2144725364736
22340314,9241595498496,2144725364736
22346562,9241595498496,2144725364736
22352818,9241595498496,2144725364736
22359039,9241595498496,2144725364736
22365256,9241595498496,2144725364736
22371522,9241595498496,2144725364736
22377744,9241595498496,2144725364736
22383989,9241595498496,2144725364736
22390231,9241595498496,2144725364736
22396457,9241595498496,2144730034176
22402681,9241595498496,2144730034176
22408931,9241595498496,2144730034176
22415179,9241595498496,2144730034176
22421411,9241595498496,2144730034176
22427689,9241595498496,2144730034176
22433932,9241595498496,2144730034176
22440239,9241595531264,2144730034176
22446480,9241595547648,2144730034176
22452714,9241595547648,2144730034176
22458922,9241595613184,2144734703616
22465153,9241595613184,2144734703616
22471429,9241595613184,2144734703616
22477705,9241595613184,2144734703616
22483958,9241595629568,2144734703616
22490212,9241595629568,2144734703616
22496490,9241595629568,2144734703616
22502730,9241595629568,2144734703616
22508974,9241595629568,2144734703616
22515208,9241595662336,2144739373056
22521456,9241595662336,2144739373056
22527717,9241595662336,2144739373056
22533945,9241595662336,2144739373056
22540158,9241595662336,2144739373056
22546411,9241595662336,2144739373056
22552676,9241595678720,2144739373056
22558946,9241595711488,2144739373056
22565156,9241595711488,2144739373056
22571379,9241595744256,2144739373056
22577603,9241595887616,2144744042496
22583836,9241595887616,2144744042496
22590092,9241595887616,2144744042496
22596311,9241595887616,2144744042496
22602573,9241595887616,2144744042496
22608838,9241595887616,2144744042496
22615109,9241595887616,2144744042496
22621344,9241595887616,2144744042496
22627568,9241595887616,2144744042496
22633820,9242521346048,2145252388864
22640204,9243130712064,2146362699776
22646455,9243130712064,2146362699776
22652681,9243130712064,2146362699776
22658921,9243130712064,2146362699776
22665166,9243130712064,2146362699776
22671428,9243130712064,2146362699776
22677683,9243130712064,2146362699776
22683945,9243130712064,2146362699776
22690212,9243130712064,2146362699776
22696449,9243149225984,2146362699776
22702726,9243149271040,2146367369216
22708955,9243149287424,2146367369216
22715200,9243149287424,2146367369216
22721441,9243149287424,2146367369216
22727678,9243149287424,2146367369216
22733941,9243149287424,2146367369216
22740162,9243149287424,2146367369216
22746377,9243149287424,2146367369216
22752670,9243149287424,2146367369216
22758898,9243149377536,2146367369216
22765174,9243149377536,2146372038656
22771411,9243149377536,2146372038656
22777628,9243149377536,2146372038656
22783878,9243149377536,2146372038656
22790140,9243149377536,2146372038656
22796376,9243149377536,2146372038656
22802591,9243149377536,2146372038656
22808846,9243149377536,2146372038656
22815079,9243149377536,2146372038656
22821324,9243149377536,2146376708096
22827534,9243149377536,2146376708096
22833789,9243149377536,2146376708096
22840045,9243149377536,2146376708096
22846252,9243149377536,2146376708096
22852527,9243149377536,2146376708096
22858771,9243149377536,2146376708096
22865036,9243149410304,2146376708096
22871271,9243149426688,2146376708096
22877519,9243149529088,2146376708096
22883770,9243149529088,2146381377536
22890012,9243149529088,2146381377536
22896253,9243149529088,2146381377536
22902460,9243149529088,2146381377536
22908676,9243149529088,2146381377536
22914906,9243149529088,2146381377536
22921102,9243149529088,2146381377536
22927327,9243149529088,2146381377536
22933582,9243149529088,2146381377536
22939795,9243149529088,2146381377536
22946072,9243149529088,2146386046976
22952336,9243149529088,2146386046976
22958569,9243149529088,2146386046976
22964828,9243149529088,2146386046976
22971050,9243149529088,2146386046976
22977260,9243149529088,2146386046976
22983477,9243149529088,2146386046976
22989682,9243149529088,2146386046976
22995905,9243149529088,2146386046976
23002150,9243149529088,2146390716416
23008425,9243149529088,2146390716416
23014622,9243149529088,2146390716416
23020838,9243149529088,2146390716416
23027077,9243149529088,2146390716416
23033326,9243149529088,2146390716416
23039543,9243149529088,2146390716416
23045780,9243149529088,2146390716416
23052003,9243149529088,2146390716416
23058226,9243149529088,2146390716416
23064486,9243149611008,2146395385856
23070786,9243149611008,2146395385856
23077034,9243149611008,2146395385856
23083325,9243149643776,2146395385856
23089547,9243149660160,2146395385856
23095771,9243149660160,2146395385856
23102005,9243149660160,2146395385856
23108252,9243149660160,2146395385856
23114483,9243149660160,2146395385856
23120751,9243149692928,2146395385856
23127026,9243149692928,2146400055296
23133362,9243149692928,2146400055296
23139603,9243149692928,2146400055296
23145858,9243149692928,2146400055296
23152139,9243149692928,2146400055296
23158384,9243149692928,2146400055296
23164621,9243149692928,2146400055296
23170869,9243149692928,2146400055296
23177142,9243149692928,2146400055296
23183419,9244791013376,2147994083328
23189720,9244883906560,2148246097920
23195967,9244883906560,2148246097920
23202218,9244883906560,2148246097920
23208429,9244883906560,2148246097920
23214662,9244883906560,2148246097920
23220932,9244883906560,2148246097920
23227149,9244883906560,2148246097920
23233400,9244883906560,2148246097920
23239670,9244902420480,2148246097920
23245970,9244902436864,2148249260032
23252213,9244902436864,2148249260032
23258433,9244902436864,2148249260032
23264660,9244902436864,2148249260032
23270901,9244902436864,2148249260032
23277126,9244902436864,2148249260032
23283391,9244902436864,2148249260032
23289621,9244902436864,2148249260032
23295878,9244902436864,2148249260032
23302133,9244902436864,2148249260032
23308343,9244902436864,2148252422144
23314565,9244902436864,2148252422144
23320800,9244902436864,2148252422144
23327033,9244902436864,2148252422144
23333281,9244902436864,2148252422144
23339500,9244902436864,2148252422144
23345733,9244902436864,2148252422144
23351974,9244902436864,2148252422144
23358218,9244902436864,2148252422144
23364481,9244902436864,2148252422144
23370709,9244902436864,2148255584256
23376952,9244902436864,2148255584256
23383214,9244902436864,2148255584256
23389449,9244902436864,2148255584256
23395699,9244902436864,2148255584256
23401965,9244902436864,2148255584256
23408187,9244902436864,2148255584256
23414459,9244902436864,2148255584256
23420675,9244902436864,2148255584256
23426919,9244902436864,2148258746368
23433092,9244902436864,2148258746368
23439259,9244902436864,2148258746368
23445502,9244902436864,2148258746368
23451694,9244902436864,2148258746368
23457934,9244902436864,2148258746368
23464151,9244902436864,2148258746368
23470341,9244902436864,2148258746368
23476464,9244902436864,2148258746368
23482661,9244902436864,2148258746368
23488914,9244902436864,2148261908480
23495179,9244902436864,2148261908480
23501442,9244902436864,2148261908480
23507652,9244902436864,2148261908480
23513887,9244902436864,2148261908480
23520119,9244902436864,2148261908480
23526363,9244902436864,2148261908480
23532557,9244902436864,2148261908480
23538748,9244902436864,2148261908480
23544931,9244902436864,2148261908480
23551190,9244902436864,2148265070592
23557423,9244902436864,2148265070592
23563643,9244902436864,2148265070592
23569881,9244902436864,2148265070592
23576166,9244902436864,2148265070592
23582439,9244902436864,2148265070592
23588666,9244902436864,2148265070592
23594889,9244902436864,2148265070592
23601114,9244902436864,2148265070592
23607360,9244902436864,2148265070592
23613606,9244902436864,2148269740032
23619814,9244902436864,2148269740032
23626081,9244902436864,2148269740032
23632330,9244902436864,2148269740032
23638530,9244902436864,2148269740032
23644764,9244902436864,2148269740032
23651014,9244902436864,2148269740032
23657255,9244902436864,2148269740032
23663497,9244902436864,2148269740032
23669762,9244902436864,2148274409472
23676019,9244902436864,2148274409472
23682265,9244902436864,2148274409472
23688500,9244902436864,2148274409472
23694723,9244902436864,2148274409472
23700951,9244902436864,2148274409472
23707217,9244902436864,2148274409472
23713473,9244902436864,2148274409472
23719754,9244902436864,2148274409472
23725990,9244902436864,2148274409472
23732240,9244902436864,2148279078912
23738406,9244902436864,2148279078912
23744643,9244902436864,2148279078912
23750902,9244902436864,2148279078912
23757131,9244902436864,2148279078912
23763336,9244902436864,2148279078912
23769536,9244902436864,2148279078912
23775748,9244902436864,2148279078912
23781964,9244902436864,2148279078912
23788186,9245626454016,2148702281728
23794455,9245915336704,2149458755584
23800679,9245915336704,2149458755584
23806890,9245915336704,2149458755584
23813101,9245915336704,2149458755584
23819316,9245915336704,2149458755584
23825516,9245915336704,2149458755584
23831742,9245915336704,2149458755584
23837937,9245915336704,2149458755584
23844135,9245915336704,2149458755584
23850370,9245915336704,2149458755584
23856620,9245915361280,2149463425024
23862862,9245915361280,2149463425024
23869091,9245915361280,2149463425024
23875361,9245915361280,2149463425024
23881574,9245915361280,2149463425024
23887811,9245915361280,2149463425024
23894047,9245915361280,2149463425024
23900249,9245915361280,2149463425024
23906491,9245915361280,2149463425024
23912727,9245915361280,2149463425024
23918964,9245915361280,2149468094464
23925224,9245915361280,2149468094464
23931468,9245915361280,2149468094464
23937741,9245915361280,2149468094464
23943987,9245915361280,2149468094464
23950231,9245915361280,2149468094464
23956532,9245915361280,2149468094464
23962774,9245915361280,2149468094464
23969016,9245915361280,2149468094464
23975191,9245915361280,2149472763904
23981449,9245915361280,2149472763904
23987690,9245915361280,2149472763904
23993897,9245915361280,2149472763904
24000179,9245915361280,2149472763904
24006401,9245915361280,2149472763904
24012623,9245915361280,2149472763904
24018873,9245915361280,2149472763904
24025095,9245915361280,2149472763904
24031328,9245915361280,2149472763904
24037609,9245915361280,2149477433344
24043849,9245915361280,2149477433344
24050062,9245915361280,2149477433344
24056282,9245915361280,2149477433344
24062489,9245915361280,2149477433344
24068728,9245915361280,2149477433344
24074924,9245915361280,2149477433344
24081144,9245915361280,2149477433344
24087386,9245915361280,2149477433344
24093662,9247041527808,2150276571136
24099979,9247776419840,2151438393344
24106200,9247776419840,2151438393344
24112444,9247776419840,2151438393344
24118669,9247776419840,2151438393344
24124902,9247776419840,2151438393344
24131127,9247776419840,2151438393344
24137359,9247776419840,2151438393344
24143606,9247776419840,2151438393344
24149870,9247776419840,2151438393344
24156075,9247794933760,2151438393344
24162293,9247794950144,2151443062784
24168505,9247794950144,2151443062784
24174718,9247794950144,2151443062784
24180975,9247794950144,2151443062784
24187210,9247794950144,2151443062784
24193435,9247794950144,2151443062784
24199677,9247794950144,2151443062784
24205918,9247794950144,2151443062784
24212145,9247794950144,2151443062784
24218421,9247794950144,2151447732224
24224685,9247794950144,2151447732224
24230910,9247794950144,2151447732224
24237141,9247794950144,2151447732224
24243409,9247794950144,2151447732224
24249671,9247794950144,2151447732224
24255884,9247794950144,2151447732224
24262145,9247794950144,2151447732224
24268408,9247794950144,2151447732224
24274658,9247794950144,2151447732224
24280890,9247794950144,2151452401664
24287087,9247794950144,2151452401664
24293331,9247794950144,2151452401664
24299560,9247794950144,2151452401664
24305752,9247794950144,2151452401664
24312008,9247794950144,2151452401664
24318247,9247794950144,2151452401664
24324435,9247794950144,2151452401664
24330678,9247794950144,2151452401664
24336880,9247794950144,2151452401664
24343097,9247794950144,2151457071104
24349304,9247794950144,2151457071104
24355525,9247794950144,2151457071104
24361713,9247794950144,2151457071104
24367921,9247794950144,2151457071104
24374165,9247794950144,2151457071104
24380380,9247794950144,2151457071104
24386598,9247794950144,2151457071104
24392819,9247794950144,2151457071104
24399076,9247794950144,2151457071104
24405338,9247794950144,2151461740544
24411601,9247794950144,2151461740544
24417844,9247794950144,2151461740544
24424079,9247794950144,2151461740544
24430296,9247794950144,2151461740544
24436549,9247794982912,2151461740544
24442796,9247794999296,2151461740544
24449058,9247794999296,2151461740544
24455324,9247794999296,2151461740544
24461571,9247795048448,2151466409984
24467802,9247795048448,2151466409984
24474037,9247795048448,2151466409984
24480280,9247795048448,2151466409984
24486520,9247795048448,2151466409984
24492765,9247795048448,2151466409984
24499029,9247795048448,2151466409984
24505119,9247795048448,2151466409984
24511280,9247795048448,2151466409984
24517477,9247795048448,2151466409984
24523610,9247795048448,2151471079424
24529735,9247795048448,2151471079424
24535790,9247795048448,2151471079424
24541953,9247795048448,2151471079424
24548049,9247795048448,2151471079424
24554116,9247795048448,2151471079424
24560185,9247795048448,2151471079424
24566286,9247795048448,2151471079424
24572345,9247795048448,2151471079424
24578448,9247795048448,2151471079424
24584523,9247795089408,2151475748864
24590674,9247795122176,2151475748864
24596818,9247795122176,2151475748864
24602926,9247795122176,2151475748864
24609018,9247795122176,2151475748864
24615106,9247795142656,2151475748864
24621183,9247795159040,2151475748864
24627263,9247795159040,2151475748864
24633381,9247795159040,2151475748864
24639460,9247795191808,2151475748864
24645532,9247795331072,2151480418304
24651602,9247795331072,2151480418304
24657679,9247795331072,2151480418304
24663760,9247795331072,2151480418304
24669819,9247795331072,2151480418304
24675905,9247795331072,2151480418304
24681987,9247795331072,2151480418304
24688069,9247795331072,2151480418304
24694134,9247795331072,2151480418304
24700227,9247795331072,2151480418304
24706321,9247795331072,2151485087744
24712401,9247795331072,2151485087744
24718471,9247795331072,2151485087744
24724552,9247795331072,2151485087744
24730624,9247795331072,2151485087744
24736700,9247795331072,2151485087744
24742779,9247795331072,2151485087744
24748863,9247795331072,2151485087744
24754950,9247795331072,2151485087744
24761035,9247795331072,2151485087744
24767103,9247795331072,2151489757184
24773180,9247795331072,2151489757184
24779246,9247795331072,2151489757184
24785309,9247795331072,2151489757184
24791377,9247795331072,2151489757184
24797446,9247795331072,2151489757184
24803521,9247795331072,2151489757184
24809613,9247795331072,2151489757184
24815680,9247795331072,2151489757184
24821762,9247795331072,2151489757184
24827820,9247795331072,2151494426624
24833885,9247795331072,2151494426624
24839966,9247795331072,2151494426624
24846042,9247795331072,2151494426624
24852108,9247795331072,2151494426624
24858195,9247795331072,2151494426624
24864283,9247795331072,2151494426624
24870367,9247795331072,2151494426624
24876453,9247795331072,2151494426624
24882529,9247795331072,2151494426624
24888599,9247795331072,2151499096064
24894690,9247795331072,2151499096064
24900745,9247795331072,2151499096064
24906815,9247795331072,2151499096064
24912934,9247813091328,2151499096064
24919477,9247821688832,2151499096064
24925841,9247826366464,2151499096064
24932114,9247828254720,2151499096064
24938344,9247828418560,2151499096064
24944484,9247828582400,2151499096064
24950662,9247828742144,2151503765504
24956846,9247828819968,2151503765504
24963185,9247828860928,2151503765504
24969498,9247830138880,2151503765504
24975837,9247830188032,2151503765504
24982192,9247830228992,2151503765504
24988527,9247830265856,2151503765504
24994770,9247830265856,2151503765504
25001045,9247836348416,2151503765504
25007290,9247836348416,2151508434944
25013500,9247836348416,2151508434944
25019719,9247836348416,2151508434944
25025956,9247836348416,2151508434944
25032262,9247836348416,2151508434944
25038478,9247836348416,2151508434944
25044691,9247836348416,2151508434944
25050934,9247836348416,2151508434944
25057140,9247836348416,2151508434944
25063420,9247836348416,2151508434944
25069663,9247836348416,2151513104384
25075871,9247836348416,2151513104384
25082125,9247836348416,2151513104384
25088359,9247836348416,2151513104384
25094566,9247836348416,2151513104384
25100811,9247836348416,2151513104384
25107078,9247836348416,2151513104384
25113326,9247836348416,2151513104384
25119549,9247836348416,2151513104384
25125799,9247836348416,2151513104384
25132051,9247836348416,2151517773824
25138328,9247836348416,2151517773824
25144549,9247836348416,2151517773824
25150766,9247836348416,2151517773824
25157007,9247836348416,2151517773824
25163197,9247836348416,2151517773824
25169434,9247836348416,2151517773824
25175694,9247836352512,2151517773824
25181927,9247836352512,2151517773824
25188186,9247836352512,2151522443264
25194409,9247836352512,2151522443264
25200607,9247836352512,2151522443264
25206840,9247836352512,2151522443264
25213066,9247836352512,2151522443264
25219287,9247836352512,2151522443264
25225557,9247836352512,2151522443264
25231815,9247836352512,2151522443264
25238079,9247836352512,2151522443264
25244306,9247836352512,2151522443264
25250585,9247836352512,2151527112704
25256783,9247836352512,2151527112704
25263031,9247836352512,2151527112704
25269255,9247836352512,2151527112704
25275533,9247836352512,2151527112704
25281751,9247836352512,2151527112704
25287965,9247836352512,2151527112704
25294216,9247836352512,2151527112704
25300456,9247836352512,2151527112704
25306689,9247836352512,2151527112704
25312927,9247836430336,2151531782144
25319181,9247836430336,2151531782144
25325381,9247836430336,2151531782144
25331623,9247836430336,2151531782144
25337885,9247836430336,2151531782144
25344103,9247836430336,2151531782144
25350370,9247836430336,2151531782144
25356576,9247836430336,2151531782144
25362811,9247836430336,2151531782144
25369051,9247836430336,2151536451584
25375268,9247836430336,2151536451584
25381506,9247836430336,2151536451584
25387757,9247836430336,2151536451584
25393998,9247836430336,2151536451584
25400223,9247836430336,2151536451584
25406468,9247836430336,2151536451584
25412693,9247836430336,2151536451584
25418914,9247836430336,2151536451584
25425163,9247836430336,2151536451584
25431359,9247836430336,2151541121024
25437624,9247836430336,2151541121024
25443876,9247836430336,2151541121024
25450093,9247836430336,2151541121024
25456334,9247836430336,2151541121024
25462605,9247836430336,2151541121024
25468846,9247836430336,2151541121024
25475073,9247836430336,2151541121024
25481324,9247836430336,2151541121024
25487552,9248610992128,2151946067968
25493979,9248993431552,2152849809408
25500226,9248993431552,2152849809408
25506442,9248993431552,2152849809408
25512684,9248993431552,2152849809408
25518897,9248993431552,2152849809408
25525125,9248993431552,2152849809408
25531367,9248993431552,2152849809408
25537600,9248993431552,2152849809408
25543850,9248993431552,2152849809408
25550127,9248993480704,2152849809408
25556375,9248993538048,2152854478848
25562652,9248993538048,2152854478848
25568893,9248993538048,2152854478848
25575125,9248993538048,2152854478848
25581358,9248993538048,2152854478848
25587584,9248993538048,2152854478848
25593833,9248993538048,2152854478848
25600092,9248993538048,2152854478848
25606320,9248993538048,2152854478848
25612583,9248993538048,2152854478848
25618858,9248993538048,2152857640960
25625103,9248993538048,2152857640960
25631356,9248993538048,2152857640960
25637610,9248993538048,2152857640960
25643820,9248993538048,2152857640960
25650071,9248993538048,2152857640960
25656308,9248993538048,2152857640960
25662541,9248993538048,2152857640960
25668770,9248993538048,2152857640960
25675033,9248993538048,2152860803072
25681249,9248993538048,2152860803072
25687521,9248993538048,2152860803072
25693783,9248993554432,2152860803072
25699999,9248993554432,2152860803072
25706266,9248993554432,2152860803072
25712541,9248993554432,2152860803072
25718790,9248993554432,2152860803072
25725028,9248993570816,2152860803072
25731332,9248993603584,2152860803072
25737591,9248993669120,2152863965184
25743822,9248993669120,2152863965184
25750042,9248993685504,2152863965184
25756339,9248993685504,2152863965184
25762557,9248993685504,2152863965184
25768834,9248993685504,2152863965184
25775111,9248993685504,2152863965184
25781378,9248993685504,2152863965184
25787607,9248993685504,2152863965184
25793837,9248993718272,2152863965184
25800090,9248993783808,2152867127296
25806355,9248993783808,2152867127296
25812600,9248993783808,2152867127296
25818817,9248993800192,2152867127296
25825090,9248993800192,2152867127296
25831323,9248993800192,2152867127296
25837607,9248993800192,2152867127296
25843865,9248993800192,2152867127296
25850113,9248993832960,2152867127296
25856388,9248993898496,2152870289408
25862627,9248993898496,2152870289408
25868865,9248993898496,2152870289408
25875123,9248993898496,2152870289408
25881348,9248993898496,2152870289408
25887590,9248993898496,2152870289408
25893818,9248993898496,2152870289408
25900091,9248993898496,2152870289408
25906331,9248993914880,2152870289408
25912581,9248993947648,2152870289408
25918852,9248994013184,2152873451520
25925130,9248994013184,2152873451520
25931356,9248994013184,2152873451520
25937606,9248994013184,2152873451520
25943823,9248994013184,2152873451520
25950097,9248994013184,2152873451520
25956314,9248994013184,2152873451520
25962572,9248994013184,2152873451520
25968781,9248994013184,2152873451520
25975023,9248994045952,2152873451520
25981264,9248994111488,2152876613632
25987522,9248994111488,2152876613632
25993756,9248994111488,2152876613632
26000004,9248994111488,2152876613632
26006217,9248994111488,2152876613632
26012443,9248994111488,2152876613632
26018667,9248994111488,2152876613632
26024899,9248994111488,2152876613632
26031126,9248994111488,2152876613632
26037364,9248994111488,2152879775744
26043589,9248994111488,2152879775744
26049840,9248994111488,2152879775744
26056062,9248994111488,2152879775744
26062322,9248994111488,2152879775744
26068605,9248994111488,2152879775744
26074898,9248994111488,2152879775744
26081158,9248994111488,2152879775744
26087388,9248994111488,2152879775744
26093631,9248994111488,2152879775744
26099893,9248994127872,2152882937856
26106181,9248994127872,2152882937856
26112438,9248994127872,2152882937856
26118655,9248994127872,2152882937856
26124867,9248994127872,2152882937856
26131105,9248994127872,2152882937856
26137313,9248994127872,2152882937856
26143533,9248994127872,2152882937856
26149775,9248994127872,2152882937856
26156033,9248994160640,2152882937856
26162282,9248994226176,2152887607296
26168529,9248994226176,2152887607296
26174771,9248994226176,2152887607296
26181033,9248994226176,2152887607296
26187254,9248994226176,2152887607296
26193504,9248994226176,2152887607296
26199706,9248994226176,2152887607296
26205943,9248994226176,2152887607296
26212179,9248994226176,2152887607296
26218443,9248994226176,2152887607296
26224717,9248994226176,2152892276736
26230996,9248994242560,2152892276736
26237212,9248994242560,2152892276736
26243462,9248994242560,2152892276736
26249733,9248994242560,2152892276736
26255977,9248994242560,2152892276736
26262247,9248994242560,2152892276736
26268490,9248994242560,2152892276736
26274729,9248994242560,2152892276736
26281019,9248994308096,2152896946176
26287241,9248994308096,2152896946176
26293484,9248994308096,2152896946176
26299747,9248994308096,2152896946176
26305953,9248994308096,2152896946176
26312220,9248994308096,2152896946176
26318453,9248994308096,2152896946176
26324707,9248994308096,2152896946176
26330928,9248994308096,2152896946176
26337161,9248994308096,2152896946176
26343382,9248994308096,2152901615616
26349621,9248994308096,2152901615616
26355911,9248994308096,2152901615616
26362170,9248994308096,2152901615616
26368396,9248994308096,2152901615616
26374661,9248994308096,2152901615616
26380905,9248994308096,2152901615616
26387165,9248994308096,2152901615616
26393446,9248994308096,2152901615616
26399679,9248994308096,2152901615616
26405936,9248994308096,2152906285056
26412157,9248994308096,2152906285056
26418384,9248994308096,2152906285056
26424625,9248994308096,2152906285056
26430873,9248994308096,2152906285056
26437094,9248994308096,2152906285056
26443327,9248994308096,2152906285056
26449534,9248994308096,2152906285056
26455746,9248994308096,2152906285056
26461996,9248994308096,2152910954496
26468241,9248994308096,2152910954496
26474448,9248994308096,2152910954496
26480669,9248994308096,2152910954496
26486941,9248994308096,2152910954496
26493206,9248994308096,2152910954496
26499463,9248994308096,2152910954496
26505689,9248994308096,2152910954496
26511947,9248994308096,2152910954496
26518237,9248994340864,2152910954496
26524531,9248994357248,2152915623936
26530744,9248994357248,2152915623936
26536958,9248994357248,2152915623936
26543190,9248994357248,2152915623936
26549443,9248994357248,2152915623936
26555677,9248994357248,2152915623936
26561947,9248994357248,2152915623936
26568218,9248994357248,2152915623936
26574452,9248994357248,2152915623936
26580703,9248994357248,2152915623936
26586981,9248994422784,2152920293376
26593192,9248994422784,2152920293376
26599443,9248994422784,2152920293376
26605683,9248994422784,2152920293376
26611910,9248994422784,2152920293376
26618136,9248994422784,2152920293376
26624409,9248994422784,2152920293376
26630676,9248994422784,2152920293376
26636904,9248994422784,2152920293376
26643144,9248994422784,2152920293376
26649364,9248994422784,2152924962816
26655615,9248994422784,2152924962816
26661855,9248994422784,2152924962816
26668132,9248994422784,2152924962816
26674367,9248994422784,2152924962816
26680576,9248994422784,2152924962816
26686784,9248994422784,2152924962816
26693026,9248994422784,2152924962816
26699276,9248994422784,2152924962816
26705509,9248994422784,2152929632256
26711761,9248994422784,2152929632256
26718013,9248994422784,2152929632256
26724255,9248994422784,2152929632256
26730475,9248994422784,2152929632256
26736713,9248994422784,2152929632256
26742988,9248994422784,2152929632256
26749208,9248994422784,2152929632256
26755445,9248994422784,2152929632256
26761714,9249760702464,2153380409344
26768108,9250783993856,2154950590464
26774335,9250783993856,2154950590464
26780571,9250783993856,2154950590464
26786792,9250783993856,2154950590464
26793059,9250783993856,2154950590464
26799318,9250783993856,2154950590464
26805543,9250783993856,2154950590464
26811787,9250783993856,2154950590464
26818006,9250783993856,2154950590464
26824237,9250802507776,2154950590464
26830466,9250802544640,2154955259904
26836756,9250802544640,2154955259904
26843025,9250802544640,2154955259904
26849291,9250802544640,2154955259904
26855540,9250802544640,2154955259904
26861771,9250802544640,2154955259904
26867970,9250802544640,2154955259904
26874200,9250802544640,2154955259904
26880449,9250802544640,2154955259904
26886674,9250802544640,2154955259904
26892891,9250802544640,2154959929344
26899141,9250802544640,2154959929344
26905376,9250802544640,2154959929344
26911632,9250802544640,2154959929344
26917882,9250802544640,2154959929344
26924105,9250802544640,2154959929344
26930366,9250802544640,2154959929344
26936626,9250802544640,2154959929344
26942868,9250802544640,2154959929344
26949149,9250802544640,2154964598784
26955386,9250802561024,2154964598784
26961632,9250802561024,2154964598784
26967865,9250802561024,2154964598784
26974124,9250802561024,2154964598784
26980377,9250802561024,2154964598784
26986649,9250802561024,2154964598784
26992890,9250802561024,2154964598784
26999099,9250802561024,2154964598784
27005331,9250802561024,2154964598784
27011551,9250802561024,2154969268224
27017771,9250802561024,2154969268224
27023994,9250802561024,2154969268224
27030232,9250802561024,2154969268224
27036459,9250802561024,2154969268224
27042695,9250802561024,2154969268224
27048906,9250802561024,2154969268224
27055176,9250802561024,2154969268224
27061396,9250802561024,2154969268224
27067643,9250802561024,2154969268224
27073902,9250802561024,2154973937664
27080133,9250802561024,2154973937664
27086371,9250802561024,2154973937664
27092583,9250802561024,2154973937664
27098805,9250802561024,2154973937664
27105054,9250802561024,2154973937664
27111289,9250802561024,2154973937664
27117523,9250802561024,2154973937664
27123773,9250802561024,2154973937664
27130018,9250802561024,2154978607104
27136263,9250802561024,2154978607104
27142481,9250802561024,2154978607104
27148718,9250802561024,2154978607104
27154965,9250802561024,2154978607104
27161210,9250802561024,2154978607104
27167422,9250802561024,2154978607104
27173652,9250802561024,2154978607104
27179895,9250802561024,2154978607104
27186078,9250802561024,2154978607104
27192268,9250802561024,2154983276544
27198506,9250802561024,2154983276544
27204724,9250802561024,2154983276544
27210934,9250802561024,2154983276544
27217195,9250802561024,2154983276544
27223448,9250802561024,2154983276544
27229688,9250802561024,2154983276544
27235922,9250802561024,2154983276544
27242186,9250802561024,2154983276544
27248412,9250802561024,2154983276544
27254672,9250802561024,2154987945984
27260942,9250802561024,2154987945984
27267223,9250802561024,2154987945984
27273468,9250802561024,2154987945984
27279713,9250802561024,2154987945984
27285942,9250802561024,2154987945984
27292205,9250802561024,2154987945984
27298432,9250802561024,2154987945984
27304647,9250802561024,2154987945984
27310834,9250802561024,2154987945984
27316917,9250802561024,2154992615424
27322986,9250802561024,2154992615424
27329037,9250802561024,2154992615424
27335114,9250802561024,2154992615424
27341167,9250802561024,2154992615424
27347204,9250802561024,2154992615424
27353259,9250802561024,2154992615424
27359330,9250802561024,2154992615424
27365393,9250802561024,2154992615424
27371497,9250802561024,2154992615424
27377592,9250802561024,2154997284864
27383650,9250802561024,2154997284864
27389729,9250802561024,2154997284864
27395804,9250802561024,2154997284864
27401869,9250802561024,2154997284864
27407928,9250802561024,2154997284864
27413977,9250802561024,2154997284864
27420045,9250802561024,2154997284864
27426112,9250802561024,2154997284864
27432195,9250802561024,2154997284864
27438257,9250802561024,2155001954304
27444333,9250802561024,2155001954304
27450407,9250802561024,2155001954304
27456504,9250802561024,2155001954304
27462564,9250802561024,2155001954304
27468639,9250802561024,2155001954304
27474707,9250802561024,2155001954304
27480778,9250802561024,2155001954304
27486850,9250802561024,2155001954304
27492908,9250802561024,2155001954304
27498989,9250802561024,2155006623744
27505037,9250802561024,2155006623744
27511111,9250802561024,2155006623744
27517194,9250802561024,2155006623744
27523281,9250802561024,2155006623744
27529367,9250802561024,2155006623744
27535416,9250802561024,2155006623744
27541475,9250802561024,2155006623744
27547537,9250802561024,2155006623744
27553594,9250802561024,2155006623744
27559661,9250802561024,2155011293184
27565741,9250802561024,2155011293184
27571802,9250802561024,2155011293184
27577851,9250802561024,2155011293184
27583914,9250802561024,2155011293184
27589979,9250802561024,2155011293184
27596023,9250802561024,2155011293184
27602113,9250802561024,2155011293184
27608174,9250802561024,2155011293184
27614240,9250802561024,2155011293184
27620323,9250802561024,2155015962624
27626385,9250802561024,2155015962624
27632441,9250802561024,2155015962624
27638490,9250802561024,2155015962624
27644639,9250802561024,2155015962624
27650835,9250802561024,2155015962624
27656918,9250802561024,2155015962624
27663018,9250802561024,2155015962624
27669101,9250802593792,2155015962624
27675341,9250822008832,2155020632064
27681389,9250822008832,2155020632064
27687473,9250822008832,2155020632064
27693610,9250822008832,2155020632064
27699820,9250822008832,2155020632064
27705924,9250822008832,2155020632064
27711983,9250822041600,2155020632064
27718072,9250822057984,2155020632064
27724219,9250822090752,2155020632064
27730276,9250843123712,2155020632064
27736617,9250854510592,2155025301504
27743202,9250857824256,2155025301504
27749709,9250874695680,2155025301504
27756436,9250883964928,2155025301504
27763071,9250888966144,2155025301504
27769540,9250889388032,2155025301504
27775777,9250889408512,2155025301504
27782039,9250889408512,2155025301504
27788151,9250889408512,2155025301504
27794224,9250908676096,2155025301504
27800334,9250908880896,2155029970944
27806646,9250908897280,2155029970944
27812806,9250908930048,2155029970944
27818928,9250908946432,2155029970944
27825051,9250908946432,2155029970944
27831170,9250908946432,2155029970944
27837285,9250908946432,2155029970944
27843428,9250908979200,2155029970944
27849938,9250908995584,2155029970944
27856426,9250932117504,2155029970944
27862609,9250933116928,2155034640384
27868707,9250933116928,2155034640384
27874820,9250933149696,2155034640384
27881141,9250933198848,2155034640384
27887517,9250933215232,2155034640384
27893784,9250933215232,2155034640384
27900201,9250933215232,2155034640384
27906496,9250933215232,2155034640384
27912966,9251313971200,2155034853376
27919279,9251832958976,2155833520128
27925849,9251868557312,2155902128128
27932434,9251868557312,2155902128128
27938684,9251868590080,2155902128128
27945077,9251868639232,2155902128128
27951425,9251868688384,2155902128128
27957915,9251868704768,2155902128128
27964029,9251868737536,2155902128128
27970442,9251868770304,2155902128128
27976748,9251899604992,2155902128128
27983066,9251929047040,2155902128128
27989310,9251930439680,2155905290240
27995566,9251930488832,2155905290240
28001843,9251930537984,2155905290240
28008194,9251930554368,2155905290240
28014632,9251930554368,2155905290240
28020906,9251930554368,2155905290240
28027232,9251930554368,2155905290240
28033486,9251930554368,2155905290240
28039814,9251949793280,2155905290240
28046045,9251989843968,2155908452352
28052274,9251989843968,2155908452352
28058794,9251989843968,2155908452352
28065205,9251989843968,2155908452352
28071513,9251989843968,2155908452352
28077821,9251989843968,2155908452352
28084114,9251989843968,2155908452352
28090449,9251989843968,2155908452352
28096705,9251989843968,2155908452352
28102951,9251989843968,2155908452352
28109237,9251989843968,2155911614464
28115565,9251989843968,2155911614464
28121863,9251989843968,2155911614464
28128115,9251989843968,2155911614464
28134387,9251989843968,2155911614464
28140708,9251989843968,2155911614464
28146976,9251989843968,2155911614464
28153229,9251989843968,2155911614464
28159463,9251989843968,2155911614464
28165824,9251989843968,2155911614464
28172190,9251989843968,2155914776576
28178437,9251989843968,2155914776576
28184749,9251989843968,2155914776576
28191020,9251989843968,2155914776576
28197343,9251989843968,2155914776576
28203783,9251989843968,2155914776576
28209794,9251989843968,2155914776576
28215836,9251989843968,2155914776576
28221872,9251989843968,2155914776576
28227931,9251989843968,2155917938688
28233952,9251989843968,2155917938688
28239973,9251989843968,2155917938688
28246010,9251989843968,2155917938688
28252051,9251989843968,2155917938688
28258085,9251989843968,2155917938688
28264114,9251989843968,2155917938688
28270147,9251989843968,2155917938688
28276184,9251989843968,2155917938688
28282216,9251989843968,2155917938688
28288258,9251989843968,2155921100800
28294298,9251989843968,2155921100800
28300336,9251989843968,2155921100800
28306373,9251989843968,2155921100800
28312405,9251989843968,2155921100800
28318447,9251989843968,2155921100800
28324522,9251989843968,2155921100800
28330551,9251989843968,2155921100800
28336584,9251989843968,2155921100800
28342622,9251989843968,2155921100800
28348700,9254013259776,2157110296576
28354780,9254419591168,2157911224320
28360820,9254419591168,2157911224320
28366859,9254419591168,2157911224320
28372892,9254419591168,2157911224320
28378930,9254419591168,2157911224320
28384963,9254419591168,2157911224320
28390987,9254419591168,2157911224320
28397040,9254419591168,2157911224320
28403098,9254419591168,2157911224320
28409141,9254419591168,2157911224320
28415206,9254419623936,2157915893760
28421255,9254419623936,2157915893760
28427296,9254419623936,2157915893760
28433341,9254419623936,2157915893760
28439399,9254419623936,2157915893760
28445582,9254419623936,2157915893760
28451791,9254419623936,2157915893760
28457973,9254419623936,2157915893760
28464172,9254419623936,2157915893760
28470357,9254419623936,2157915893760
28476474,9254419623936,2157920563200
28482524,9254419623936,2157920563200
28488560,9254419623936,2157920563200
28494592,9254419623936,2157920563200
28500621,9254419623936,2157920563200
28506675,9254419623936,2157920563200
28512729,9254419623936,2157920563200
28518745,9254419623936,2157920563200
28524788,9254419623936,2157920563200
28530832,9254419623936,2157920563200
28536866,9254419623936,2157925232640
28542903,9254419623936,2157925232640
28548951,9254419623936,2157925232640
28554973,9254419623936,2157925232640
28561008,9254419623936,2157925232640
28567078,9254419623936,2157925232640
28573127,9254419623936,2157925232640
28579166,9254419623936,2157925232640
28585199,9254419623936,2157925232640
28591256,9254419623936,2157925232640
28597312,9254419623936,2157929902080
28603363,9254419623936,2157929902080
28609413,9254419623936,2157929902080
28615474,9254419623936,2157929902080
28621549,9254419623936,2157929902080
28627588,9254419623936,2157929902080
28633610,9254419623936,2157929902080
28639624,9254419623936,2157929902080
28645672,9254419623936,2157929902080
28651755,9254419623936,2157929902080
28657794,9254419623936,2157934571520
28663844,9254419623936,2157934571520
28669887,9254419623936,2157934571520
28675918,9254419623936,2157934571520
28681967,9254419623936,2157934571520
28688025,9254419623936,2157934571520
28694048,9254419623936,2157934571520
28700096,9254419623936,2157934571520
28706135,9254419623936,2157934571520
28712207,9254419623936,2157934571520
28718265,9254419623936,2157939240960
28724298,9254419623936,2157939240960
28730351,9254419623936,2157939240960
28736369,9254419623936,2157939240960
28742419,9254419623936,2157939240960
28748452,9254419623936,2157939240960
28754526,9254419623936,2157939240960
28760561,9254419623936,2157939240960
28766588,9254419623936,2157939240960
28772646,9254419623936,2157939240960
28778678,9254419623936,2157943910400
28784731,9254419623936,2157943910400
28790768,9254419623936,2157943910400
28796807,9254419623936,2157943910400
28802864,9254419656704,2157943910400
28808905,9254419656704,2157943910400
28814952,9254419656704,2157943910400
28820985,9254419673088,2157943910400
28827014,9254419689472,2157943910400
28833078,9255461097472,2158281388032
28839175,9255902081024,2159211429888
28845201,9255902081024,2159211429888
28851248,9255902081024,2159211429888
28857472,9255902081024,2159211429888
28863698,9255902081024,2159211429888
28869898,9255902081024,2159211429888
28876135,9255902081024,2159211429888
28882347,9255902081024,2159211429888
28888530,9255902081024,2159211429888
28894764,9255902081024,2159211429888
28901014,9255902097408,2159216099328
28907215,9255902097408,2159216099328
28913420,9255902097408,2159216099328
28919611,9255902097408,2159216099328
28925814,9255902097408,2159216099328
28932006,9255902097408,2159216099328
28938222,9255902097408,2159216099328
28944443,9255902097408,2159216099328
28950654,9255902097408,2159216099328
28956846,9255902097408,2159216099328
28963043,9255902097408,2159220768768
28969331,9255902097408,2159220768768
28975521,9255902097408,2159220768768
28981681,9255902097408,2159220768768
28987754,9255902097408,2159220768768
28993785,9255902097408,2159220768768
28999954,9255902097408,2159220768768
29006080,9255902097408,2159220768768
29012212,9255902097408,2159220768768
29018257,9257355493376,2160161550336
29024371,9257568460800,2160815235072
29030468,9257568460800,2160815235072
29036516,9257568460800,2160815235072
29042555,9257568460800,2160815235072
29048581,9257568460800,2160815235072
29054623,9257568460800,2160815235072
29060691,9257568460800,2160815235072
29066731,9257568460800,2160815235072
29072769,9257568460800,2160815235072
29078812,9257568501760,2160815235072
