timestamp_ms,phys_footprint,phys_footprint_peak
0,11534336,13631488
5550,31457280,31457280
10883,305135616,305135616
16320,310378496,311427072
21750,317718528,317718528
27119,327155712,327155712
32596,351272960,351272960
37968,385875968,393216000
43401,428867584,428867584
48747,500170752,514850816
54168,668991488,672137216
59641,792723456,804257792
65294,989855744,989855744
70687,1109393408,1141899264
76014,1250951168,1250951168
81391,1461714944,1461714944
86784,2146435072,2146435072
92151,2099249152,2242904064
97485,2294284288,2470445056
102824,2715811840,2715811840
108163,2817523712,2911895552
113505,3260022784,3352297472
118854,3431989248,3700424704
124227,4067426304,4072669184
129605,4453302272,4617928704
134968,4843372544,4886364160
140322,5142216704,5358223360
145704,5436866560,5554307072
151074,5329911808,5554307072
156436,5295308800,5554307072
161778,5324668928,5554307072
167142,5551161344,5554307072
172513,5539627008,5619318784
177864,5170528256,5619318784
183319,5356126208,5619318784
188700,5208276992,5619318784
194066,5452595200,5678039040
199447,5265948672,5678039040
204879,5430575104,5678039040
210249,5525995520,5678039040
215630,5714739200,5870977024
220994,5460983808,5956960256
226386,5553258496,5956960256
231852,5872025600,5956960256
237247,5442109440,5956960256
242611,5324668928,5956960256
247999,5322571776,5956960256
253378,5492441088,5956960256
258771,5304745984,5956960256
264143,5433720832,5956960256
269522,5422186496,5956960256
274912,5546967040,5956960256
280283,5911871488,6023020544
285665,5846859776,6023020544
291126,5388632064,6085935104
296514,5795479552,6085935104
301909,5658116096,6085935104
307326,5523898368,6085935104
312745,5834276864,6085935104
318139,6035603456,6085935104
323514,5800722432,6085935104
328960,5949620224,6085935104
334409,5867831296,6085935104
339811,5800722432,6158286848
345184,5673844736,6158286848
350578,5770313728,6165626880
355967,5553258496,6165626880
361366,5941231616,6165626880
366754,5389680640,6165626880
372163,5697961984,6215958528
377650,6026166272,6215958528
383242,6464471040,6464471040
388887,5925502976,7216300032
394428,5517606912,7216300032
400013,6805258240,7286554624
405600,6155141120,7286554624
411184,6413090816,7286554624
416706,6315573248,7286554624
422291,6453985280,7286554624
427859,6692012032,7286554624
433418,6878658560,7286554624
438996,5863636992,7286554624
444564,6329204736,7286554624
450101,6311378944,7286554624
455723,6112149504,7286554624
461313,6180306944,7418675200
466888,5862588416,7418675200
472468,5895094272,7418675200
478051,6294601728,7418675200
483634,7068450816,7418675200
489207,6370099200,7499415552
494798,6233784320,7499415552
500388,6485442560,7499415552
505959,6697254912,7499415552
511510,6174015488,7499415552
517080,7013924864,7499415552
522704,7111442432,7499415552
528291,6712983552,7499415552
533914,6740246528,7499415552
539512,6365904896,7499415552
545050,7087325184,7499415552
550652,6448742400,7499415552
556224,6772752384,7499415552
561747,6525288448,7499415552
567317,6337593344,7499415552
572876,6146752512,7499415552
578430,7217348608,7499415552
583946,6682574848,7499415552
589501,6381633536,7499415552
595088,6120538112,7499415552
600648,6766460928,7499415552
606210,5949620224,7499415552
611767,5904531456,7499415552
617271,6669991936,7499415552
622835,6535774208,7499415552
628421,7268728832,7499415552
634020,6565134336,7499415552
639630,6212812800,7499415552
645238,6985613312,7881097216
650831,7508852736,7881097216
656404,6779043840,7881097216
662004,6417285120,7881097216
667569,6508511232,7881097216
673368,6181355520,7881097216
678896,6078595072,7881097216
684471,6398410752,7881097216
690085,7422869504,8423211008
695658,7918845952,8434745344
701236,6403653632,8434745344
706836,6073352192,8434745344
712389,7466909696,8434745344
718040,7448035328,8434745344
723637,6791626752,8434745344
729226,6342836224,8434745344
734850,6635388928,8434745344
740366,7981760512,8434745344
745904,7438598144,8434745344
751444,7747928064,8434745344
757005,6165626880,8434745344
762645,7386169344,8434745344
768182,6683623424,8434745344
773782,7649361920,8434745344
779332,6298796032,8434745344
784887,7139753984,8434745344
790469,6819938304,8434745344
795995,6219104256,8434745344
801541,6643777536,8434745344
807123,7394557952,8434745344
812728,7003439104,8434745344
818293,8122269696,8856272896
823837,5869928448,8856272896
829415,6698303488,8856272896
834901,8090812416,8856272896
840471,6357516288,8856272896
846016,6385827840,8856272896
851631,7406092288,8856272896
857211,6707740672,8856272896
862783,6706692096,8856272896
868338,6290407424,8856272896
873900,6369050624,8856272896
879495,6399459328,8856272896
885095,7828668416,8856272896
890732,7333740544,8856272896
896329,8777629696,9177137152
901898,6765412352,9177137152
907496,7030702080,9177137152
913077,7776239616,9177137152
918665,9021947904,9177137152
924294,7568621568,9177137152
929854,7103053824,9177137152
935429,6912212992,9177137152
941059,6582960128,9177137152
946654,6423576576,9177137152
952261,7450132480,9177137152
957845,7178551296,9177137152
963452,6723469312,9177137152
969025,6780092416,9177137152
974624,6835666944,9177137152
980212,6695157760,9177137152
985845,6243221504,9177137152
991455,6955204608,9177137152
997077,7837057024,9177137152
1002677,6866075648,9177137152
1008289,6928990208,9177137152
1013862,6445596672,9177137152
1019385,6158286848,9177137152
1024817,7162822656,9177137152
1030281,6685720576,9177137152
1035698,7031750656,9177137152
1041138,6198132736,9177137152
1046608,6190792704,9177137152
1052121,7326400512,9177137152
1057546,6331301888,9177137152
1062966,6478102528,9177137152
1068418,6927941632,9177137152
1073828,7320109056,9177137152
1079250,7233077248,9177137152
1084700,6836715520,9177137152
1090102,6946816000,9177137152
1095512,6423576576,9177137152
1100893,6831472640,9177137152
1106297,6435110912,9177137152
1111709,7384072192,9177137152
1117133,7097810944,9177137152
1122558,7245660160,9177137152
1128074,7061110784,9177137152
1133504,6495928320,9177137152
1138913,7094665216,9177137152
1144319,6296698880,9177137152
1149724,7458521088,9177137152
1155158,5964300288,9177137152
1160580,8010072064,9177137152
1165983,6248464384,9177137152
1171409,6922698752,9177137152
1176818,5706350592,9177137152
1182229,5974786048,9177137152
1187617,7355760640,9177137152
1192996,6024069120,9177137152
1198404,9155117056,9313452032
1203783,7756316672,9405726720
1209192,6989807616,9405726720
1214609,6040846336,9405726720
1220024,8063549440,9405726720
1225444,6755975168,9405726720
1230853,7325351936,9405726720
1236258,8448376832,9405726720
1241701,6878658560,9405726720
1247125,7128219648,9405726720
1252545,6011486208,9405726720
1257967,7590641664,9405726720
1263372,6333399040,9405726720
1268781,5826936832,9405726720
1274203,6307184640,9405726720
1279769,6656360448,9405726720
1285166,6462373888,9405726720
1290564,6489636864,9405726720
1295981,6027214848,9405726720
1301408,7462715392,9405726720
1306801,5829033984,9405726720
1312209,7914651648,9405726720
1317603,6589251584,9405726720
1323078,5845811200,9405726720
1328507,7337934848,9405726720
1333957,7208960000,9405726720
1339394,6146752512,9405726720
1344805,6002049024,9405726720
1350227,7107248128,9405726720
1355677,5817499648,9405726720
1361229,6386876416,9405726720
1366654,6690963456,9405726720
1372057,6515851264,9405726720
1377516,7218397184,9405726720
1382938,6567231488,9405726720
1388389,7132413952,9405726720
1393813,6009389056,9405726720
1399239,6229590016,9405726720
1404674,6650068992,9405726720
1410076,6606028800,9405726720
1415500,5959057408,9405726720
1420895,7122976768,9405726720
1426314,6814695424,9405726720
1431738,6287261696,9405726720
1437197,6732906496,9405726720
1442605,6076497920,9405726720
1448024,7065305088,9405726720
1453425,5873074176,9405726720
1458840,6794772480,9405726720
1464377,5675941888,9405726720
1469930,5675941888,9405726720
1475504,6866075648,9405726720
1481000,6515851264,9405726720
1486570,6671040512,9405726720
1492107,7650410496,9405726720
1497652,6681526272,9405726720
1503237,7654604800,9405726720
1508807,5848956928,9405726720
1514398,5824839680,9405726720
1519959,5682233344,9405726720
1525520,6302990336,9405726720
1531067,6357516288,9405726720
1536648,6183452672,9405726720
1542201,6679429120,9405726720
1547712,6146752512,9405726720
1553281,6263144448,9405726720
1558858,7313817600,9405726720
1564388,6632243200,9405726720
1569945,6201278464,9405726720
1575531,6194987008,9405726720
1581080,6779043840,9405726720
1586618,6998196224,9405726720
1592200,6695157760,9405726720
1597758,6285164544,9405726720
1603319,6272581632,9405726720
1608882,6361710592,9405726720
1614416,7065305088,9405726720
1619970,5753536512,9405726720
1625477,6751780864,9405726720
1630955,8737783808,9405726720
1636554,7546601472,9405726720
1642131,6337593344,9405726720
1647688,6390022144,9405726720
1653303,7473201152,9405726720
1658842,6121586688,9405726720
1664415,6857687040,9405726720
1669976,6537871360,9405726720
1675533,7007633408,9405726720
1681062,7146045440,9405726720
1686631,6663700480,9405726720
1692213,6627000320,9405726720
1697791,6856638464,9405726720
1703370,6555697152,9405726720
1708950,6041894912,9405726720
1714501,6249512960,9405726720
1720063,5995757568,9405726720
1725599,6291456000,9405726720
1731111,5965348864,9405726720
1736610,6728712192,9405726720
1742214,6239027200,9405726720
1747717,6518996992,9405726720
1753299,8284798976,9405726720
1758809,8145338368,9405726720
1764398,6358564864,9405726720
1770043,8700035072,9405726720
1775548,7245660160,9405726720
1781178,7028604928,9405726720
1786694,8509194240,9405726720
1792284,7575961600,9405726720
1797872,7579107328,9405726720
1803417,7103053824,9405726720
1809005,7267680256,9405726720
1814596,7633633280,9405726720
1820217,6539968512,9405726720
1825791,7312769024,9405726720
1831315,6452936704,9405726720
1836902,8617197568,9405726720
1842494,9000976384,9405726720
1848073,7465861120,9405726720
1853638,7004487680,9405726720
1859073,6001000448,9405726720
1864607,7227834368,9405726720
1870157,7374635008,9405726720
1875777,7408189440,9405726720
1881334,6320816128,9405726720
1886876,6442450944,9405726720
1892432,7119831040,9405726720
1898063,8621391872,9405726720
1903690,8001683456,9405726720
1909282,8557428736,9405726720
1914813,7763656704,9405726720
1920449,8327790592,9405726720
1925917,10160701440,10160701440
1931407,8424259584,10169090048
1936975,7396655104,10169090048
1942515,6735003648,10169090048
1948090,6672089088,10169090048
1953612,6707740672,10169090048
1959148,6711934976,10169090048
1964716,7450132480,10169090048
1970272,7175405568,10169090048
1975870,7733248000,10169090048
1981530,6622806016,10169090048
1987061,6906970112,10169090048
1992667,6999244800,10169090048
1998230,7315914752,10169090048
2003839,6642728960,10169090048
2009393,6746537984,10169090048
2014847,6331301888,10169090048
2020452,6491734016,10169090048
2025966,7675576320,10169090048
2031576,6592397312,10169090048
2037113,7451181056,10169090048
2042640,6665797632,10169090048
2048169,7311720448,10169090048
2053727,6184501248,10169090048
2059293,6647971840,10169090048
2064897,6587154432,10169090048
2070461,6957301760,10169090048
2076014,7146045440,10169090048
2081498,6645874688,10169090048
2087031,6658457600,10169090048
2092603,7325351936,10169090048
2098160,6043992064,10169090048
2103756,6738149376,10169090048
2109281,6550454272,10169090048
2114825,7242514432,10169090048
2120399,6272581632,10169090048
2125971,7133462528,10169090048
2131510,6030360576,10169090048
2137052,6795821056,10169090048
2142618,6343884800,10169090048
2148163,6580862976,10169090048
2153653,6665797632,10169090048
2159159,7162822656,10169090048
2164710,6612320256,10169090048
2170301,7026507776,10169090048
2175825,6450839552,10169090048
2181396,7141851136,10169090048
2186924,6134169600,10169090048
2192460,6936330240,10169090048
2198025,6685720576,10169090048
2203597,6990856192,10169090048
2209212,6774849536,10169090048
2214759,7043284992,10169090048
2220300,6397362176,10169090048
2225886,6222249984,10169090048
2231459,7610564608,10169090048
2237008,7524581376,10169090048
2242584,6579814400,10169090048
2248118,6744440832,10169090048
2253613,6200229888,10169090048
2259150,7144996864,10169090048
2264663,6444548096,10169090048
2270295,7539261440,10169090048
2275846,6085935104,10169090048
2281367,7347372032,10169090048
2286910,5903482880,10169090048
2292495,8175747072,10169090048
2298069,6976176128,10169090048
2303590,6478102528,10169090048
2309169,6865027072,10169090048
2314754,6822035456,10169090048
2320316,6546259968,10169090048
2325879,6606028800,10169090048
2331441,6188695552,10169090048
2336985,6510608384,10169090048
2342569,6630146048,10169090048
2348138,7537164288,10169090048
2353700,7041187840,10169090048
2359248,6528434176,10169090048
2364738,6494879744,10169090048
2370280,6337593344,10169090048
2375849,7658799104,10169090048
2381420,6833569792,10169090048
2387033,7165968384,10169090048
2392581,6630146048,10169090048
2398191,6952058880,10169090048
2403813,6343884800,10169090048
2409378,6899630080,10169090048
2414887,6512705536,10169090048
2420424,6856638464,10169090048
2425996,6396313600,10169090048
2431581,6942621696,10169090048
2437137,7373586432,10169090048
2442726,7030702080,10169090048
2448314,7292846080,10169090048
2453861,7272923136,10169090048
2459417,7335837696,10169090048
2464957,9105833984,10169090048
2470496,8455716864,10169090048
2476014,7608467456,10169090048
2481555,7085228032,10169090048
2487089,6860832768,10169090048
2492644,6639583232,10169090048
2498200,6352273408,10169090048
2503802,7718567936,10169090048
2509400,6329204736,10169090048
2515013,6891241472,10169090048
2520571,6932135936,10169090048
2526185,6559891456,10169090048
2531708,7152336896,10169090048
2537293,6615465984,10169090048
2542856,7526678528,10169090048
2548362,6431965184,10169090048
2553947,6767509504,10169090048
2559507,7604273152,10169090048
2565040,6619660288,10169090048
2570587,6730809344,10169090048
2576158,6481248256,10169090048
2581696,6474956800,10169090048
2587317,7851737088,10169090048
2592898,6461325312,10169090048
2598419,7475298304,10169090048
2604008,7656701952,10169090048
2609585,7105150976,10169090048
2615172,7705985024,10169090048
2620701,6898581504,10169090048
2626256,7056916480,10169090048
2631856,6461325312,10169090048
2637445,6293553152,10169090048
2643059,7691304960,10169090048
2648598,6683623424,10169090048
2654149,7066353664,10169090048
2659722,6985613312,10169090048
2665364,6693060608,10169090048
2670931,7553941504,10169090048
2676481,7873757184,10169090048
2682034,7271874560,10169090048
2687567,6891241472,10169090048
2693124,7827619840,10169090048
2698703,7535067136,10169090048
2704338,7298088960,10169090048
2709921,7117733888,10169090048
2715424,8092909568,10169090048
2721030,7431258112,10169090048
2726621,7874805760,10169090048
2732174,6335496192,10169090048
2737737,7837057024,10169090048
2743310,7149191168,10169090048
2748832,6646923264,10169090048
2754378,7826571264,10169090048
2759915,6066012160,10169090048
2765445,7344226304,10169090048
2770962,10020192256,10169090048
2776485,9573498880,10737418240
2782050,9065988096,10737418240
2787590,7716470784,10737418240
2793158,6237978624,10737418240
2798715,8361345024,10737418240
2804342,8107589632,10737418240
2809879,6736052224,10737418240
2815458,7745830912,10737418240
2820992,7575961600,10737418240
2826562,6311378944,10737418240
2832104,7428112384,10737418240
2837674,8900313088,10737418240
2843216,8148484096,10737418240
2848843,7458521088,10737418240
2854398,8519680000,10737418240
2859974,8843689984,10737418240
2865558,8150581248,10737418240
2871120,6345981952,10737418240
2876637,7580155904,10737418240
2882179,7750025216,10737418240
2887687,8084520960,10737418240
2893336,7378829312,10737418240
2898901,6422528000,10737418240
2904528,7787773952,10737418240
2910086,7647264768,10737418240
2915632,7753170944,10737418240
2921243,6783238144,10737418240
2926812,7790919680,10737418240
2932342,7131365376,10737418240
2937922,6795821056,10737418240
2943439,8683257856,10737418240
2948978,8108638208,10737418240
2954552,6985613312,10737418240
2960083,6970933248,10737418240
2965611,8413773824,10737418240
2971123,7121928192,10737418240
2976632,6596591616,10737418240
2982181,9879683072,10737418240
2987765,9608101888,10737418240
2993331,7934574592,10737418240
2998867,7236222976,10737418240
3004417,7785676800,10737418240
3009926,7958691840,10737418240
3015477,7642021888,10737418240
3021029,6984564736,10737418240
3026542,10228858880,10737418240
3032094,9024045056,10737418240
3037734,8887730176,10737418240
3043302,8865710080,10737418240
3048853,8540651520,10737418240
3054393,8012169216,10737418240
3059926,7568621568,10737418240
3065435,6885998592,10737418240
3070910,7980711936,10737418240
3076504,6571425792,10737418240
3082081,7811891200,10737418240
3087653,9430892544,10737418240
3093213,8946450432,10737418240
3098788,7184842752,10737418240
3104348,7603224576,10737418240
3109897,7400849408,10737418240
3115475,7226785792,10737418240
3121114,6766460928,10737418240
3126705,6868172800,10737418240
3132255,7129268224,10737418240
3137800,7372537856,10737418240
3143389,6162481152,10737418240
3148942,6370099200,10737418240
3154477,7764705280,10737418240
3160046,7495221248,10737418240
3165626,6155141120,10737418240
3171200,6823084032,10737418240
3176727,7073693696,10737418240
3182231,6906970112,10737418240
3187705,8146386944,10737418240
3193282,6721372160,10737418240
3198856,6611271680,10737418240
3204421,6532628480,10737418240
3209958,6835666944,10737418240
3215476,5999951872,10737418240
3220994,6182404096,10737418240
3226526,7565475840,10737418240
3232069,7617904640,10737418240
3237601,6228541440,10737418240
3243164,6548357120,10737418240
3248726,6631194624,10737418240
3254291,8205107200,10737418240
3259885,6942621696,10737418240
3265404,6539968512,10737418240
3270911,7297040384,10737418240
3276393,7030702080,10737418240
3281901,6777995264,10737418240
3287387,6640631808,10737418240
3292934,7013924864,10737418240
3298475,8542748672,10737418240
3303974,8268021760,10737418240
3309525,7855931392,10737418240
3315072,7479492608,10737418240
3320628,7055867904,10737418240
3326179,8054112256,10737418240
3331773,6642728960,10737418240
3337317,6666846208,10737418240
3342883,7163871232,10737418240
3348483,7593787392,10737418240
3354102,6237978624,10737418240
3359664,6467616768,10737418240
3365191,7264534528,10737418240
3370738,6415187968,10737418240
3376317,6326059008,10737418240
3381872,7529824256,10737418240
3387431,7911505920,10737418240
3393010,9797894144,10737418240
3398565,9275703296,10737418240
3404171,8603566080,10737418240
3409697,8256487424,10737418240
3415259,6160384000,10737418240
3420880,8302624768,10737418240
3426384,7724859392,10737418240
3431927,7211057152,10737418240
3437506,6055526400,10737418240
3443059,6899630080,10737418240
3448627,6874464256,10737418240
3454174,7363100672,10737418240
3459730,7133462528,10737418240
3465315,6663700480,10737418240
3470886,6895435776,10737418240
3476424,7372537856,10737418240
3481954,7121928192,10737418240
3487504,6723469312,10737418240
3493097,7004487680,10737418240
3498609,6167724032,10737418240
3504205,7074742272,10737418240
3509730,6936330240,10737418240
3515272,6035603456,10737418240
3520822,6316621824,10737418240
3526370,6747586560,10737418240
3531907,7319060480,10737418240
3537548,6309281792,10737418240
3543049,6509559808,10737418240
3548584,7583301632,10737418240
3554127,7484735488,10737418240
3559690,6618611712,10737418240
3565263,6581911552,10737418240
3570792,6403653632,10737418240
3576332,6792675328,10737418240
3581849,6569328640,10737418240
3587399,6258950144,10737418240
3592976,7421820928,10737418240
3598513,7073693696,10737418240
3604007,6205472768,10737418240
3609561,7486832640,10737418240
3615153,7083130880,10737418240
3620722,7174356992,10737418240
3626325,6655311872,10737418240
3631908,6462373888,10737418240
3637439,8428453888,10737418240
3642989,6938427392,10737418240
3648519,6898581504,10737418240
3654104,6895435776,10737418240
3659703,6895435776,10737418240
3665310,6895435776,10737418240
3670934,6763315200,10737418240
3676475,6588203008,10737418240
3681957,6299844608,10737418240
3687521,6177161216,10737418240
3693068,7125073920,10737418240
3698563,6899630080,10737418240
3704115,6446645248,10737418240
3709681,6255804416,10737418240
3715212,7062159360,10737418240
3720699,6847201280,10737418240
3726205,6751780864,10737418240
3731756,6493831168,10737418240
3737283,6510608384,10737418240
3742821,7987003392,10737418240
3748381,6268387328,10737418240
3753956,9614393344,10737418240
3759572,8690597888,10737418240
3765163,7690256384,10737418240
3770728,6430916608,10737418240
3776279,7137656832,10737418240
3781864,7528775680,10737418240
3787464,6433013760,10737418240
3793009,7152336896,10737418240
3798618,6777995264,10737418240
3804164,7589593088,10737418240
3809739,7199522816,10737418240
3815325,6500122624,10737418240
3820925,8057257984,10737418240
3826513,7323254784,10737418240
3832043,6383730688,10737418240
3837613,7218397184,10737418240
3843233,6145703936,10737418240
3848855,8810135552,10737418240
3854460,8247050240,10737418240
3859988,7739539456,10737418240
3865550,6522142720,10737418240
3871129,6288310272,10737418240
3876704,6597640192,10737418240
3882273,6792675328,10737418240
3887837,6055526400,10737418240
3893410,7138705408,10737418240
3898929,6676283392,10737418240
3904517,5717884928,10737418240
3910101,6815744000,10737418240
3915714,6549405696,10737418240
3921263,6996099072,10737418240
3926929,6633291776,10737418240
3932473,6709837824,10737418240
3938058,6240075776,10737418240
3943641,6093275136,10737418240
3949232,6080692224,10737418240
3954806,6080692224,10737418240
3960346,6081740800,10737418240
3965866,6082789376,10737418240
3971449,5987368960,10737418240
3976992,5900337152,10737418240
3982541,6450839552,10737418240
3988092,6399459328,10737418240
3993627,6474956800,10737418240
3999203,6069157888,10737418240
4004783,6073352192,10737418240
4010309,7440695296,10737418240
4015850,8229224448,10737418240
4021397,7029653504,10737418240
4026958,6681526272,10737418240
4032538,6922698752,10737418240
4038090,6364856320,10737418240
4043641,6600785920,10737418240
4049176,6720323584,10737418240
4054771,7519338496,10737418240
4060341,6969884672,10737418240
4065899,7043284992,10737418240
4071427,6835666944,10737418240
4076998,6511656960,10737418240
4082513,7078936576,10737418240
4088061,6819938304,10737418240
4093576,7222591488,10737418240
4099118,6602883072,10737418240
4104658,6574571520,10737418240
4110208,7344226304,10737418240
4115802,7859077120,10737418240
4121377,7830765568,10737418240
4126958,7650410496,10737418240
4132512,7127171072,10737418240
4138058,6550454272,10737418240
4143611,7066353664,10737418240
4149111,6881804288,10737418240
4154623,7395606528,10737418240
4160139,7126122496,10737418240
4165710,7107248128,10737418240
4171265,6333399040,10737418240
4176811,8331984896,10737418240
4182337,7588544512,10737418240
4187904,7326400512,10737418240
4193453,7150239744,10737418240
4198997,7717519360,10737418240
4204545,7067402240,10737418240
4210105,6575620096,10737418240
4215662,8033140736,10737418240
4221220,7213154304,10737418240
4226773,6856638464,10737418240
4232323,6924795904,10737418240
4237807,6765412352,10737418240
4243380,6494879744,10737418240
4248921,9607053312,10737418240
4254487,8608808960,10737418240
4260041,7989100544,10737418240
4265627,7286554624,10737418240
4271194,8670674944,10737418240
4276715,7497318400,10737418240
4282307,7052722176,10737418240
4287874,7503609856,10737418240
4293468,6227492864,10737418240
4299010,6657409024,10737418240
4304582,7565475840,10737418240
4310165,6569328640,10737418240
4315709,6174015488,10737418240
4321228,7187988480,10737418240
4326790,6521094144,10737418240
4332676,6752829440,10737418240
4338285,7053770752,10737418240
4343845,6331301888,10737418240
4349419,7036993536,10737418240
4354944,7117733888,10737418240
4360476,8119123968,10737418240
4366121,6727663616,10737418240
4371687,6397362176,10737418240
4377249,6646923264,10737418240
4382819,6059720704,10737418240
4388397,6927941632,10737418240
4393930,10117709824,10737418240
4399508,9450815488,10737418240
4405118,9290383360,10737418240
4410667,9060745216,10737418240
4416173,8729395200,10737418240
4421739,8628731904,10737418240
4427320,8470396928,10737418240
4432907,8330936320,10737418240
4438436,7864320000,10737418240
4443953,7540310016,10737418240
4449566,6027214848,10737418240
4455174,7042236416,10737418240
4460758,5926551552,10737418240
4466320,9116319744,10737418240
4471926,8554283008,10737418240
4477488,8150581248,10737418240
4483075,6465519616,10737418240
4488667,6892290048,10737418240
4494161,7027556352,10737418240
4499714,6486491136,10737418240
4505251,6855589888,10737418240
4510815,6953107456,10737418240
4516396,6807355392,10737418240
4521984,6534725632,10737418240
4527568,7306477568,10737418240
4533041,6125780992,10737418240
4538555,6977224704,10737418240
4544131,6872367104,10737418240
4549669,6932135936,10737418240
4555182,6386876416,10737418240
4560736,7443841024,10737418240
4566269,6412042240,10737418240
4571884,6890192896,10737418240
4577424,6843006976,10737418240
4583008,6017777664,10737418240
4588565,7459569664,10737418240
4594161,7325351936,10737418240
4599827,6474956800,10737418240
4605355,7624196096,10737418240
4610900,6445596672,10737418240
4616561,7038042112,10737418240
4622172,6662651904,10737418240
4627712,6853492736,10737418240
4633252,7057965056,10737418240
4638826,6759120896,10737418240
4644390,6182404096,10737418240
4649947,7445938176,10737418240
4655514,6838812672,10737418240
4661044,6057623552,10737418240
4666644,6934233088,10737418240
4672265,6666846208,10737418240
4677813,7171211264,10737418240
4683352,7164919808,10737418240
4688869,6694109184,10737418240
4694456,7595884544,10737418240
4700009,7024410624,10737418240
4705633,7484735488,10737418240
4711181,6757023744,10737418240
4716743,7647264768,10737418240
4722336,7846494208,10737418240
4727876,6633291776,10737418240
4733502,9687793664,10737418240
4739012,9376366592,10737418240
4744588,7645167616,10737418240
4750188,6561988608,10737418240
4755760,7075790848,10737418240
4761302,6415187968,10737418240
4766856,6139412480,10737418240
4772414,6263144448,10737418240
4777907,6343884800,10737418240
4783443,9147777024,10737418240
4788998,7827619840,10737418240
4794591,7157579776,10737418240
4800211,8942256128,10737418240
4805786,8554283008,10737418240
4811341,8102346752,10737418240
4816890,7503609856,10737418240
4822440,5924454400,10737418240
4828081,7117733888,10737418240
4833604,8511291392,10737418240
4839185,7613710336,10737418240
4844740,7851737088,10737418240
4850394,7475298304,10737418240
4855999,6987710464,10737418240
4861594,7604273152,10737418240
4867157,6983516160,10737418240
4872669,8590983168,10737418240
4878224,8476688384,10737418240
4883789,7862222848,10737418240
4889330,6395265024,10737418240
4894821,8088715264,10737418240
4900371,8058306560,10737418240
4905953,6524239872,10737418240
4911586,7149191168,10737418240
4917156,7129268224,10737418240
4922690,6128926720,10737418240
4928258,7541358592,10737418240
4933870,6894387200,10737418240
4939440,8246001664,10737418240
4944995,7661944832,10737418240
4950600,7001341952,10737418240
4956159,8795455488,10737418240
4961766,8458862592,10737418240
4967372,7518289920,10737418240
4972948,6445596672,10737418240
4978481,9116319744,10737418240
4984016,8944353280,10737418240
4989579,7393509376,10737418240
4995184,6564085760,10737418240
5000779,7409238016,10737418240
5006333,6212812800,10737418240
5011912,6351224832,10737418240
5017532,5948571648,10737418240
5023034,6205472768,10737418240
5028604,6457131008,10737418240
5034160,6391070720,10737418240
5039728,6955204608,10737418240
5045260,6612320256,10737418240
5050870,6543114240,10737418240
5056400,6511656960,10737418240
5061882,9668919296,10737418240
5067424,8516534272,10737418240
5073020,8150581248,10737418240
5078601,7932477440,10737418240
5084141,7862222848,10737418240
5089683,7611613184,10737418240
5095231,7093616640,10737418240
5100784,8071938048,10737418240
5106399,7127171072,10737418240
5111954,6542065664,10737418240
5117503,9761193984,10737418240
5123094,8763998208,10737418240
5128633,8130658304,10737418240
5134274,7351566336,10737418240
5139786,8668577792,10737418240
5145353,9437184000,10737418240
5150944,9015656448,10737418240
5156463,8228175872,10737418240
5161974,7472152576,10737418240
5167476,7833911296,10737418240
5173025,9098493952,10737418240
5178557,8585740288,10737418240
5184108,8066695168,10737418240
5189676,6502219776,10737418240
5195185,7276068864,10737418240
5200801,8676966400,10737418240
5206362,8438939648,10737418240
5211975,8477736960,10737418240
5217517,7453278208,10737418240
5223061,8058306560,10737418240
5228628,7876902912,10737418240
5234182,9322889216,10737418240
5239733,7858028544,10737418240
5245332,7482638336,10737418240
5250972,6911164416,10737418240
5256477,6771703808,10737418240
5262031,6774849536,10737418240
5267623,7214202880,10737418240
5273137,7268728832,10737418240
5278689,7418675200,10737418240
5284186,8080326656,10737418240
5289764,8212447232,10737418240
5295367,7026507776,10737418240
5300960,7481589760,10737418240
5306477,9344909312,10737418240
5312052,8615100416,10737418240
5317612,8901361664,10737418240
5323119,9333374976,10737418240
5328665,9031385088,10737418240
5334227,7910457344,10737418240
5339812,7644119040,10737418240
5345341,7893680128,10737418240
5350920,7405043712,10737418240
5356502,7053770752,10737418240
5362034,6935281664,10737418240
5367525,6871318528,10737418240
5373069,7334789120,10737418240
5378583,7432306688,10737418240
5384100,7612661760,10737418240
5389629,8360296448,10737418240
5395122,7755268096,10737418240
5400668,7740588032,10737418240
5406222,7953448960,10737418240
5411819,7940866048,10737418240
5417343,9327083520,10737418240
5422940,8077180928,10737418240
5428538,7921991680,10737418240
5434133,7567572992,10737418240
5439649,9357492224,10737418240
5445230,8644460544,10737418240
5450830,8513388544,10737418240
5456400,9683599360,10737418240
5461960,11811160064,11811160064
5467575,10737418240,11811160064
5473169,8801746944,11811160064
5478753,7794065408,11811160064
5484299,10737418240,11811160064
5489840,10737418240,11811160064
5495402,9784262656,11811160064
5500990,9848225792,11811160064
5506561,10230956032,11811160064
5512177,10071572480,11811160064
5517793,8796504064,11811160064
5523383,9907994624,11811160064
5528901,10214178816,11811160064
5534510,9050259456,11811160064
5540066,8878292992,11811160064
5545642,10089398272,11811160064
5551205,9746513920,11811160064
5556741,8711569408,11811160064
5562258,10004463616,11811160064
5567809,10314842112,11811160064
5573399,8694792192,11811160064
5578947,8816427008,11811160064
5584524,9387900928,11811160064
5590104,8630829056,11811160064
5595657,8610906112,11811160064
5601232,9831448576,11811160064
5606808,9588178944,11811160064
5612324,9552527360,11811160064
5617876,11811160064,11811160064
5623528,11811160064,11811160064
5629077,10340007936,11811160064
5634633,9138339840,11811160064
5640171,7424966656,11811160064
5645704,8842641408,11811160064
5651225,10737418240,11811160064
5656766,11811160064,11811160064
5662347,10100932608,11811160064
5667903,11811160064,11811160064
5673402,10156507136,11811160064
5678927,8050966528,11811160064
5684452,7311720448,11811160064
5689955,8652849152,11811160064
5695460,9077522432,11811160064
5701109,7593787392,11811160064
5706590,9122611200,11811160064
5712099,9906946048,11811160064
5717646,8593080320,11811160064
5723200,8277458944,11811160064
5728746,9939451904,11811160064
5734274,9931063296,11811160064
5739838,10737418240,11811160064
5745438,9997123584,11811160064
5751054,8064598016,11811160064
5756624,7312769024,11811160064
5762232,8734638080,11811160064
5767831,9085911040,11811160064
5773457,8276410368,11811160064
5779000,8901361664,11811160064
5784507,8672772096,11811160064
5790055,7174356992,11811160064
5795602,9601810432,11811160064
5801192,9000976384,11811160064
5806782,8378122240,11811160064
5812360,7258243072,11811160064
5817925,8262778880,11811160064
5823494,7624196096,11811160064
5829083,8942256128,11811160064
5834664,8238661632,11811160064
5840256,7905214464,11811160064
5845756,7872708608,11811160064
5851356,9387900928,11811160064
5856899,7874805760,11811160064
5862540,8070889472,11811160064
5868092,8359247872,11811160064
5873613,10256121856,11811160064
5879252,8688500736,11811160064
5884787,9090105344,11811160064
5890335,9502195712,11811160064
5895923,7822376960,11811160064
5901482,7151288320,11811160064
5907047,7259291648,11811160064
5912640,9455009792,11811160064
5918231,7708082176,11811160064
5923822,7672430592,11811160064
5929412,9029287936,11811160064
5934981,8479834112,11811160064
5940619,7798259712,11811160064
5946131,8006926336,11811160064
5951698,8686403584,11811160064
5957293,7343177728,11811160064
5962905,7157579776,11811160064
5968475,7991197696,11811160064
5973988,8496611328,11811160064
5979543,7696547840,11811160064
5985110,8340373504,11811160064
5990743,9642704896,11811160064
5996285,9501147136,11811160064
6001840,8174698496,11811160064
6007467,7691304960,11811160064
6013105,7809794048,11811160064
6018674,8940158976,11811160064
6024215,7915700224,11811160064
6029781,7876902912,11811160064
6035358,9004122112,11811160064
6040910,9056550912,11811160064
6046496,8125415424,11811160064
6052036,8436842496,11811160064
6057580,8950644736,11811160064
6063122,8329887744,11811160064
6068747,8071938048,11811160064
6074328,9112125440,11811160064
6079955,8962179072,11811160064
6085533,7156531200,11811160064
6091066,8387559424,11811160064
6096621,11811160064,11811160064
6102210,11811160064,12884901888
6107826,11811160064,12884901888
6113445,8995733504,12884901888
6119022,8118075392,12884901888
6124576,10084155392,12884901888
6130173,9199157248,12884901888
6135870,9683599360,12884901888
6141491,9637462016,12884901888
6147099,9191817216,12884901888
6152636,8914993152,12884901888
6158173,8178892800,12884901888
6163787,7249854464,12884901888
6169369,7627341824,12884901888
6174915,9294577664,12884901888
6180467,9489612800,12884901888
6185982,9409921024,12884901888
6191532,9574547456,12884901888
6197088,8334082048,12884901888
6202654,7973371904,12884901888
6208203,7532969984,12884901888
6213778,8023703552,12884901888
6219354,8696889344,12884901888
6224996,8636071936,12884901888
6230582,8619294720,12884901888
6236107,7709130752,12884901888
6241632,7921991680,12884901888
6247227,9016705024,12884901888
6252824,9317646336,12884901888
6258388,9617539072,12884901888
6263988,9529458688,12884901888
6269559,9401532416,12884901888
6275091,8434745344,12884901888
6280730,8651800576,12884901888
6286332,8335130624,12884901888
6291920,8452571136,12884901888
6297473,8704229376,12884901888
6303005,9102688256,12884901888
6308595,8317304832,12884901888
6314226,8133804032,12884901888
6319761,8325693440,12884901888
6325320,8674869248,12884901888
6330887,8653897728,12884901888
6336443,9543090176,12884901888
6341985,8638169088,12884901888
6347557,9334423552,12884901888
6353146,9746513920,12884901888
6358657,10737418240,12884901888
6364232,10737418240,12884901888
6369794,9707716608,12884901888
6375331,10301210624,12884901888
6380904,10418651136,12884901888
6386447,10737418240,12884901888
6392034,10317987840,12884901888
6397617,8388608000,12884901888
6403214,8139046912,12884901888
6408818,10220470272,12884901888
6414361,10737418240,12884901888
6419924,9726590976,12884901888
6425490,10305404928,12884901888
6431080,10264510464,12884901888
6436648,9831448576,12884901888
6442261,9421455360,12884901888
6447816,7657750528,12884901888
6453405,7940866048,12884901888
6459000,9051308032,12884901888
6464553,9701425152,12884901888
6470123,10737418240,12884901888
6475638,8930721792,12884901888
6481204,8894021632,12884901888
6486784,9609150464,12884901888
6492372,9594470400,12884901888
6497905,9271508992,12884901888
6503464,7864320000,12884901888
6509085,8180989952,12884901888
6514651,9773776896,12884901888
6520250,9946791936,12884901888
6525851,10737418240,12884901888
6531399,8833204224,12884901888
6536967,10737418240,12884901888
6542485,10737418240,12884901888
6548069,11811160064,12884901888
6553637,10405019648,12884901888
6559176,9832497152,12884901888
6564771,9459204096,12884901888
6570362,9167699968,12884901888
6575938,10737418240,12884901888
6581482,9805234176,12884901888
6587075,9705619456,12884901888
6592658,10737418240,12884901888
6598174,10737418240,12884901888
6603745,10116661248,12884901888
6609300,9574547456,12884901888
6614841,9083813888,12884901888
6620483,9839837184,12884901888
6626032,10441719808,12884901888
6631598,10737418240,12884901888
6637158,10737418240,12884901888
6642733,11811160064,12884901888
6648308,10202644480,12884901888
6653842,10737418240,12884901888
6659449,10737418240,12884901888
6664943,10737418240,12884901888
6670559,11811160064,12884901888
6676110,11811160064,12884901888
6681664,11811160064,12884901888
6687276,9948889088,12884901888
6692823,10286530560,12884901888
6698333,10737418240,12884901888
6703896,10737418240,12884901888
6709436,11811160064,12884901888
6714968,11811160064,12884901888
6720551,11811160064,12884901888
6726062,10076815360,12884901888
6731670,9570353152,12884901888
6737283,8954839040,12884901888
6742889,8463056896,12884901888
6748436,7978614784,12884901888
6754021,8795455488,12884901888
6759598,7287603200,12884901888
6765177,7199522816,12884901888
6770767,7988051968,12884901888
6776311,8454668288,12884901888
6781932,8304721920,12884901888
6787459,7480541184,12884901888
6793011,7945060352,12884901888
6798575,8664383488,12884901888
6804117,8560574464,12884901888
6809655,9286189056,12884901888
6815207,8999927808,12884901888
6820753,7745830912,12884901888
6826375,7306477568,12884901888
6831969,7906263040,12884901888
6837516,9085911040,12884901888
6843116,8619294720,12884901888
6848718,8646557696,12884901888
6854254,8347713536,12884901888
6859821,8435793920,12884901888
6865377,8371830784,12884901888
6870986,8398045184,12884901888
6876550,8056209408,12884901888
6882141,7751073792,12884901888
6887687,8312061952,12884901888
6893241,9008316416,12884901888
6898807,7787773952,12884901888
6904399,7812939776,12884901888
6909956,7911505920,12884901888
6915523,7845445632,12884901888
6921068,7673479168,12884901888
6926651,8081375232,12884901888
6932198,8697937920,12884901888
6937756,8093958144,12884901888
6943411,8106541056,12884901888
6949025,8058306560,12884901888
6954548,11811160064,12884901888
6960041,11811160064,12884901888
6965546,11811160064,12884901888
6971026,10737418240,12884901888
6976578,10737418240,12884901888
6982086,10402922496,12884901888
6987624,9849274368,12884901888
6993138,8450473984,12884901888
6998648,7993294848,12884901888
7004215,7284457472,12884901888
7009710,11811160064,12884901888
7015267,11811160064,12884901888
7020799,10737418240,12884901888
7026325,10737418240,12884901888
7031839,10199498752,12884901888
7037380,9780068352,12884901888
7042924,8249147392,12884901888
7048523,7807696896,12884901888
7054063,7469006848,12884901888
7059585,7873757184,12884901888
7065160,8733589504,12884901888
7070715,9056550912,12884901888
7076238,9532604416,12884901888
7081857,9223274496,12884901888
7087405,8753512448,12884901888
7092947,8329887744,12884901888
7098496,7833911296,12884901888
7104099,7698644992,12884901888
7109646,8368685056,12884901888
7115200,8379170816,12884901888
7120770,8021606400,12884901888
7126357,8207204352,12884901888
7131963,8838447104,12884901888
7137563,10053746688,12884901888
7143130,8910798848,12884901888
7148721,8854175744,12884901888
7154381,9003073536,12884901888
7159976,10096738304,12884901888
7165564,10311696384,12884901888
7171175,8889827328,12884901888
7176783,8659140608,12884901888
7182333,9392095232,12884901888
7187868,12884901888,12884901888
7193445,10737418240,12884901888
7199035,10737418240,12884901888
7204612,9866051584,12884901888
7210193,9326034944,12884901888
7215788,8534360064,12884901888
7221395,6994001920,12884901888
7226983,7712276480,12884901888
7232534,8763998208,12884901888
7238057,9640607744,12884901888
7243620,10737418240,12884901888
7249172,9322889216,12884901888
7254722,8812232704,12884901888
7260255,8300527616,12884901888
7265845,8311013376,12884901888
7271447,8523874304,12884901888
7277002,9528410112,12884901888
7282567,8359247872,12884901888
7288137,10090446848,12884901888
7293715,10411311104,12884901888
7299356,10737418240,12884901888
7304983,10298064896,12884901888
7310537,9460252672,12884901888
7316127,7694450688,12884901888
7321638,9148825600,12884901888
7327251,9414115328,12884901888
7332824,9739173888,12884901888
7338405,8061452288,12884901888
7343974,7995392000,12884901888
7349579,8614051840,12884901888
7355176,9257877504,12884901888
7360749,9036627968,12884901888
7366327,8247050240,12884901888
7371947,7931428864,12884901888
7377499,8478785536,12884901888
7383051,9640607744,12884901888
7388644,10737418240,12884901888
7394301,8704229376,12884901888
7399855,8317304832,12884901888
7405402,8329887744,12884901888
7410945,8059355136,12884901888
7416432,8627683328,12884901888
7421971,9367977984,12884901888
7427518,8935964672,12884901888
7433137,9349103616,12884901888
7438713,9442426880,12884901888
7444279,9949937664,12884901888
7449825,9813622784,12884901888
7455385,9464446976,12884901888
7460937,9316597760,12884901888
7466511,9202302976,12884901888
7472098,7620001792,12884901888
7477644,7825522688,12884901888
7483223,9125756928,12884901888
7488757,10467934208,12884901888
7494290,10422845440,12884901888
7499875,10138681344,12884901888
7505430,9830400000,12884901888
7510955,9783214080,12884901888
7516567,9830400000,12884901888
7522214,8006926336,12884901888
7527799,7914651648,12884901888
7533393,7650410496,12884901888
7538979,8230273024,12884901888
7544534,9173991424,12884901888
7550095,9161408512,12884901888
7555716,9289334784,12884901888
7561268,9396289536,12884901888
7566802,8490319872,12884901888
7572344,8427405312,12884901888
7577946,8328839168,12884901888
7583499,8185184256,12884901888
7589112,8054112256,12884901888
7594683,7807696896,12884901888
7600215,7882145792,12884901888
7605817,8693743616,12884901888
7611397,8823767040,12884901888
7616971,8856272896,12884901888
7622476,8298430464,12884901888
7628058,8786018304,12884901888
7633656,8615100416,12884901888
7639202,11811160064,12884901888
7644763,12884901888,12884901888
7650329,11811160064,12884901888
7655869,11811160064,12884901888
7661380,10737418240,12884901888
7666955,10737418240,12884901888
7672547,9221177344,12884901888
7678138,9118416896,12884901888
7683680,8960081920,12884901888
7689263,8566865920,12884901888
7694814,8428453888,12884901888
7700366,7656701952,12884901888
7705889,9168748544,12884901888
7711381,9614393344,12884901888
7716924,9633267712,12884901888
7722574,9849274368,12884901888
7728146,10271850496,12884901888
7733691,10737418240,12884901888
7739257,10289676288,12884901888
7744854,10373562368,12884901888
7750404,10737418240,12884901888
7755931,10286530560,12884901888
7761505,10107224064,12884901888
7767065,9926868992,12884901888
7772629,9639559168,12884901888
7778190,9318694912,12884901888
7783756,9031385088,12884901888
7789329,7654604800,12884901888
7794954,7759462400,12884901888
7800572,8971616256,12884901888
7806206,9633267712,12884901888
7811760,9937354752,12884901888
7817369,10737418240,12884901888
7822884,10737418240,12884901888
7828436,10737418240,12884901888
7833952,10737418240,12884901888
7839514,10737418240,12884901888
7845026,10737418240,12884901888
7850561,10325327872,12884901888
7856084,10074718208,12884901888
7861607,9943646208,12884901888
7867177,8512339968,12884901888
7872743,7990149120,12884901888
7878287,7679770624,12884901888
7883872,10169090048,12884901888
7889396,11811160064,12884901888
7894945,11811160064,12884901888
7900517,11811160064,12884901888
7906097,9578741760,12884901888
7911684,9148825600,12884901888
7917292,8510242816,12884901888
7922861,9180282880,12884901888
7928336,12884901888,12884901888
7933897,11811160064,12884901888
7939465,10455351296,12884901888
7945057,10097786880,12884901888
7950645,9796845568,12884901888
7956203,9302966272,12884901888
7961780,8930721792,12884901888
7967349,8701083648,12884901888
7972853,12884901888,12884901888
7978398,10737418240,12884901888
7983965,10737418240,12884901888
7989491,10329522176,12884901888
7995062,9795796992,12884901888
8000651,9220128768,12884901888
8006283,9089056768,12884901888
8011885,8870952960,12884901888
8017461,8438939648,12884901888
8022996,11811160064,12884901888
8028564,12884901888,12884901888
8034157,11811160064,12884901888
8039712,11811160064,12884901888
8045287,10737418240,12884901888
8050864,10282336256,12884901888
8056476,9847177216,12884901888
8062023,8124366848,12884901888
8067634,7768899584,12884901888
8073197,9021947904,12884901888
8078693,10737418240,12884901888
8084303,10443816960,12884901888
8089855,10295967744,12884901888
8095394,9958326272,12884901888
8100931,9587130368,12884901888
8106516,9322889216,12884901888
8112165,7798259712,12884901888
8117770,7886340096,12884901888
8123425,7542407168,12884901888
8128986,9488564224,12884901888
8134574,10737418240,12884901888
8140130,10408165376,12884901888
8145619,10199498752,12884901888
8151163,9991880704,12884901888
8156758,9557770240,12884901888
8162347,9654239232,12884901888
8167978,7837057024,12884901888
8173552,7609516032,12884901888
8179170,8019509248,12884901888
8184727,9829351424,12884901888
8190319,10737418240,12884901888
8195865,10737418240,12884901888
8201452,10737418240,12884901888
8207040,8697937920,12884901888
8212612,8371830784,12884901888
8218197,8238661632,12884901888
8223742,7784628224,12884901888
8229289,9842982912,12884901888
8234883,10372513792,12884901888
8240424,10234101760,12884901888
8245973,8405385216,12884901888
8251517,8214544384,12884901888
8257127,7984906240,12884901888
8262749,10144972800,12884901888
8268303,10737418240,12884901888
8273916,10737418240,12884901888
8279454,8730443776,12884901888
8285029,8362393600,12884901888
8290612,8571060224,12884901888
8296106,8643411968,12884901888
8301600,10377756672,12884901888
8307097,12884901888,12884901888
8312657,12884901888,12884901888
8318201,11811160064,12884901888
8323737,10737418240,12884901888
8329345,10407116800,12884901888
8334876,9910091776,12884901888
8340350,9549381632,12884901888
8345884,9042919424,12884901888
8351457,8727298048,12884901888
8356953,8254390272,12884901888
8362524,9789505536,12884901888
8368025,11811160064,12884901888
8373607,12884901888,12884901888
8379198,10737418240,12884901888
8384774,10737418240,12884901888
8390351,10737418240,12884901888
8395880,10737418240,12884901888
8401424,10301210624,12884901888
8406992,9884925952,12884901888
8412511,9760145408,12884901888
8418081,12884901888,12884901888
8423672,12884901888,12884901888
8429174,11811160064,12884901888
8434788,11811160064,12884901888
8440344,11811160064,12884901888
8445873,10452205568,12884901888
8451401,10316939264,12884901888
8456946,10195304448,12884901888
8462539,10021240832,12884901888
8468133,9751756800,12884901888
8473699,9360637952,12884901888
8479264,8980004864,12884901888
8484769,8708423680,12884901888
8490293,8349810688,12884901888
8495849,8099201024,12884901888
8501389,9220128768,12884901888
8506950,8081375232,12884901888
8512612,7429160960,12884901888
8518413,7491026944,12884901888
8523943,7254048768,12884901888
8529524,7904165888,12884901888
8535123,8099201024,12884901888
8540650,8110735360,12884901888
8546158,8097103872,12884901888
8551712,8579448832,12884901888
8557181,8331984896,12884901888
8562726,8392802304,12884901888
8568242,11811160064,12884901888
8573806,11811160064,12884901888
8579385,9959374848,12884901888
8584989,9578741760,12884901888
8590467,9244246016,12884901888
8596040,8779726848,12884901888
8601610,8495562752,12884901888
8607177,8246001664,12884901888
8612723,8709472256,12884901888
8618271,8620343296,12884901888
8623790,10093592576,12884901888
8629346,8749318144,12884901888
8634876,8479834112,12884901888
8640443,8240758784,12884901888
8645999,8186232832,12884901888
8651522,7960788992,12884901888
8657097,7636779008,12884901888
8662646,7581204480,12884901888
8668133,11811160064,12884901888
8673695,11811160064,12884901888
8679219,11811160064,12884901888
8684723,11811160064,12884901888
8690297,10136584192,12884901888
8695845,10066329600,12884901888
8701394,9813622784,12884901888
8706926,9424601088,12884901888
8712462,9069133824,12884901888
8718050,8953790464,12884901888
8723639,8524922880,12884901888
8729215,8183087104,12884901888
8734674,8770289664,12884901888
8740299,7351566336,12884901888
8745892,8066695168,12884901888
8751449,10737418240,12884901888
8756999,11811160064,12884901888
8762476,11811160064,12884901888
8768053,10737418240,12884901888
8773604,10737418240,12884901888
8779212,10737418240,12884901888
8784703,10737418240,12884901888
8790234,10338959360,12884901888
8795800,9970909184,12884901888
8801393,8499757056,12884901888
8807001,8242855936,12884901888
8812614,7904165888,12884901888
8818175,7765753856,12884901888
8823726,7724859392,12884901888
8829251,7540310016,12884901888
8834784,8551137280,12884901888
8840344,9291431936,12884901888
8845903,9157214208,12884901888
8851463,8975810560,12884901888
8856989,8806989824,12884901888
8862582,8599371776,12884901888
8868114,7205814272,12884901888
8873692,7092568064,12884901888
8879246,6966738944,12884901888
8884813,8244953088,12884901888
8890423,9444524032,12884901888
8895997,9291431936,12884901888
8901538,9121562624,12884901888
8907089,9026142208,12884901888
8912623,8628731904,12884901888
8918242,8319401984,12884901888
8923814,8248098816,12884901888
8929362,7945060352,12884901888
8934922,7133462528,12884901888
8940472,7544504320,12884901888
8946034,8350859264,12884901888
8951620,8356102144,12884901888
8957178,7976517632,12884901888
8962748,8344567808,12884901888
8968305,8616148992,12884901888
8973813,9094299648,12884901888
8979392,8917090304,12884901888
8984926,8644460544,12884901888
8990491,7295991808,12884901888
8996126,7330594816,12884901888
9001693,8469348352,12884901888
9007211,8963227648,12884901888
9012791,9088008192,12884901888
9018337,10448011264,12884901888
9023908,10737418240,12884901888
9029484,10260316160,12884901888
9035032,10043260928,12884901888
9040607,10343153664,12884901888
9046086,11811160064,12884901888
9051654,11811160064,12884901888
9057156,10737418240,12884901888
9062736,10192158720,12884901888
9068350,9671016448,12884901888
9073882,9471787008,12884901888
9079483,9542041600,12884901888
9085016,9284091904,12884901888
9090562,9137291264,12884901888
9096097,8768192512,12884901888
9101698,8554283008,12884901888
9107290,8410628096,12884901888
9112885,8144289792,12884901888
9118390,8562671616,12884901888
9123986,7697596416,12884901888
9129563,8734638080,12884901888
9135157,8639217664,12884901888
9140683,8477736960,12884901888
9146227,8312061952,12884901888
9151796,8033140736,12884901888
9157375,7818182656,12884901888
9162893,7504658432,12884901888
9168411,12884901888,12884901888
9173974,12884901888,12884901888
9179581,11811160064,12884901888
9185169,11811160064,12884901888
9190735,11811160064,12884901888
9196387,10737418240,12884901888
9201958,10422845440,12884901888
9207604,10199498752,12884901888
9213157,10005512192,12884901888
9218726,9738125312,12884901888
9224291,9495904256,12884901888
9229808,9079619584,12884901888
9235339,8630829056,12884901888
9240891,8221884416,12884901888
9246391,7914651648,12884901888
9251969,8275361792,12884901888
9257450,10409213952,12884901888
9263054,12884901888,12884901888
9268596,10737418240,12884901888
9274254,10737418240,12884901888
9279804,10737418240,12884901888
9285344,11811160064,12884901888
9290946,11811160064,12884901888
9296487,10737418240,12884901888
9302047,10737418240,12884901888
9307520,10149167104,12884901888
9313105,9927917568,12884901888
9318694,9539944448,12884901888
9324224,9159311360,12884901888
9329792,8864661504,12884901888
9335340,7266631680,12884901888
9340906,7006584832,12884901888
9346481,8204058624,12884901888
9352031,8235515904,12884901888
9357614,8066695168,12884901888
9363156,7899971584,12884901888
9368759,8250195968,12884901888
9374293,8363442176,12884901888
9379875,7882145792,12884901888
9385452,6733955072,12884901888
9391068,6873415680,12884901888
9396641,7055867904,12884901888
9402251,7083130880,12884901888
9407850,7187988480,12884901888
9413433,7551844352,12884901888
9419001,7675576320,12884901888
9424525,7710179328,12884901888
9430067,7820279808,12884901888
9435625,6774849536,12884901888
9441202,6875512832,12884901888
9446814,6994001920,12884901888
9452408,7069499392,12884901888
9458004,7227834368,12884901888
9463578,7286554624,12884901888
9469212,7434403840,12884901888
9474774,7504658432,12884901888
9480354,7570718720,12884901888
9485912,7642021888,12884901888
9491446,7812939776,12884901888
9496999,7912554496,12884901888
9502570,6810501120,12884901888
9508205,6921650176,12884901888
9513770,7129268224,12884901888
9519324,7344226304,12884901888
9524939,7803502592,12884901888
9530527,7868514304,12884901888
9536131,6908018688,12884901888
9541781,7035944960,12884901888
9547349,7064256512,12884901888
9552928,7438598144,12884901888
9558496,7483686912,12884901888
9564068,7667187712,12884901888
9569688,7832862720,12884901888
9575261,6877609984,12884901888
9580883,7121928192,12884901888
9586511,7563378688,12884901888
9592110,7902068736,12884901888
9597701,7889485824,12884901888
9603255,7457472512,12884901888
9608869,6933184512,12884901888
9614494,7157579776,12884901888
9620097,7280263168,12884901888
9625650,7679770624,12884901888
9631157,7782531072,12884901888
9636716,6846152704,12884901888
9642365,6898581504,12884901888
9647912,7094665216,12884901888
9653487,7002390528,12884901888
9659061,7356809216,12884901888
9664589,7344226304,12884901888
9670178,7679770624,12884901888
9675769,7010779136,12884901888
9681354,7026507776,12884901888
9686923,7328497664,12884901888
9692485,7654604800,12884901888
9698035,8037335040,12884901888
9703660,8037335040,12884901888
9709230,7185891328,12884901888
9714858,7306477568,12884901888
9720433,7761559552,12884901888
9725939,7964983296,12884901888
9731525,8071938048,12884901888
9737081,8585740288,12884901888
9742732,7272923136,12884901888
9748359,7141851136,12884901888
9753998,7132413952,12884901888
9759595,7176454144,12884901888
9765152,7430209536,12884901888
9770702,7474249728,12884901888
9776270,7563378688,12884901888
9781775,8166309888,12884901888
9787349,7934574592,12884901888
9792930,8162115584,12884901888
9798618,8384413696,12884901888
9804242,7928283136,12884901888
9809822,7353663488,12884901888
9815402,7420772352,12884901888
9820934,7596933120,12884901888
9826478,7705985024,12884901888
9832007,7785676800,12884901888
9837582,7845445632,12884901888
9843130,7155482624,12884901888
9848736,7034896384,12884901888
9854292,7041187840,12884901888
9859858,7020216320,12884901888
9865396,7226785792,12884901888
9870950,7277117440,12884901888
9876525,7466909696,12884901888
9882036,7613710336,12884901888
9887583,7767851008,12884901888
9893095,7904165888,12884901888
9898689,6894387200,12884901888
9904244,7160725504,12884901888
9909823,7417626624,12884901888
9915395,7718567936,12884901888
9920974,7887388672,12884901888
9926568,7990149120,12884901888
9932081,8092909568,12884901888
9937620,7054819328,12884901888
9943203,7206862848,12884901888
9948806,7253000192,12884901888
9954400,7289700352,12884901888
9959924,7435452416,12884901888
9965441,7624196096,12884901888
9971029,7821328384,12884901888
9976584,7004487680,12884901888
9982112,6905921536,12884901888
9987700,6928990208,12884901888
9993261,7173308416,12884901888
9998834,7379877888,12884901888
10004453,7531921408,12884901888
10010036,7612661760,12884901888
10015602,7842299904,12884901888
10021132,7073693696,12884901888
10026727,6865027072,12884901888
10032553,6852444160,12884901888
10038150,7115636736,12884901888
10043721,7268728832,12884901888
10049307,7464812544,12884901888
10054885,7586447360,12884901888
10060438,7764705280,12884901888
10066004,6837764096,12884901888
10071576,6887047168,12884901888
10077116,7078936576,12884901888
10082688,7249854464,12884901888
10088201,7525629952,12884901888
10093800,7627341824,12884901888
10099388,7813988352,12884901888
10104968,8001683456,12884901888
10110604,6927941632,12884901888
10116208,7051673600,12884901888
10121805,7164919808,12884901888
10127388,7444889600,12884901888
10132918,7390363648,12884901888
10138495,7616856064,12884901888
10144082,7829716992,12884901888
10149625,6840909824,12884901888
10155267,7044333568,12884901888
10160823,7095713792,12884901888
10166366,7270825984,12884901888
10171912,7578058752,12884901888
10177402,7746879488,12884901888
10182934,8056209408,12884901888
10188573,6928990208,12884901888
10194155,7133462528,12884901888
10199688,7345274880,12884901888
10205358,7493124096,12884901888
10210889,7702839296,12884901888
10216480,7804551168,12884901888
10222023,6877609984,12884901888
10227606,6941573120,12884901888
10233231,7131365376,12884901888
10238828,7356809216,12884901888
10244361,7440695296,12884901888
10249931,7652507648,12884901888
10255502,7815036928,12884901888
10261050,6813646848,12884901888
10266725,6794772480,12884901888
10272318,7024410624,12884901888
10277868,7052722176,12884901888
10283438,7300186112,12884901888
10289002,7374635008,12884901888
10294557,7606370304,12884901888
10300124,7625244672,12884901888
10305717,7831814144,12884901888
10311258,7891582976,12884901888
10316783,6986661888,12884901888
10322326,7244611584,12884901888
10327927,7476346880,12884901888
10333489,7584350208,12884901888
10339091,7810842624,12884901888
10344624,7919894528,12884901888
10350127,8014266368,12884901888
10355626,7044333568,12884901888
10361171,7330594816,12884901888
10366738,7406092288,12884901888
10372337,7723810816,12884901888
10377877,8091860992,12884901888
10383413,7551844352,12884901888
10389079,7121928192,12884901888
10394652,7655653376,12884901888
10400187,7579107328,12884901888
10405709,7776239616,12884901888
10411251,7902068736,12884901888
10416889,7984906240,12884901888
10422436,7346323456,12884901888
10428108,6999244800,12884901888
10433672,7151288320,12884901888
10439293,7316963328,12884901888
10444872,7478444032,12884901888
10450442,7787773952,12884901888
10456013,7908360192,12884901888
10461579,6878658560,12884901888
10467119,7100956672,12884901888
10472709,7389315072,12884901888
10478293,7481589760,12884901888
10483873,7858028544,12884901888
10489444,7902068736,12884901888
10495021,6963593216,12884901888
10500603,7270825984,12884901888
10506218,7469006848,12884901888
10511765,7526678528,12884901888
10517307,7874805760,12884901888
10522911,8038383616,12884901888
10528478,7049576448,12884901888
10534053,7122976768,12884901888
10539609,7351566336,12884901888
10545149,7852785664,12884901888
10550635,7888437248,12884901888
10556159,7953448960,12884901888
10561683,7121928192,12884901888
10567273,7327449088,12884901888
10572919,7376732160,12884901888
10578499,7845445632,12884901888
10584065,7902068736,12884901888
10589650,8195670016,12884901888
10595242,6961496064,12884901888
10600823,7161774080,12884901888
10606378,7487881216,12884901888
10611949,7758413824,12884901888
10617505,8042577920,12884901888
10623056,7142899712,12884901888
10628672,7121928192,12884901888
10634275,7307526144,12884901888
10639850,7478444032,12884901888
10645467,7801405440,12884901888
10651025,7960788992,12884901888
10656595,8075083776,12884901888
10662178,7102005248,12884901888
10667749,7305428992,12884901888
10673318,7499415552,12884901888
10678847,7838105600,12884901888
10684400,8032092160,12884901888
10690001,8071938048,12884901888
10695536,8123318272,12884901888
10701080,6982467584,12884901888
10706650,7090470912,12884901888
10712236,7153385472,12884901888
10717786,7389315072,12884901888
10723340,7594835968,12884901888
10728923,7704936448,12884901888
10734485,7935623168,12884901888
10740026,8002732032,12884901888
10745608,6968836096,12884901888
10751158,7187988480,12884901888
10756786,7393509376,12884901888
10762386,7674527744,12884901888
10767982,7851737088,12884901888
10773500,7945060352,12884901888
10779039,6923747328,12884901888
10784633,7128219648,12884901888
10790179,7368343552,12884901888
10795732,7795113984,12884901888
10801301,7930380288,12884901888
10806899,7201619968,12884901888
10812488,7195328512,12884901888
10818078,8036286464,12884901888
10823659,7860125696,12884901888
10829209,8776581120,12884901888
10834787,7259291648,12884901888
10840366,6933184512,12884901888
10845988,7250903040,12884901888
10851548,7436500992,12884901888
10857157,7539261440,12884901888
10862696,7854882816,12884901888
10868357,7909408768,12884901888
10873899,6939475968,12884901888
10879490,7171211264,12884901888
10885073,7400849408,12884901888
10890642,7488929792,12884901888
10896226,7733248000,12884901888
10901790,7919894528,12884901888
10907347,6909067264,12884901888
10912938,6898581504,12884901888
10918550,6957301760,12884901888
10924133,7186939904,12884901888
10929722,7308574720,12884901888
10935261,7726956544,12884901888
10940835,8110735360,12884901888
10946391,8422162432,12884901888
10951957,7381975040,12884901888
10957522,7219445760,12884901888
10963049,7579107328,12884901888
10968575,7856979968,12884901888
10974129,8100249600,12884901888
10979659,8306819072,12884901888
10985243,7531921408,12884901888
10990828,7622098944,12884901888
10996432,7636779008,12884901888
11001984,7624196096,12884901888
11007554,8001683456,12884901888
11013110,8155824128,12884901888
11018662,8050966528,12884901888
11024275,7305428992,12884901888
11029970,7352614912,12884901888
11035559,7498366976,12884901888
11041100,7720665088,12884901888
11046656,8091860992,12884901888
11052239,8132755456,12884901888
11057800,7243563008,12884901888
11063412,7260340224,12884901888
11068997,7464812544,12884901888
11074528,7776239616,12884901888
11080089,8092909568,12884901888
11085661,8162115584,12884901888
11091208,7192182784,12884901888
11096719,7547650048,12884901888
11102332,7856979968,12884901888
11107915,8060403712,12884901888
11113475,7196377088,12884901888
11119067,7265583104,12884901888
11124695,7314866176,12884901888
11130264,7434403840,12884901888
11135803,7715422208,12884901888
11141365,7958691840,12884901888
11146967,8097103872,12884901888
11152526,7049576448,12884901888
11158103,7221542912,12884901888
11163652,7405043712,12884901888
11169184,7460618240,12884901888
11174753,8084520960,12884901888
11180302,7933526016,12884901888
11185881,7001341952,12884901888
11191473,7106199552,12884901888
11197092,7293894656,12884901888
11202729,7318011904,12884901888
11208263,7634681856,12884901888
11213869,7755268096,12884901888
11219452,7934574592,12884901888
11225085,6957301760,12884901888
11230621,7048527872,12884901888
11236196,7270825984,12884901888
11241764,7569670144,12884901888
11247399,7758413824,12884901888
11252963,6909067264,12884901888
11258531,7021264896,12884901888
11264132,7253000192,12884901888
11269789,7262437376,12884901888
11275325,7366246400,12884901888
11280861,7682916352,12884901888
11286400,7791968256,12884901888
11291943,6785335296,12884901888
11297521,6788481024,12884901888
11303087,6874464256,12884901888
11308593,7108296704,12884901888
11314121,7550795776,12884901888
11319663,7784628224,12884901888
11325184,6937378816,12884901888
11330770,7051673600,12884901888
11336384,7423918080,12884901888
11341997,7937720320,12884901888
11347626,7005536256,12884901888
11353225,7394557952,12884901888
11358816,7791968256,12884901888
11364416,7908360192,12884901888
11369989,8020557824,12884901888
11375705,6848249856,12884901888
11381398,6728712192,12884901888
11387015,6726615040,12884901888
11392636,6727663616,12884901888
11398281,6732906496,12884901888
11403896,6696206336,12884901888
11409532,6844055552,12884901888
11415088,7045382144,12884901888
11420649,7153385472,12884901888
11426261,7332691968,12884901888
11431880,7477395456,12884901888
11437512,7747928064,12884901888
11443081,8075083776,12884901888
11448813,6955204608,12884901888
11454474,6980370432,12884901888
11460094,7265583104,12884901888
11465781,7408189440,12884901888
11471396,7778336768,12884901888
11477022,6904872960,12884901888
11482710,6969884672,12884901888
11488383,7307526144,12884901888
11494061,7304380416,12884901888
11499693,7728005120,12884901888
11505347,7825522688,12884901888
11510960,6905921536,12884901888
11516624,7273971712,12884901888
11522243,7546601472,12884901888
11527932,7867465728,12884901888
11533557,6948913152,12884901888
11539248,7132413952,12884901888
11544906,7419723776,12884901888
11550545,7846494208,12884901888
11556156,7059013632,12884901888
11561827,7120879616,12884901888
11567450,7398752256,12884901888
11573101,7678722048,12884901888
11578692,8049917952,12884901888
11584345,7118782464,12884901888
11590015,7179599872,12884901888
11595715,7344226304,12884901888
11601417,7721713664,12884901888
11607092,7968129024,12884901888
11612808,6863978496,12884901888
11618483,6938427392,12884901888
11624155,6848249856,12884901888
11629731,6850347008,12884901888
11635408,6850347008,12884901888
11641091,6908018688,12884901888
11646703,7066353664,12884901888
11652326,7038042112,12884901888
11657951,7264534528,12884901888
11663597,7304380416,12884901888
11669192,7479492608,12884901888
11674823,7639924736,12884901888
11680408,7951351808,12884901888
11686108,8036286464,12884901888
11691766,7035944960,12884901888
11697431,7107248128,12884901888
11703061,7326400512,12884901888
11708715,7889485824,12884901888
11714322,7961837568,12884901888
11720022,8561623040,12884901888
11725771,7162822656,12884901888
11731503,7220494336,12884901888
11737166,7295991808,12884901888
11742838,7410286592,12884901888
11748484,7580155904,12884901888
11754121,7756316672,12884901888
11759770,7917797376,12884901888
11765390,8026849280,12884901888
11771060,6928990208,12884901888
11776738,6926893056,12884901888
11782364,7092568064,12884901888
11787963,7302283264,12884901888
11793605,7587495936,12884901888
11799268,7873757184,12884901888
11804878,8719958016,12884901888
11810607,7155482624,12884901888
11816293,7535067136,12884901888
11821940,7756316672,12884901888
11827574,7996440576,12884901888
11833211,8821669888,12884901888
11838964,7218397184,12884901888
11844626,7424966656,12884901888
11850343,7799308288,12884901888
11855996,8314159104,12884901888
11861662,7082082304,12884901888
11867383,7284457472,12884901888
11873075,7614758912,12884901888
11878723,7976517632,12884901888
11884363,8529117184,12884901888
11890048,6945767424,12884901888
11895789,7033847808,12884901888
11901499,7027556352,12884901888
11907189,7026507776,12884901888
11912922,7027556352,12884901888
11918605,7028604928,12884901888
11924313,7029653504,12884901888
11930032,7030702080,12884901888
11935747,6895435776,12884901888
11941444,6854541312,12884901888
11947106,6980370432,12884901888
11952715,7073693696,12884901888
11958320,7319060480,12884901888
11963943,7335837696,12884901888
11969605,7532969984,12884901888
11975281,7754219520,12884901888
11980893,7847542784,12884901888
11986548,8146386944,12884901888
11992173,6976176128,12884901888
11997933,7139753984,12884901888
12003584,7383023616,12884901888
12009255,7758413824,12884901888
12014910,7947157504,12884901888
12020566,8201961472,12884901888
12026215,8735686656,12884901888
12031930,7104102400,12884901888
12037637,7410286592,12884901888
12043352,7897874432,12884901888
12049048,8432648192,12884901888
12054745,7173308416,12884901888
12060499,7380926464,12884901888
12066137,7851737088,12884901888
12071839,8211398656,12884901888
12077487,7233077248,12884901888
12083229,6889144320,12884901888
12088934,6876561408,12884901888
12094615,6877609984,12884901888
12100259,6879707136,12884901888
12105884,6881804288,12884901888
12111551,6883901440,12884901888
12117195,6884950016,12884901888
12122793,6888095744,12884901888
12128478,6888095744,12884901888
12134170,6872367104,12884901888
12139798,6934233088,12884901888
12145479,7067402240,12884901888
12151098,7271874560,12884901888
12156761,7349469184,12884901888
12162383,7534018560,12884901888
12168033,7735345152,12884901888
12173731,8182038528,12884901888
12179410,6954156032,12884901888
12185072,7175405568,12884901888
12190724,7365197824,12884901888
12196424,7743733760,12884901888
12202119,8276410368,12884901888
12207783,8792309760,12884901888
12213529,7073693696,12884901888
12219314,7105150976,12884901888
12224978,7493124096,12884901888
12230636,7651459072,12884901888
12236262,8209301504,12884901888
12241906,8166309888,12884901888
12247523,8570011648,12884901888
12253187,7411335168,12884901888
12258889,7458521088,12884901888
12264555,7904165888,12884901888
12270201,8183087104,12884901888
12275857,8940158976,12884901888
12281534,7509901312,12884901888
12287162,7560232960,12884901888
12292829,7887388672,12884901888
12298502,7783579648,12884901888
12304124,7916748800,12884901888
12309833,7912554496,12884901888
12315519,8034189312,12884901888
12321115,8088715264,12884901888
12326688,8114929664,12884901888
12332313,8170504192,12884901888
12337882,8234467328,12884901888
12343499,8160018432,12884901888
12349135,6580862976,12884901888
12355005,6186598400,12884901888
12360426,1658847232,12884901888
12366225,2401239040,12884901888
12372136,2395996160,12884901888
12377892,2378170368,12884901888
12383760,2378170368,12884901888
12389570,2379218944,12884901888
12395467,2368733184,12884901888
12401350,2378170368,12884901888
12407223,2379218944,12884901888
12413101,2366636032,12884901888
12418994,2367684608,12884901888
12424820,2367684608,12884901888
12430638,2368733184,12884901888
12436517,2368733184,12884901888
12442364,2368733184,12884901888
12448326,2368733184,12884901888
12454202,2368733184,12884901888
12460045,2368733184,12884901888
12465882,2369781760,12884901888
12471735,2369781760,12884901888
12477527,2369781760,12884901888
12483474,2369781760,12884901888
12489373,2369781760,12884901888
12495211,2369781760,12884901888
12501042,2369781760,12884901888
12506951,2627731456,12884901888
12512801,2469396480,12884901888
12518630,2465202176,12884901888
12524432,2475687936,12884901888
12530314,2456813568,12884901888
12536259,2481979392,12884901888
12542136,2483027968,12884901888
12548010,2484076544,12884901888
12553868,2481979392,12884901888
12559706,2483027968,12884901888
12565536,4789895168,12884901888
12571343,3711959040,12884901888
12577198,3605004288,12884901888
12583057,3961520128,12884901888
12588915,3951034368,12884901888
12594822,3916431360,12884901888
12600774,3929014272,12884901888
12606634,3929014272,12884901888
12612542,5361369088,12884901888
12618452,4238344192,12884901888
12624375,6092226560,12884901888
12630271,6628048896,12884901888
12636189,7106199552,12884901888
12642185,6187646976,12884901888
12648039,6014631936,12884901888
12653994,7622098944,12884901888
12659972,5975834624,12884901888
12665912,4930404352,12884901888
12671808,6323961856,12884901888
12677714,5280628736,12884901888
12683620,5510266880,12884901888
12689542,5113905152,12884901888
12695448,6800015360,12884901888
12701353,5332008960,12884901888
12707203,6469713920,12884901888
12713146,5987368960,12884901888
12719038,5933891584,12884901888
12724898,6410993664,12884901888
12730813,5083496448,12884901888
12736709,6085935104,12884901888
12742639,5358223360,12884901888
12748597,6244270080,12884901888
12754437,6386876416,12884901888
12760357,5213519872,12884901888
12766224,6902775808,12884901888
12772102,6366953472,12884901888
12777967,4974444544,12884901888
12783853,6410993664,12884901888
12789770,5119148032,12884901888
12795652,6999244800,12884901888
12801568,5789188096,12884901888
12807470,4793040896,12884901888
12813345,3843031040,12884901888
12819270,4377804800,12884901888
12825190,3801088000,12884901888
12831123,3823108096,12884901888
12837092,3805282304,12884901888
12843034,3819962368,12884901888
12848967,3731881984,12884901888
12854900,3910139904,12884901888
12860825,4157603840,12884901888
12866791,3801088000,12884901888
12872713,3824156672,12884901888
12878618,3872391168,12884901888
12884589,3881828352,12884901888
12890462,3862953984,12884901888
12896409,5067767808,12884901888
12902355,4192206848,12884901888
12908284,4004511744,12884901888
12914239,6014631936,12884901888
12920165,4153409536,12884901888
12926133,4790943744,12884901888
12932002,4061134848,12884901888
12937992,4359979008,12884901888
12943931,4361027584,12884901888
12949816,3937402880,12884901888
12955835,5387583488,12884901888
12961783,4282384384,12884901888
12967760,4558159872,12884901888
12973733,4543479808,12884901888
12979681,5705302016,12884901888
12985614,4860149760,12884901888
12991556,4843372544,12884901888
12997506,4743757824,12884901888
13003564,4606394368,12884901888
13009579,4508876800,12884901888
13015519,4486856704,12884901888
13021481,4589617152,12884901888
13027409,4500488192,12884901888
13033372,4379901952,12884901888
13039322,4264558592,12884901888
13045243,4349493248,12884901888
13051180,4339007488,12884901888
13057130,4342153216,12884901888
13063077,4153409536,12884901888
13069021,4284481536,12884901888
13075035,4309647360,12884901888
13080946,4344250368,12884901888
13086877,5054136320,12884901888
13092836,4277141504,12884901888
13098763,4292870144,12884901888
13104781,5755633664,12884901888
13110761,4189061120,12884901888
13116668,4121952256,12884901888
13122666,5884608512,12884901888
13128592,4129292288,12884901888
13134664,4180672512,12884901888
13140565,4062183424,12884901888
13146525,4369416192,12884901888
13152423,4008706048,12884901888
13158419,2589982720,12884901888
13164432,2637168640,12884901888
13170330,2672820224,12884901888
13176231,2669674496,12884901888
13182240,2619342848,12884901888
13188188,2586836992,12884901888
13194127,2673868800,12884901888
13200056,2609905664,12884901888
13205991,2609905664,12884901888
13211918,2576351232,12884901888
13217824,2612002816,12884901888
13223818,2656043008,12884901888
13229767,2615148544,12884901888
13235706,2587885568,12884901888
13241611,2714763264,12884901888
13247541,2682257408,12884901888
13253469,2609905664,12884901888
13259364,2636120064,12884901888
13265352,2721054720,12884901888
13271283,2723151872,12884901888
13277196,2607808512,12884901888
13283094,2712666112,12884901888
13289042,2724200448,12884901888
13294962,2696937472,12884901888
13300902,2599419904,12884901888
13306830,2727346176,12884901888
13312779,2694840320,12884901888
13318732,2682257408,12884901888
13324672,2623537152,12884901888
13330628,2733637632,12884901888
13336572,2717908992,12884901888
13342508,2723151872,12884901888
13348463,2718957568,12884901888
13354458,2721054720,12884901888
13360416,2687500288,12884901888
13366345,2687500288,12884901888
13372281,2737831936,12884901888
13378270,2724200448,12884901888
13384229,2700083200,12884901888
13390191,2662334464,12884901888
13396130,2795503616,12884901888
13402061,2731540480,12884901888
13408089,2783969280,12884901888
13414053,2617245696,12884901888
13419988,2638217216,12884901888
13425922,2650800128,12884901888
13431859,2643460096,12884901888
13437836,2670723072,12884901888
13443838,2675965952,12884901888
13449799,2681208832,12884901888
13455754,2684354560,12884901888
13461727,2658140160,12884901888
13467707,2584739840,12884901888
13473623,2585788416,12884901888
13479599,2612002816,12884901888
13485596,2610954240,12884901888
13491560,2610954240,12884901888
13497528,2616197120,12884901888
13503485,2616197120,12884901888
13509477,2616197120,12884901888
13515450,2617245696,12884901888
13521398,2545942528,12884901888
13527331,2554331136,12884901888
13533265,2574254080,12884901888
13539176,2618294272,12884901888
13545093,2607808512,12884901888
13551066,2551185408,12884901888
13557026,2591031296,12884901888
13562916,2613051392,12884901888
13568817,2623537152,12884901888
13574766,2650800128,12884901888
13580702,2577399808,12884901888
13586640,2571108352,12884901888
13592524,2668625920,12884901888
13598484,2651848704,12884901888
13604367,2661285888,12884901888
13610306,2616197120,12884901888
13616189,2664431616,12884901888
13622105,2564816896,12884901888
13628022,2616197120,12884901888
13633955,2656043008,12884901888
13639900,2569011200,12884901888
13645825,2616197120,12884901888
13651750,2594177024,12884901888
13657705,2575302656,12884901888
13663650,2591031296,12884901888
13669569,2570059776,12884901888
13675457,2617245696,12884901888
13681416,2595225600,12884901888
13687342,2575302656,12884901888
13693271,2592079872,12884901888
13699233,2656043008,12884901888
13705165,2666528768,12884901888
13711120,2593128448,12884901888
13717047,2673868800,12884901888
13722988,2593128448,12884901888
13728905,2643460096,12884901888
13734837,2593128448,12884901888
13740773,2595225600,12884901888
13746719,2632974336,12884901888
13752654,2571108352,12884901888
13758595,2621440000,12884901888
13764533,2621440000,12884901888
13770446,2597322752,12884901888
13776388,2596274176,12884901888
13782316,2679111680,12884901888
13788238,2644508672,12884901888
13794154,2681208832,12884901888
13800108,2603614208,12884901888
13806058,2697986048,12884901888
13812017,2638217216,12884901888
13817986,2603614208,12884901888
13823967,2572156928,12884901888
13829883,2572156928,12884901888
13835790,2551185408,12884901888
13841715,2552233984,12884901888
13847615,2552233984,12884901888
13853465,2553282560,12884901888
13859428,2553282560,12884901888
13865346,2553282560,12884901888
13871256,2554331136,12884901888
13877150,2866806784,12884901888
13883061,3016753152,12884901888
13889038,3057647616,12884901888
13895035,2971664384,12884901888
13901003,3013607424,12884901888
13906979,3152019456,12884901888
13912932,3129999360,12884901888
13918902,3263168512,12884901888
13924951,3484418048,12884901888
13930966,3268411392,12884901888
13937009,3546284032,12884901888
13943083,3660578816,12884901888
13949182,3551526912,12884901888
13955244,3457155072,12884901888
13961349,3363831808,12884901888
13967379,3380609024,12884901888
13973429,3505389568,12884901888
13979515,3492806656,12884901888
13985583,3589275648,12884901888
13991657,3433037824,12884901888
13997707,4239392768,12884901888
14003818,3602907136,12884901888
14009915,3469737984,12884901888
14016006,3845128192,12884901888
14022118,3649044480,12884901888
14028220,3892314112,12884901888
14034286,3573547008,12884901888
14040377,3900702720,12884901888
14046463,3576692736,12884901888
14052549,3860856832,12884901888
14058583,3503292416,12884901888
14064654,3844079616,12884901888
14070722,4605345792,12884901888
14076823,3991928832,12884901888
14082923,4311744512,12884901888
14089048,3486515200,12884901888
14095148,3884974080,12884901888
14101278,4290772992,12884901888
14107350,3467640832,12884901888
14113456,3903848448,12884901888
14119556,4279238656,12884901888
14125674,3109027840,12884901888
14131830,3806330880,12884901888
14137974,4165992448,12884901888
14144072,4834983936,12884901888
14150208,3725590528,12884901888
14156312,4492099584,12884901888
14162443,4523556864,12884901888
14168577,3327131648,12884901888
14174728,3844079616,12884901888
14180845,4632608768,12884901888
14186993,4607442944,12884901888
14193109,3501195264,12884901888
14199203,3935305728,12884901888
14205315,4540334080,12884901888
14211434,4602200064,12884901888
14217542,3658481664,12884901888
14223668,4109369344,12884901888
14229828,4409262080,12884901888
14235959,5125439488,12884901888
14242107,3534749696,12884901888
14248219,4093640704,12884901888
14254381,4402970624,12884901888
14260521,5546967040,12884901888
14266700,5496635392,12884901888
14272876,3559915520,12884901888
14279021,4063232000,12884901888
14285170,4479516672,12884901888
14291301,5407506432,12884901888
14297443,5430575104,12884901888
14303562,4039114752,12884901888
14310118,4070572032,12884901888
14316260,4365221888,12884901888
14322384,5918162944,12884901888
14328519,5466226688,12884901888
14334642,6871318528,12884901888
14340808,3478126592,12884901888
14346929,4135583744,12884901888
14353089,4467982336,12884901888
14359229,5379194880,12884901888
14365432,5459935232,12884901888
14371664,6597640192,12884901888
14377827,3722444800,12884901888
14383984,4415553536,12884901888
14390172,5295308800,12884901888
14396350,5491392512,12884901888
14402527,6688866304,12884901888
14408682,3035627520,12884901888
14414839,4023386112,12884901888
14420959,5055184896,12884901888
14427099,4914675712,12884901888
14433249,5493489664,12884901888
14439404,6536822784,12884901888
14445602,8213495808,12884901888
14451737,3368026112,12884901888
14457954,4129292288,12884901888
14464087,4954521600,12884901888
14470249,6049234944,12884901888
14476422,5638193152,12884901888
14482616,6831472640,12884901888
14488890,6446645248,12884901888
14495091,3977248768,12884901888
14501254,3851419648,12884901888
14507411,4588568576,12884901888
14513546,4789895168,12884901888
14519750,4997513216,12884901888
14525929,3843031040,12884901888
14532137,4074766336,12884901888
14538331,4546625536,12884901888
14544517,5081399296,12884901888
14550672,6013583360,12884901888
14556837,3512729600,12884901888
14563018,4398776320,12884901888
14569191,4870635520,12884901888
14575376,5083496448,12884901888
14581570,5564792832,12884901888
14587733,3822059520,12884901888
14593961,4443865088,12884901888
14600153,4773117952,12884901888
14606307,5028970496,12884901888
14612486,7035944960,12884901888
14618709,3619684352,12884901888
14624904,4119855104,12884901888
14631065,4570742784,12884901888
14637289,6004146176,12884901888
14643461,5455740928,12884901888
14649654,3321888768,12884901888
14655837,4060086272,12884901888
14662051,4563402752,12884901888
14668262,4790943744,12884901888
14674485,5802819584,12884901888
14680722,6537871360,12884901888
14686909,3826253824,12884901888
14693096,4639948800,12884901888
14699278,4716494848,12884901888
14705485,5536481280,12884901888
14711700,5615124480,12884901888
14717928,7208960000,12884901888
14724168,3651141632,12884901888
14730369,4214226944,12884901888
14736588,4622123008,12884901888
14742783,5734662144,12884901888
14748971,5517606912,12884901888
14755208,6208618496,12884901888
14761386,3689938944,12884901888
14767607,4260364288,12884901888
14773804,4649385984,12884901888
14779979,5289017344,12884901888
14786198,5530189824,12884901888
14792399,4999610368,12884901888
14798598,3658481664,12884901888
14804797,4371513344,12884901888
14811002,4696571904,12884901888
14817190,5605687296,12884901888
14823398,5808062464,12884901888
14829628,3135242240,12884901888
14835876,3791650816,12884901888
14842058,4590665728,12884901888
14848252,4708106240,12884901888
14854472,5419040768,12884901888
14860649,5684330496,12884901888
14866827,3207593984,12884901888
14873081,3938451456,12884901888
14879307,4390387712,12884901888
14885483,4795138048,12884901888
14891662,5460983808,12884901888
14897851,5549064192,12884901888
14904111,6673137664,12884901888
14910355,3602907136,12884901888
14916521,4148166656,12884901888
14922708,4544528384,12884901888
14928925,5339348992,12884901888
14935175,5473566720,12884901888
14941418,5523898368,12884901888
14947602,5320474624,12884901888
14953862,4130340864,12884901888
14960081,4365221888,12884901888
14966302,5178916864,12884901888
14972503,5392826368,12884901888
14978736,5470420992,12884901888
14984991,6747586560,12884901888
14991201,3260022784,12884901888
14997523,3979345920,12884901888
15003761,4639948800,12884901888
15009985,5552209920,12884901888
15016201,5447352320,12884901888
15022416,5492441088,12884901888
15028649,5975834624,12884901888
15034891,3101687808,12884901888
15041149,3915382784,12884901888
15047362,4545576960,12884901888
15053604,4780457984,12884901888
15059839,5509218304,12884901888
15066074,5529141248,12884901888
15072286,5916065792,12884901888
15078534,7521435648,12884901888
15084741,3229614080,12884901888
15091051,3112173568,12884901888
15097241,3112173568,12884901888
15103399,3978297344,12884901888
15109592,4905238528,12884901888
15115824,5004853248,12884901888
15122042,5555355648,12884901888
15128272,6222249984,12884901888
15134507,6431965184,12884901888
15140731,7342129152,12884901888
15146928,3477078016,12884901888
15153238,3732930560,12884901888
15159493,4290772992,12884901888
15165740,4927258624,12884901888
15171974,5299503104,12884901888
15178215,5639241728,12884901888
15184409,6227492864,12884901888
15190651,6878658560,12884901888
15196870,3752853504,12884901888
15203112,3757047808,12884901888
15209340,4481613824,12884901888
15215548,4911529984,12884901888
15221784,5630853120,12884901888
15228003,5777653760,12884901888
15234232,6200229888,12884901888
15240521,3149922304,12884901888
15246688,3922722816,12884901888
15252882,4512022528,12884901888
15259089,4712300544,12884901888
15265341,5533335552,12884901888
15271592,5922357248,12884901888
15277822,6286213120,12884901888
15284047,3263168512,12884901888
15290297,3908042752,12884901888
15296528,4464836608,12884901888
15302769,4906287104,12884901888
15309016,5349834752,12884901888
15315274,5704253440,12884901888
15321528,5898240000,12884901888
15327796,3207593984,12884901888
15334077,3835691008,12884901888
15340335,4279238656,12884901888
15346522,4776263680,12884901888
15352767,5237637120,12884901888
15359017,5697961984,12884901888
15365260,5894045696,12884901888
15371514,7020216320,12884901888
15377722,3256877056,12884901888
15383980,4199546880,12884901888
15390249,4572839936,12884901888
15396493,4927258624,12884901888
15402669,5714739200,12884901888
15408915,5885657088,12884901888
15415163,5249171456,12884901888
15421449,4631560192,12884901888
15427746,3822059520,12884901888
15433965,4185915392,12884901888
15440213,4858052608,12884901888
15446463,4851761152,12884901888
15452749,5490343936,12884901888
15459023,5900337152,12884901888
15465340,7192182784,12884901888
15471641,4846518272,12884901888
15477893,4116709376,12884901888
15484164,4466933760,12884901888
15490497,4895801344,12884901888
15496751,5234491392,12884901888
15503029,5778702336,12884901888
15509314,6140461056,12884901888
15515584,3162505216,12884901888
15521867,3994025984,12884901888
15528169,4691329024,12884901888
15534405,4957667328,12884901888
15540618,5549064192,12884901888
15546858,5737807872,12884901888
15553108,6680477696,12884901888
15559382,3339714560,12884901888
15565667,3576692736,12884901888
15571941,4196401152,12884901888
15578208,4630511616,12884901888
15584441,5214568448,12884901888
15590736,5452595200,12884901888
15597035,5556404224,12884901888
15603278,6037700608,12884901888
15609599,3264217088,12884901888
15615869,4068474880,12884901888
15622149,4617928704,12884901888
15628435,5080350720,12884901888
15634715,5384437760,12884901888
15640991,5773459456,12884901888
15647296,5848956928,12884901888
15653592,3230662656,12884901888
15659909,3178233856,12884901888
15666107,3178233856,12884901888
15672314,3544186880,12884901888
15678585,4219469824,12884901888
15684859,4541382656,12884901888
15691185,4934598656,12884901888
15697465,5752487936,12884901888
15703731,5868879872,12884901888
15710002,6294601728,12884901888
15716264,3210739712,12884901888
15722507,3185573888,12884901888
15728699,3185573888,12884901888
15734882,4296015872,12884901888
15741158,4531945472,12884901888
15747423,5074059264,12884901888
15753709,5523898368,12884901888
15759981,6110052352,12884901888
15766290,6159335424,12884901888
15772572,3209691136,12884901888
15778830,3165650944,12884901888
15785100,3728736256,12884901888
15791375,4256169984,12884901888
15797631,4823449600,12884901888
15803932,5141168128,12884901888
15810208,5434769408,12884901888
15816479,5986320384,12884901888
15822744,6473908224,12884901888
15829019,3217031168,12884901888
15835415,3819962368,12884901888
15841703,4218421248,12884901888
15848023,4861198336,12884901888
15854264,4996464640,12884901888
15860599,5660213248,12884901888
15866878,5845811200,12884901888
15873196,6312427520,12884901888
15879517,5009047552,12884901888
15885824,3392143360,12884901888
15892142,3182428160,12884901888
15898392,4148166656,12884901888
15904644,4660920320,12884901888
15910979,4814012416,12884901888
15917288,5161091072,12884901888
15923599,5567938560,12884901888
15929902,6007291904,12884901888
15936228,6119489536,12884901888
15942546,3394240512,12884901888
15948878,3568304128,12884901888
15955158,4047503360,12884901888
15961504,4612685824,12884901888
15967828,4780457984,12884901888
15974142,5091885056,12884901888
15980482,5326766080,12884901888
15986846,4831838208,12884901888
15993154,3985637376,12884901888
15999473,4142923776,12884901888
16005765,4524605440,12884901888
16012072,4695523328,12884901888
16018336,5034213376,12884901888
16024658,5024776192,12884901888
16031012,5351931904,12884901888
16037320,5550112768,12884901888
16043698,3363831808,12884901888
16049978,3836739584,12884901888
16056286,4224712704,12884901888
16062585,4686086144,12884901888
16068867,4973395968,12884901888
16075184,5168431104,12884901888
16081527,5181014016,12884901888
16087866,4406116352,12884901888
16094264,3710910464,12884901888
16100611,4047503360,12884901888
16106898,4541382656,12884901888
16113214,4935647232,12884901888
16119535,5040504832,12884901888
16125841,5465178112,12884901888
16132148,5833228288,12884901888
16138491,5758779392,12884901888
16144839,3219128320,12884901888
16151140,4023386112,12884901888
16157435,4452253696,12884901888
16163761,4592762880,12884901888
16170094,4941938688,12884901888
16176430,5116002304,12884901888
16182749,5520752640,12884901888
16189083,5268045824,12884901888
16195401,3152019456,12884901888
16201649,3152019456,12884901888
16207898,3152019456,12884901888
16214167,3840933888,12884901888
16220484,4125097984,12884901888
16226822,4624220160,12884901888
16233133,5030019072,12884901888
16239479,4960813056,12884901888
16245834,5326766080,12884901888
16252160,6438256640,12884901888
16258432,3188719616,12884901888
16264674,3188719616,12884901888
16270905,3620732928,12884901888
16277232,4055891968,12884901888
16283508,4690280448,12884901888
16289811,5244977152,12884901888
16296166,5140119552,12884901888
16302528,5269094400,12884901888
16308844,6316621824,12884901888
16315172,3165650944,12884901888
16321474,3162505216,12884901888
16327779,3787456512,12884901888
16334139,4253024256,12884901888
16340447,4742709248,12884901888
16346779,4919918592,12884901888
16353086,5085593600,12884901888
16359438,5742002176,12884901888
16365726,3188719616,12884901888
16372116,3686793216,12884901888
16378458,4037017600,12884901888
16384779,4440719360,12884901888
16391133,4882169856,12884901888
16397492,5004853248,12884901888
16403858,5476712448,12884901888
16410218,4196401152,12884901888
16416604,3677356032,12884901888
16422966,4062183424,12884901888
16429335,4412407808,12884901888
16435688,4907335680,12884901888
16441993,4944035840,12884901888
16448338,5402263552,12884901888
16454690,4090494976,12884901888
16461063,3785359360,12884901888
16467413,4212129792,12884901888
16473729,4523556864,12884901888
16480082,4887412736,12884901888
16486416,5007998976,12884901888
16492760,5700059136,12884901888
16499125,3385851904,12884901888
16505435,4044357632,12884901888
16511800,4215275520,12884901888
16518144,4552916992,12884901888
16524489,4830789632,12884901888
16530848,4979687424,12884901888
16537218,6033506304,12884901888
16543545,3406823424,12884901888
16549947,3641704448,12884901888
16556267,4376756224,12884901888
16562753,4358930432,12884901888
16569241,3337617408,12884901888
16575701,3030384640,12884901888
16581981,3109027840,12884901888
16588296,3007315968,12884901888
16594582,3025141760,12884901888
16600905,3010461696,12884901888
16607259,3028287488,12884901888
16613585,3050307584,12884901888
16619917,3797942272,12884901888
16626242,3806330880,12884901888
16632575,3810525184,12884901888
16638900,3816816640,12884901888
16645255,3813670912,12884901888
16651620,3797942272,12884901888
16657899,3797942272,12884901888
16664208,3877634048,12884901888
16670472,3925868544,12884901888
16676785,4322230272,12884901888
16683056,3840933888,12884901888
16689298,3840933888,12884901888
16695571,3840933888,12884901888
16701836,3840933888,12884901888
16708105,3840933888,12884901888
16714337,3840933888,12884901888
16720565,3840933888,12884901888
16726804,3840933888,12884901888
16733082,3840933888,12884901888
16739337,4441767936,12884901888
16745682,3882876928,12884901888
16752032,3884974080,12884901888
16758274,3872391168,12884901888
16764530,3872391168,12884901888
16770832,3872391168,12884901888
16777107,3872391168,12884901888
16783385,3872391168,12884901888
16789645,3872391168,12884901888
16795888,3872391168,12884901888
16802107,3872391168,12884901888
16808360,3854565376,12884901888
16814607,3851419648,12884901888
16820901,3851419648,12884901888
16827174,3851419648,12884901888
16833418,3851419648,12884901888
16839685,3851419648,12884901888
16845900,3851419648,12884901888
16852136,3851419648,12884901888
16858332,3851419648,12884901888
16864587,3780116480,12884901888
16870852,3782213632,12884901888
16877110,3782213632,12884901888
16883332,3781165056,12884901888
16889579,3781165056,12884901888
16895819,3781165056,12884901888
16902062,3780116480,12884901888
16908309,3780116480,12884901888
16914571,3780116480,12884901888
16920818,3780116480,12884901888
16927047,4003463168,12884901888
16933300,3778019328,12884901888
16939540,3778019328,12884901888
16945793,3778019328,12884901888
16952023,3778019328,12884901888
16958235,3778019328,12884901888
16964470,3778019328,12884901888
16970698,3778019328,12884901888
16976975,3778019328,12884901888
16983199,3778019328,12884901888
16989472,3763339264,12884901888
16995706,3764387840,12884901888
17001951,3762290688,12884901888
17008236,3762290688,12884901888
17014490,3762290688,12884901888
17020723,3762290688,12884901888
17026956,3762290688,12884901888
17033200,3762290688,12884901888
17039423,3762290688,12884901888
17045666,3977248768,12884901888
17051866,3759144960,12884901888
17058097,3755999232,12884901888
17064381,3755999232,12884901888
17070614,3754950656,12884901888
17076845,3754950656,12884901888
17083080,3754950656,12884901888
17089347,3754950656,12884901888
17095590,3754950656,12884901888
17101859,3754950656,12884901888
17108117,3785359360,12884901888
17114354,3735027712,12884901888
17120617,3735027712,12884901888
17126857,3733979136,12884901888
17133088,3733979136,12884901888
17139316,3731881984,12884901888
17145543,3731881984,12884901888
17151813,3731881984,12884901888
17158040,3731881984,12884901888
17164271,3731881984,12884901888
17170515,3858759680,12884901888
17176750,3746562048,12884901888
17183050,3746562048,12884901888
17189296,3746562048,12884901888
17195533,3746562048,12884901888
17201788,3746562048,12884901888
17208009,3746562048,12884901888
17214289,3746562048,12884901888
17220524,3746562048,12884901888
17226763,3845128192,12884901888
17233113,3900702720,12884901888
17239489,3915382784,12884901888
17245708,3904897024,12884901888
17251967,3904897024,12884901888
17258237,3904897024,12884901888
17264494,3904897024,12884901888
17270762,3904897024,12884901888
17277029,3904897024,12884901888
17283299,3904897024,12884901888
17289557,4132438016,12884901888
17295783,3881828352,12884901888
17302030,3881828352,12884901888
17308275,3881828352,12884901888
17314539,3881828352,12884901888
17320829,3881828352,12884901888
17327097,3881828352,12884901888
17333322,3881828352,12884901888
17339585,3881828352,12884901888
17345864,3881828352,12884901888
17352120,3867148288,12884901888
17358365,3867148288,12884901888
17364597,3867148288,12884901888
17370828,3867148288,12884901888
17377053,3867148288,12884901888
17383287,3867148288,12884901888
17389555,3867148288,12884901888
17395799,3867148288,12884901888
17402045,3867148288,12884901888
17408289,3867148288,12884901888
17414495,3875536896,12884901888
17420740,3875536896,12884901888
17426999,3875536896,12884901888
17433215,3875536896,12884901888
17439469,3875536896,12884901888
17445649,3875536896,12884901888
17451890,3875536896,12884901888
17458107,3875536896,12884901888
17464382,3875536896,12884901888
17470623,4074766336,12884901888
17476882,3860856832,12884901888
17483123,3860856832,12884901888
17489361,3860856832,12884901888
17495587,3860856832,12884901888
17501858,3860856832,12884901888
17508090,3860856832,12884901888
17514307,3860856832,12884901888
17520552,3860856832,12884901888
17526798,3860856832,12884901888
17533048,4005560320,12884901888
17539422,3936354304,12884901888
17545670,3939500032,12884901888
17551898,3939500032,12884901888
17558139,3939500032,12884901888
17564387,3939500032,12884901888
17570619,3939500032,12884901888
17576858,3939500032,12884901888
17583108,3939500032,12884901888
17589349,3939500032,12884901888
17595599,3883925504,12884901888
17601842,3883925504,12884901888
17608089,3883925504,12884901888
17614334,3883925504,12884901888
17620606,3883925504,12884901888
17626835,3883925504,12884901888
17633081,3883925504,12884901888
17639331,3883925504,12884901888
17645566,3883925504,12884901888
17651814,3883925504,12884901888
17658082,4003463168,12884901888
17664423,4002414592,12884901888
17670672,3981443072,12884901888
17676930,3981443072,12884901888
17683195,3981443072,12884901888
17689399,3981443072,12884901888
17695680,3981443072,12884901888
17701938,3981443072,12884901888
17708176,3981443072,12884901888
17714422,3981443072,12884901888
17720693,4218421248,12884901888
17726934,3944742912,12884901888
17733159,3944742912,12884901888
17739397,3944742912,12884901888
17745653,3944742912,12884901888
17751880,3944742912,12884901888
17758117,3944742912,12884901888
17764388,3944742912,12884901888
17770638,3944742912,12884901888
17776915,3944742912,12884901888
17783161,3944742912,12884901888
17789390,3944742912,12884901888
17795606,3941597184,12884901888
17801809,3941597184,12884901888
17808037,3939500032,12884901888
17814248,3939500032,12884901888
17820456,3939500032,12884901888
17826672,3939500032,12884901888
17832879,3939500032,12884901888
17839118,3995074560,12884901888
17845355,3948937216,12884901888
17851563,3948937216,12884901888
17857813,3948937216,12884901888
17864071,3944742912,12884901888
17870309,3944742912,12884901888
17876465,3944742912,12884901888
17882713,3944742912,12884901888
17888907,3944742912,12884901888
17895096,3944742912,12884901888
17901339,4194304000,12884901888
17907583,3935305728,12884901888
17913808,3935305728,12884901888
17920054,3935305728,12884901888
17926300,3935305728,12884901888
17932547,3935305728,12884901888
17938795,3935305728,12884901888
17945052,3935305728,12884901888
17951278,3935305728,12884901888
17957520,3935305728,12884901888
17963790,4035969024,12884901888
17970137,4054843392,12884901888
17976414,4044357632,12884901888
17982637,4044357632,12884901888
17988862,4044357632,12884901888
17995096,4044357632,12884901888
18001336,4044357632,12884901888
18007595,4044357632,12884901888
18013839,4044357632,12884901888
18020095,4044357632,12884901888
18026346,4023386112,12884901888
18032565,4024434688,12884901888
18038812,4023386112,12884901888
18045032,4023386112,12884901888
18051249,4023386112,12884901888
18057515,4023386112,12884901888
18063803,4023386112,12884901888
18070039,4023386112,12884901888
18076304,4023386112,12884901888
18082552,4282384384,12884901888
18088793,4014997504,12884901888
18095043,4014997504,12884901888
18101286,4013948928,12884901888
18107521,4013948928,12884901888
18113778,4013948928,12884901888
18120046,4013948928,12884901888
18126306,4013948928,12884901888
18132554,4013948928,12884901888
18138809,4013948928,12884901888
18145054,4057989120,12884901888
18151322,4016046080,12884901888
18157544,4016046080,12884901888
18163769,4011851776,12884901888
18170035,4011851776,12884901888
18176247,4011851776,12884901888
18182464,4011851776,12884901888
18188707,4011851776,12884901888
18194942,4011851776,12884901888
18201177,4011851776,12884901888
18207410,4065329152,12884901888
18213635,3999268864,12884901888
18219923,3999268864,12884901888
18226161,3995074560,12884901888
18232426,3995074560,12884901888
18238643,3995074560,12884901888
18244893,3995074560,12884901888
18251168,3995074560,12884901888
18257393,3995074560,12884901888
18263663,4251975680,12884901888
18269913,4018143232,12884901888
18276153,4018143232,12884901888
18282409,4018143232,12884901888
18288656,4018143232,12884901888
18294932,4018143232,12884901888
18301201,4018143232,12884901888
18307442,4018143232,12884901888
18313692,4018143232,12884901888
18319966,4018143232,12884901888
18326206,4150263808,12884901888
18332455,4024434688,12884901888
18338741,4024434688,12884901888
18344991,4024434688,12884901888
18351209,4024434688,12884901888
18357454,4024434688,12884901888
18363679,4024434688,12884901888
18369868,4024434688,12884901888
18376134,4024434688,12884901888
18382367,4024434688,12884901888
18388601,4239392768,12884901888
18394909,4143972352,12884901888
18401150,4129292288,12884901888
18407377,4129292288,12884901888
18413644,4129292288,12884901888
18419874,4129292288,12884901888
18426118,4129292288,12884901888
18432364,4129292288,12884901888
18438608,4129292288,12884901888
18444882,4129292288,12884901888
18451145,4105175040,12884901888
18457420,4108320768,12884901888
18463617,4105175040,12884901888
18469883,4105175040,12884901888
18476143,4105175040,12884901888
18482396,4105175040,12884901888
18488641,4105175040,12884901888
18494885,4105175040,12884901888
18501150,4105175040,12884901888
18507416,4359979008,12884901888
18513697,4090494976,12884901888
18519919,4090494976,12884901888
18526125,4090494976,12884901888
18532360,4090494976,12884901888
18538510,4090494976,12884901888
18544744,4090494976,12884901888
18550985,4090494976,12884901888
18557204,4090494976,12884901888
18563428,4090494976,12884901888
18569686,4123000832,12884901888
18575909,4082106368,12884901888
18582119,4082106368,12884901888
18588378,4082106368,12884901888
18594624,4082106368,12884901888
18600841,4082106368,12884901888
18607074,4082106368,12884901888
18613316,4082106368,12884901888
18619532,4082106368,12884901888
18625760,4082106368,12884901888
18631993,4139778048,12884901888
18638236,4095737856,12884901888
18644457,4094689280,12884901888
18650719,4094689280,12884901888
18656981,4094689280,12884901888
18663246,4094689280,12884901888
18669486,4094689280,12884901888
18675701,4094689280,12884901888
18681954,4094689280,12884901888
18688213,4094689280,12884901888
18694469,4089446400,12884901888
18700704,4089446400,12884901888
18706935,4087349248,12884901888
18713187,4087349248,12884901888
18719427,4087349248,12884901888
18725685,4087349248,12884901888
18731935,4087349248,12884901888
18738202,4087349248,12884901888
18744427,4087349248,12884901888
18750689,4267704320,12884901888
18756928,4102029312,12884901888
18763260,4098883584,12884901888
18769518,4098883584,12884901888
18775770,4098883584,12884901888
18782005,4098883584,12884901888
18788238,4098883584,12884901888
18794487,4098883584,12884901888
18800745,4098883584,12884901888
18806996,4098883584,12884901888
18813201,4083154944,12884901888
18819414,4084203520,12884901888
18825664,4083154944,12884901888
18831920,4083154944,12884901888
18838179,4083154944,12884901888
18844480,4083154944,12884901888
18850735,4083154944,12884901888
18856958,4083154944,12884901888
18863226,4083154944,12884901888
18869468,4083154944,12884901888
18875718,4086300672,12884901888
18881943,4088397824,12884901888
18888162,4086300672,12884901888
18894459,4086300672,12884901888
18900704,4086300672,12884901888
18906953,4086300672,12884901888
18913184,4086300672,12884901888
18919434,4086300672,12884901888
18925653,4086300672,12884901888
18931878,4314890240,12884901888
18938091,4073717760,12884901888
18944351,4073717760,12884901888
18950586,4073717760,12884901888
18956842,4073717760,12884901888
18963104,4073717760,12884901888
18969325,4073717760,12884901888
18975571,4073717760,12884901888
18981775,4073717760,12884901888
18988034,4073717760,12884901888
18994323,4130340864,12884901888
19000600,4084203520,12884901888
19006800,4084203520,12884901888
19013033,4084203520,12884901888
19019324,4084203520,12884901888
19025588,4084203520,12884901888
19031820,4084203520,12884901888
19038100,4084203520,12884901888
19044365,4084203520,12884901888
19050600,4084203520,12884901888
19056850,4147118080,12884901888
19063091,4096786432,12884901888
19069336,4096786432,12884901888
19075595,4096786432,12884901888
19081841,4096786432,12884901888
19088099,4096786432,12884901888
19094363,4096786432,12884901888
19100637,4096786432,12884901888
19106881,4096786432,12884901888
19113138,4096786432,12884901888
19119425,4089446400,12884901888
19125695,4087349248,12884901888
19131987,4087349248,12884901888
19138250,4087349248,12884901888
19144461,4087349248,12884901888
19150682,4087349248,12884901888
19156911,4087349248,12884901888
19163139,4087349248,12884901888
19169385,4087349248,12884901888
19175624,4090494976,12884901888
19181856,4093640704,12884901888
19188074,4089446400,12884901888
19194326,4089446400,12884901888
19200594,4089446400,12884901888
19206832,4089446400,12884901888
19213046,4089446400,12884901888
19219309,4089446400,12884901888
19225524,4089446400,12884901888
19231784,4089446400,12884901888
19238070,4084203520,12884901888
19244323,4087349248,12884901888
19250556,4084203520,12884901888
19256797,4084203520,12884901888
19263057,4084203520,12884901888
19269302,4084203520,12884901888
19275531,4084203520,12884901888
19281751,4084203520,12884901888
19287989,4084203520,12884901888
19294248,4084203520,12884901888
19300481,4074766336,12884901888
19306699,4073717760,12884901888
19312964,4073717760,12884901888
19319179,4073717760,12884901888
19325431,4073717760,12884901888
19331696,4073717760,12884901888
19337947,4073717760,12884901888
19344197,4073717760,12884901888
19350423,4073717760,12884901888
19356695,4328521728,12884901888
19362907,4083154944,12884901888
19369115,4083154944,12884901888
19375331,4083154944,12884901888
19381573,4083154944,12884901888
19387760,4083154944,12884901888
19393998,4083154944,12884901888
19400239,4083154944,12884901888
19406489,4083154944,12884901888
19412701,4083154944,12884901888
19418987,4089446400,12884901888
19425256,4089446400,12884901888
19431456,4089446400,12884901888
19437697,4089446400,12884901888
19443957,4089446400,12884901888
19450194,4089446400,12884901888
19456466,4089446400,12884901888
19462715,4089446400,12884901888
19468973,4089446400,12884901888
19475185,4089446400,12884901888
19481430,4075814912,12884901888
19487672,4075814912,12884901888
19493905,4075814912,12884901888
19500157,4075814912,12884901888
19506400,4075814912,12884901888
19512675,4075814912,12884901888
19518955,4075814912,12884901888
19525168,4075814912,12884901888
19531388,4075814912,12884901888
19537640,4326424576,12884901888
19543930,4081057792,12884901888
19550180,4081057792,12884901888
19556431,4081057792,12884901888
19562696,4081057792,12884901888
19568939,4081057792,12884901888
19575206,4081057792,12884901888
19581467,4081057792,12884901888
19587729,4081057792,12884901888
19593949,4081057792,12884901888
19600154,4091543552,12884901888
19606446,4093640704,12884901888
19612654,4091543552,12884901888
19618892,4091543552,12884901888
19625164,4091543552,12884901888
19631433,4091543552,12884901888
19637683,4091543552,12884901888
19643886,4091543552,12884901888
19650171,4091543552,12884901888
19656472,4091543552,12884901888
19662754,4088397824,12884901888
19669024,4091543552,12884901888
19675329,4088397824,12884901888
19681570,4088397824,12884901888
19687804,4088397824,12884901888
19694058,4088397824,12884901888
19700340,4088397824,12884901888
19706562,4088397824,12884901888
19712804,4088397824,12884901888
19719072,4088397824,12884901888
19725387,4097835008,12884901888
19731651,4096786432,12884901888
19737920,4096786432,12884901888
19744140,4096786432,12884901888
19750368,4096786432,12884901888
19756593,4096786432,12884901888
19762845,4096786432,12884901888
19769073,4096786432,12884901888
19775337,4096786432,12884901888
19781611,4069523456,12884901888
19787865,4069523456,12884901888
19794136,4069523456,12884901888
19800355,4069523456,12884901888
19806595,4069523456,12884901888
19812838,4069523456,12884901888
19819101,4069523456,12884901888
19825381,4069523456,12884901888
19831611,4069523456,12884901888
19837828,4069523456,12884901888
19844039,4078960640,12884901888
19850275,4078960640,12884901888
19856486,4078960640,12884901888
19862738,4078960640,12884901888
19868969,4078960640,12884901888
19875202,4078960640,12884901888
19881449,4078960640,12884901888
19887712,4078960640,12884901888
19893931,4078960640,12884901888
19900185,4078960640,12884901888
19906412,4083154944,12884901888
19912660,4078960640,12884901888
19918926,4078960640,12884901888
19925145,4078960640,12884901888
19931369,4078960640,12884901888
19937612,4078960640,12884901888
19943869,4078960640,12884901888
19950095,4078960640,12884901888
19956344,4078960640,12884901888
19962576,4321181696,12884901888
19968760,4084203520,12884901888
19974993,4083154944,12884901888
19981231,4083154944,12884901888
19987485,4083154944,12884901888
19993701,4083154944,12884901888
19999941,4083154944,12884901888
20006179,4083154944,12884901888
20012434,4083154944,12884901888
20018720,4083154944,12884901888
20024955,4138729472,12884901888
20031226,4090494976,12884901888
20037489,4089446400,12884901888
20043718,4089446400,12884901888
20049926,4089446400,12884901888
20056209,4089446400,12884901888
20062466,4089446400,12884901888
20068697,4089446400,12884901888
20074951,4089446400,12884901888
20081226,4089446400,12884901888
20087459,4142923776,12884901888
20093718,4088397824,12884901888
20100011,4085252096,12884901888
20106252,4085252096,12884901888
20112506,4085252096,12884901888
20118781,4085252096,12884901888
20125021,4085252096,12884901888
20131259,4085252096,12884901888
20137499,4085252096,12884901888
20143744,4336910336,12884901888
20150023,4086300672,12884901888
20156249,4085252096,12884901888
20162454,4085252096,12884901888
20168714,4085252096,12884901888
20174973,4085252096,12884901888
20181192,4085252096,12884901888
20187397,4085252096,12884901888
20193617,4085252096,12884901888
20199875,4085252096,12884901888
20206125,4083154944,12884901888
20212363,4084203520,12884901888
20218579,4083154944,12884901888
20224817,4083154944,12884901888
20231067,4083154944,12884901888
20237308,4083154944,12884901888
20243577,4083154944,12884901888
20249854,4083154944,12884901888
20256121,4083154944,12884901888
20262376,4083154944,12884901888
20268638,4088397824,12884901888
20274851,4092592128,12884901888
20281075,4088397824,12884901888
20287271,4088397824,12884901888
20293503,4088397824,12884901888
20299761,4088397824,12884901888
20306008,4088397824,12884901888
20312226,4088397824,12884901888
20318494,4088397824,12884901888
20324718,4088397824,12884901888
20330962,4083154944,12884901888
20337190,4080009216,12884901888
20343448,4080009216,12884901888
20349713,4080009216,12884901888
20355922,4080009216,12884901888
20362159,4080009216,12884901888
20368377,4080009216,12884901888
20374642,4080009216,12884901888
20380851,4080009216,12884901888
20387086,4136632320,12884901888
20393300,4092592128,12884901888
20399574,4092592128,12884901888
20405811,4092592128,12884901888
20412043,4092592128,12884901888
20418286,4092592128,12884901888
20424544,4092592128,12884901888
20430810,4092592128,12884901888
20437082,4092592128,12884901888
20443313,4092592128,12884901888
20449573,4150263808,12884901888
20455826,4087349248,12884901888
20462065,4086300672,12884901888
20468298,4086300672,12884901888
20474511,4086300672,12884901888
20480767,4086300672,12884901888
20487028,4086300672,12884901888
20493265,4086300672,12884901888
20499506,4086300672,12884901888
20505747,4086300672,12884901888
20511972,4128243712,12884901888
20518219,4083154944,12884901888
20524472,4082106368,12884901888
20530700,4082106368,12884901888
20536964,4082106368,12884901888
20543209,4082106368,12884901888
20549471,4082106368,12884901888
20555723,4082106368,12884901888
20561994,4082106368,12884901888
20568235,4313841664,12884901888
20574464,4072669184,12884901888
20580693,4072669184,12884901888
20586924,4072669184,12884901888
20593176,4072669184,12884901888
20599403,4072669184,12884901888
20605632,4072669184,12884901888
20611858,4072669184,12884901888
20618123,4072669184,12884901888
20624326,4072669184,12884901888
20630595,4075814912,12884901888
20636848,4077912064,12884901888
20643084,4075814912,12884901888
20649326,4075814912,12884901888
20655560,4075814912,12884901888
20661786,4075814912,12884901888
20668032,4075814912,12884901888
20674267,4075814912,12884901888
20680559,4075814912,12884901888
20686817,4075814912,12884901888
20693076,4078960640,12884901888
20699313,4080009216,12884901888
20705534,4078960640,12884901888
20711783,4078960640,12884901888
20718020,4078960640,12884901888
20724277,4078960640,12884901888
20730546,4078960640,12884901888
20736779,4078960640,12884901888
20743019,4078960640,12884901888
20749259,4078960640,12884901888
20755513,4087349248,12884901888
20761742,4087349248,12884901888
20767944,4087349248,12884901888
20774171,4087349248,12884901888
20780425,4087349248,12884901888
20786654,4087349248,12884901888
20792902,4087349248,12884901888
20799162,4087349248,12884901888
20805435,4087349248,12884901888
20811692,4142923776,12884901888
20817919,4090494976,12884901888
20824168,4090494976,12884901888
20830353,4090494976,12884901888
20836598,4090494976,12884901888
20842825,4090494976,12884901888
20849060,4090494976,12884901888
20855275,4090494976,12884901888
20861499,4090494976,12884901888
20867716,4090494976,12884901888
20873970,4104126464,12884901888
20880191,4103077888,12884901888
20886408,4103077888,12884901888
20892633,4103077888,12884901888
20898875,4103077888,12884901888
20905105,4103077888,12884901888
20911329,4103077888,12884901888
20917555,4103077888,12884901888
20923774,4103077888,12884901888
20930001,4103077888,12884901888
20936252,4086300672,12884901888
20942475,4085252096,12884901888
20948721,4085252096,12884901888
20954965,4085252096,12884901888
20961224,4085252096,12884901888
20967439,4085252096,12884901888
20973687,4085252096,12884901888
20979918,4085252096,12884901888
20986193,4085252096,12884901888
20992446,4337958912,12884901888
20998682,4106223616,12884901888
21004863,4100980736,12884901888
21011083,4100980736,12884901888
21017283,4100980736,12884901888
21023506,4100980736,12884901888
21029699,4100980736,12884901888
21035930,4100980736,12884901888
21042140,4100980736,12884901888
21048357,4100980736,12884901888
21054617,4072669184,12884901888
21060873,4073717760,12884901888
21067070,4072669184,12884901888
21073290,4072669184,12884901888
21079568,4072669184,12884901888
21085782,4072669184,12884901888
21092015,4072669184,12884901888
21098274,4072669184,12884901888
21104531,4072669184,12884901888
21110798,4072669184,12884901888
21117058,4082106368,12884901888
21123325,4083154944,12884901888
21129556,4082106368,12884901888
21135849,4082106368,12884901888
21142064,4082106368,12884901888
21148304,4082106368,12884901888
21154523,4082106368,12884901888
21160764,4082106368,12884901888
21166998,4082106368,12884901888
21173239,4082106368,12884901888
21179549,4076863488,12884901888
21185802,4073717760,12884901888
21192066,4073717760,12884901888
21198306,4073717760,12884901888
21204531,4073717760,12884901888
21210789,4073717760,12884901888
21217031,4073717760,12884901888
21223299,4073717760,12884901888
21229555,4073717760,12884901888
21235822,4090494976,12884901888
21242008,4090494976,12884901888
21248234,4090494976,12884901888
21254476,4090494976,12884901888
21260652,4090494976,12884901888
21266883,4090494976,12884901888
21273073,4090494976,12884901888
21279315,4090494976,12884901888
21285565,4090494976,12884901888
21291807,4090494976,12884901888
21298058,4073717760,12884901888
21304285,4073717760,12884901888
21310503,4073717760,12884901888
21316759,4073717760,12884901888
21322985,4073717760,12884901888
21329232,4073717760,12884901888
21335482,4073717760,12884901888
21341726,4073717760,12884901888
21347949,4073717760,12884901888
21354170,4073717760,12884901888
21360437,4071620608,12884901888
21366663,4070572032,12884901888
21372896,4070572032,12884901888
21379175,4070572032,12884901888
21385408,4070572032,12884901888
21391680,4070572032,12884901888
21397946,4070572032,12884901888
21404190,4070572032,12884901888
21410458,4070572032,12884901888
21416679,4326424576,12884901888
21422859,4084203520,12884901888
21429101,4084203520,12884901888
21435339,4084203520,12884901888
21441579,4084203520,12884901888
21447795,4084203520,12884901888
21454046,4084203520,12884901888
21460261,4084203520,12884901888
21466549,4084203520,12884901888
21472778,4084203520,12884901888
21478987,4081057792,12884901888
21485265,4084203520,12884901888
21491524,4081057792,12884901888
21497769,4081057792,12884901888
21503987,4081057792,12884901888
21510212,4081057792,12884901888
21516474,4081057792,12884901888
21522720,4081057792,12884901888
21528983,4081057792,12884901888
21535220,4081057792,12884901888
21541478,4093640704,12884901888
21547713,4094689280,12884901888
21553945,4092592128,12884901888
21560178,4092592128,12884901888
21566432,4092592128,12884901888
21572653,4092592128,12884901888
21578926,4092592128,12884901888
21585181,4092592128,12884901888
21591438,4092592128,12884901888
21597726,4092592128,12884901888
21604053,4225761280,12884901888
21610328,4213178368,12884901888
21616564,4213178368,12884901888
21622821,4213178368,12884901888
21629071,4213178368,12884901888
21635304,4213178368,12884901888
21641563,4213178368,12884901888
21647833,4213178368,12884901888
21654085,4213178368,12884901888
21660284,4213178368,12884901888
21666519,4193255424,12884901888
21672752,4189061120,12884901888
21678977,4189061120,12884901888
21685237,4189061120,12884901888
21691477,4189061120,12884901888
21697734,4189061120,12884901888
21703984,4189061120,12884901888
21710222,4189061120,12884901888
21716483,4189061120,12884901888
21722727,4189061120,12884901888
21728954,4190109696,12884901888
21735225,4189061120,12884901888
21741492,4189061120,12884901888
21747730,4189061120,12884901888
21754003,4189061120,12884901888
21760247,4189061120,12884901888
21766465,4189061120,12884901888
21772693,4189061120,12884901888
21778945,4189061120,12884901888
21785181,4168089600,12884901888
21791407,4173332480,12884901888
21797626,4169138176,12884901888
21803866,4168089600,12884901888
21810113,4168089600,12884901888
21816395,4168089600,12884901888
21822632,4168089600,12884901888
21828893,4168089600,12884901888
21835123,4168089600,12884901888
21841363,4168089600,12884901888
21847603,4169138176,12884901888
21853834,4168089600,12884901888
21860070,4167041024,12884901888
21866291,4167041024,12884901888
21872508,4167041024,12884901888
21878776,4167041024,12884901888
21885063,4167041024,12884901888
21891326,4167041024,12884901888
21897544,4167041024,12884901888
21903756,4407164928,12884901888
21909933,4170186752,12884901888
21916118,4169138176,12884901888
21922303,4169138176,12884901888
21928520,4169138176,12884901888
21934731,4169138176,12884901888
21940976,4169138176,12884901888
21947184,4169138176,12884901888
21953418,4169138176,12884901888
21959667,4169138176,12884901888
21965902,4154458112,12884901888
21972109,4159700992,12884901888
21978342,4154458112,12884901888
21984577,4154458112,12884901888
21990815,4154458112,12884901888
21997070,4154458112,12884901888
22003333,4154458112,12884901888
22009558,4154458112,12884901888
22015822,4154458112,12884901888
22022070,4154458112,12884901888
22028317,4162846720,12884901888
22034542,4165992448,12884901888
22040750,4162846720,12884901888
22046959,4162846720,12884901888
22053142,4162846720,12884901888
22059367,4162846720,12884901888
22065558,4162846720,12884901888
22071779,4162846720,12884901888
22077970,4162846720,12884901888
22084200,4162846720,12884901888
22090480,4299161600,12884901888
22096907,4363124736,12884901888
22103163,4248829952,12884901888
22109418,4248829952,12884901888
22115673,4248829952,12884901888
22121910,4248829952,12884901888
22128158,4248829952,12884901888
22134419,4248829952,12884901888
22140652,4248829952,12884901888
22146870,4475322368,12884901888
22153082,4217372672,12884901888
22159329,4217372672,12884901888
22165549,4217372672,12884901888
22171816,4217372672,12884901888
22178057,4217372672,12884901888
22184282,4217372672,12884901888
22190490,4217372672,12884901888
22196757,4217372672,12884901888
22202964,4217372672,12884901888
22209214,4192206848,12884901888
22215459,4193255424,12884901888
22221685,4192206848,12884901888
22227907,4192206848,12884901888
22234182,4192206848,12884901888
22240398,4192206848,12884901888
22246633,4192206848,12884901888
22252892,4192206848,12884901888
22259145,4192206848,12884901888
22265382,4192206848,12884901888
22271667,4212129792,12884901888
22277931,4212129792,12884901888
22284166,4212129792,12884901888
22290419,4212129792,12884901888
22296658,4212129792,12884901888
22302935,4212129792,12884901888
22309155,4212129792,12884901888
22315380,4212129792,12884901888
22321604,4212129792,12884901888
22327839,4212129792,12884901888
22334098,4210032640,12884901888
22340314,4205838336,12884901888
22346562,4205838336,12884901888
22352818,4205838336,12884901888
22359039,4205838336,12884901888
22365256,4205838336,12884901888
22371522,4205838336,12884901888
22377744,4205838336,12884901888
22383989,4205838336,12884901888
22390231,4199546880,12884901888
22396457,4199546880,12884901888
22402681,4199546880,12884901888
22408931,4199546880,12884901888
22415179,4199546880,12884901888
22421411,4199546880,12884901888
22427689,4199546880,12884901888
22433932,4199546880,12884901888
22440239,4199546880,12884901888
22446480,4199546880,12884901888
22452714,4195352576,12884901888
22458922,4196401152,12884901888
22465153,4195352576,12884901888
22471429,4195352576,12884901888
22477705,4195352576,12884901888
22483958,4195352576,12884901888
22490212,4195352576,12884901888
22496490,4195352576,12884901888
22502730,4195352576,12884901888
22508974,4195352576,12884901888
22515208,4204789760,12884901888
22521456,4202692608,12884901888
22527717,4202692608,12884901888
22533945,4202692608,12884901888
22540158,4202692608,12884901888
22546411,4202692608,12884901888
22552676,4202692608,12884901888
22558946,4202692608,12884901888
22565156,4202692608,12884901888
22571379,4434427904,12884901888
22577603,4179623936,12884901888
22583836,4179623936,12884901888
22590092,4179623936,12884901888
22596311,4179623936,12884901888
22602573,4179623936,12884901888
22608838,4179623936,12884901888
22615109,4179623936,12884901888
22621344,4179623936,12884901888
22627568,4179623936,12884901888
22633820,4393533440,12884901888
22640204,4381999104,12884901888
22646455,4374659072,12884901888
22652681,4374659072,12884901888
22658921,4374659072,12884901888
22665166,4374659072,12884901888
22671428,4374659072,12884901888
22677683,4374659072,12884901888
22683945,4374659072,12884901888
22690212,4374659072,12884901888
22696449,4340056064,12884901888
22702726,4343201792,12884901888
22708955,4340056064,12884901888
22715200,4340056064,12884901888
22721441,4340056064,12884901888
22727678,4340056064,12884901888
22733941,4340056064,12884901888
22740162,4340056064,12884901888
22746377,4340056064,12884901888
22752670,4340056064,12884901888
22758898,4339007488,12884901888
22765174,4341104640,12884901888
22771411,4339007488,12884901888
22777628,4339007488,12884901888
22783878,4339007488,12884901888
22790140,4339007488,12884901888
22796376,4339007488,12884901888
22802591,4339007488,12884901888
22808846,4339007488,12884901888
22815079,4577034240,12884901888
22821324,4326424576,12884901888
22827534,4325376000,12884901888
22833789,4325376000,12884901888
22840045,4325376000,12884901888
22846252,4325376000,12884901888
22852527,4325376000,12884901888
22858771,4325376000,12884901888
22865036,4325376000,12884901888
22871271,4325376000,12884901888
22877519,4344250368,12884901888
22883770,4346347520,12884901888
22890012,4344250368,12884901888
22896253,4344250368,12884901888
22902460,4344250368,12884901888
22908676,4344250368,12884901888
22914906,4344250368,12884901888
22921102,4344250368,12884901888
22927327,4344250368,12884901888
22933582,4344250368,12884901888
22939795,4322230272,12884901888
22946072,4325376000,12884901888
22952336,4322230272,12884901888
22958569,4322230272,12884901888
22964828,4322230272,12884901888
22971050,4322230272,12884901888
22977260,4322230272,12884901888
22983477,4322230272,12884901888
22989682,4322230272,12884901888
22995905,4322230272,12884901888
23002150,4329570304,12884901888
23008425,4328521728,12884901888
23014622,4327473152,12884901888
23020838,4327473152,12884901888
23027077,4327473152,12884901888
23033326,4327473152,12884901888
23039543,4327473152,12884901888
23045780,4327473152,12884901888
23052003,4327473152,12884901888
23058226,4572839936,12884901888
23064486,4323278848,12884901888
23070786,4322230272,12884901888
23077034,4322230272,12884901888
23083325,4322230272,12884901888
23089547,4322230272,12884901888
23095771,4322230272,12884901888
23102005,4322230272,12884901888
23108252,4322230272,12884901888
23114483,4322230272,12884901888
23120751,4328521728,12884901888
23127026,4331667456,12884901888
23133362,4328521728,12884901888
23139603,4328521728,12884901888
23145858,4328521728,12884901888
23152139,4328521728,12884901888
23158384,4328521728,12884901888
23164621,4328521728,12884901888
23170869,4328521728,12884901888
23177142,4328521728,12884901888
23183419,4623171584,12884901888
23189720,4401922048,12884901888
23195967,4401922048,12884901888
23202218,4401922048,12884901888
23208429,4401922048,12884901888
23214662,4401922048,12884901888
23220932,4401922048,12884901888
23227149,4401922048,12884901888
23233400,4401922048,12884901888
23239670,4401922048,12884901888
23245970,4361027584,12884901888
23252213,4357881856,12884901888
23258433,4357881856,12884901888
23264660,4357881856,12884901888
23270901,4357881856,12884901888
23277126,4357881856,12884901888
23283391,4357881856,12884901888
23289621,4357881856,12884901888
23295878,4357881856,12884901888
23302133,4381999104,12884901888
23308343,4381999104,12884901888
23314565,4381999104,12884901888
23320800,4381999104,12884901888
23327033,4381999104,12884901888
23333281,4381999104,12884901888
23339500,4381999104,12884901888
23345733,4381999104,12884901888
23351974,4381999104,12884901888
23358218,4381999104,12884901888
23364481,4379901952,12884901888
23370709,4379901952,12884901888
23376952,4379901952,12884901888
23383214,4379901952,12884901888
23389449,4379901952,12884901888
23395699,4379901952,12884901888
23401965,4379901952,12884901888
23408187,4379901952,12884901888
23414459,4379901952,12884901888
23420675,4379901952,12884901888
23426919,4379901952,12884901888
23433092,4375707648,12884901888
23439259,4375707648,12884901888
23445502,4375707648,12884901888
23451694,4375707648,12884901888
23457934,4375707648,12884901888
23464151,4375707648,12884901888
23470341,4375707648,12884901888
23476464,4375707648,12884901888
23482661,4617928704,12884901888
23488914,4378853376,12884901888
23495179,4378853376,12884901888
23501442,4378853376,12884901888
23507652,4378853376,12884901888
23513887,4378853376,12884901888
23520119,4378853376,12884901888
23526363,4378853376,12884901888
23532557,4378853376,12884901888
23538748,4378853376,12884901888
23544931,4368367616,12884901888
23551190,4368367616,12884901888
23557423,4368367616,12884901888
23563643,4368367616,12884901888
23569881,4368367616,12884901888
23576166,4368367616,12884901888
23582439,4368367616,12884901888
23588666,4368367616,12884901888
23594889,4368367616,12884901888
23601114,4368367616,12884901888
23607360,4437573632,12884901888
23613606,4370464768,12884901888
23619814,4370464768,12884901888
23626081,4370464768,12884901888
23632330,4370464768,12884901888
23638530,4370464768,12884901888
23644764,4370464768,12884901888
23651014,4370464768,12884901888
23657255,4370464768,12884901888
23663497,4370464768,12884901888
23669762,4370464768,12884901888
23676019,4368367616,12884901888
23682265,4368367616,12884901888
23688500,4368367616,12884901888
23694723,4368367616,12884901888
23700951,4368367616,12884901888
23707217,4368367616,12884901888
23713473,4368367616,12884901888
23719754,4368367616,12884901888
23725990,4428136448,12884901888
23732240,4371513344,12884901888
23738406,4371513344,12884901888
23744643,4371513344,12884901888
23750902,4371513344,12884901888
23757131,4371513344,12884901888
23763336,4371513344,12884901888
23769536,4371513344,12884901888
23775748,4371513344,12884901888
23781964,4371513344,12884901888
23788186,4456448000,12884901888
23794455,4453302272,12884901888
23800679,4437573632,12884901888
23806890,4437573632,12884901888
23813101,4437573632,12884901888
23819316,4437573632,12884901888
23825516,4437573632,12884901888
23831742,4437573632,12884901888
23837937,4437573632,12884901888
23844135,4437573632,12884901888
23850370,4581228544,12884901888
23856620,4439670784,12884901888
23862862,4439670784,12884901888
23869091,4439670784,12884901888
23875361,4439670784,12884901888
23881574,4439670784,12884901888
23887811,4439670784,12884901888
23894047,4439670784,12884901888
23900249,4439670784,12884901888
23906491,4439670784,12884901888
23912727,4462739456,12884901888
23918964,4422893568,12884901888
23925224,4421844992,12884901888
23931468,4421844992,12884901888
23937741,4421844992,12884901888
23943987,4421844992,12884901888
23950231,4421844992,12884901888
23956532,4421844992,12884901888
23962774,4421844992,12884901888
23969016,4672454656,12884901888
23975191,4422893568,12884901888
23981449,4421844992,12884901888
23987690,4421844992,12884901888
23993897,4421844992,12884901888
24000179,4421844992,12884901888
24006401,4421844992,12884901888
24012623,4421844992,12884901888
24018873,4421844992,12884901888
24025095,4421844992,12884901888
24031328,4552916992,12884901888
24037609,4401922048,12884901888
24043849,4401922048,12884901888
24050062,4401922048,12884901888
24056282,4401922048,12884901888
24062489,4401922048,12884901888
24068728,4401922048,12884901888
24074924,4401922048,12884901888
24081144,4401922048,12884901888
24087386,4401922048,12884901888
24093662,4494196736,12884901888
24099979,4482662400,12884901888
24106200,4482662400,12884901888
24112444,4482662400,12884901888
24118669,4482662400,12884901888
24124902,4482662400,12884901888
24131127,4482662400,12884901888
24137359,4482662400,12884901888
24143606,4482662400,12884901888
24149870,4482662400,12884901888
24156075,4516216832,12884901888
24162293,4476370944,12884901888
24168505,4476370944,12884901888
24174718,4476370944,12884901888
24180975,4476370944,12884901888
24187210,4476370944,12884901888
24193435,4475322368,12884901888
24199677,4472176640,12884901888
24205918,4472176640,12884901888
24212145,4472176640,12884901888
24218421,4454350848,12884901888
24224685,4451205120,12884901888
24230910,4451205120,12884901888
24237141,4451205120,12884901888
24243409,4451205120,12884901888
24249671,4451205120,12884901888
24255884,4451205120,12884901888
24262145,4451205120,12884901888
24268408,4451205120,12884901888
24274658,4673503232,12884901888
24280890,4455399424,12884901888
24287087,4455399424,12884901888
24293331,4452253696,12884901888
24299560,4452253696,12884901888
24305752,4452253696,12884901888
24312008,4452253696,12884901888
24318247,4452253696,12884901888
24324435,4452253696,12884901888
24330678,4452253696,12884901888
24336880,4711251968,12884901888
24343097,4444913664,12884901888
24349304,4444913664,12884901888
24355525,4444913664,12884901888
24361713,4444913664,12884901888
24367921,4444913664,12884901888
24374165,4444913664,12884901888
24380380,4444913664,12884901888
24386598,4444913664,12884901888
24392819,4444913664,12884901888
24399076,4685037568,12884901888
24405338,4458545152,12884901888
24411601,4454350848,12884901888
24417844,4454350848,12884901888
24424079,4454350848,12884901888
24430296,4454350848,12884901888
24436549,4454350848,12884901888
24442796,4454350848,12884901888
24449058,4454350848,12884901888
24455324,4703911936,12884901888
24461571,4451205120,12884901888
24467802,4451205120,12884901888
24474037,4451205120,12884901888
24480280,4450156544,12884901888
24486520,4450156544,12884901888
24492765,4450156544,12884901888
24499029,4450156544,12884901888
24505119,4450156544,12884901888
24511280,4450156544,12884901888
24517477,4702863360,12884901888
24523610,4444913664,12884901888
24529735,4444913664,12884901888
24535790,4444913664,12884901888
24541953,4444913664,12884901888
24548049,4444913664,12884901888
24554116,4444913664,12884901888
24560185,4444913664,12884901888
24566286,4444913664,12884901888
24572345,4444913664,12884901888
24578448,4696571904,12884901888
24584523,4449107968,12884901888
24590674,4445962240,12884901888
24596818,4445962240,12884901888
24602926,4445962240,12884901888
24609018,4445962240,12884901888
24615106,4445962240,12884901888
24621183,4445962240,12884901888
24627263,4445962240,12884901888
24633381,4445962240,12884901888
24639460,4702863360,12884901888
24645532,4444913664,12884901888
24651602,4444913664,12884901888
24657679,4444913664,12884901888
24663760,4443865088,12884901888
24669819,4443865088,12884901888
24675905,4443865088,12884901888
24681987,4443865088,12884901888
24688069,4443865088,12884901888
24694134,4443865088,12884901888
24700227,4720689152,12884901888
24706321,4454350848,12884901888
24712401,4450156544,12884901888
24718471,4450156544,12884901888
24724552,4450156544,12884901888
24730624,4450156544,12884901888
24736700,4450156544,12884901888
24742779,4450156544,12884901888
24748863,4450156544,12884901888
24754950,4450156544,12884901888
24761035,4610588672,12884901888
24767103,4459593728,12884901888
24773180,4459593728,12884901888
24779246,4456448000,12884901888
24785309,4456448000,12884901888
24791377,4456448000,12884901888
24797446,4456448000,12884901888
24803521,4455399424,12884901888
24809613,4455399424,12884901888
24815680,4455399424,12884901888
24821762,4696571904,12884901888
24827820,4458545152,12884901888
24833885,4458545152,12884901888
24839966,4458545152,12884901888
24846042,4458545152,12884901888
24852108,4458545152,12884901888
24858195,4458545152,12884901888
24864283,4458545152,12884901888
24870367,4458545152,12884901888
24876453,4458545152,12884901888
24882529,4701814784,12884901888
24888599,4445962240,12884901888
24894690,4443865088,12884901888
24900745,4443865088,12884901888
24906815,4443865088,12884901888
24912934,4443865088,12884901888
24919477,4443865088,12884901888
24925841,4443865088,12884901888
24932114,4443865088,12884901888
24938344,4443865088,12884901888
24944484,4496293888,12884901888
24950662,4441767936,12884901888
24956846,4441767936,12884901888
24963185,4441767936,12884901888
24969498,4438622208,12884901888
24975837,4438622208,12884901888
24982192,4437573632,12884901888
24988527,4436525056,12884901888
24994770,4436525056,12884901888
25001045,4691329024,12884901888
25007290,4449107968,12884901888
25013500,4444913664,12884901888
25019719,4444913664,12884901888
25025956,4444913664,12884901888
25032262,4444913664,12884901888
25038478,4444913664,12884901888
25044691,4444913664,12884901888
25050934,4444913664,12884901888
25057140,4444913664,12884901888
25063420,4590665728,12884901888
25069663,4455399424,12884901888
25075871,4455399424,12884901888
25082125,4454350848,12884901888
25088359,4451205120,12884901888
25094566,4451205120,12884901888
25100811,4451205120,12884901888
25107078,4451205120,12884901888
25113326,4451205120,12884901888
25119549,4451205120,12884901888
25125799,4603248640,12884901888
25132051,4441767936,12884901888
25138328,4441767936,12884901888
25144549,4441767936,12884901888
25150766,4441767936,12884901888
25157007,4440719360,12884901888
25163197,4440719360,12884901888
25169434,4440719360,12884901888
25175694,4440719360,12884901888
25181927,4440719360,12884901888
25188186,4459593728,12884901888
25194409,4459593728,12884901888
25200607,4458545152,12884901888
25206840,4458545152,12884901888
25213066,4458545152,12884901888
25219287,4458545152,12884901888
25225557,4458545152,12884901888
25231815,4458545152,12884901888
25238079,4458545152,12884901888
25244306,4702863360,12884901888
25250585,4449107968,12884901888
25256783,4449107968,12884901888
25263031,4449107968,12884901888
25269255,4447010816,12884901888
25275533,4447010816,12884901888
25281751,4447010816,12884901888
25287965,4447010816,12884901888
25294216,4447010816,12884901888
25300456,4447010816,12884901888
25306689,4574937088,12884901888
25312927,4457496576,12884901888
25319181,4455399424,12884901888
25325381,4455399424,12884901888
25331623,4455399424,12884901888
25337885,4455399424,12884901888
25344103,4455399424,12884901888
25350370,4455399424,12884901888
25356576,4455399424,12884901888
25362811,4455399424,12884901888
25369051,4447010816,12884901888
25375268,4447010816,12884901888
25381506,4445962240,12884901888
25387757,4444913664,12884901888
25393998,4444913664,12884901888
25400223,4444913664,12884901888
25406468,4444913664,12884901888
25412693,4444913664,12884901888
25418914,4444913664,12884901888
25425163,4718592000,12884901888
25431359,4455399424,12884901888
25437624,4454350848,12884901888
25443876,4454350848,12884901888
25450093,4450156544,12884901888
25456334,4450156544,12884901888
25462605,4450156544,12884901888
25468846,4450156544,12884901888
25475073,4450156544,12884901888
25481324,4450156544,12884901888
25487552,4649385984,12884901888
25493979,4586471424,12884901888
25500226,4586471424,12884901888
25506442,4573888512,12884901888
25512684,4573888512,12884901888
25518897,4573888512,12884901888
25525125,4572839936,12884901888
25531367,4572839936,12884901888
25537600,4572839936,12884901888
25543850,4572839936,12884901888
25550127,4677697536,12884901888
25556375,4561305600,12884901888
25562652,4561305600,12884901888
25568893,4561305600,12884901888
25575125,4559208448,12884901888
25581358,4559208448,12884901888
25587584,4559208448,12884901888
25593833,4559208448,12884901888
25600092,4559208448,12884901888
25606320,4559208448,12884901888
25612583,4746903552,12884901888
25618858,4542431232,12884901888
25625103,4541382656,12884901888
25631356,4541382656,12884901888
25637610,4541382656,12884901888
25643820,4538236928,12884901888
25650071,4538236928,12884901888
25656308,4538236928,12884901888
25662541,4538236928,12884901888
25668770,4740612096,12884901888
25675033,4547674112,12884901888
25681249,4547674112,12884901888
25687521,4546625536,12884901888
25693783,4546625536,12884901888
25699999,4546625536,12884901888
25706266,4546625536,12884901888
25712541,4546625536,12884901888
25718790,4546625536,12884901888
25725028,4546625536,12884901888
25731332,4669308928,12884901888
25737591,4540334080,12884901888
25743822,4540334080,12884901888
25750042,4540334080,12884901888
25756339,4539285504,12884901888
25762557,4539285504,12884901888
25768834,4539285504,12884901888
25775111,4539285504,12884901888
25781378,4539285504,12884901888
25787607,4539285504,12884901888
25793837,4758437888,12884901888
25800090,4531945472,12884901888
25806355,4530896896,12884901888
25812600,4530896896,12884901888
25818817,4530896896,12884901888
25825090,4530896896,12884901888
25831323,4530896896,12884901888
25837607,4530896896,12884901888
25843865,4530896896,12884901888
25850113,4530896896,12884901888
25856388,4527751168,12884901888
25862627,4527751168,12884901888
25868865,4524605440,12884901888
25875123,4524605440,12884901888
25881348,4524605440,12884901888
25887590,4524605440,12884901888
25893818,4524605440,12884901888
25900091,4524605440,12884901888
25906331,4524605440,12884901888
25912581,4758437888,12884901888
25918852,4524605440,12884901888
25925130,4524605440,12884901888
25931356,4524605440,12884901888
25937606,4524605440,12884901888
25943823,4524605440,12884901888
25950097,4524605440,12884901888
25956314,4524605440,12884901888
25962572,4524605440,12884901888
25968781,4524605440,12884901888
25975023,4660920320,12884901888
25981264,4524605440,12884901888
25987522,4523556864,12884901888
25993756,4523556864,12884901888
26000004,4523556864,12884901888
26006217,4522508288,12884901888
26012443,4522508288,12884901888
26018667,4522508288,12884901888
26024899,4522508288,12884901888
26031126,4522508288,12884901888
26037364,4528799744,12884901888
26043589,4528799744,12884901888
26049840,4528799744,12884901888
26056062,4525654016,12884901888
26062322,4525654016,12884901888
26068605,4525654016,12884901888
26074898,4525654016,12884901888
26081158,4525654016,12884901888
26087388,4525654016,12884901888
26093631,4758437888,12884901888
26099893,4503633920,12884901888
26106181,4503633920,12884901888
26112438,4500488192,12884901888
26118655,4500488192,12884901888
26124867,4499439616,12884901888
26131105,4499439616,12884901888
26137313,4499439616,12884901888
26143533,4499439616,12884901888
26149775,4499439616,12884901888
26156033,4760535040,12884901888
26162282,4524605440,12884901888
26168529,4523556864,12884901888
26174771,4523556864,12884901888
26181033,4523556864,12884901888
26187254,4523556864,12884901888
26193504,4523556864,12884901888
26199706,4523556864,12884901888
26205943,4523556864,12884901888
26212179,4523556864,12884901888
26218443,4760535040,12884901888
26224717,4538236928,12884901888
26230996,4538236928,12884901888
26237212,4537188352,12884901888
26243462,4537188352,12884901888
26249733,4532994048,12884901888
26255977,4532994048,12884901888
26262247,4532994048,12884901888
26268490,4532994048,12884901888
26274729,4740612096,12884901888
26281019,4514119680,12884901888
26287241,4514119680,12884901888
26293484,4514119680,12884901888
26299747,4514119680,12884901888
26305953,4514119680,12884901888
26312220,4514119680,12884901888
26318453,4514119680,12884901888
26324707,4514119680,12884901888
26330928,4514119680,12884901888
26337161,4739563520,12884901888
26343382,4508876800,12884901888
26349621,4504682496,12884901888
26355911,4504682496,12884901888
26362170,4504682496,12884901888
26368396,4504682496,12884901888
26374661,4504682496,12884901888
26380905,4504682496,12884901888
26387165,4504682496,12884901888
26393446,4504682496,12884901888
26399679,4672454656,12884901888
26405936,4528799744,12884901888
26412157,4528799744,12884901888
26418384,4524605440,12884901888
26424625,4524605440,12884901888
26430873,4524605440,12884901888
26437094,4524605440,12884901888
26443327,4524605440,12884901888
26449534,4524605440,12884901888
26455746,4524605440,12884901888
26461996,4518313984,12884901888
26468241,4515168256,12884901888
26474448,4515168256,12884901888
26480669,4515168256,12884901888
26486941,4515168256,12884901888
26493206,4515168256,12884901888
26499463,4515168256,12884901888
26505689,4515168256,12884901888
26511947,4515168256,12884901888
26518237,4751097856,12884901888
26524531,4513071104,12884901888
26530744,4508876800,12884901888
26536958,4508876800,12884901888
26543190,4508876800,12884901888
26549443,4508876800,12884901888
26555677,4508876800,12884901888
26561947,4508876800,12884901888
26568218,4508876800,12884901888
26574452,4508876800,12884901888
26580703,4666163200,12884901888
26586981,4528799744,12884901888
26593192,4528799744,12884901888
26599443,4526702592,12884901888
26605683,4526702592,12884901888
26611910,4526702592,12884901888
26618136,4526702592,12884901888
26624409,4526702592,12884901888
26630676,4526702592,12884901888
26636904,4526702592,12884901888
26643144,4762632192,12884901888
26649364,4510973952,12884901888
26655615,4510973952,12884901888
26661855,4510973952,12884901888
26668132,4509925376,12884901888
26674367,4509925376,12884901888
26680576,4509925376,12884901888
26686784,4509925376,12884901888
26693026,4509925376,12884901888
26699276,4775215104,12884901888
26705509,4526702592,12884901888
26711761,4526702592,12884901888
26718013,4525654016,12884901888
26724255,4525654016,12884901888
26730475,4525654016,12884901888
26736713,4525654016,12884901888
26742988,4525654016,12884901888
26749208,4525654016,12884901888
26755445,4525654016,12884901888
26761714,4833935360,12884901888
26768108,4718592000,12884901888
26774335,4663017472,12884901888
26780571,4663017472,12884901888
26786792,4624220160,12884901888
26793059,4624220160,12884901888
26799318,4624220160,12884901888
26805543,4624220160,12884901888
26811787,4624220160,12884901888
26818006,4624220160,12884901888
26824237,4860149760,12884901888
26830466,4572839936,12884901888
26836756,4572839936,12884901888
26843025,4572839936,12884901888
26849291,4572839936,12884901888
26855540,4572839936,12884901888
26861771,4572839936,12884901888
26867970,4572839936,12884901888
26874200,4572839936,12884901888
26880449,4572839936,12884901888
26886674,4805623808,12884901888
26892891,4583325696,12884901888
26899141,4583325696,12884901888
26905376,4583325696,12884901888
26911632,4582277120,12884901888
26917882,4580179968,12884901888
26924105,4580179968,12884901888
26930366,4580179968,12884901888
26936626,4580179968,12884901888
26942868,4817158144,12884901888
26949149,4587520000,12884901888
26955386,4587520000,12884901888
26961632,4586471424,12884901888
26967865,4586471424,12884901888
26974124,4586471424,12884901888
26980377,4586471424,12884901888
26986649,4586471424,12884901888
26992890,4586471424,12884901888
26999099,4586471424,12884901888
27005331,4702863360,12884901888
27011551,4569694208,12884901888
27017771,4568645632,12884901888
27023994,4564451328,12884901888
27030232,4564451328,12884901888
27036459,4564451328,12884901888
27042695,4564451328,12884901888
27048906,4564451328,12884901888
27055176,4564451328,12884901888
27061396,4564451328,12884901888
27067643,4696571904,12884901888
27073902,4568645632,12884901888
27080133,4568645632,12884901888
27086371,4567597056,12884901888
27092583,4563402752,12884901888
27098805,4563402752,12884901888
27105054,4563402752,12884901888
27111289,4563402752,12884901888
27117523,4563402752,12884901888
27123773,4563402752,12884901888
27130018,4559208448,12884901888
27136263,4558159872,12884901888
27142481,4558159872,12884901888
27148718,4558159872,12884901888
27154965,4558159872,12884901888
27161210,4558159872,12884901888
27167422,4558159872,12884901888
27173652,4558159872,12884901888
27179895,4558159872,12884901888
27186078,4779409408,12884901888
27192268,4577034240,12884901888
27198506,4577034240,12884901888
27204724,4572839936,12884901888
27210934,4572839936,12884901888
27217195,4572839936,12884901888
27223448,4572839936,12884901888
27229688,4572839936,12884901888
27235922,4572839936,12884901888
27242186,4572839936,12884901888
27248412,4614782976,12884901888
27254672,4558159872,12884901888
27260942,4558159872,12884901888
27267223,4557111296,12884901888
27273468,4557111296,12884901888
27279713,4557111296,12884901888
27285942,4552916992,12884901888
27292205,4552916992,12884901888
27298432,4552916992,12884901888
27304647,4552916992,12884901888
27310834,4694474752,12884901888
27316917,4565499904,12884901888
27322986,4565499904,12884901888
27329037,4565499904,12884901888
27335114,4562354176,12884901888
27341167,4562354176,12884901888
27347204,4562354176,12884901888
27353259,4560257024,12884901888
27359330,4560257024,12884901888
27365393,4560257024,12884901888
27371497,4840226816,12884901888
27377592,4567597056,12884901888
27383650,4567597056,12884901888
27389729,4566548480,12884901888
27395804,4566548480,12884901888
27401869,4566548480,12884901888
27407928,4566548480,12884901888
27413977,4566548480,12884901888
27420045,4566548480,12884901888
27426112,4566548480,12884901888
27432195,4800380928,12884901888
27438257,4560257024,12884901888
27444333,4557111296,12884901888
27450407,4557111296,12884901888
27456504,4556062720,12884901888
27462564,4556062720,12884901888
27468639,4556062720,12884901888
27474707,4556062720,12884901888
27480778,4556062720,12884901888
27486850,4556062720,12884901888
27492908,4814012416,12884901888
27498989,4564451328,12884901888
27505037,4563402752,12884901888
27511111,4563402752,12884901888
27517194,4563402752,12884901888
27523281,4562354176,12884901888
27529367,4562354176,12884901888
27535416,4562354176,12884901888
27541475,4562354176,12884901888
27547537,4562354176,12884901888
27553594,4712300544,12884901888
27559661,4591714304,12884901888
27565741,4591714304,12884901888
27571802,4591714304,12884901888
27577851,4591714304,12884901888
27583914,4591714304,12884901888
27589979,4586471424,12884901888
27596023,4586471424,12884901888
27602113,4586471424,12884901888
27608174,4586471424,12884901888
27614240,4706009088,12884901888
27620323,4575985664,12884901888
27626385,4571791360,12884901888
27632441,4570742784,12884901888
27638490,4570742784,12884901888
27644639,4570742784,12884901888
27650835,4570742784,12884901888
27656918,4570742784,12884901888
27663018,4570742784,12884901888
27669101,4570742784,12884901888
27675341,4582277120,12884901888
27681389,4582277120,12884901888
27687473,4581228544,12884901888
27693610,4581228544,12884901888
27699820,4581228544,12884901888
27705924,4581228544,12884901888
27711983,4581228544,12884901888
27718072,4581228544,12884901888
27724219,4581228544,12884901888
27730276,4581228544,12884901888
27736617,4581228544,12884901888
27743202,4580179968,12884901888
27749709,4580179968,12884901888
27756436,4575985664,12884901888
27763071,4574937088,12884901888
27769540,4574937088,12884901888
27775777,4574937088,12884901888
27782039,4574937088,12884901888
27788151,4574937088,12884901888
27794224,4787798016,12884901888
27800334,4561305600,12884901888
27806646,4561305600,12884901888
27812806,4561305600,12884901888
27818928,4561305600,12884901888
27825051,4558159872,12884901888
27831170,4557111296,12884901888
27837285,4557111296,12884901888
27843428,4557111296,12884901888
27849938,4557111296,12884901888
27856426,4608491520,12884901888
27862609,4553965568,12884901888
27868707,4553965568,12884901888
27874820,4551868416,12884901888
27881141,4551868416,12884901888
27887517,4551868416,12884901888
27893784,4549771264,12884901888
27900201,4549771264,12884901888
27906496,4549771264,12884901888
27912966,4577034240,12884901888
27919279,4692377600,12884901888
27925849,4682940416,12884901888
27932434,4682940416,12884901888
27938684,4682940416,12884901888
27945077,4682940416,12884901888
27951425,4682940416,12884901888
27957915,4682940416,12884901888
27964029,4682940416,12884901888
27970442,4682940416,12884901888
27976748,4682940416,12884901888
27983066,4638900224,12884901888
27989310,4635754496,12884901888
27995566,4635754496,12884901888
28001843,4635754496,12884901888
28008194,4635754496,12884901888
28014632,4635754496,12884901888
28020906,4635754496,12884901888
28027232,4635754496,12884901888
28033486,4635754496,12884901888
28039814,4768923648,12884901888
28046045,4624220160,12884901888
28052274,4623171584,12884901888
28058794,4623171584,12884901888
28065205,4623171584,12884901888
28071513,4623171584,12884901888
28077821,4623171584,12884901888
28084114,4623171584,12884901888
28090449,4623171584,12884901888
28096705,4623171584,12884901888
28102951,4623171584,12884901888
28109237,4623171584,12884901888
28115565,4623171584,12884901888
28121863,4623171584,12884901888
28128115,4623171584,12884901888
28134387,4623171584,12884901888
28140708,4623171584,12884901888
28146976,4623171584,12884901888
28153229,4623171584,12884901888
28159463,4623171584,12884901888
28165824,4735369216,12884901888
28172190,4626317312,12884901888
28178437,4626317312,12884901888
28184749,4625268736,12884901888
28191020,4625268736,12884901888
28197343,4625268736,12884901888
28203783,4625268736,12884901888
28209794,4625268736,12884901888
28215836,4625268736,12884901888
28221872,4625268736,12884901888
28227931,4642045952,12884901888
28233952,4642045952,12884901888
28239973,4639948800,12884901888
28246010,4639948800,12884901888
28252051,4639948800,12884901888
28258085,4639948800,12884901888
28264114,4639948800,12884901888
28270147,4639948800,12884901888
28276184,4639948800,12884901888
28282216,4639948800,12884901888
28288258,4626317312,12884901888
28294298,4626317312,12884901888
28300336,4625268736,12884901888
28306373,4625268736,12884901888
28312405,4625268736,12884901888
28318447,4625268736,12884901888
28324522,4625268736,12884901888
28330551,4625268736,12884901888
28336584,4625268736,12884901888
28342622,4625268736,12884901888
28348700,4775215104,12884901888
28354780,4663017472,12884901888
28360820,4660920320,12884901888
28366859,4660920320,12884901888
28372892,4660920320,12884901888
28378930,4660920320,12884901888
28384963,4660920320,12884901888
28390987,4660920320,12884901888
28397040,4660920320,12884901888
28403098,4660920320,12884901888
28409141,4905238528,12884901888
28415206,4663017472,12884901888
28421255,4663017472,12884901888
28427296,4663017472,12884901888
28433341,4663017472,12884901888
28439399,4663017472,12884901888
28445582,4663017472,12884901888
28451791,4663017472,12884901888
28457973,4663017472,12884901888
28464172,4663017472,12884901888
28470357,4778360832,12884901888
28476474,4653580288,12884901888
28482524,4653580288,12884901888
28488560,4652531712,12884901888
28494592,4652531712,12884901888
28500621,4652531712,12884901888
28506675,4650434560,12884901888
28512729,4650434560,12884901888
28518745,4650434560,12884901888
28524788,4650434560,12884901888
28530832,4892655616,12884901888
28536866,4665114624,12884901888
28542903,4664066048,12884901888
28548951,4664066048,12884901888
28554973,4664066048,12884901888
28561008,4664066048,12884901888
28567078,4664066048,12884901888
28573127,4664066048,12884901888
28579166,4664066048,12884901888
28585199,4664066048,12884901888
28591256,4906287104,12884901888
28597312,4646240256,12884901888
28603363,4646240256,12884901888
28609413,4646240256,12884901888
28615474,4646240256,12884901888
28621549,4646240256,12884901888
28627588,4646240256,12884901888
28633610,4646240256,12884901888
28639624,4646240256,12884901888
28645672,4646240256,12884901888
28651755,4869586944,12884901888
28657794,4650434560,12884901888
28663844,4650434560,12884901888
28669887,4650434560,12884901888
28675918,4650434560,12884901888
28681967,4650434560,12884901888
28688025,4650434560,12884901888
28694048,4650434560,12884901888
28700096,4650434560,12884901888
28706135,4650434560,12884901888
28712207,4786749440,12884901888
28718265,4649385984,12884901888
28724298,4649385984,12884901888
28730351,4648337408,12884901888
28736369,4648337408,12884901888
28742419,4648337408,12884901888
28748452,4646240256,12884901888
28754526,4646240256,12884901888
28760561,4646240256,12884901888
28766588,4646240256,12884901888
28772646,4905238528,12884901888
28778678,4655677440,12884901888
28784731,4655677440,12884901888
28790768,4655677440,12884901888
28796807,4655677440,12884901888
28802864,4655677440,12884901888
28808905,4655677440,12884901888
28814952,4655677440,12884901888
28820985,4655677440,12884901888
28827014,4655677440,12884901888
28833078,4909432832,12884901888
28839175,4774166528,12884901888
28845201,4774166528,12884901888
28851248,4774166528,12884901888
28857472,4774166528,12884901888
28863698,4774166528,12884901888
28869898,4774166528,12884901888
28876135,4774166528,12884901888
28882347,4774166528,12884901888
28888530,4774166528,12884901888
28894764,5009047552,12884901888
28901014,4739563520,12884901888
28907215,4739563520,12884901888
28913420,4739563520,12884901888
28919611,4739563520,12884901888
28925814,4739563520,12884901888
28932006,4739563520,12884901888
28938222,4739563520,12884901888
28944443,4739563520,12884901888
28950654,4739563520,12884901888
28956846,4955570176,12884901888
28963043,4722786304,12884901888
28969331,4722786304,12884901888
28975521,4722786304,12884901888
28981681,4722786304,12884901888
28987754,4722786304,12884901888
28993785,4722786304,12884901888
28999954,4722786304,12884901888
29006080,4722786304,12884901888
29012212,4722786304,12884901888
29018257,5048893440,12884901888
29024371,4874829824,12884901888
29030468,4798283776,12884901888
29036516,4798283776,12884901888
29042555,4798283776,12884901888
29048581,4798283776,12884901888
29054623,4798283776,12884901888
29060691,4798283776,12884901888
29066731,4798283776,12884901888
29072769,4798283776,12884901888
29078812,4912578560,12884901888
