timestamp_ms,value
7071,0
7076,100
7082,200
7086,300
7090,400
7094,500
7098,600
7102,700
7106,800
7110,900
7114,1000
7363,1100
7367,1200
7375,1300
7379,1400
7383,1500
7392,1600
7396,1700
7399,1800
7404,1900
7412,2000
7680,2100
7687,2200
7695,2300
7699,2400
7704,2500
7708,2600
7713,2700
7717,2800
7721,2900
7725,3000
7949,3100
7956,3200
7964,3300
7969,3400
7973,3500
7977,3600
7981,3700
7985,3800
7989,3900
7994,4000
8272,4100
8276,4200
8280,4300
8285,4400
8289,4500
8293,4600
8297,4700
8301,4800
8305,4900
8309,5000
8518,5100
8522,5200
8526,5300
8530,5400
8537,5500
8546,5600
8550,5700
8555,5800
8559,5900
8616,6000
8829,6100
8833,6200
8838,6300
8843,6400
8848,6500
8852,6600
8856,6700
8860,6800
8864,6900
8868,7000
9083,7100
9089,7200
9094,7300
9101,7400
9105,7500
9109,7600
9114,7700
9118,7800
9121,7900
9125,8000
9325,8100
9330,8200
9334,8300
9338,8400
9343,8500
9347,8600
9351,8700
9355,8800
9359,8900
9363,9000
9583,9100
9595,9200
9607,9300
9611,9400
9614,9500
9619,9600
9627,9700
9631,9800
9636,9900
9640,10000
9911,10100
9916,10200
9920,10300
9924,10400
9929,10500
9933,10600
9937,10700
9941,10800
9946,10900
9949,11000
10165,11100
10172,11200
10176,11300
10224,11400
10228,11500
10232,11600
10237,11700
10242,11800
10247,11900
10251,12000
10496,12100
10502,12200
10507,12300
10512,12400
10516,12500
10521,12600
10525,12700
10529,12800
10533,12900
10538,13000
10809,13100
10814,13200
10820,13300
10824,13400
10829,13500
10834,13600
10840,13700
10846,13800
10850,13900
10861,14000
11196,14100
11201,14200
11206,14300
11211,14400
11215,14500
11219,14600
11223,14700
11228,14800
11232,14900
11235,15000
11463,15100
11471,15200
11479,15300
11486,15400
11494,15500
11506,15600
11514,15700
11522,15800
11526,15900
11530,16000
11887,16100
11891,16200
11895,16300
11900,16400
11904,16500
11908,16600
11912,16700
11916,16800
11920,16900
11924,17000
12171,17100
12175,17200
12180,17300
12184,17400
12191,17500
12196,17600
12200,17700
12203,17800
12208,17900
12212,18000
12435,18100
12440,18200
12445,18300
12449,18400
12453,18500
12457,18600
12462,18700
12466,18800
12470,18900
12474,19000
12712,19100
12716,19200
12720,19300
12724,19400
12728,19500
12732,19600
12737,19700
12741,19800
12745,19900
12749,20000
13015,20100
13023,20200
13027,20300
13031,20400
13035,20500
13039,20600
13043,20700
13048,20800
13052,20900
13055,21000
13332,21100
13336,21200
13341,21300
13346,21400
13350,21500
13358,21600
13362,21700
13370,21800
13374,21900
13378,22000
13578,22100
13583,22200
13587,22300
13592,22400
13597,22500
13601,22600
13605,22700
13609,22800
13613,22900
13618,23000
13827,23100
13832,23200
13837,23300
13841,23400
13846,23500
13850,23600
13854,23700
13858,23800
13863,23900
13867,24000
14105,24100
14113,24200
14121,24300
14130,24400
14134,24500
14139,24600
14143,24700
14148,24800
14152,24900
14157,25000
14367,25100
14372,25200
14376,25300
14380,25400
14384,25500
14391,25600
14396,25700
14400,25800
14405,25900
14410,26000
14705,26100
14709,26200
14713,26300
14718,26400
14722,26500
14726,26600
14730,26700
14735,26800
14739,26900
14743,27000
14970,27100
14974,27200
14978,27300
14982,27400
14986,27500
14991,27600
14995,27700
14999,27800
15004,27900
15008,28000
15286,28100
15294,28200
15299,28300
15304,28400
15307,28500
15312,28600
15316,28700
15320,28800
15324,28900
15328,29000
15594,29100
15602,29200
15613,29300
15618,29400
15622,29500
15629,29600
15706,29700
15711,29800
15715,29900
15719,30000
15927,30100
15932,30200
15938,30300
15943,30400
15947,30500
15952,30600
15956,30700
15960,30800
15964,30900
15968,31000
16185,31100
16189,31200
16194,31300
16199,31400
16204,31500
16208,31600
16213,31700
16217,31800
16221,31900
16225,32000
16444,32100
16449,32200
16453,32300
16461,32400
16465,32500
16469,32600
16473,32700
16478,32800
16482,32900
16485,33000
16763,33100
16766,33200
16772,33300
16775,33400
16842,33500
16846,33600
16851,33700
16855,33800
16860,33900
16864,34000
17071,34100
17075,34200
17080,34300
17084,34400
17089,34500
17093,34600
17097,34700
17101,34800
17105,34900
17110,35000
17360,35100
17364,35200
17368,35300
17372,35400
17376,35500
17381,35600
17385,35700
17389,35800
17393,35900
17397,36000
17602,36100
17606,36200
17611,36300
17616,36400
17621,36500
17626,36600
17630,36700
17634,36800
17638,36900
17642,37000
17844,37100
17848,37200
17852,37300
17856,37400
17860,37500
17879,37600
17883,37700
17888,37800
17893,37900
17952,38000
18218,38100
18222,38200
18227,38300
18231,38400
18235,38500
18239,38600
18244,38700
18248,38800
18252,38900
18257,39000
18482,39100
18487,39200
18491,39300
18496,39400
18500,39500
18504,39600
18509,39700
18513,39800
18518,39900
18522,40000
18804,40100
18808,40200
18813,40300
18817,40400
18822,40500
18826,40600
18831,40700
18835,40800
18839,40900
18844,41000
19062,41100
19102,41200
19107,41300
19111,41400
19115,41500
19119,41600
19125,41700
19129,41800
19132,41900
19137,42000
19440,42100
19444,42200
19448,42300
19453,42400
19457,42500
19461,42600
19466,42700
19470,42800
19474,42900
19479,43000
19736,43100
19740,43200
19744,43300
19749,43400
19753,43500
19757,43600
19762,43700
19766,43800
19771,43900
19775,44000
20025,44100
20030,44200
20035,44300
20039,44400
20044,44500
20048,44600
20052,44700
20057,44800
20061,44900
20065,45000
20279,45100
20291,45200
20295,45300
20303,45400
20307,45500
20312,45600
20316,45700
20320,45800
20329,45900
20333,46000
20635,46100
20640,46200
20645,46300
20649,46400
20654,46500
20684,46600
20688,46700
20692,46800
20696,46900
20700,47000
20912,47100
20918,47200
20923,47300
20927,47400
20932,47500
20937,47600
20941,47700
20945,47800
20950,47900
20954,48000
21158,48100
21163,48200
21169,48300
21174,48400
21179,48500
21184,48600
21189,48700
21194,48800
21198,48900
21203,49000
21434,49100
21441,49200
21454,49300
21465,49400
21469,49500
21473,49600
21541,49700
21547,49800
21571,49900
21576,50000
21844,50100
21852,50200
21856,50300
21860,50400
21864,50500
21868,50600
21872,50700
21876,50800
21881,50900
21885,51000
22171,51100
22176,51200
22181,51300
22185,51400
22190,51500
22195,51600
22200,51700
22211,51800
22216,51900
22221,52000
22495,52100
22500,52200
22504,52300
22509,52400
22514,52500
22519,52600
22525,52700
22530,52800
22534,52900
22540,53000
22834,53100
22842,53200
22856,53300
22864,53400
22873,53500
22880,53600
22893,53700
22898,53800
22902,53900
22907,54000
23145,54100
23194,54200
23200,54300
23205,54400
23211,54500
23217,54600
23222,54700
23229,54800
23234,54900
23239,55000
23517,55100
23522,55200
23527,55300
23532,55400
23537,55500
23543,55600
23548,55700
23552,55800
23558,55900
23563,56000
23799,56100
23805,56200
23811,56300
23816,56400
23822,56500
23827,56600
23832,56700
23837,56800
23843,56900
23847,57000
24099,57100
24106,57200
24112,57300
24185,57400
24197,57500
24202,57600
24212,57700
24221,57800
24232,57900
24240,58000
24463,58100
24520,58200
24526,58300
24533,58400
24539,58500
24546,58600
24552,58700
24558,58800
24564,58900
24569,59000
24794,59100
24800,59200
24807,59300
24813,59400
24819,59500
24824,59600
24830,59700
24835,59800
24840,59900
24846,60000
25049,60100
25055,60200
25061,60300
25067,60400
25073,60500
25080,60600
25085,60700
25091,60800
25097,60900
25104,61000
25398,61100
25405,61200
25415,61300
25420,61400
25429,61500
25441,61600
25450,61700
25458,61800
25482,61900
25487,62000
25690,62100
25743,62200
25750,62300
25755,62400
25761,62500
25767,62600
25773,62700
25778,62800
25783,62900
25788,63000
26029,63100
26037,63200
26045,63300
26052,63400
26058,63500
26064,63600
26069,63700
26075,63800
26080,63900
26087,64000
26654,64100
26660,64200
26665,64300
26671,64400
26677,64500
26682,64600
26688,64700
26693,64800
26699,64900
26705,65000
26957,65100
26964,65200
27035,65300
27040,65400
27046,65500
27059,65600
27076,65700
27084,65800
27092,65900
27102,66000
27363,66100
27371,66200
27379,66300
27385,66400
27392,66500
27399,66600
27406,66700
27414,66800
27422,66900
27430,67000
27632,67100
27639,67200
27652,67300
27667,67400
27673,67500
27680,67600
27687,67700
27695,67800
27703,67900
27711,68000
28080,68100
28087,68200
28094,68300
28101,68400
28109,68500
28119,68600
28125,68700
28134,68800
28141,68900
28149,69000
28362,69100
28369,69200
28379,69300
28386,69400
28393,69500
28504,69600
28514,69700
28522,69800
28529,69900
28536,70000
28872,70100
28881,70200
28888,70300
28894,70400
28901,70500
28910,70600
28918,70700
28926,70800
28936,70900
28942,71000
29168,71100
29175,71200
29182,71300
29188,71400
29193,71500
29199,71600
29205,71700
29211,71800
29219,71900
29225,72000
29465,72100
29473,72200
29479,72300
29487,72400
29493,72500
29501,72600
29508,72700
29515,72800
29522,72900
29528,73000
29843,73100
29851,73200
29862,73300
29872,73400
29881,73500
29888,73600
29899,73700
29906,73800
29915,73900
29925,74000
30264,74100
30271,74200
30277,74300
30283,74400
30289,74500
30295,74600
30303,74700
30311,74800
30319,74900
30327,75000
30536,75100
30544,75200
30552,75300
30559,75400
30566,75500
30573,75600
30579,75700
30585,75800
30592,75900
30599,76000
30797,76100
30805,76200
30811,76300
30818,76400
30825,76500
30832,76600
30838,76700
30846,76800
30853,76900
30859,77000
31134,77100
31168,77200
31180,77300
31188,77400
31198,77500
31206,77600
31216,77700
31224,77800
31238,77900
31246,78000
31480,78100
31540,78200
31548,78300
31555,78400
31563,78500
31570,78600
31577,78700
31584,78800
31592,78900
31599,79000
31849,79100
31856,79200
31863,79300
31871,79400
31879,79500
31886,79600
31893,79700
31901,79800
31908,79900
31915,80000
32161,80100
32167,80200
32173,80300
32181,80400
32188,80500
32194,80600
32200,80700
32207,80800
32214,80900
32222,81000
32454,81100
32465,81200
32476,81300
32485,81400
32565,81500
32572,81600
32580,81700
32590,81800
32599,81900
32609,82000
32902,82100
32908,82200
32917,82300
32925,82400
32932,82500
32938,82600
32947,82700
32958,82800
32966,82900
32975,83000
33271,83100
33281,83200
33289,83300
33298,83400
33306,83500
33315,83600
33323,83700
33332,83800
33339,83900
33346,84000
33578,84100
33586,84200
33596,84300
33603,84400
33611,84500
33618,84600
33626,84700
33634,84800
33641,84900
33649,85000
33953,85100
33962,85200
33971,85300
34018,85400
34028,85500
34038,85600
34088,85700
34095,85800
34101,85900
34107,86000
34343,86100
34353,86200
34408,86300
34416,86400
34426,86500
34433,86600
34441,86700
34450,86800
34459,86900
34467,87000
34694,87100
34703,87200
34712,87300
34719,87400
34727,87500
34734,87600
34743,87700
34750,87800
34758,87900
34767,88000
34993,88100
35001,88200
35009,88300
35016,88400
35022,88500
35030,88600
35036,88700
35042,88800
35050,88900
35057,89000
35346,89100
35355,89200
35363,89300
35372,89400
35379,89500
35386,89600
35394,89700
35404,89800
35438,89900
35444,90000
35707,90100
35714,90200
35725,90300
35731,90400
35738,90500
35746,90600
35753,90700
35760,90800
35767,90900
35773,91000
36042,91100
36049,91200
36056,91300
36063,91400
36069,91500
36075,91600
36081,91700
36088,91800
36094,91900
36101,92000
36346,92100
36361,92200
36369,92300
36375,92400
36382,92500
36389,92600
36395,92700
36406,92800
36423,92900
36442,93000
36749,93100
36795,93200
36801,93300
36809,93400
36817,93500
36826,93600
36864,93700
36879,93800
36889,93900
36901,94000
37172,94100
37184,94200
37196,94300
37205,94400
37212,94500
37220,94600
37227,94700
37235,94800
37244,94900
37252,95000
37531,95100
37540,95200
37547,95300
37555,95400
37561,95500
37569,95600
37576,95700
37583,95800
37590,95900
37597,96000
37845,96100
37853,96200
37862,96300
37870,96400
37877,96500
37885,96600
37892,96700
37901,96800
37909,96900
37918,97000
38144,97100
38153,97200
38205,97300
38219,97400
38227,97500
38237,97600
38246,97700
38256,97800
38263,97900
38275,98000
38588,98100
38599,98200
38608,98300
38616,98400
38626,98500
38637,98600
38646,98700
38654,98800
38663,98900
38672,99000
38905,99100
38914,99200
38923,99300
38933,99400
38942,99500
38952,99600
38960,99700
38969,99800
38979,99900
38987,100000
39193,100100
39203,100200
39212,100300
39220,100400
39228,100500
39238,100600
39246,100700
39255,100800
39266,100900
39278,101000
39505,101100
39518,101200
39528,101300
39544,101400
39553,101500
39563,101600
39577,101700
39621,101800
39634,101900
39648,102000
39938,102100
39953,102200
39964,102300
39976,102400
39986,102500
39997,102600
40007,102700
40018,102800
40029,102900
40038,103000
40287,103100
40297,103200
40307,103300
40319,103400
40328,103500
40338,103600
40348,103700
40359,103800
40370,103900
40383,104000
40628,104100
40640,104200
40653,104300
40664,104400
40675,104500
40686,104600
40696,104700
40706,104800
40717,104900
40727,105000
40955,105100
40969,105200
40980,105300
40999,105400
41012,105500
41024,105600
41034,105700
41102,105800
41111,105900
41120,106000
41439,106100
41448,106200
41458,106300
41467,106400
41476,106500
41486,106600
41495,106700
41504,106800
41513,106900
41523,107000
41751,107100
41766,107200
41781,107300
41798,107400
41813,107500
41828,107600
41840,107700
41854,107800
41866,107900
41880,108000
42147,108100
42161,108200
42173,108300
42185,108400
42197,108500
42209,108600
42221,108700
42235,108800
42247,108900
42261,109000
42565,109100
42581,109200
42595,109300
42635,109400
42648,109500
42666,109600
42678,109700
42691,109800
42706,109900
42718,110000
43044,110100
43058,110200
43071,110300
43084,110400
43098,110500
43110,110600
43122,110700
43135,110800
43148,110900
43163,111000
43421,111100
43434,111200
43449,111300
43462,111400
43476,111500
43491,111600
43504,111700
43517,111800
43529,111900
43540,112000
43906,112100
43919,112200
43931,112300
43945,112400
43956,112500
43970,112600
43985,112700
43999,112800
44011,112900
44026,113000
44433,113100
44448,113200
44464,113300
44479,113400
44496,113500
44513,113600
44530,113700
44545,113800
44561,113900
44576,114000
44914,114100
44930,114200
44945,114300
44965,114400
44981,114500
44997,114600
45015,114700
45031,114800
45047,114900
45060,115000
45331,115100
45348,115200
45363,115300
45380,115400
45394,115500
45410,115600
45424,115700
45437,115800
45452,115900
45465,116000
45721,116100
45735,116200
45748,116300
45763,116400
45776,116500
45790,116600
45806,116700
45821,116800
45834,116900
45848,117000
46258,117100
46271,117200
46284,117300
46301,117400
46317,117500
46331,117600
46344,117700
46359,117800
46374,117900
46389,118000
46725,118100
46739,118200
46755,118300
46771,118400
46786,118500
46802,118600
46815,118700
46830,118800
46844,118900
46860,119000
47222,119100
47238,119200
47256,119300
47270,119400
47285,119500
47299,119600
47314,119700
47329,119800
47346,119900
47372,120000
47601,120100
47617,120200
47631,120300
47648,120400
47666,120500
47684,120600
47701,120700
47717,120800
47733,120900
47749,121000
48039,121100
48058,121200
48072,121300
48116,121400
48162,121500
48174,121600
48189,121700
48207,121800
48224,121900
48239,122000
48571,122100
48587,122200
48603,122300
48618,122400
48634,122500
48650,122600
48664,122700
48679,122800
48694,122900
48709,123000
49063,123100
49081,123200
49096,123300
49112,123400
49128,123500
49146,123600
49162,123700
49178,123800
49193,123900
49210,124000
49607,124100
49624,124200
49640,124300
49657,124400
49674,124500
49690,124600
49707,124700
49724,124800
49740,124900
49758,125000
50011,125100
50030,125200
50046,125300
50069,125400
50087,125500
50102,125600
50158,125700
50208,125800
50225,125900
50241,126000
50534,126100
50549,126200
50566,126300
50583,126400
50601,126500
50617,126600
50634,126700
50652,126800
50668,126900
50686,127000
51102,127100
51120,127200
51140,127300
51159,127400
51177,127500
51198,127600
51218,127700
51239,127800
51262,127900
51282,128000
51703,128100
51724,128200
51745,128300
51771,128400
51792,128500
51815,128600
51836,128700
51857,128800
51879,128900
51899,129000
52153,129100
52179,129200
52207,129300
52275,129400
52338,129500
52366,129600
52393,129700
52415,129800
52445,129900
52469,130000
52810,130100
52833,130200
52857,130300
52884,130400
52908,130500
52933,130600
52962,130700
52987,130800
53013,130900
53034,131000
53286,131100
53310,131200
53340,131300
53369,131400
53396,131500
53423,131600
53452,131700
53476,131800
53501,131900
53525,132000
54446,132100
54470,132200
54490,132300
54515,132400
54535,132500
54558,132600
54582,132700
54604,132800
54629,132900
54650,133000
54900,133100
54927,133200
54955,133300
54981,133400
55015,133500
55043,133600
55113,133700
55173,133800
55200,133900
55230,134000
55575,134100
55604,134200
55635,134300
55666,134400
55693,134500
55720,134600
55750,134700
55778,134800
55805,134900
55838,135000
56159,135100
56189,135200
56216,135300
56243,135400
56269,135500
56301,135600
56332,135700
56359,135800
56391,135900
56418,136000
56683,136100
56712,136200
56741,136300
56768,136400
56796,136500
56831,136600
56859,136700
56886,136800
56915,136900
56944,137000
57185,137100
57218,137200
57246,137300
57273,137400
57302,137500
57333,137600
57361,137700
57385,137800
57490,137900
57522,138000
57903,138100
57929,138200
57952,138300
57980,138400
58007,138500
58036,138600
58064,138700
58089,138800
58112,138900
58140,139000
58485,139100
58514,139200
58541,139300
58568,139400
58593,139500
58620,139600
58649,139700
58679,139800
58708,139900
58735,140000
59076,140100
59106,140200
59137,140300
59160,140400
59189,140500
59215,140600
59241,140700
59266,140800
59295,140900
59325,141000
60235,141100
60268,141200
60295,141300
60322,141400
60347,141500
60408,141600
60437,141700
60508,141800
60535,141900
60565,142000
60898,142100
60925,142200
60953,142300
60981,142400
61011,142500
61053,142600
61081,142700
61109,142800
61137,142900
61166,143000
61535,143100
61558,143200
61584,143300
61608,143400
61634,143500
61658,143600
61683,143700
61705,143800
61739,143900
61765,144000
62096,144100
62121,144200
62147,144300
62173,144400
62197,144500
62225,144600
62251,144700
62276,144800
62298,144900
62327,145000
62612,145100
62632,145200
62664,145300
62696,145400
62725,145500
62761,145600
62790,145700
62812,145800
62869,145900
62893,146000
63232,146100
63264,146200
63293,146300
63318,146400
63343,146500
63370,146600
63401,146700
63427,146800
63456,146900
63483,147000
63884,147100
63909,147200
63931,147300
63953,147400
63977,147500
64004,147600
64025,147700
64048,147800
64070,147900
64095,148000
64441,148100
64463,148200
64486,148300
64511,148400
64534,148500
64558,148600
64581,148700
64606,148800
64633,148900
64661,149000
64933,149100
64957,149200
64983,149300
65005,149400
65027,149500
65051,149600
65078,149700
65100,149800
65121,149900
65146,150000
65442,150100
65468,150200
65578,150300
65603,150400
65626,150500
65649,150600
65710,150700
65735,150800
65759,150900
65783,151000
66125,151100
66147,151200
66168,151300
66191,151400
66214,151500
66234,151600
66258,151700
66283,151800
66307,151900
66330,152000
66567,152100
66589,152200
66612,152300
66636,152400
66659,152500
66680,152600
66703,152700
66728,152800
66751,152900
66772,153000
67006,153100
67030,153200
67055,153300
67079,153400
67105,153500
67132,153600
67155,153700
67181,153800
67205,153900
67227,154000
67706,154100
67727,154200
67748,154300
67770,154400
67792,154500
67866,154600
67889,154700
67912,154800
67935,154900
67957,155000
68194,155100
68218,155200
68247,155300
68270,155400
68292,155500
68314,155600
68336,155700
68360,155800
68381,155900
68402,156000
68648,156100
68670,156200
68691,156300
68716,156400
68746,156500
68767,156600
68789,156700
68811,156800
68832,156900
68854,157000
69203,157100
69226,157200
69249,157300
69271,157400
69288,157500
69307,157600
69327,157700
69410,157800
69428,157900
69501,158000
69763,158100
69782,158200
69812,158300
69837,158400
69858,158500
69879,158600
69903,158700
69925,158800
69945,158900
69966,159000
70200,159100
70219,159200
70240,159300
70260,159400
70283,159500
70302,159600
70322,159700
70343,159800
70363,159900
70384,160000
70696,160100
70718,160200
70742,160300
70764,160400
70788,160500
70808,160600
70836,160700
70863,160800
70886,160900
70912,161000
71266,161100
71294,161200
71317,161300
71340,161400
71370,161500
71405,161600
71438,161700
71508,161800
71529,161900
71556,162000
71888,162100
71909,162200
71935,162300
71959,162400
71982,162500
72004,162600
72029,162700
72055,162800
72077,162900
72103,163000
72425,163100
72447,163200
72469,163300
72489,163400
72510,163500
72532,163600
72568,163700
72595,163800
72621,163900
72645,164000
73027,164100
73049,164200
73073,164300
73095,164400
73118,164500
73139,164600
73162,164700
73188,164800
73212,164900
73236,165000
73643,165100
73666,165200
73689,165300
73713,165400
73735,165500
73756,165600
73780,165700
73803,165800
73862,165900
73888,166000
74239,166100
74265,166200
74293,166300
74316,166400
74340,166500
74398,166600
74428,166700
74459,166800
74488,166900
74520,167000
74903,167100
74929,167200
74952,167300
74972,167400
74993,167500
75015,167600
75038,167700
75064,167800
75090,167900
75113,168000
75496,168100
75522,168200
75545,168300
75568,168400
75590,168500
75610,168600
75633,168700
75659,168800
75681,168900
75704,169000
76070,169100
76096,169200
76123,169300
76152,169400
76176,169500
76199,169600
76226,169700
76254,169800
76290,169900
76314,170000
76662,170100
76685,170200
76707,170300
76727,170400
76752,170500
76826,170600
76881,170700
76901,170800
76955,170900
76976,171000
77507,171100
77533,171200
77560,171300
77583,171400
77607,171500
77630,171600
77652,171700
77673,171800
77695,171900
77717,172000
78068,172100
78092,172200
78117,172300
78141,172400
78162,172500
78185,172600
78204,172700
78225,172800
78249,172900
78271,173000
78609,173100
78634,173200
78657,173300
78681,173400
78706,173500
78730,173600
78752,173700
78771,173800
78791,173900
78811,174000
79189,174100
79215,174200
79239,174300
79266,174400
79399,174500
79426,174600
79450,174700
79474,174800
79496,174900
79520,175000
80056,175100
80083,175200
80111,175300
80138,175400
80166,175500
80196,175600
80223,175700
80252,175800
80278,175900
80309,176000
80647,176100
80677,176200
80702,176300
80728,176400
80760,176500
80788,176600
80813,176700
80837,176800
80861,176900
80888,177000
81245,177100
81272,177200
81301,177300
81328,177400
81354,177500
81376,177600
81401,177700
81427,177800
81451,177900
81478,178000
81854,178100
81881,178200
81914,178300
81944,178400
82034,178500
82062,178600
82093,178700
82125,178800
82193,178900
82252,179000
82780,179100
82812,179200
82842,179300
82878,179400
82915,179500
82947,179600
82984,179700
83022,179800
83059,179900
83093,180000
83557,180100
83598,180200
83640,180300
83683,180400
83726,180500
83765,180600
83816,180700
83871,180800
83919,180900
83963,181000
84486,181100
84537,181200
84589,181300
84634,181400
84685,181500
84740,181600
84783,181700
84881,181800
84930,181900
85020,182000
85473,182100
85533,182200
85579,182300
85621,182400
85663,182500
85709,182600
85740,182700
85772,182800
85828,182900
85887,183000
86383,183100
86434,183200
86461,183300
86509,183400
86556,183500
86599,183600
86642,183700
86692,183800
86740,183900
86787,184000
87266,184100
87304,184200
87349,184300
87411,184400
87481,184500
87541,184600
87608,184700
87678,184800
87726,184900
87778,185000
88326,185100
88376,185200
88423,185300
88490,185400
88541,185500
88593,185600
88643,185700
88684,185800
88824,185900
88863,186000
89277,186100
89323,186200
89373,186300
89423,186400
89470,186500
89521,186600
89568,186700
89612,186800
89658,186900
89704,187000
90244,187100
90281,187200
90334,187300
90375,187400
90418,187500
90460,187600
90506,187700
90549,187800
90598,187900
90637,188000
91180,188100
91217,188200
91257,188300
91307,188400
91358,188500
91405,188600
91453,188700
91496,188800
91531,188900
91578,189000
91978,189100
92023,189200
92072,189300
92134,189400
92191,189500
92255,189600
92313,189700
92369,189800
92429,189900
92484,190000
93078,190100
93126,190200
93178,190300
93232,190400
93285,190500
93331,190600
93377,190700
93418,190800
93460,190900
93505,191000
93944,191100
93992,191200
94042,191300
94088,191400
94134,191500
94202,191600
94269,191700
94331,191800
94382,191900
94427,192000
95110,192100
95155,192200
95197,192300
95248,192400
95296,192500
95347,192600
95398,192700
95447,192800
95498,192900
95547,193000
96086,193100
96131,193200
96178,193300
96221,193400
96272,193500
96317,193600
96388,193700
96450,193800
96501,193900
96563,194000
97061,194100
97131,194200
97198,194300
97306,194400
97371,194500
97431,194600
97486,194700
97542,194800
97591,194900
97650,195000
98111,195100
98165,195200
98213,195300
98261,195400
98308,195500
98367,195600
98414,195700
98457,195800
98510,195900
98559,196000
98944,196100
98990,196200
99038,196300
99081,196400
99135,196500
99193,196600
99244,196700
99297,196800
99344,196900
99392,197000
99817,197100
99881,197200
99933,197300
99993,197400
100054,197500
100119,197600
100170,197700
100223,197800
100278,197900
100333,198000
100766,198100
100862,198200
100920,198300
101059,198400
101109,198500
101163,198600
101221,198700
101275,198800
101323,198900
101372,199000
101913,199100
101954,199200
101997,199300
102041,199400
102095,199500
102152,199600
102211,199700
102259,199800
102306,199900
102349,200000
102788,200100
102831,200200
102877,200300
102923,200400
102970,200500
103022,200600
103085,200700
103133,200800
103181,200900
103238,201000
103707,201100
103753,201200
103797,201300
103844,201400
103902,201500
103962,201600
104024,201700
104087,201800
104155,201900
104219,202000
104720,202100
104790,202200
104868,202300
104973,202400
105118,202500
105179,202600
105232,202700
105285,202800
105338,202900
105390,203000
106004,203100
106060,203200
106117,203300
106162,203400
106215,203500
106275,203600
106329,203700
106393,203800
106442,203900
106500,204000
107014,204100
107061,204200
107118,204300
107169,204400
107217,204500
107283,204600
107337,204700
107387,204800
107440,204900
107492,205000
107967,205100
108003,205200
108042,205300
108080,205400
108123,205500
108171,205600
108231,205700
108298,205800
108355,205900
108407,206000
108834,206100
108890,206200
108947,206300
108995,206400
109050,206500
109111,206600
109228,206700
109353,206800
109408,206900
109462,207000
109987,207100
110032,207200
110081,207300
110122,207400
110164,207500
110210,207600
110259,207700
110307,207800
110359,207900
110410,208000
110927,208100
110985,208200
111043,208300
111112,208400
111162,208500
111222,208600
111279,208700
111333,208800
111399,208900
111458,209000
111904,209100
111963,209200
112015,209300
112065,209400
112121,209500
112190,209600
112246,209700
112302,209800
112361,209900
112416,210000
112892,210100
112954,210200
113018,210300
113085,210400
113136,210500
113242,210600
113295,210700
113383,210800
113489,210900
113552,211000
113959,211100
114025,211200
114083,211300
114135,211400
114196,211500
114258,211600
114309,211700
114365,211800
114423,211900
114492,212000
115224,212100
115302,212200
115362,212300
115424,212400
115491,212500
115557,212600
115629,212700
115704,212800
115770,212900
115843,213000
116359,213100
116429,213200
116485,213300
116554,213400
116618,213500
116673,213600
116734,213700
116793,213800
116864,213900
116922,214000
117395,214100
117460,214200
117524,214300
117577,214400
117635,214500
117682,214600
117794,214700
117885,214800
117950,214900
118048,215000
118620,215100
118681,215200
118741,215300
118794,215400
118850,215500
118905,215600
118964,215700
119037,215800
119102,215900
119169,216000
119687,216100
119766,216200
119839,216300
119910,216400
119967,216500
120029,216600
120104,216700
120188,216800
120261,216900
120349,217000
120887,217100
120964,217200
121037,217300
121111,217400
121186,217500
121258,217600
121352,217700
121453,217800
121531,217900
121616,218000
122109,218100
122316,218200
122385,218300
122463,218400
122577,218500
122647,218600
122721,218700
122782,218800
122841,218900
122900,219000
123441,219100
123511,219200
123579,219300
123649,219400
123706,219500
123768,219600
123844,219700
123907,219800
123966,219900
124034,220000
124602,220100
124679,220200
124745,220300
124820,220400
124887,220500
124960,220600
125030,220700
125101,220800
125175,220900
125240,221000
125875,221100
125961,221200
126035,221300
126114,221400
126174,221500
126248,221600
126309,221700
126386,221800
126469,221900
126549,222000
127026,222100
127105,222200
127229,222300
127306,222400
127388,222500
127512,222600
127633,222700
127713,222800
127781,222900
127854,223000
128468,223100
128543,223200
128611,223300
128675,223400
128738,223500
128804,223600
128897,223700
128971,223800
129046,223900
129107,224000
129702,224100
129771,224200
129840,224300
129921,224400
130005,224500
130090,224600
130176,224700
130260,224800
130325,224900
130384,225000
130949,225100
131028,225200
131121,225300
131206,225400
131299,225500
131379,225600
131469,225700
131547,225800
131627,225900
131703,226000
132273,226100
132378,226200
132439,226300
132531,226400
132597,226500
132670,226600
132750,226700
132828,226800
132935,226900
132998,227000
133593,227100
133655,227200
133728,227300
133787,227400
133860,227500
133922,227600
133982,227700
134042,227800
134121,227900
134198,228000
134850,228100
134937,228200
135029,228300
135106,228400
135192,228500
135270,228600
135354,228700
135429,228800
135527,228900
135601,229000
136163,229100
136262,229200
136353,229300
136464,229400
136567,229500
136689,229600
136803,229700
136915,229800
137016,229900
137098,230000
137758,230100
137871,230200
137986,230300
138140,230400
138231,230500
138334,230600
138435,230700
138539,230800
138648,230900
138724,231000
139249,231100
139322,231200
139392,231300
139474,231400
139547,231500
139625,231600
139708,231700
139779,231800
139870,231900
139934,232000
140487,232100
140575,232200
140647,232300
140708,232400
140774,232500
140847,232600
140926,232700
141011,232800
141091,232900
141188,233000
141840,233100
141928,233200
142007,233300
142084,233400
142174,233500
142256,233600
142343,233700
142428,233800
142545,233900
142632,234000
143139,234100
143242,234200
143349,234300
143502,234400
143582,234500
143678,234600
143762,234700
143886,234800
143967,234900
144052,235000
144693,235100
144773,235200
144856,235300
144942,235400
145028,235500
145111,235600
145201,235700
145277,235800
145359,235900
145436,236000
146114,236100
146193,236200
146281,236300
146367,236400
146453,236500
146531,236600
146609,236700
146687,236800
146753,236900
146826,237000
147395,237100
147486,237200
147583,237300
147667,237400
147763,237500
147862,237600
147949,237700
148047,237800
148130,237900
148212,238000
148707,238100
148786,238200
148879,238300
148983,238400
149074,238500
149170,238600
149323,238700
149444,238800
149515,238900
149595,239000
150163,239100
150224,239200
150287,239300
150351,239400
150417,239500
150492,239600
150562,239700
150628,239800
150697,239900
150775,240000
151457,240100
151538,240200
151613,240300
151679,240400
151740,240500
151814,240600
151875,240700
151937,240800
152007,240900
152073,241000
152567,241100
152634,241200
152688,241300
152758,241400
152830,241500
152900,241600
152963,241700
153014,241800
153077,241900
153156,242000
153640,242100
153728,242200
153834,242300
153922,242400
154025,242500
154103,242600
154179,242700
154259,242800
154328,242900
154389,243000
155003,243100
155115,243200
155192,243300
155253,243400
155338,243500
155413,243600
155521,243700
155591,243800
155661,243900
155722,244000
156188,244100
156246,244200
156312,244300
156380,244400
156438,244500
156498,244600
156557,244700
156622,244800
156671,244900
156736,245000
157317,245100
157370,245200
157414,245300
157468,245400
157520,245500
157579,245600
157636,245700
157698,245800
157759,245900
157813,246000
158343,246100
158420,246200
158517,246300
158583,246400
158649,246500
158708,246600
158772,246700
158833,246800
158908,246900
158981,247000
159458,247100
159516,247200
159585,247300
159643,247400
159701,247500
159755,247600
159855,247700
159905,247800
159952,247900
160022,248000
160499,248100
160570,248200
160639,248300
160711,248400
160778,248500
160839,248600
160893,248700
160947,248800
160996,248900
161071,249000
161715,249100
161778,249200
161852,249300
161972,249400
162047,249500
162111,249600
162199,249700
162261,249800
162339,249900
162399,250000
162877,250100
162945,250200
163008,250300
163083,250400
163165,250500
163239,250600
163315,250700
163393,250800
163466,250900
163553,251000
164053,251100
164118,251200
164184,251300
164242,251400
164290,251500
164346,251600
164394,251700
164464,251800
164597,251900
164668,252000
165185,252100
165270,252200
165351,252300
165435,252400
165530,252500
165598,252600
165670,252700
165734,252800
165802,252900
165878,253000
166562,253100
166647,253200
166781,253300
166853,253400
166930,253500
166993,253600
167066,253700
167137,253800
167217,253900
167282,254000
167952,254100
168033,254200
168120,254300
168216,254400
168311,254500
168415,254600
168517,254700
168599,254800
168687,254900
168775,255000
169426,255100
169496,255200
169553,255300
169607,255400
169669,255500
169723,255600
169776,255700
169841,255800
169918,255900
169989,256000
170615,256100
170700,256200
170773,256300
170844,256400
170916,256500
170991,256600
171062,256700
171135,256800
171193,256900
171262,257000
171852,257100
171936,257200
172007,257300
172082,257400
172163,257500
172301,257600
172367,257700
172436,257800
172495,257900
172565,258000
173063,258100
173146,258200
173220,258300
173324,258400
173402,258500
173510,258600
173604,258700
173682,258800
173779,258900
173855,259000
174364,259100
174436,259200
174512,259300
174633,259400
174694,259500
174758,259600
174832,259700
174904,259800
174981,259900
175041,260000
175643,260100
175711,260200
175799,260300
175857,260400
175939,260500
176004,260600
176063,260700
176128,260800
176196,260900
176273,261000
176816,261100
176914,261200
176995,261300
177098,261400
177189,261500
177276,261600
177359,261700
177470,261800
177527,261900
177579,262000
178254,262100
178337,262200
178424,262300
178497,262400
178580,262500
178657,262600
178742,262700
178817,262800
178908,262900
178990,263000
179555,263100
179624,263200
179694,263300
179758,263400
179825,263500
179958,263600
180029,263700
180085,263800
180147,263900
180213,264000
180818,264100
180899,264200
180970,264300
181047,264400
181124,264500
181189,264600
181265,264700
181332,264800
181393,264900
181468,265000
182004,265100
182088,265200
182177,265300
182282,265400
182367,265500
182467,265600
182580,265700
182686,265800
182811,265900
182882,266000
183426,266100
183500,266200
183574,266300
183635,266400
183705,266500
183785,266600
183859,266700
183944,266800
184020,266900
184098,267000
184615,267100
184710,267200
184782,267300
184845,267400
184914,267500
184982,267600
185037,267700
185107,267800
185216,267900
185308,268000
185803,268100
185911,268200
186014,268300
186122,268400
186241,268500
186370,268600
186488,268700
186596,268800
186684,268900
186755,269000
187332,269100
187456,269200
187551,269300
187641,269400
187765,269500
187865,269600
187985,269700
188092,269800
188206,269900
188289,270000
188980,270100
189072,270200
189193,270300
189356,270400
189529,270500
189675,270600
189801,270700
189920,270800
190054,270900
190181,271000
190793,271100
190892,271200
190989,271300
191079,271400
191188,271500
191320,271600
191461,271700
191581,271800
191721,271900
191868,272000
192408,272100
192550,272200
192671,272300
192766,272400
192875,272500
192995,272600
193110,272700
193218,272800
193319,272900
193445,273000
194081,273100
194241,273200
194436,273300
194519,273400
194639,273500
194749,273600
194849,273700
194934,273800
195010,273900
195168,274000
195791,274100
195879,274200
195993,274300
196090,274400
196170,274500
196273,274600
196368,274700
196458,274800
196544,274900
196630,275000
197197,275100
197281,275200
197382,275300
197482,275400
197564,275500
197666,275600
197767,275700
197839,275800
197923,275900
198006,276000
198581,276100
198681,276200
198775,276300
198852,276400
198933,276500
199041,276600
199128,276700
199221,276800
199313,276900
199404,277000
200034,277100
200149,277200
200241,277300
200335,277400
200474,277500
200614,277600
200733,277700
200830,277800
200928,277900
201009,278000
201518,278100
201597,278200
201746,278300
201851,278400
201957,278500
202058,278600
202162,278700
202247,278800
202350,278900
202467,279000
202976,279100
203089,279200
203166,279300
203259,279400
203336,279500
203416,279600
203496,279700
203579,279800
203651,279900
203732,280000
204309,280100
204380,280200
204462,280300
204567,280400
204658,280500
204758,280600
204860,280700
204934,280800
205029,280900
205113,281000
205645,281100
205729,281200
205808,281300
205895,281400
205982,281500
206099,281600
206216,281700
206329,281800
206475,281900
206570,282000
207123,282100
207225,282200
207332,282300
207471,282400
207561,282500
207654,282600
207763,282700
207870,282800
207977,282900
208088,283000
208687,283100
208780,283200
208875,283300
208956,283400
209045,283500
209121,283600
209218,283700
209319,283800
209400,283900
209501,284000
210033,284100
210147,284200
210240,284300
210356,284400
210465,284500
210564,284600
210679,284700
210764,284800
210859,284900
210975,285000
211711,285100
211858,285200
211975,285300
212134,285400
212309,285500
212437,285600
212628,285700
212736,285800
212845,285900
212944,286000
213480,286100
213560,286200
213651,286300
213763,286400
213875,286500
213983,286600
214080,286700
214201,286800
214312,286900
214450,287000
215057,287100
215145,287200
215232,287300
215336,287400
215440,287500
215538,287600
215676,287700
215802,287800
215926,287900
216023,288000
216555,288100
216652,288200
216742,288300
216876,288400
216983,288500
217084,288600
217204,288700
217364,288800
217523,288900
217651,289000
218274,289100
218402,289200
218529,289300
218670,289400
218795,289500
218909,289600
219031,289700
219149,289800
219301,289900
219476,290000
220084,290100
220251,290200
220370,290300
220488,290400
220636,290500
220776,290600
220863,290700
220971,290800
221073,290900
221177,291000
221846,291100
221937,291200
222042,291300
222151,291400
222249,291500
222369,291600
222470,291700
222573,291800
222698,291900
222783,292000
223348,292100
223441,292200
223534,292300
223648,292400
223773,292500
223881,292600
224012,292700
224115,292800
224222,292900
224340,293000
224964,293100
225080,293200
225226,293300
225342,293400
225481,293500
225600,293600
225739,293700
225849,293800
225960,293900
226079,294000
226757,294100
226881,294200
227083,294300
227200,294400
227313,294500
227499,294600
227622,294700
227746,294800
227875,294900
228015,295000
228580,295100
228723,295200
228823,295300
228922,295400
229006,295500
229073,295600
229172,295700
229270,295800
229386,295900
229483,296000
230080,296100
230201,296200
230302,296300
230406,296400
230503,296500
230605,296600
230702,296700
230832,296800
230929,296900
231036,297000
231670,297100
231815,297200
231925,297300
232077,297400
232192,297500
232329,297600
232447,297700
232542,297800
232661,297900
232771,298000
233352,298100
233498,298200
233624,298300
233779,298400
233974,298500
234153,298600
234253,298700
234346,298800
234454,298900
234565,299000
235140,299100
235257,299200
235379,299300
235472,299400
235590,299500
235695,299600
235800,299700
235923,299800
236045,299900
236145,300000
236777,300100
236860,300200
236993,300300
237104,300400
237224,300500
237344,300600
237462,300700
237592,300800
237717,300900
237832,301000
238519,301100
238631,301200
238799,301300
238917,301400
239041,301500
239180,301600
239303,301700
239459,301800
239584,301900
239729,302000
240266,302100
240417,302200
240586,302300
240696,302400
240831,302500
241105,302600
241237,302700
241378,302800
241546,302900
241679,303000
242260,303100
242405,303200
242552,303300
242682,303400
242803,303500
242902,303600
243013,303700
243115,303800
243227,303900
243349,304000
243949,304100
244043,304200
244189,304300
244319,304400
244449,304500
244590,304600
244691,304700
244786,304800
244912,304900
245045,305000
245648,305100
245787,305200
245917,305300
246046,305400
246188,305500
246318,305600
246420,305700
246531,305800
246617,305900
246738,306000
247388,306100
247514,306200
247665,306300
247865,306400
247982,306500
248128,306600
248259,306700
248449,306800
248544,306900
248642,307000
249290,307100
249362,307200
249473,307300
249566,307400
249675,307500
249774,307600
249872,307700
249979,307800
250079,307900
250189,308000
250691,308100
250797,308200
250886,308300
250981,308400
251086,308500
251214,308600
251391,308700
251548,308800
251682,308900
251841,309000
252477,309100
252605,309200
252726,309300
252863,309400
253017,309500
253150,309600
253332,309700
253521,309800
253691,309900
253865,310000
254487,310100
254624,310200
254781,310300
254901,310400
255089,310500
255222,310600
255357,310700
255562,310800
255727,310900
255838,311000
256451,311100
256567,311200
256702,311300
256843,311400
256944,311500
257062,311600
257167,311700
257321,311800
257445,311900
257577,312000
258234,312100
258370,312200
258506,312300
258623,312400
258763,312500
258887,312600
258988,312700
259143,312800
259287,312900
259399,313000
260284,313100
260408,313200
260561,313300
260711,313400
260833,313500
260964,313600
261065,313700
261179,313800
261316,313900
261478,314000
262124,314100
262327,314200
262537,314300
262701,314400
262974,314500
263106,314600
263218,314700
263329,314800
263449,314900
263579,315000
264295,315100
264423,315200
264589,315300
264713,315400
264868,315500
264991,315600
265114,315700
265247,315800
265463,315900
265572,316000
266171,316100
266283,316200
266400,316300
266503,316400
266625,316500
266741,316600
266872,316700
266991,316800
267107,316900
267253,317000
267929,317100
268065,317200
268216,317300
268410,317400
268595,317500
268754,317600
268906,317700
269085,317800
269214,317900
269394,318000
270061,318100
270217,318200
270416,318300
270525,318400
270672,318500
270823,318600
271059,318700
271237,318800
271374,318900
271532,319000
272080,319100
272221,319200
272439,319300
272552,319400
272690,319500
272860,319600
272976,319700
273158,319800
273393,319900
273563,320000
274135,320100
274245,320200
274354,320300
274486,320400
274582,320500
274688,320600
274818,320700
274982,320800
275142,320900
275297,321000
275989,321100
276123,321200
276277,321300
276446,321400
276591,321500
276739,321600
276868,321700
276993,321800
277154,321900
277319,322000
277927,322100
278112,322200
278369,322300
278554,322400
278705,322500
278915,322600
279069,322700
279218,322800
279341,322900
279497,323000
280250,323100
280397,323200
280540,323300
280680,323400
280809,323500
280936,323600
281079,323700
281219,323800
281321,323900
281462,324000
282144,324100
282300,324200
282452,324300
282607,324400
282766,324500
282924,324600
283054,324700
283187,324800
283312,324900
283433,325000
284078,325100
284261,325200
284442,325300
284621,325400
284807,325500
284953,325600
285137,325700
285320,325800
285447,325900
285584,326000
286295,326100
286482,326200
286676,326300
286904,326400
287126,326500
287299,326600
287516,326700
287674,326800
287835,326900
287990,327000
288647,327100
288800,327200
288987,327300
289213,327400
289379,327500
289536,327600
289707,327700
289851,327800
289989,327900
290122,328000
290775,328100
290961,328200
291116,328300
291295,328400
291435,328500
291600,328600
291751,328700
291911,328800
292090,328900
292262,329000
292936,329100
293114,329200
293315,329300
293485,329400
293715,329500
293934,329600
294142,329700
294408,329800
294621,329900
294816,330000
295621,330100
295803,330200
296016,330300
296172,330400
296366,330500
296514,330600
296692,330700
296850,330800
296992,330900
297153,331000
298089,331100
298224,331200
298370,331300
298531,331400
298703,331500
298867,331600
299021,331700
299169,331800
299323,331900
299449,332000
300107,332100
300234,332200
300366,332300
300546,332400
300733,332500
300886,332600
301123,332700
301298,332800
301470,332900
301633,333000
302465,333100
302658,333200
302882,333300
303080,333400
303284,333500
303495,333600
303678,333700
303900,333800
304082,333900
304263,334000
305049,334100
305202,334200
305389,334300
305606,334400
305847,334500
306103,334600
306294,334700
306500,334800
306684,334900
306878,335000
307740,335100
307897,335200
308093,335300
308265,335400
308436,335500
308614,335600
308760,335700
308876,335800
308999,335900
309130,336000
309768,336100
309916,336200
310027,336300
310203,336400
310330,336500
310504,336600
310661,336700
310807,336800
310926,336900
311044,337000
311677,337100
311877,337200
312062,337300
312276,337400
312479,337500
312662,337600
312925,337700
313107,337800
313308,337900
313536,338000
314300,338100
314531,338200
314759,338300
315022,338400
315198,338500
315417,338600
315585,338700
315810,338800
316024,338900
316220,339000
317040,339100
317191,339200
317413,339300
317579,339400
317705,339500
317873,339600
318033,339700
318219,339800
318378,339900
318521,340000
319187,340100
319367,340200
319550,340300
319719,340400
319924,340500
320155,340600
320333,340700
320481,340800
320610,340900
320740,341000
321480,341100
321671,341200
321856,341300
322097,341400
322241,341500
322474,341600
322697,341700
322916,341800
323098,341900
323306,342000
324163,342100
324382,342200
324541,342300
324727,342400
324901,342500
325154,342600
325344,342700
325544,342800
325742,342900
325917,343000
326660,343100
326942,343200
327224,343300
327513,343400
327733,343500
327994,343600
328193,343700
328392,343800
328610,343900
328821,344000
329529,344100
329682,344200
329831,344300
329975,344400
330166,344500
330371,344600
330540,344700
330723,344800
330935,344900
331130,345000
331887,345100
332120,345200
332375,345300
332610,345400
332840,345500
333152,345600
333385,345700
333662,345800
333938,345900
334213,346000
334987,346100
335167,346200
335386,346300
335578,346400
335751,346500
335941,346600
336081,346700
336251,346800
336435,346900
336617,347000
337458,347100
337636,347200
337830,347300
338014,347400
338189,347500
338359,347600
338493,347700
338662,347800
338858,347900
339009,348000
339709,348100
339888,348200
340078,348300
340268,348400
340450,348500
340624,348600
340786,348700
340974,348800
341168,348900
341287,349000
342011,349100
342199,349200
342402,349300
342652,349400
342815,349500
343022,349600
343263,349700
343440,349800
343669,349900
343894,350000
344606,350100
344915,350200
345195,350300
345482,350400
345687,350500
345917,350600
346115,350700
346307,350800
346502,350900
346728,351000
347459,351100
347811,351200
348082,351300
348269,351400
348502,351500
348696,351600
348902,351700
349093,351800
349293,351900
349553,352000
350253,352100
350445,352200
350658,352300
350834,352400
351013,352500
351202,352600
351386,352700
351567,352800
351733,352900
351915,353000
352646,353100
352899,353200
353163,353300
353426,353400
353717,353500
353973,353600
354229,353700
354440,353800
354702,353900
354993,354000
355813,354100
356078,354200
356370,354300
356600,354400
356786,354500
356994,354600
357213,354700
357400,354800
357638,354900
357852,355000
358703,355100
358906,355200
359101,355300
359285,355400
359495,355500
359697,355600
359854,355700
360016,355800
360165,355900
360358,356000
361044,356100
361219,356200
361405,356300
361565,356400
361731,356500
361897,356600
362092,356700
362229,356800
362384,356900
362556,357000
363494,357100
363787,357200
364022,357300
364203,357400
364432,357500
364688,357600
364930,357700
365151,357800
365422,357900
365700,358000
366446,358100
366711,358200
366995,358300
367215,358400
367427,358500
367718,358600
367986,358700
368191,358800
368435,358900
368709,359000
369592,359100
369803,359200
370043,359300
370255,359400
370421,359500
370632,359600
370800,359700
370924,359800
371093,359900
371269,360000
371972,360100
372169,360200
372395,360300
372594,360400
372792,360500
373024,360600
373238,360700
373438,360800
373607,360900
373822,361000
374704,361100
374985,361200
375360,361300
375651,361400
375908,361500
376190,361600
376509,361700
376788,361800
377132,361900
377330,362000
378334,362100
378626,362200
378819,362300
379063,362400
379270,362500
379474,362600
379752,362700
380022,362800
380192,362900
380449,363000
381341,363100
381550,363200
381824,363300
382075,363400
382256,363500
382459,363600
382650,363700
382845,363800
383010,363900
383202,364000
384004,364100
384304,364200
384616,364300
384914,364400
385253,364500
385562,364600
385836,364700
386160,364800
386583,364900
386847,365000
387905,365100
388220,365200
388524,365300
388808,365400
389138,365500
389456,365600
389709,365700
390065,365800
390286,365900
390594,366000
391543,366100
391792,366200
392021,366300
392319,366400
392576,366500
392795,366600
393037,366700
393257,366800
393479,366900
393753,367000
394629,367100
394912,367200
395189,367300
395465,367400
395800,367500
396189,367600
396501,367700
396851,367800
397234,367900
397555,368000
398383,368100
398644,368200
398884,368300
399231,368400
399601,368500
399986,368600
400373,368700
400640,368800
400845,368900
401034,369000
402051,369100
402279,369200
402604,369300
402817,369400
403123,369500
403448,369600
403773,369700
404113,369800
404346,369900
404571,370000
405286,370100
405527,370200
405801,370300
406021,370400
406271,370500
406525,370600
406732,370700
406976,370800
407183,370900
407402,371000
408334,371100
408581,371200
408787,371300
409034,371400
409286,371500
409496,371600
409723,371700
409928,371800
410112,371900
410302,372000
411052,372100
411235,372200
411476,372300
411686,372400
411959,372500
412172,372600
412495,372700
412806,372800
413022,372900
413198,373000
414022,373100
414322,373200
414546,373300
414821,373400
415081,373500
415414,373600
415709,373700
416204,373800
416704,373900
417032,374000
418004,374100
418325,374200
418642,374300
418951,374400
419317,374500
419661,374600
420075,374700
420425,374800
420733,374900
421022,375000
422023,375100
422252,375200
422463,375300
422704,375400
422974,375500
423188,375600
423432,375700
423638,375800
423837,375900
424108,376000
424948,376100
425152,376200
425398,376300
425578,376400
425839,376500
426076,376600
426275,376700
426549,376800
426838,376900
427043,377000
427926,377100
428254,377200
428517,377300
428771,377400
429066,377500
429334,377600
429611,377700
429957,377800
430423,377900
430770,378000
431822,378100
432154,378200
432521,378300
432795,378400
433076,378500
433344,378600
433611,378700
433854,378800
434152,378900
434455,379000
435348,379100
435578,379200
435887,379300
436114,379400
436359,379500
436556,379600
436798,379700
437084,379800
437329,379900
437548,380000
438377,380100
438597,380200
438876,380300
439158,380400
439401,380500
439695,380600
439943,380700
440205,380800
440465,380900
440723,381000
441682,381100
442036,381200
442345,381300
442645,381400
442949,381500
443246,381600
443564,381700
443977,381800
444269,381900
444577,382000
446461,382100
446845,382200
447226,382300
447557,382400
447853,382500
448163,382600
448515,382700
448848,382800
449172,382900
449494,383000
450747,383100
451014,383200
451285,383300
451516,383400
451807,383500
452057,383600
452280,383700
452529,383800
452805,383900
453047,384000
453999,384100
454301,384200
454544,384300
454849,384400
455106,384500
455328,384600
455566,384700
455774,384800
456127,384900
456419,385000
457434,385100
457784,385200
458120,385300
458427,385400
458806,385500
459102,385600
459432,385700
459794,385800
460052,385900
460289,386000
461196,386100
461530,386200
461873,386300
462200,386400
462548,386500
462875,386600
463182,386700
463516,386800
463841,386900
464103,387000
465181,387100
465577,387200
465905,387300
466203,387400
466525,387500
466798,387600
467084,387700
467364,387800
467665,387900
467995,388000
469027,388100
469367,388200
469701,388300
470048,388400
470340,388500
470660,388600
471010,388700
471387,388800
471726,388900
472044,389000
473245,389100
473677,389200
474039,389300
474397,389400
474783,389500
475257,389600
475729,389700
476062,389800
476378,389900
476688,390000
477707,390100
477992,390200
478347,390300
478660,390400
478973,390500
479269,390600
479683,390700
479972,390800
480347,390900
480607,391000
481701,391100
482000,391200
482331,391300
482713,391400
483139,391500
483423,391600
483626,391700
483967,391800
484304,391900
484630,392000
485525,392100
485863,392200
486110,392300
486416,392400
486701,392500
486940,392600
487198,392700
487463,392800
487788,392900
488034,393000
489141,393100
489608,393200
489980,393300
490426,393400
490954,393500
491358,393600
491846,393700
492132,393800
492381,393900
492652,394000
493787,394100
494272,394200
494708,394300
495356,394400
495715,394500
496007,394600
496329,394700
496643,394800
496913,394900
497174,395000
498291,395100
498741,395200
499104,395300
499463,395400
499818,395500
500115,395600
500507,395700
500795,395800
501049,395900
501341,396000
502332,396100
502763,396200
503141,396300
503514,396400
503804,396500
504086,396600
504402,396700
504684,396800
504966,396900
505269,397000
506290,397100
506629,397200
507056,397300
507444,397400
507834,397500
508189,397600
508550,397700
509112,397800
509355,397900
509635,398000
510585,398100
510966,398200
511296,398300
511857,398400
512225,398500
512667,398600
513068,398700
513583,398800
513976,398900
514297,399000
515428,399100
515873,399200
516297,399300
516723,399400
517342,399500
517782,399600
518226,399700
518570,399800
518925,399900
519226,400000
520221,400100
520572,400200
520851,400300
521153,400400
521507,400500
521892,400600
522290,400700
522654,400800
523142,400900
523537,401000
524794,401100
525214,401200
525720,401300
526181,401400
526603,401500
527015,401600
527446,401700
527715,401800
528020,401900
528263,402000
529423,402100
529753,402200
530086,402300
530444,402400
530792,402500
531219,402600
531569,402700
531899,402800
532213,402900
532550,403000
533619,403100
533895,403200
534418,403300
534720,403400
534978,403500
535283,403600
535639,403700
535931,403800
536214,403900
536492,404000
537441,404100
537710,404200
537975,404300
538293,404400
538615,404500
538900,404600
539254,404700
539521,404800
540096,404900
540400,405000
541526,405100
541967,405200
542355,405300
542795,405400
543268,405500
543714,405600
544035,405700
544395,405800
544694,405900
544943,406000
546139,406100
546508,406200
546853,406300
547255,406400
547568,406500
547894,406600
548264,406700
548662,406800
548990,406900
549342,407000
550326,407100
550736,407200
551144,407300
551453,407400
551823,407500
552184,407600
552453,407700
552807,407800
553170,407900
553449,408000
554460,408100
554790,408200
555091,408300
555427,408400
555740,408500
556002,408600
556407,408700
556754,408800
557107,408900
557401,409000
558542,409100
559021,409200
559474,409300
559944,409400
560369,409500
560803,409600
561191,409700
561458,409800
561751,409900
562186,410000
563298,410100
563657,410200
564046,410300
564456,410400
564783,410500
565211,410600
565500,410700
565760,410800
566078,410900
566340,411000
567555,411100
567991,411200
568315,411300
568676,411400
569023,411500
569321,411600
569654,411700
570030,411800
570326,411900
570625,412000
571667,412100
572005,412200
572325,412300
572690,412400
573163,412500
573489,412600
573837,412700
574156,412800
574372,412900
574644,413000
575632,413100
576079,413200
576528,413300
577031,413400
577448,413500
577885,413600
578459,413700
578924,413800
579207,413900
579514,414000
580663,414100
581066,414200
581521,414300
581958,414400
582345,414500
582758,414600
583211,414700
583598,414800
583833,414900
584217,415000
585262,415100
585738,415200
586088,415300
586505,415400
586808,415500
587172,415600
587549,415700
587908,415800
588196,415900
588528,416000
589678,416100
590094,416200
590503,416300
590872,416400
591277,416500
591680,416600
592070,416700
592436,416800
592749,416900
593069,417000
597408,417100
597755,417200
598170,417300
598558,417400
598896,417500
599325,417600
599705,417700
600044,417800
600322,417900
600656,418000
601875,418100
602231,418200
602670,418300
603093,418400
603529,418500
603878,418600
604344,418700
604635,418800
604979,418900
605264,419000
606228,419100
606771,419200
607183,419300
607804,419400
608241,419500
608692,419600
609116,419700
609637,419800
609990,419900
610294,420000
611237,420100
611558,420200
612031,420300
612373,420400
612759,420500
613156,420600
613495,420700
613869,420800
614233,420900
614535,421000
615704,421100
616192,421200
616605,421300
617027,421400
617609,421500
618165,421600
618569,421700
618928,421800
619310,421900
619621,422000
620761,422100
621191,422200
621653,422300
622150,422400
622621,422500
623109,422600
623541,422700
623969,422800
624324,422900
624699,423000
625886,423100
626282,423200
626677,423300
627097,423400
627459,423500
627805,423600
628145,423700
628596,423800
628903,423900
629170,424000
630116,424100
630476,424200
630831,424300
631159,424400
631567,424500
631925,424600
632295,424700
632664,424800
633011,424900
633323,425000
634535,425100
634894,425200
635292,425300
635736,425400
636243,425500
636736,425600
637232,425700
637580,425800
637902,425900
638186,426000
639281,426100
639622,426200
640222,426300
640690,426400
641113,426500
641575,426600
642024,426700
642433,426800
642867,426900
643252,427000
644454,427100
644806,427200
645241,427300
645827,427400
646203,427500
646562,427600
646934,427700
647321,427800
647665,427900
647980,428000
648971,428100
649326,428200
649629,428300
649976,428400
650394,428500
650771,428600
651269,428700
651630,428800
651973,428900
652274,429000
653359,429100
653733,429200
654112,429300
654503,429400
654914,429500
655344,429600
655813,429700
656281,429800
656746,429900
657073,430000
658236,430100
658711,430200
659125,430300
659545,430400
659982,430500
660466,430600
660908,430700
661378,430800
661770,430900
662227,431000
663383,431100
663900,431200
664406,431300
664755,431400
665080,431500
665425,431600
665830,431700
666238,431800
666579,431900
666981,432000
668351,432100
668727,432200
669091,432300
669398,432400
669702,432500
670091,432600
670490,432700
670811,432800
671209,432900
671541,433000
672712,433100
673181,433200
673804,433300
674306,433400
674760,433500
675171,433600
675729,433700
676086,433800
676462,433900
676850,434000
678047,434100
678527,434200
679169,434300
679711,434400
680159,434500
680617,434600
681126,434700
681609,434800
681995,434900
682439,435000
684041,435100
684753,435200
685355,435300
685754,435400
686301,435500
686769,435600
687364,435700
687951,435800
688498,435900
689087,436000
690566,436100
690971,436200
691367,436300
691735,436400
692139,436500
692464,436600
692801,436700
693189,436800
693553,436900
694103,437000
695389,437100
696015,437200
696546,437300
697049,437400
697592,437500
698113,437600
698504,437700
698859,437800
699209,437900
699594,438000
700929,438100
701574,438200
702067,438300
702548,438400
703049,438500
703534,438600
703999,438700
704477,438800
704906,438900
705298,439000
706638,439100
707296,439200
707908,439300
708422,439400
709010,439500
709563,439600
710052,439700
710546,439800
711048,439900
711532,440000
717293,440100
717841,440200
718454,440300
718877,440400
719329,440500
719770,440600
720228,440700
720627,440800
721064,440900
721503,441000
723010,441100
723622,441200
724400,441300
724942,441400
725567,441500
726162,441600
726589,441700
727007,441800
727410,441900
727895,442000
729221,442100
730013,442200
730625,442300
731111,442400
731713,442500
732180,442600
732635,442700
733106,442800
733498,442900
733891,443000
735480,443100
736087,443200
736666,443300
737250,443400
737912,443500
738566,443600
739148,443700
739795,443800
740249,443900
740788,444000
742106,444100
742553,444200
743135,444300
743571,444400
744110,444500
744613,444600
745071,444700
745635,444800
746228,444900
746621,445000
747995,445100
748512,445200
749102,445300
749779,445400
750465,445500
751124,445600
751767,445700
752218,445800
752668,445900
753089,446000
758080,446100
758593,446200
759175,446300
759724,446400
760263,446500
760820,446600
761368,446700
761896,446800
762386,446900
763075,447000
770974,447100
771782,447200
772481,447300
773106,447400
773957,447500
774648,447600
775312,447700
775904,447800
776383,447900
776879,448000
778280,448100
778804,448200
779622,448300
780192,448400
780654,448500
781229,448600
781941,448700
782488,448800
783148,448900
783683,449000
785572,449100
786183,449200
786788,449300
787449,449400
787981,449500
788600,449600
789180,449700
789808,449800
790750,449900
791304,450000
792956,450100
793804,450200
794482,450300
795330,450400
796508,450500
797100,450600
797703,450700
798226,450800
798683,450900
799182,451000
800758,451100
801749,451200
802762,451300
803515,451400
804310,451500
805082,451600
805914,451700
806605,451800
807404,451900
808101,452000
809613,452100
810223,452200
810775,452300
811373,452400
811902,452500
812435,452600
813040,452700
813600,452800
814084,452900
814635,453000
816204,453100
816813,453200
817449,453300
818090,453400
819040,453500
819632,453600
820253,453700
820758,453800
821237,453900
821729,454000
823333,454100
824551,454200
825302,454300
826028,454400
826836,454500
827471,454600
828130,454700
828594,454800
829093,454900
829729,455000
831239,455100
831906,455200
832686,455300
833494,455400
834032,455500
834665,455600
835350,455700
835880,455800
836425,455900
836983,456000
838500,456100
839043,456200
839647,456300
840247,456400
841069,456500
841638,456600
842240,456700
842800,456800
843383,456900
844031,457000
845527,457100
846393,457200
847092,457300
847784,457400
848597,457500
849222,457600
849775,457700
850382,457800
850941,457900
851410,458000
852959,458100
853679,458200
854341,458300
855061,458400
855759,458500
856346,458600
856874,458700
857556,458800
858062,458900
858547,459000
859992,459100
860652,459200
861356,459300
862053,459400
862615,459500
863341,459600
863883,459700
864382,459800
864875,459900
865396,460000
866887,460100
867583,460200
868117,460300
869027,460400
869606,460500
870200,460600
870725,460700
871231,460800
871768,460900
872258,461000
873666,461100
874520,461200
875088,461300
875584,461400
876165,461500
876699,461600
877155,461700
877539,461800
878015,461900
878441,462000
880030,462100
880589,462200
881153,462300
881768,462400
882401,462500
882995,462600
883519,462700
884052,462800
884594,462900
885092,463000
886744,463100
887260,463200
887766,463300
888312,463400
888870,463500
889387,463600
889996,463700
890429,463800
891098,463900
891746,464000
893063,464100
893583,464200
894162,464300
894701,464400
895269,464500
895818,464600
896331,464700
896972,464800
897516,464900
898050,465000
899588,465100
900235,465200
900837,465300
901409,465400
901906,465500
902723,465600
903256,465700
903732,465800
904193,465900
904680,466000
906086,466100
906559,466200
907051,466300
907735,466400
908306,466500
908833,466600
909304,466700
909777,466800
910304,466900
910845,467000
912507,467100
913094,467200
913849,467300
914507,467400
915195,467500
915860,467600
916467,467700
917103,467800
917855,467900
918480,468000
920312,468100
920920,468200
921458,468300
921987,468400
922476,468500
923051,468600
923606,468700
924119,468800
924713,468900
925218,469000
926658,469100
927296,469200
927961,469300
928578,469400
929083,469500
929629,469600
930185,469700
930697,469800
931156,469900
931637,470000
933150,470100
933764,470200
934375,470300
934978,470400
935771,470500
936321,470600
936885,470700
937402,470800
937950,470900
938465,471000
940127,471100
940729,471200
941449,471300
942031,471400
942600,471500
943145,471600
943683,471700
944289,471800
944883,471900
945434,472000
947041,472100
947587,472200
948133,472300
948643,472400
949204,472500
949760,472600
950363,472700
951065,472800
951693,472900
952230,473000
954001,473100
954725,473200
955335,473300
955991,473400
956684,473500
957201,473600
957745,473700
958305,473800
958722,473900
959154,474000
960562,474100
961130,474200
961666,474300
962133,474400
962561,474500
963076,474600
963764,474700
964162,474800
964567,474900
965051,475000
966577,475100
967433,475200
968031,475300
968644,475400
969279,475500
969790,475600
970282,475700
970721,475800
971222,475900
971756,476000
973043,476100
973650,476200
974236,476300
975020,476400
975541,476500
976084,476600
976561,476700
977098,476800
977567,476900
978095,477000
979502,477100
979882,477200
980751,477300
981353,477400
981954,477500
982400,477600
982879,477700
983299,477800
983714,477900
984092,478000
985456,478100
986258,478200
986966,478300
987613,478400
988150,478500
988521,478600
988973,478700
989487,478800
989920,478900
990532,479000
992405,479100
992937,479200
993500,479300
994076,479400
994625,479500
995186,479600
995733,479700
996210,479800
996653,479900
997307,480000
998607,480100
999125,480200
999710,480300
1000249,480400
1000825,480500
1001413,480600
1001963,480700
1002457,480800
1003175,480900
1003690,481000
1005107,481100
1005715,481200
1006347,481300
1006963,481400
1007609,481500
1008159,481600
1008745,481700
1009220,481800
1009659,481900
1010151,482000
1011854,482100
1012618,482200
1013311,482300
1013814,482400
1014546,482500
1015091,482600
1015603,482700
1016150,482800
1016688,482900
1017205,483000
1019206,483100
1020106,483200
1020634,483300
1021200,483400
1021859,483500
1022395,483600
1022890,483700
1023407,483800
1023959,483900
1024364,484000
1025992,484100
1026576,484200
1027098,484300
1027661,484400
1028035,484500
1028587,484600
1029047,484700
1029514,484800
1029983,484900
1030547,485000
1032081,485100
1032527,485200
1033224,485300
1033760,485400
1034501,485500
1034898,485600
1035240,485700
1035894,485800
1036441,485900
1036990,486000
1038676,486100
1039398,486200
1039970,486300
1041014,486400
1042140,486500
1042891,486600
1043531,486700
1044126,486800
1044918,486900
1045673,487000
1048521,487100
1049259,487200
1049911,487300
1050539,487400
1051170,487500
1051672,487600
1052394,487700
1053021,487800
1053838,487900
1054518,488000
1056015,488100
1056661,488200
1057183,488300
1058029,488400
1058600,488500
1059203,488600
1059701,488700
1060120,488800
1060490,488900
1061023,489000
1062550,489100
1063492,489200
1064186,489300
1064966,489400
1065624,489500
1066296,489600
1066913,489700
1067522,489800
1068223,489900
1068936,490000
1070678,490100
1071552,490200
1072277,490300
1072893,490400
1073460,490500
1074189,490600
1074754,490700
1075597,490800
1076170,490900
1076722,491000
1078782,491100
1079772,491200
1080507,491300
1081450,491400
1082192,491500
1082849,491600
1083404,491700
1083966,491800
1084339,491900
1085065,492000
1086844,492100
1087544,492200
1088286,492300
1088931,492400
1089550,492500
1090361,492600
1091028,492700
1091744,492800
1092395,492900
1093139,493000
1095204,493100
1096287,493200
1097323,493300
1098315,493400
1099093,493500
1099895,493600
1100550,493700
1101353,493800
1102041,493900
1102758,494000
1105491,494100
1106475,494200
1107217,494300
1107854,494400
1108476,494500
1109116,494600
1109731,494700
1110398,494800
1111002,494900
1111992,495000
1114135,495100
1115145,495200
1116120,495300
1116908,495400
1117967,495500
1118763,495600
1119515,495700
1120256,495800
1120941,495900
1121718,496000
1123923,496100
1124865,496200
1125820,496300
1126542,496400
1127341,496500
1128069,496600
1129008,496700
1129790,496800
1130595,496900
1131422,497000
1133493,497100
1134918,497200
1136164,497300
1136969,497400
1137941,497500
1138728,497600
1139791,497700
1140672,497800
1141545,497900
1142410,498000
1144649,498100
1145677,498200
1146811,498300
1147696,498400
1148613,498500
1149373,498600
1150278,498700
1150973,498800
1151654,498900
1152345,499000
1154293,499100
1155173,499200
1156352,499300
1157326,499400
1158270,499500
1159140,499600
1160106,499700
1161152,499800
1161905,499900
1162579,500000
1164521,500100
1165449,500200
1166584,500300
1167379,500400
1168156,500500
1168947,500600
1169682,500700
1170407,500800
1171177,500900
1171932,501000
1180288,501100
1181196,501200
1182008,501300
1182898,501400
1183660,501500
1184415,501600
1185122,501700
1185900,501800
1187258,501900
1188357,502000
1190976,502100
1191944,502200
1192847,502300
1193772,502400
1194652,502500
1195431,502600
1196457,502700
1197331,502800
1198336,502900
1199477,503000
1202116,503100
1203332,503200
1204663,503300
1205876,503400
1206974,503500
1207942,503600
1208877,503700
1210009,503800
1210913,503900
1211705,504000
1213684,504100
1214626,504200
1215666,504300
1216606,504400
1217538,504500
1218422,504600
1219224,504700
1220026,504800
1220935,504900
1221762,505000
1223973,505100
1226122,505200
1227823,505300
1228913,505400
1229903,505500
1231255,505600
1232948,505700
1233727,505800
1234675,505900
1235718,506000
1238486,506100
1239958,506200
1241021,506300
1242163,506400
1243011,506500
1244305,506600
1245297,506700
1246305,506800
1247106,506900
1247979,507000
1249859,507100
1250833,507200
1251766,507300
1252867,507400
1253690,507500
1254370,507600
1255390,507700
1256204,507800
1257083,507900
1258627,508000
1261572,508100
1263191,508200
1264844,508300
1266232,508400
1267474,508500
1269270,508600
1270407,508700
1271539,508800
1272470,508900
1273461,509000
1276059,509100
1277421,509200
1278605,509300
1279526,509400
1280646,509500
1281763,509600
1282609,509700
1283387,509800
1284549,509900
1285433,510000
1287330,510100
1288458,510200
1289560,510300
1290452,510400
1291299,510500
1291987,510600
1292517,510700
1293325,510800
1293805,510900
1294460,511000
1296888,511100
1297983,511200
1299209,511300
1300559,511400
1301301,511500
1301988,511600
1302740,511700
1303796,511800
1304800,511900
1305753,512000
1307926,512100
1308697,512200
1309631,512300
1310435,512400
1311311,512500
1312103,512600
1313203,512700
1313996,512800
1314611,512900
1315340,513000
1317313,513100
1318434,513200
1319040,513300
1319784,513400
1320168,513500
1320565,513600
1320979,513700
1321331,513800
1321704,513900
1322011,514000
1323495,514100
1323999,514200
1324612,514300
1325188,514400
1325824,514500
1326477,514600
1327007,514700
1327629,514800
1328055,514900
1328410,515000
1329789,515100
1330378,515200
1331002,515300
1331533,515400
1332138,515500
1332987,515600
1333679,515700
1334434,515800
1334933,515900
1335397,516000
1336657,516100
1337111,516200
1337563,516300
1337997,516400
1338504,516500
1338952,516600
1339410,516700
1340020,516800
1340595,516900
1341088,517000
1342489,517100
1342919,517200
1343478,517300
1344006,517400
1344745,517500
1345400,517600
1345773,517700
1346384,517800
1346861,517900
1347243,518000
1349853,518100
1350655,518200
1351262,518300
1351810,518400
1352650,518500
1353305,518600
1353810,518700
1354177,518800
1354586,518900
1355059,519000
1356699,519100
1357509,519200
1358214,519300
1358646,519400
1359104,519500
1359630,519600
1360130,519700
1360740,519800
1361479,519900
1362058,520000
1363648,520100
1364747,520200
1365785,520300
1366148,520400
1366600,520500
1367197,520600
1367596,520700
1368085,520800
1368523,520900
1368992,521000
1370723,521100
1371482,521200
1372382,521300
1373131,521400
1373669,521500
1374121,521600
1374654,521700
1375290,521800
1375668,521900
1376080,522000
1377854,522100
1378515,522200
1379316,522300
1379829,522400
1380248,522500
1380830,522600
1381481,522700
1381919,522800
1382423,522900
1382945,523000
1384416,523100
1385487,523200
1386244,523300
1386789,523400
1387250,523500
1387727,523600
1388274,523700
1388855,523800
1389342,523900
1389803,524000
1391090,524100
1391621,524200
1391963,524300
1392495,524400
1393000,524500
1393294,524600
1393719,524700
1394298,524800
1394826,524900
1395346,525000
1396702,525100
1397290,525200
1397842,525300
1398379,525400
1399467,525500
1399860,525600
1400352,525700
1401688,525800
1404496,525900
1406170,526000
1408682,526100
1410573,526200
1411895,526300
1413008,526400
1414130,526500
1414818,526600
1415237,526700
1415837,526800
1416412,526900
1416960,527000
1418781,527100
1420315,527200
1421289,527300
1421927,527400
1422448,527500
1423068,527600
1423443,527700
1423845,527800
1424166,527900
1424599,528000
1426050,528100
1426775,528200
1427875,528300
1428729,528400
1429221,528500
1429706,528600
1430079,528700
1430556,528800
1430924,528900
1431249,529000
1432797,529100
1433842,529200
1435321,529300
1436264,529400
1437094,529500
1437828,529600
1438278,529700
1438791,529800
1439446,529900
1440019,530000
1443293,530100
1444191,530200
1445363,530300
1446124,530400
1446779,530500
1447326,530600
1447774,530700
1448556,530800
1448904,530900
1449251,531000
1450757,531100
1451689,531200
1452798,531300
1453707,531400
1454809,531500
1456629,531600
1457600,531700
1458404,531800
1459459,531900
1460514,532000
1471734,532100
1472719,532200
1473624,532300
1474648,532400
1475842,532500
1476740,532600
1477308,532700
1478000,532800
1478598,532900
1479186,533000
1480553,533100
1481378,533200
1482189,533300
1483556,533400
1484462,533500
1485433,533600
1486566,533700
1487358,533800
1488171,533900
1488850,534000
1490622,534100
1491213,534200
1491988,534300
1492924,534400
1493636,534500
1494483,534600
1495222,534700
1495963,534800
1496626,534900
1497229,535000
1499286,535100
1499989,535200
1500658,535300
1501308,535400
1502440,535500
1503182,535600
1504019,535700
1504639,535800
1505200,535900
1505867,536000
1507430,536100
1508134,536200
1508756,536300
1509418,536400
1510180,536500
1510805,536600
1511448,536700
1512199,536800
1512702,536900
1513217,537000
1522171,537100
1522858,537200
1523406,537300
1523884,537400
1524377,537500
1524964,537600
1525825,537700
1526298,537800
1526869,537900
1527468,538000
1529029,538100
1529876,538200
1530668,538300
1531602,538400
1532335,538500
1532925,538600
1533529,538700
1534318,538800
1534920,538900
1535573,539000
1537496,539100
1538154,539200
1538919,539300
1539697,539400
1540327,539500
1540890,539600
1541535,539700
1542033,539800
1542977,539900
1543716,540000
1545419,540100
1546212,540200
1546947,540300
1548077,540400
1548623,540500
1549074,540600
1549513,540700
1549965,540800
1550643,540900
1551383,541000
1553045,541100
1553908,541200
1554733,541300
1555566,541400
1556406,541500
1557139,541600
1557686,541700
1558353,541800
1559191,541900
1559852,542000
1561604,542100
1562510,542200
1563364,542300
1564359,542400
1565380,542500
1566052,542600
1566711,542700
1567290,542800
1568028,542900
1568573,543000
1570469,543100
1571270,543200
1572077,543300
1572808,543400
1573659,543500
1574213,543600
1574731,543700
1575319,543800
1575954,543900
1576620,544000
1578401,544100
1579000,544200
1579665,544300
1580237,544400
1580824,544500
1581941,544600
1582597,544700
1583172,544800
1583796,544900
1584757,545000
1586999,545100
1588205,545200
1589347,545300
1590197,545400
1591000,545500
1591658,545600
1592509,545700
1593225,545800
1593964,545900
1594749,546000
1609735,546100
1610966,546200
1612137,546300
1613301,546400
1614416,546500
1615520,546600
1616192,546700
1617017,546800
1617893,546900
1618863,547000
1621345,547100
1622704,547200
1624226,547300
1625845,547400
1627026,547500
1628168,547600
1629443,547700
1630543,547800
1631884,547900
1632866,548000
1634958,548100
1635957,548200
1636963,548300
1638212,548400
1639243,548500
1640210,548600
1640912,548700
1642444,548800
1643355,548900
1644153,549000
1646433,549100
1647710,549200
1649106,549300
1650344,549400
1651357,549500
1652121,549600
1652941,549700
1653887,549800
1654743,549900
1655692,550000
1658070,550100
1659910,550200
1661067,550300
1661905,550400
1662792,550500
1663398,550600
1664217,550700
1665471,550800
1666784,550900
1667876,551000
1670714,551100
1671971,551200
1673596,551300
1674887,551400
1676364,551500
1677513,551600
1678500,551700
1679658,551800
1681044,551900
1682127,552000
1684797,552100
1685858,552200
1687301,552300
1688104,552400
1689002,552500
1689861,552600
1690706,552700
1691662,552800
1692832,552900
1693667,553000
1696134,553100
1697543,553200
1698808,553300
1699855,553400
1700822,553500
1701800,553600
1702667,553700
1703614,553800
1704458,553900
1705196,554000
1707309,554100
1708534,554200
1709734,554300
1710569,554400
1711445,554500
1712206,554600
1712931,554700
1713745,554800
1715220,554900
1716159,555000
1718154,555100
1719153,555200
1720296,555300
1721469,555400
1722406,555500
1723323,555600
1724258,555700
1725070,555800
1725873,555900
1726585,556000
1728228,556100
1728822,556200
1729437,556300
1730287,556400
1731012,556500
1731934,556600
1732641,556700
1733357,556800
1734087,556900
1734850,557000
1737166,557100
1738003,557200
1738753,557300
1739568,557400
1740414,557500
1741004,557600
1741673,557700
1742544,557800
1743052,557900
1743758,558000
1745683,558100
1746528,558200
1747409,558300
1748702,558400
1749510,558500
1750393,558600
1751230,558700
1751893,558800
1752578,558900
1753526,559000
1755635,559100
1756469,559200
1757165,559300
1757911,559400
1758682,559500
1759506,559600
1760242,559700
1760954,559800
1761628,559900
1762282,560000
1764203,560100
1765058,560200
1765655,560300
1766227,560400
1766922,560500
1767657,560600
1768275,560700
1768904,560800
1769526,560900
1770376,561000
1772233,561100
1772897,561200
1773810,561300
1774656,561400
1775386,561500
1776437,561600
1777226,561700
1777886,561800
1778573,561900
1779214,562000
1781179,562100
1782397,562200
1783141,562300
1784105,562400
1784850,562500
1785728,562600
1787036,562700
1787934,562800
1788689,562900
1789300,563000
1791400,563100
1792250,563200
1793381,563300
1793925,563400
1794797,563500
1795689,563600
1796745,563700
1797430,563800
1798449,563900
1799450,564000
1801469,564100
1802154,564200
1802747,564300
1803401,564400
1804216,564500
1804851,564600
1805569,564700
1806276,564800
1807062,564900
1807713,565000
1809883,565100
1810599,565200
1811725,565300
1812533,565400
1813278,565500
1814322,565600
1815504,565700
1816183,565800
1817095,565900
1817827,566000
1819954,566100
1821126,566200
1821967,566300
1822682,566400
1823300,566500
1824202,566600
1825036,566700
1825744,566800
1826740,566900
1827731,567000
1829731,567100
1830498,567200
1831294,567300
1832326,567400
1832943,567500
1833819,567600
1834681,567700
1835333,567800
1836129,567900
1836867,568000
1838778,568100
1839751,568200
1840359,568300
1841151,568400
1841893,568500
1842686,568600
1843427,568700
1844351,568800
1845018,568900
1845864,569000
1848292,569100
1849235,569200
1850316,569300
1851322,569400
1852211,569500
1853096,569600
1854148,569700
1854962,569800
1855826,569900
1856724,570000
1859805,570100
1861021,570200
1862290,570300
1863527,570400
1864480,570500
1865619,570600
1866434,570700
1867402,570800
1868445,570900
1869256,571000
1871722,571100
1872797,571200
1873844,571300
1874995,571400
1876110,571500
1876912,571600
1877908,571700
1878768,571800
1879543,571900
1880349,572000
1882728,572100
1883706,572200
1884643,572300
1885550,572400
1886345,572500
1887458,572600
1888200,572700
1888875,572800
1889711,572900
1890588,573000
1893559,573100
1894523,573200
1895657,573300
1896750,573400
1897814,573500
1898881,573600
1899492,573700
1900470,573800
1901295,573900
1902167,574000
1904609,574100
1905661,574200
1906672,574300
1907683,574400
1908717,574500
1909801,574600
1910542,574700
1911321,574800
1912107,574900
1913098,575000
1915966,575100
1917245,575200
1918528,575300
1919636,575400
1920878,575500
1921985,575600
1923280,575700
1924565,575800
1926174,575900
1927290,576000
1929881,576100
1930962,576200
1932182,576300
1933100,576400
1934066,576500
1934941,576600
1936001,576700
1936990,576800
1938176,576900
1938986,577000
1941240,577100
1942371,577200
1943762,577300
1944893,577400
1945943,577500
1946905,577600
1947848,577700
1948866,577800
1949654,577900
1950630,578000
1953028,578100
1954494,578200
1955916,578300
1956932,578400
1957834,578500
1958755,578600
1959888,578700
1960852,578800
1961844,578900
1962749,579000
1965427,579100
1966629,579200
1968065,579300
1969286,579400
1970289,579500
1971471,579600
1972471,579700
1973315,579800
1974157,579900
1974963,580000
1977314,580100
1978332,580200
1979197,580300
1980103,580400
1980924,580500
1982026,580600
1983065,580700
1984341,580800
1985196,580900
1986066,581000
1988522,581100
1989893,581200
1991081,581300
1992193,581400
1993270,581500
1994038,581600
1994961,581700
1995940,581800
1997138,581900
1998210,582000
2001035,582100
2002368,582200
2003788,582300
2005139,582400
2006380,582500
2007735,582600
2008823,582700
2010079,582800
2011103,582900
2012435,583000
2015357,583100
2016671,583200
2017944,583300
2019298,583400
2020471,583500
2021876,583600
2022852,583700
2023734,583800
2024577,583900
2025795,584000
2028123,584100
2028950,584200
2029847,584300
2030803,584400
2031877,584500
2033058,584600
2034007,584700
2035225,584800
2036234,584900
2037380,585000
2039818,585100
2041168,585200
2042208,585300
2043369,585400
2044316,585500
2045501,585600
2046590,585700
2047539,585800
2048795,585900
2049736,586000
2052215,586100
2054013,586200
2054709,586300
2055298,586400
2056350,586500
2057166,586600
2058122,586700
2058853,586800
2059870,586900
2060795,587000
2062986,587100
2063986,587200
2064771,587300
2065678,587400
2066472,587500
2067283,587600
2068119,587700
2069035,587800
2069804,587900
2070651,588000
2073509,588100
2074668,588200
2075940,588300
2076989,588400
2077802,588500
2078861,588600
2079683,588700
2081016,588800
2082234,588900
2083371,589000
2086778,589100
2088354,589200
2089569,589300
2090719,589400
2091560,589500
2092192,589600
2093209,589700
2094169,589800
2095282,589900
2096264,590000
2098822,590100
2100035,590200
2101013,590300
2101937,590400
2102842,590500
2103560,590600
2104461,590700
2105036,590800
2105850,590900
2106740,591000
2109260,591100
2110898,591200
2112055,591300
2113065,591400
2113881,591500
2114788,591600
2115593,591700
2116276,591800
2117277,591900
2118180,592000
2120649,592100
2121939,592200
2123029,592300
2124147,592400
2125034,592500
2125816,592600
2126493,592700
2127162,592800
2127959,592900
2128934,593000
2131302,593100
2132470,593200
2133534,593300
2134683,593400
2135591,593500
2136796,593600
2137645,593700
2138094,593800
2138736,593900
2139379,594000
2141799,594100
2143582,594200
2144664,594300
2145749,594400
2146556,594500
2147407,594600
2148186,594700
2149115,594800
2149764,594900
2150945,595000
2152780,595100
2154540,595200
2156243,595300
2157414,595400
2158579,595500
2159501,595600
2160253,595700
2161012,595800
2161608,595900
2162323,596000
2164607,596100
2165772,596200
2167042,596300
2167998,596400
2168841,596500
2169575,596600
2170217,596700
2171076,596800
2171924,596900
2172549,597000
2174328,597100
2175174,597200
2176368,597300
2177302,597400
2178182,597500
2178987,597600
2179729,597700
2180427,597800
2181368,597900
2182064,598000
2184095,598100
2185104,598200
2186002,598300
2187229,598400
2188357,598500
2189178,598600
2190042,598700
2190898,598800
2191654,598900
2192728,599000
2194873,599100
2195590,599200
2196598,599300
2197587,599400
2198606,599500
2199559,599600
2200380,599700
2201184,599800
2201757,599900
2202595,600000
2204930,600100
2205878,600200
2206639,600300
2207665,600400
2208516,600500
2209643,600600
2210239,600700
2211006,600800
2211872,600900
2212839,601000
2215366,601100
2216429,601200
2217478,601300
2218473,601400
2219553,601500
2220668,601600
2221601,601700
2222347,601800
2223345,601900
2224219,602000
2226977,602100
2228150,602200
2229309,602300
2230560,602400
2231811,602500
2232989,602600
2233942,602700
2234903,602800
2235737,602900
2236609,603000
2238979,603100
2240119,603200
2241275,603300
2242853,603400
2243695,603500
2244943,603600
2245801,603700
2246613,603800
2248463,603900
2249856,604000
2253277,604100
2255926,604200
2257103,604300
2258090,604400
2259335,604500
2260120,604600
2260919,604700
2261853,604800
2262926,604900
2263883,605000
2265889,605100
2266564,605200
2267302,605300
2268113,605400
2269065,605500
2269929,605600
2270719,605700
2271444,605800
2272095,605900
2272953,606000
2275411,606100
2276538,606200
2277727,606300
2278927,606400
2279780,606500
2280912,606600
2282190,606700
2282966,606800
2283679,606900
2284550,607000
2286649,607100
2287723,607200
2288917,607300
2289980,607400
2291246,607500
2292943,607600
2294068,607700
2294991,607800
2295849,607900
2296663,608000
2298679,608100
2299672,608200
2300636,608300
2301679,608400
2302749,608500
2304361,608600
2305395,608700
2306263,608800
2307178,608900
2307931,609000
2309932,609100
2310641,609200
2311203,609300
2312001,609400
2313012,609500
2314076,609600
2315056,609700
2316001,609800
2317257,609900
2318144,610000
2320708,610100
2321558,610200
2323577,610300
2324769,610400
2325728,610500
2326759,610600
2327453,610700
2327930,610800
2328501,610900
2329322,611000
2331139,611100
2332385,611200
2333346,611300
2334064,611400
2334966,611500
2335924,611600
2336841,611700
2337911,611800
2338796,611900
2339831,612000
2342136,612100
2343329,612200
2344483,612300
2345402,612400
2346123,612500
2347207,612600
2348071,612700
2349545,612800
2350759,612900
2351784,613000
2354115,613100
2354950,613200
2356129,613300
2357126,613400
2358011,613500
2358814,613600
2359759,613700
2360551,613800
2361373,613900
2362573,614000
2365641,614100
2367083,614200
2368558,614300
2369846,614400
2370900,614500
2371604,614600
2372406,614700
2373323,614800
2374552,614900
2375702,615000
2378604,615100
2379579,615200
2381125,615300
2382377,615400
2383194,615500
2384135,615600
2384974,615700
2385870,615800
2386900,615900
2388292,616000
2390824,616100
2391956,616200
2393328,616300
2394664,616400
2395709,616500
2396609,616600
2397608,616700
2398715,616800
2399719,616900
2400815,617000
2403127,617100
2404603,617200
2405816,617300
2406703,617400
2407599,617500
2408529,617600
2409274,617700
2410237,617800
2410940,617900
2411974,618000
2414436,618100
2415949,618200
2417674,618300
2418811,618400
2419678,618500
2420704,618600
2421576,618700
2422335,618800
2423216,618900
2424213,619000
2426753,619100
2428005,619200
2429297,619300
2430472,619400
2431451,619500
2432843,619600
2433650,619700
2434373,619800
2435332,619900
2436261,620000
2440047,620100
2442591,620200
2443951,620300
2444888,620400
2445616,620500
2446346,620600
2447029,620700
2447559,620800
2448639,620900
2449654,621000
2451789,621100
2452703,621200
2453779,621300
2455346,621400
2456763,621500
2457930,621600
2459007,621700
2460341,621800
2461394,621900
2462438,622000
2466357,622100
2468101,622200
2469612,622300
2471023,622400
2472018,622500
2472883,622600
2473893,622700
2475318,622800
2476562,622900
2477571,623000
2480033,623100
2481142,623200
2482344,623300
2483599,623400
2484691,623500
2485784,623600
2487284,623700
2488324,623800
2489276,623900
2490311,624000
2492612,624100
2494094,624200
2495890,624300
2497634,624400
2498678,624500
2499429,624600
2500446,624700
2501312,624800
2502275,624900
2503366,625000
2505446,625100
2506668,625200
2507541,625300
2508389,625400
2509259,625500
2510760,625600
2511643,625700
2512811,625800
2513816,625900
2514665,626000
2518077,626100
2519555,626200
2521070,626300
2522435,626400
2523486,626500
2524309,626600
2525095,626700
2526064,626800
2527587,626900
2528675,627000
2531080,627100
2532404,627200
2533951,627300
2535585,627400
2536698,627500
2538352,627600
2539952,627700
2541105,627800
2542125,627900
2543366,628000
2546456,628100
2547996,628200
2549981,628300
2551329,628400
2552625,628500
2554301,628600
2555656,628700
2556867,628800
2557852,628900
2559027,629000
2561956,629100
2563396,629200
2564779,629300
2566499,629400
2567931,629500
2569120,629600
2570367,629700
2571744,629800
2572806,629900
2573955,630000
2577147,630100
2578748,630200
2580533,630300
2582656,630400
2583969,630500
2584984,630600
2585989,630700
2587259,630800
2588649,630900
2589681,631000
2592435,631100
2594016,631200
2595264,631300
2596753,631400
2598304,631500
2599602,631600
2600592,631700
2601602,631800
2602577,631900
2603720,632000
2606777,632100
2608563,632200
2610340,632300
2611379,632400
2612169,632500
2613096,632600
2614158,632700
2615504,632800
2616596,632900
2617450,633000
2620220,633100
2621495,633200
2622816,633300
2623786,633400
2624721,633500
2625574,633600
2626741,633700
2627861,633800
2628827,633900
2629667,634000
2632723,634100
2635656,634200
2637454,634300
2639120,634400
2640412,634500
2641325,634600
2641953,634700
2642689,634800
2643849,634900
2644777,635000
2647245,635100
2649187,635200
2650544,635300
2651763,635400
2652929,635500
2653748,635600
2654696,635700
2655524,635800
2656609,635900
2657853,636000
2660427,636100
2662026,636200
2663082,636300
2664388,636400
2665244,636500
2666251,636600
2666990,636700
2667888,636800
2668954,636900
2669955,637000
2672303,637100
2673538,637200
2674519,637300
2675681,637400
2676729,637500
2677604,637600
2678510,637700
2679206,637800
2681663,637900
2682828,638000
2685484,638100
2686995,638200
2689132,638300
2690642,638400
2692544,638500
2693943,638600
2695065,638700
2696111,638800
2697185,638900
2698138,639000
2700583,639100
2702112,639200
2703659,639300
2705326,639400
2706768,639500
2707928,639600
2709065,639700
2710313,639800
2711600,639900
2713082,640000
2716004,640100
2717225,640200
2718437,640300
2719554,640400
2720516,640500
2721879,640600
2722975,640700
2724064,640800
2725186,640900
2726491,641000
2729259,641100
2730916,641200
2732409,641300
2733654,641400
2734898,641500
2736534,641600
2737740,641700
2739290,641800
2740625,641900
2741872,642000
2745069,642100
2746804,642200
2748387,642300
2750060,642400
2751312,642500
2752588,642600
2753775,642700
2755111,642800
2756416,642900
2757582,643000
2760606,643100
2762437,643200
2764018,643300
2765635,643400
2766809,643500
2767891,643600
2768997,643700
2770111,643800
2772393,643900
2773609,644000
2776908,644100
2778595,644200
2780235,644300
2781568,644400
2782869,644500
2784066,644600
2785417,644700
2786481,644800
2787808,644900
2789031,645000
2793665,645100
2795010,645200
2796487,645300
2797689,645400
2799532,645500
2800743,645600
2802199,645700
2803320,645800
2804606,645900
2806250,646000
2809768,646100
2811651,646200
2813299,646300
2814894,646400
2816387,646500
2817542,646600
2818669,646700
2819947,646800
2821275,646900
2822596,647000
2825336,647100
2826897,647200
2828468,647300
2830346,647400
2831988,647500
2833579,647600
2834711,647700
2836186,647800
2837367,647900
2838653,648000
2841517,648100
2842781,648200
2844464,648300
2845477,648400
2846581,648500
2847870,648600
2849238,648700
2850456,648800
2851568,648900
2852718,649000
2856374,649100
2857912,649200
2859276,649300
2860863,649400
2861958,649500
2863077,649600
2864188,649700
2865304,649800
2866600,649900
2867582,650000
2870217,650100
2871790,650200
2873376,650300
2874893,650400
2876332,650500
2877768,650600
2878931,650700
2880236,650800
2881458,650900
2882936,651000
2885882,651100
2887946,651200
2889490,651300
2890849,651400
2892003,651500
2893124,651600
2894490,651700
2895802,651800
2896882,651900
2898003,652000
2901077,652100
2902849,652200
2905698,652300
2906885,652400
2908698,652500
2910468,652600
2911775,652700
2913138,652800
2914264,652900
2915354,653000
2918318,653100
2919463,653200
2920890,653300
2922286,653400
2923485,653500
2924693,653600
2926148,653700
2927890,653800
2929410,653900
2930726,654000
2934245,654100
2936187,654200
2937910,654300
2939648,654400
2941058,654500
2942502,654600
2944069,654700
2945402,654800
2946720,654900
2948027,655000
2951588,655100
2953382,655200
2955209,655300
2956726,655400
2958162,655500
2959863,655600
2962124,655700
2963888,655800
2965530,655900
2967866,656000
2971581,656100
2973689,656200
2975106,656300
2976647,656400
2978323,656500
2979981,656600
2982423,656700
2983931,656800
2985551,656900
2987269,657000
2990865,657100
2992650,657200
2994558,657300
2996407,657400
2998534,657500
3000423,657600
3001964,657700
3003677,657800
3005553,657900
3007350,658000
3011753,658100
3013593,658200
3015182,658300
3016950,658400
3018761,658500
3020340,658600
3022541,658700
3024793,658800
3026853,658900
3028212,659000
3047345,659100
3050164,659200
3052608,659300
3055444,659400
3058620,659500
3061135,659600
3063382,659700
3065727,659800
3068732,659900
3070820,660000
3075695,660100
3078925,660200
3081386,660300
3083437,660400
3085435,660500
3087364,660600
3089239,660700
3090795,660800
3092365,660900
3093834,661000
3097253,661100
3099400,661200
3100942,661300
3102533,661400
3104144,661500
3106068,661600
3108243,661700
3111206,661800
3113167,661900
3115409,662000
3119817,662100
3123197,662200
3125598,662300
3127425,662400
3129165,662500
3130578,662600
3132017,662700
3133995,662800
3135684,662900
3137187,663000
3141360,663100
3145007,663200
3147728,663300
3149769,663400
3151594,663500
3153741,663600
3155957,663700
3157759,663800
3159404,663900
3161421,664000
3165428,664100
3169025,664200
3172298,664300
3175263,664400
3177560,664500
3179517,664600
3181159,664700
3183235,664800
3185325,664900
3187640,665000
3192484,665100
3195703,665200
3197734,665300
3199948,665400
3202161,665500
3204321,665600
3206174,665700
3207681,665800
3212021,665900
3214033,666000
3217872,666100
3220087,666200
3222066,666300
3223922,666400
3225866,666500
3228307,666600
3229929,666700
3231474,666800
3233530,666900
3235076,667000
3238504,667100
3240445,667200
3242551,667300
3245502,667400
3247268,667500
3248996,667600
3250548,667700
3251965,667800
3253627,667900
3255416,668000
3262112,668100
3263954,668200
3265846,668300
3267386,668400
3269160,668500
3270864,668600
3272678,668700
3274300,668800
3275965,668900
3277810,669000
3281512,669100
3284266,669200
3286110,669300
3288493,669400
3290537,669500
3292368,669600
3294308,669700
3296471,669800
3298950,669900
3301161,670000
3305564,670100
3309368,670200
3311336,670300
3313182,670400
3315411,670500
3317592,670600
3319645,670700
3321653,670800
3323429,670900
3325568,671000
3329735,671100
3332001,671200
3333841,671300
3335749,671400
3338048,671500
3339921,671600
3342145,671700
3344352,671800
3346137,671900
3347769,672000
3351678,672100
3354348,672200
3356270,672300
3358293,672400
3360554,672500
3362415,672600
3363987,672700
3365751,672800
3367293,672900
3369254,673000
3372695,673100
3375007,673200
3376729,673300
3378491,673400
3380350,673500
3382097,673600
3383857,673700
3385451,673800
3387010,673900
3389710,674000
3393853,674100
3396228,674200
3398883,674300
3401547,674400
3403502,674500
3406700,674600
3408757,674700
3410726,674800
3412312,674900
3414024,675000
3418071,675100
3419904,675200
3421882,675300
3423436,675400
3425458,675500
3427433,675600
3429380,675700
3431164,675800
3433065,675900
3434752,676000
3439002,676100
3440634,676200
3442272,676300
3443934,676400
3445337,676500
3446742,676600
3448340,676700
3449824,676800
3451514,676900
3453006,677000
3456304,677100
3458517,677200
3460843,677300
3462649,677400
3464286,677500
3466091,677600
3468217,677700
3469794,677800
3471791,677900
3473353,678000
3477193,678100
3479579,678200
3481627,678300
3483310,678400
3484788,678500
3486325,678600
3488178,678700
3490161,678800
3492064,678900
3493853,679000
3497571,679100
3500148,679200
3502204,679300
3503918,679400
3505687,679500
3507355,679600
3508953,679700
3510637,679800
3512075,679900
3513387,680000
3516811,680100
3518549,680200
3520370,680300
3522131,680400
3523702,680500
3525439,680600
3527200,680700
3528762,680800
3530211,680900
3531837,681000
3535061,681100
3536658,681200
3538785,681300
3540462,681400
3542418,681500
3544611,681600
3546842,681700
3549083,681800
3551827,681900
3553641,682000
3558652,682100
3561389,682200
3564774,682300
3568197,682400
3569691,682500
3571401,682600
3572862,682700
3575420,682800
3577652,682900
3579225,683000
3582938,683100
3585218,683200
3587849,683300
3589715,683400
3591333,683500
3593312,683600
3594767,683700
3596626,683800
3598337,683900
3600380,684000
3603751,684100
3606868,684200
3609188,684300
3610906,684400
3612473,684500
3613956,684600
3615809,684700
3617357,684800
3618944,684900
3620247,685000
3623737,685100
3625446,685200
3627503,685300
3628945,685400
3631420,685500
3633875,685600
3635905,685700
3637311,685800
3638828,685900
3640791,686000
3675782,686100
3680080,686200
3683453,686300
3686313,686400
3688618,686500
3690790,686600
3693963,686700
3696665,686800
3701488,686900
3703343,687000
3707427,687100
3710241,687200
3712241,687300
3714867,687400
3717481,687500
3719265,687600
3721020,687700
3722999,687800
3725009,687900
3726766,688000
3730203,688100
3733799,688200
3735306,688300
3736911,688400
3739290,688500
3740808,688600
3742292,688700
3743982,688800
3745865,688900
3747386,689000
3751165,689100
3753461,689200
3755453,689300
3756893,689400
3758349,689500
3759995,689600
3761959,689700
3763299,689800
3766567,689900
3768096,690000
3772163,690100
3773788,690200
3774942,690300
3776161,690400
3777510,690500
3778866,690600
3780079,690700
3781341,690800
3783049,690900
3784156,691000
3786770,691100
3788907,691200
3790185,691300
3791226,691400
3792115,691500
3792856,691600
3794036,691700
3795168,691800
3797930,691900
3799343,692000
3802029,692100
3803654,692200
3805462,692300
3807072,692400
3808476,692500
3809717,692600
3810898,692700
3812356,692800
3813378,692900
3814530,693000
3817192,693100
3818726,693200
3820012,693300
3821150,693400
3822200,693500
3823483,693600
3824169,693700
3825301,693800
3826792,693900
3827707,694000
3830272,694100
3832297,694200
3834206,694300
3835547,694400
3836626,694500
3837880,694600
3838977,694700
3840237,694800
3841122,694900
3842503,695000
3845435,695100
3847367,695200
3849801,695300
3851611,695400
3853028,695500
3854753,695600
3856019,695700
3857468,695800
3858494,695900
3860215,696000
3863987,696100
3869186,696200
3871623,696300
3873651,696400
3875956,696500
3878300,696600
3880275,696700
3881996,696800
3883423,696900
3884310,697000
3886869,697100
3889057,697200
3890585,697300
3891944,697400
3893339,697500
3895220,697600
3896392,697700
3897314,697800
3898793,697900
3900136,698000
3906120,698100
3908077,698200
3909686,698300
3911193,698400
3912782,698500
3914443,698600
3916337,698700
3917769,698800
3919225,698900
3920249,699000
3923481,699100
3925607,699200
3926913,699300
3928876,699400
3930059,699500
3931386,699600
3933224,699700
3934456,699800
3935714,699900
3936954,700000
3973430,700100
3976109,700200
3979010,700300
3981724,700400
3985489,700500
3988556,700600
3990917,700700
3993240,700800
3995632,700900
3997668,701000
4000777,701100
4002816,701200
4004737,701300
4006315,701400
4008785,701500
4010978,701600
4013068,701700
4014745,701800
4016918,701900
4018431,702000
4021412,702100
4023401,702200
4025409,702300
4026962,702400
4028921,702500
4030242,702600
4031581,702700
4033783,702800
4035536,702900
4036788,703000
4040761,703100
4042222,703200
4043660,703300
4045122,703400
4046752,703500
4048448,703600
4049957,703700
4051507,703800
4053592,703900
4055729,704000
4059721,704100
4062397,704200
4063833,704300
4065165,704400
4067244,704500
4069026,704600
4070653,704700
4072387,704800
4073779,704900
4075444,705000
4079680,705100
4081674,705200
4084301,705300
4085658,705400
4086826,705500
4089252,705600
4090986,705700
4092411,705800
4094578,705900
4096601,706000
4100905,706100
4103267,706200
4105128,706300
4107135,706400
4108955,706500
4109886,706600
4111775,706700
4112963,706800
4114581,706900
4116332,707000
4119276,707100
4121251,707200
4123320,707300
4124888,707400
4126379,707500
4127903,707600
4129296,707700
4131168,707800
4132808,707900
4134234,708000
4138677,708100
4141298,708200
4144066,708300
4146472,708400
4147740,708500
4148924,708600
4150351,708700
4151982,708800
4154040,708900
4156963,709000
4164167,709100
4166243,709200
4168298,709300
4170120,709400
4171755,709500
4173070,709600
4174139,709700
4175643,709800
4177888,709900
4179360,710000
4184475,710100
4186528,710200
4187858,710300
4189402,710400
4191483,710500
4193021,710600
4194204,710700
4195640,710800
4197162,710900
4198421,711000
4201499,711100
4203600,711200
4205399,711300
4207515,711400
4208796,711500
4210040,711600
4211331,711700
4212572,711800
4214153,711900
4216061,712000
4219505,712100
4221805,712200
4224244,712300
4226168,712400
4227771,712500
4229232,712600
4231440,712700
4233237,712800
4234598,712900
4236028,713000
4239141,713100
4241498,713200
4242696,713300
4244129,713400
4245384,713500
4247636,713600
4249189,713700
4250305,713800
4251586,713900
4252872,714000
4256596,714100
4258573,714200
4260493,714300
4262757,714400
4264220,714500
4265924,714600
4267361,714700
4268558,714800
4270171,714900
4271821,715000
4275362,715100
4277247,715200
4278642,715300
4279832,715400
4281253,715500
4282619,715600
4283612,715700
4284944,715800
4286219,715900
4287420,716000
4294954,716100
4296881,716200
4298800,716300
4300789,716400
4303064,716500
4304570,716600
4305523,716700
4306437,716800
4307358,716900
4308329,717000
4311941,717100
4314329,717200
4316521,717300
4318280,717400
4319854,717500
4321092,717600
4322519,717700
4323715,717800
4324656,717900
4325661,718000
4330292,718100
4332245,718200
4333879,718300
4335585,718400
4336599,718500
4337862,718600
4339226,718700
4340443,718800
4341460,718900
4342304,719000
4345140,719100
4346841,719200
4348683,719300
4350667,719400
4352016,719500
4352958,719600
4354457,719700
4356349,719800
4358954,719900
4360334,720000
4363561,720100
4365953,720200
4367679,720300
4369148,720400
4370550,720500
4372254,720600
4374298,720700
4375964,720800
4377080,720900
4378400,721000
4381240,721100
4383175,721200
4384898,721300
4386709,721400
4388258,721500
4390054,721600
4391618,721700
4392948,721800
4395444,721900
4397251,722000
4400603,722100
4402679,722200
4405518,722300
4409736,722400
4416088,722500
4431902,722600
4436452,722700
4439596,722800
4442245,722900
4443801,723000
4446428,723100
4448123,723200
4449463,723300
4451106,723400
4452640,723500
4453737,723600
4455088,723700
4456403,723800
4457787,723900
4459142,724000
4462179,724100
4463830,724200
4465883,724300
4468464,724400
4469837,724500
4470888,724600
4472393,724700
4474234,724800
4475987,724900
4477307,725000
4480039,725100
4481501,725200
4482967,725300
4484991,725400
4489132,725500
4491551,725600
4493159,725700
4494896,725800
4496155,725900
4497396,726000
4500882,726100
4502372,726200
4504079,726300
4505848,726400
4507293,726500
4508666,726600
4510174,726700
4511748,726800
4513131,726900
4514143,727000
4516701,727100
4518083,727200
4519217,727300
4521138,727400
4523343,727500
4524589,727600
4525824,727700
4527366,727800
4528661,727900
4529855,728000
4532747,728100
4534121,728200
4535751,728300
4537225,728400
4538380,728500
4540098,728600
4541435,728700
4542489,728800
4544019,728900
4545621,729000
4547922,729100
4549404,729200
4551245,729300
4553028,729400
4554530,729500
4556385,729600
4557981,729700
4559415,729800
4561402,729900
4562903,730000
4566275,730100
4568119,730200
4569467,730300
4570471,730400
4571718,730500
4573234,730600
4574327,730700
4575473,730800
4576858,730900
4578349,731000
4581184,731100
4582285,731200
4583768,731300
4585331,731400
4587044,731500
4588787,731600
4590229,731700
4591670,731800
4593075,731900
4594082,732000
4596937,732100
4598443,732200
4599634,732300
4601124,732400
4603100,732500
4604650,732600
4606042,732700
4607240,732800
4608663,732900
4609926,733000
4612899,733100
4613916,733200
4615111,733300
4616028,733400
4617288,733500
4618510,733600
4620080,733700
4621257,733800
4622766,733900
4624197,734000
4627249,734100
4629518,734200
4631122,734300
4632478,734400
4633728,734500
4635447,734600
4636664,734700
4637933,734800
4639214,734900
4640621,735000
4644043,735100
4646004,735200
4647194,735300
4648350,735400
4649327,735500
4650540,735600
4652749,735700
4654008,735800
4654922,735900
4656817,736000
4661039,736100
4663150,736200
4665063,736300
4666552,736400
4668127,736500
4669563,736600
4671024,736700
4672558,736800
4673869,736900
4675188,737000
4678811,737100
4681291,737200
4682684,737300
4685204,737400
4686539,737500
4687701,737600
4688856,737700
4690443,737800
4691887,737900
4692994,738000
4696378,738100
4698018,738200
4699174,738300
4700622,738400
4701918,738500
4703137,738600
4704387,738700
4705996,738800
4707317,738900
4708517,739000
4711439,739100
4713113,739200
4714294,739300
4715340,739400
4716778,739500
4718909,739600
4719940,739700
4721191,739800
4722123,739900
4723309,740000
4726199,740100
4728185,740200
4729806,740300
4731780,740400
4733757,740500
4735862,740600
4738060,740700
4740346,740800
4741875,740900
4743437,741000
4746817,741100
4748387,741200
4749974,741300
4751639,741400
4752828,741500
4753866,741600
4754904,741700
4756347,741800
4758015,741900
4759117,742000
4762289,742100
4764431,742200
4768060,742300
4773232,742400
4776947,742500
4779617,742600
4781299,742700
4783400,742800
4785125,742900
4786270,743000
4789359,743100
4791292,743200
4792746,743300
4793977,743400
4795192,743500
4796126,743600
4797264,743700
4798771,743800
4800133,743900
4801564,744000
4804558,744100
4807596,744200
4809016,744300
4810041,744400
4811575,744500
4812945,744600
4814786,744700
4816370,744800
4818954,744900
4820760,745000
4824167,745100
4825448,745200
4826549,745300
4827733,745400
4829139,745500
4830547,745600
4832000,745700
4834089,745800
4835412,745900
4836629,746000
4840933,746100
4842220,746200
4843347,746300
4844352,746400
4845830,746500
4846846,746600
4848211,746700
4849239,746800
4850831,746900
4852290,747000
4855121,747100
4856876,747200
4858429,747300
4859981,747400
4861360,747500
4862845,747600
4864432,747700
4865597,747800
4867640,747900
4869063,748000
4871496,748100
4873461,748200
4875009,748300
4876159,748400
4877466,748500
4879222,748600
4880459,748700
4882748,748800
4884885,748900
4886347,749000
4888902,749100
4891126,749200
4892512,749300
4894256,749400
4895839,749500
4897161,749600
4898357,749700
4900092,749800
4901778,749900
4903590,750000
4906489,750100
4908063,750200
4909415,750300
4910898,750400
4912441,750500
4913674,750600
4914971,750700
4916897,750800
4918409,750900
4919801,751000
4922614,751100
4924127,751200
4926006,751300
4927267,751400
4928156,751500
4929678,751600
4930824,751700
4932052,751800
4933382,751900
4934816,752000
4938180,752100
4940207,752200
4942282,752300
4944108,752400
4945410,752500
4946335,752600
4947232,752700
4948999,752800
4950484,752900
4951998,753000
4955087,753100
4957383,753200
4959105,753300
4960461,753400
4962118,753500
4962903,753600
4963928,753700
4965061,753800
4966475,753900
4969639,754000
4972953,754100
4975007,754200
4977014,754300
4979214,754400
4980458,754500
4981449,754600
4982674,754700
4983999,754800
4985611,754900
4986870,755000
4989880,755100
4991613,755200
4993045,755300
4994416,755400
4995665,755500
4996511,755600
4997685,755700
4998835,755800
5000165,755900
5001635,756000
5004608,756100
5006312,756200
5008151,756300
5009463,756400
5010535,756500
5011607,756600
5012673,756700
5013706,756800
5014903,756900
5015904,757000
5019257,757100
5020273,757200
5021806,757300
5023509,757400
5026499,757500
5027809,757600
5028932,757700
5029779,757800
5030703,757900
5031539,758000
5034433,758100
5035663,758200
5037322,758300
5039291,758400
5044453,758500
5050401,758600
5055783,758700
5058375,758800
5060282,758900
5062140,759000
5066001,759100
5071506,759200
5078066,759300
5088362,759400
5090496,759500
5092253,759600
5094872,759700
5097086,759800
5099040,759900
5100457,760000
5104252,760100
5106355,760200
5108695,760300
5111247,760400
5113553,760500
5115328,760600
5116765,760700
5118629,760800
5120147,760900
5121683,761000
5125064,761100
5127124,761200
5129020,761300
5130458,761400
5132072,761500
5133495,761600
5135172,761700
5136713,761800
5138141,761900
5140776,762000
5145813,762100
5148837,762200
5151327,762300
5152864,762400
5156076,762500
5157875,762600
5159584,762700
5160926,762800
5162383,762900
5164351,763000
5168508,763100
5171498,763200
5174794,763300
5176917,763400
5179120,763500
5180911,763600
5182617,763700
5184489,763800
5186171,763900
5187509,764000
5192209,764100
5195144,764200
5198574,764300
5201523,764400
5204028,764500
5207051,764600
5209293,764700
5211677,764800
5213395,764900
5215732,765000
5219450,765100
5221674,765200
5223639,765300
5225574,765400
5227132,765500
5228840,765600
5230771,765700
5232792,765800
5234503,765900
5236196,766000
5240103,766100
5243170,766200
5244403,766300
5245657,766400
5246679,766500
5247689,766600
5254945,766700
5266164,766800
5268222,766900
5269663,767000
5273612,767100
5275421,767200
5277409,767300
5279128,767400
5280768,767500
5282354,767600
5283879,767700
5285897,767800
5287430,767900
5289037,768000
5295589,768100
5297622,768200
5299655,768300
5301355,768400
5302899,768500
5304316,768600
5306269,768700
5308045,768800
5309120,768900
5310172,769000
5313884,769100
5317012,769200
5318633,769300
5320801,769400
5322730,769500
5325185,769600
5326541,769700
5327996,769800
5329120,769900
5330373,770000
5335912,770100
5337580,770200
5339282,770300
5341033,770400
5342173,770500
5344713,770600
5346130,770700
5346996,770800
5348010,770900
5348884,771000
5351741,771100
5362678,771200
5369994,771300
5372968,771400
5380936,771500
5384472,771600
5386096,771700
5387548,771800
5388813,771900
5390124,772000
5393062,772100
5394491,772200
5397023,772300
5398654,772400
5400390,772500
5401973,772600
5403169,772700
5404443,772800
5405968,772900
5407633,773000
5410390,773100
5412103,773200
5413367,773300
5414737,773400
5416101,773500
5417342,773600
5418546,773700
5419810,773800
5420828,773900
5421809,774000
5425174,774100
5426993,774200
5429340,774300
5431558,774400
5433266,774500
5435319,774600
5436628,774700
5438274,774800
5440017,774900
5441360,775000
5444468,775100
5446088,775200
5447634,775300
5448760,775400
5450197,775500
5451710,775600
5452923,775700
5454700,775800
5455784,775900
5457555,776000
5460804,776100
5462473,776200
5464590,776300
5466637,776400
5467961,776500
5469180,776600
5470520,776700
5471895,776800
5473522,776900
5474766,777000
5477618,777100
5479456,777200
5480868,777300
5482561,777400
5483805,777500
5485667,777600
5487142,777700
5488565,777800
5490295,777900
5491788,778000
5495759,778100
5498550,778200
5500207,778300
5502516,778400
5504286,778500
5506064,778600
5507840,778700
5509319,778800
5510586,778900
5511772,779000
5515134,779100
5517028,779200
5519047,779300
5520815,779400
5523177,779500
5525235,779600
5526932,779700
5528505,779800
5530157,779900
5531807,780000
5535813,780100
5537980,780200
5539252,780300
5540725,780400
5541700,780500
5543577,780600
5545852,780700
5548062,780800
5549827,780900
5552814,781000
5556238,781100
5558229,781200
5560020,781300
5561702,781400
5563133,781500
5564900,781600
5566682,781700
5568517,781800
5570396,781900
5571865,782000
5575648,782100
5577312,782200
5579382,782300
5581373,782400
5583326,782500
5585169,782600
5586935,782700
5588329,782800
5589985,782900
5591660,783000
5594789,783100
5596865,783200
5599069,783300
5600933,783400
5602724,783500
5604051,783600
5605578,783700
5607412,783800
5609343,783900
5611095,784000
5615794,784100
5619428,784200
5624438,784300
5626122,784400
5627432,784500
5628912,784600
5630470,784700
5632645,784800
5635058,784900
5637051,785000
5640621,785100
5642506,785200
5644319,785300
5646326,785400
5648125,785500
5649659,785600
5651599,785700
5653312,785800
5654865,785900
5656410,786000
5660559,786100
5663582,786200
5665787,786300
5667755,786400
5669502,786500
5670884,786600
5672012,786700
5673281,786800
5674823,786900
5676299,787000
5679729,787100
5682256,787200
5684449,787300
5686737,787400
5688284,787500
5689554,787600
5691113,787700
5692457,787800
5693795,787900
5695157,788000
5699247,788100
5701416,788200
5703220,788300
5705223,788400
5706558,788500
5708010,788600
5709279,788700
5710546,788800
5711766,788900
5713487,789000
5716568,789100
5718068,789200
5719857,789300
5721181,789400
5722387,789500
5723867,789600
5725016,789700
5726595,789800
5728046,789900
5729521,790000
5733842,790100
5736049,790200
5738031,790300
5740436,790400
5742140,790500
5743645,790600
5744806,790700
5746331,790800
5747568,790900
5748988,791000
5752876,791100
5754664,791200
5756875,791300
5758495,791400
5759898,791500
5761467,791600
5763193,791700
5764273,791800
5765653,791900
5767349,792000
5771194,792100
5773401,792200
5776003,792300
5777751,792400
5779530,792500
5781210,792600
5782836,792700
5784829,792800
5786455,792900
5788261,793000
5791867,793100
5794624,793200
5796659,793300
5798255,793400
5800030,793500
5802491,793600
5804862,793700
5806996,793800
5808330,793900
5809587,794000
5814301,794100
5816439,794200
5819344,794300
5821557,794400
5823254,794500
5824611,794600
5826137,794700
5827346,794800
5828625,794900
5830115,795000
5835127,795100
5837060,795200
5839437,795300
5841795,795400
5843880,795500
5845650,795600
5847503,795700
5849007,795800
5850476,795900
5852214,796000
5856115,796100
5858515,796200
5860889,796300
5862989,796400
5864883,796500
5866458,796600
5868106,796700
5869951,796800
5871675,796900
5873451,797000
5877763,797100
5880708,797200
5882371,797300
5884060,797400
5886381,797500
5887827,797600
5889256,797700
5890827,797800
5892081,797900
5893357,798000
5897113,798100
5899323,798200
5901352,798300
5903634,798400
5905360,798500
5907541,798600
5909667,798700
5911478,798800
5913065,798900
5914696,799000
5918753,799100
5920515,799200
5922859,799300
5925182,799400
5926964,799500
5928724,799600
5930634,799700
5931871,799800
5933258,799900
5934591,800000
5938686,800100
5941058,800200
5943285,800300
5945581,800400
5947737,800500
5949289,800600
5950929,800700
5952738,800800
5954057,800900
5955618,801000
5959620,801100
5961463,801200
5963264,801300
5965110,801400
5966809,801500
5968429,801600
5970810,801700
5972204,801800
5973454,801900
5975262,802000
5979013,802100
5981356,802200
5983577,802300
5985802,802400
5987399,802500
5989153,802600
5990768,802700
5993306,802800
5995330,802900
5996801,803000
6000048,803100
6002508,803200
6004316,803300
6006772,803400
6012362,803500
6014099,803600
6015885,803700
6017767,803800
6019487,803900
6021025,804000
6024484,804100
6026431,804200
6028973,804300
6031242,804400
6032771,804500
6034595,804600
6036354,804700
6038079,804800
6039446,804900
6041155,805000
6044600,805100
6047575,805200
6049264,805300
6051414,805400
6053635,805500
6055982,805600
6057856,805700
6059464,805800
6060842,805900
6062018,806000
6066271,806100
6068333,806200
6070673,806300
6073325,806400
6075131,806500
6076858,806600
6078472,806700
6080393,806800
6081778,806900
6082981,807000
6087038,807100
6089004,807200
6091835,807300
6094677,807400
6096874,807500
6098571,807600
6101031,807700
6102977,807800
6105413,807900
6106852,808000
6110308,808100
6112381,808200
6114378,808300
6116299,808400
6118279,808500
6120418,808600
6122865,808700
6125575,808800
6127436,808900
6129078,809000
6133097,809100
6135782,809200
6139682,809300
6142469,809400
6144505,809500
6146776,809600
6148953,809700
6151618,809800
6154667,809900
6157177,810000
6163307,810100
6167168,810200
6170563,810300
6173254,810400
6176666,810500
6179149,810600
6182421,810700
6185742,810800
6190632,810900
6194391,811000
6201864,811100
6205483,811200
6208857,811300
6211900,811400
6214759,811500
6218916,811600
6222245,811700
6226149,811800
6230247,811900
6233632,812000
6240339,812100
6244855,812200
6248319,812300
6252146,812400
6255593,812500
6258692,812600
6262037,812700
6266390,812800
6269523,812900
6272543,813000
6278954,813100
6282332,813200
6284916,813300
6288373,813400
6290804,813500
6294085,813600
6297761,813700
6300318,813800
6303802,813900
6307215,814000
6313295,814100
6316352,814200
6319213,814300
6322168,814400
6324601,814500
6327544,814600
6330605,814700
6333314,814800
6336783,814900
6339789,815000
6344667,815100
6347358,815200
6349987,815300
6351871,815400
6354408,815500
6356594,815600
6359398,815700
6362834,815800
6365222,815900
6367601,816000
6373558,816100
6377364,816200
6379550,816300
6381920,816400
6383612,816500
6385701,816600
6388181,816700
6390407,816800
6392519,816900
6394341,817000
6398404,817100
6400873,817200
6402506,817300
6404413,817400
6405885,817500
6407947,817600
6410561,817700
6412515,817800
6415044,817900
6417157,818000
6421178,818100
6424423,818200
6427888,818300
6429762,818400
6431805,818500
6433668,818600
6435633,818700
6437983,818800
6440343,818900
6442765,819000
6447802,819100
6452269,819200
6454493,819300
6457345,819400
6459631,819500
6461190,819600
6463411,819700
6466622,819800
6468626,819900
6471309,820000
6477182,820100
6480951,820200
6484086,820300
6486754,820400
6489251,820500
6491209,820600
6493663,820700
6496200,820800
6498303,820900
6500060,821000
6506156,821100
6510323,821200
6512209,821300
6514281,821400
6516119,821500
6517709,821600
6519461,821700
6521297,821800
6523265,821900
6525071,822000
6528943,822100
6531721,822200
6534307,822300
6537257,822400
6540660,822500
6542859,822600
6544857,822700
6546693,822800
6548469,822900
6550742,823000
6555585,823100
6558195,823200
6561148,823300
6563497,823400
6565936,823500
6567953,823600
6569353,823700
6571268,823800
6573275,823900
6576560,824000
6583371,824100
6586530,824200
6590028,824300
6594502,824400
6597102,824500
6600201,824600
6603457,824700
6606506,824800
6608678,824900
6612363,825000
6618571,825100
6622582,825200
6624937,825300
6628787,825400
6633258,825500
6636176,825600
6638285,825700
6640209,825800
6643069,825900
6645846,826000
6651316,826100
6655665,826200
6658824,826300
6662987,826400
6665908,826500
6668635,826600
6671392,826700
6674158,826800
6677910,826900
6680669,827000
6687768,827100
6693271,827200
6697898,827300
6703209,827400
6706552,827500
6709898,827600
6713169,827700
6715937,827800
6718570,827900
6721533,828000
6727609,828100
6732290,828200
6736121,828300
6739765,828400
6742690,828500
6745365,828600
6747377,828700
6749572,828800
6751764,828900
6754413,829000
6759441,829100
6761814,829200
6764489,829300
6766665,829400
6768888,829500
6771808,829600
6774288,829700
6777268,829800
6781010,829900
6784396,830000
6790812,830100
6795637,830200
6799403,830300
6801753,830400
6804682,830500
6807454,830600
6810874,830700
6813601,830800
6816720,830900
6819421,831000
6825048,831100
6828882,831200
6831928,831300
6834841,831400
6837858,831500
6840656,831600
6843649,831700
6846246,831800
6848958,831900
6852291,832000
6859044,832100
6864531,832200
6868949,832300
6872332,832400
6878199,832500
6882596,832600
6886603,832700
6890121,832800
6893636,832900
6896581,833000
6902380,833100
6907256,833200
6912483,833300
6917276,833400
6921348,833500
6924234,833600
6927201,833700
6930670,833800
6933595,833900
6936441,834000
6943357,834100
6948399,834200
6955758,834300
6961097,834400
6966968,834500
6973068,834600
6977483,834700
6982396,834800
6986229,834900
6990601,835000
6997968,835100
7001958,835200
7005384,835300
7009956,835400
7013410,835500
7019098,835600
7022911,835700
7025555,835800
7033699,835900
7037677,836000
7044120,836100
7050370,836200
7054665,836300
7057820,836400
7060686,836500
7063865,836600
7066984,836700
7069419,836800
7072213,836900
7074921,837000
7079963,837100
7082670,837200
7085598,837300
7089411,837400
7092204,837500
7095177,837600
7098811,837700
7104962,837800
7107768,837900
7111169,838000
7116250,838100
7119779,838200
7123502,838300
7126176,838400
7128807,838500
7130796,838600
7133144,838700
7135253,838800
7137555,838900
7139540,839000
7144507,839100
7146749,839200
7153000,839300
7155148,839400
7157065,839500
7159206,839600
7161467,839700
7163328,839800
7165260,839900
7167489,840000
7170697,840100
7172717,840200
7174733,840300
7176544,840400
7178135,840500
7179682,840600
7181850,840700
7184106,840800
7186300,840900
7189397,841000
7194344,841100
7196792,841200
7199616,841300
7202713,841400
7205361,841500
7207800,841600
7211050,841700
7213343,841800
7216176,841900
7218604,842000
7222922,842100
7225326,842200
7228663,842300
7231651,842400
7234361,842500
7237062,842600
7239284,842700
7241484,842800
7243325,842900
7244900,843000
7250980,843100
7253593,843200
7256252,843300
7258830,843400
7261671,843500
7265674,843600
7269965,843700
7272762,843800
7275185,843900
7277537,844000
7283336,844100
7287646,844200
7290937,844300
7294480,844400
7297912,844500
7301408,844600
7303548,844700
7306203,844800
7308382,844900
7310964,845000
7314291,845100
7316496,845200
7318512,845300
7320921,845400
7323732,845500
7326493,845600
7328307,845700
7330652,845800
7333473,845900
7335132,846000
7339293,846100
7341505,846200
7343996,846300
7346914,846400
7348682,846500
7351133,846600
7353372,846700
7355804,846800
7359170,846900
7363254,847000
7368365,847100
7370829,847200
7373196,847300
7375275,847400
7377905,847500
7380291,847600
7382546,847700
7384678,847800
7386346,847900
7388571,848000
7395601,848100
7399297,848200
7402472,848300
7406124,848400
7409136,848500
7412247,848600
7414767,848700
7418018,848800
7420920,848900
7424128,849000
7431174,849100
7435393,849200
7439791,849300
7443791,849400
7447364,849500
7451727,849600
7458331,849700
7462384,849800
7465988,849900
7468738,850000
7474159,850100
7478545,850200
7482197,850300
7485670,850400
7488605,850500
7493808,850600
7497147,850700
7500428,850800
7505407,850900
7516129,851000
7522802,851100
7528317,851200
7533970,851300
7538048,851400
7543786,851500
7548638,851600
7552581,851700
7557417,851800
7561653,851900
7564156,852000
7571619,852100
7579854,852200
7586013,852300
7590793,852400
7599098,852500
7603078,852600
7608787,852700
7613845,852800
7617261,852900
7621072,853000
7628626,853100
7632826,853200
7638513,853300
7642728,853400
7646401,853500
7650850,853600
7654341,853700
7658304,853800
7663047,853900
7669791,854000
7683530,854100
7691818,854200
7696476,854300
7700607,854400
7705126,854500
7709341,854600
7713827,854700
7721680,854800
7725946,854900
7730460,855000
7739209,855100
7744540,855200
7748329,855300
7753671,855400
7759221,855500
7765848,855600
7772091,855700
7778428,855800
7781544,855900
7785324,856000
7793677,856100
7798250,856200
7805900,856300
7816939,856400
7830667,856500
7840775,856600
7847845,856700
7854060,856800
7860964,856900
7864867,857000
7870909,857100
7873636,857200
7877887,857300
7881095,857400
7885803,857500
7889729,857600
7892952,857700
7896047,857800
7898777,857900
7901386,858000
7906034,858100
7909725,858200
7912621,858300
7915046,858400
7917971,858500
7921020,858600
7924203,858700
7927147,858800
7931647,858900
7935737,859000
7942790,859100
7949473,859200
7952431,859300
7955275,859400
7958747,859500
7962074,859600
7964263,859700
7966558,859800
7970612,859900
7973233,860000
7980146,860100
7983078,860200
7985853,860300
7989833,860400
7992153,860500
7996252,860600
7999359,860700
8004264,860800
8008526,860900
8012355,861000
8020977,861100
8026183,861200
8029604,861300
8033949,861400
8037766,861500
8041971,861600
8044739,861700
8049071,861800
8053505,861900
8057429,862000
8065765,862100
8071267,862200
8075953,862300
8080392,862400
8083821,862500
8089510,862600
8094816,862700
8099921,862800
8105026,862900
8109536,863000
8122706,863100
8126517,863200
8130913,863300
8135480,863400
8139326,863500
8143780,863600
8148145,863700
8153690,863800
8157542,863900
8161689,864000
8172255,864100
8177879,864200
8181004,864300
8184081,864400
8187302,864500
8190872,864600
8193618,864700
8197312,864800
8200545,864900
8203376,865000
8208412,865100
8216242,865200
8220064,865300
8222399,865400
8226571,865500
8229956,865600
8232876,865700
8236251,865800
8238846,865900
8241693,866000
8248043,866100
8253179,866200
8255968,866300
8259195,866400
8262772,866500
8266186,866600
8269100,866700
8271502,866800
8273895,866900
8276600,867000
8285684,867100
8288753,867200
8292003,867300
8295180,867400
8299709,867500
8303320,867600
8307547,867700
8311330,867800
8315268,867900
8320578,868000
8328537,868100
8332662,868200
8336636,868300
8341531,868400
8344852,868500
8348911,868600
8353967,868700
8360149,868800
8366854,868900
8372934,869000
8384596,869100
8391475,869200
8397662,869300
8402371,869400
8406638,869500
8410974,869600
8416725,869700
8423143,869800
8430983,869900
8440841,870000
8452864,870100
8462247,870200
8468583,870300
8475345,870400
8479727,870500
8486550,870600
8492382,870700
8497129,870800
8501844,870900
8505366,871000
8518132,871100
8522206,871200
8527145,871300
8536236,871400
8542383,871500
8548820,871600
8554150,871700
8560362,871800
8565647,871900
8573434,872000
8582590,872100
8587159,872200
8591611,872300
8595242,872400
8599698,872500
8604445,872600
8609828,872700
8614401,872800
8618846,872900
8624484,873000
8632614,873100
8638224,873200
8643908,873300
8651255,873400
8656807,873500
8661919,873600
8668626,873700
8675168,873800
8681010,873900
8686278,874000
8697120,874100
8702091,874200
8705653,874300
8709328,874400
8714649,874500
8718726,874600
8722094,874700
8725650,874800
8729765,874900
8734367,875000
8744078,875100
8750329,875200
8755239,875300
8759996,875400
8765492,875500
8772163,875600
8778550,875700
8785860,875800
8792624,875900
8799106,876000
8809205,876100
8815854,876200
8821851,876300
8827972,876400
8834070,876500
8840111,876600
8847089,876700
8853290,876800
8860494,876900
8865280,877000
8874696,877100
8881496,877200
8888675,877300
8896747,877400
8905520,877500
8910550,877600
8915519,877700
8920842,877800
8926147,877900
8930347,878000
8941736,878100
8947116,878200
8952045,878300
8955776,878400
8959480,878500
8965267,878600
8969822,878700
8976417,878800
8982345,878900
8988967,879000
8996895,879100
9003048,879200
9008977,879300
9015224,879400
9021128,879500
9026242,879600
9032062,879700
9039019,879800
9046570,879900
9053292,880000
9065426,880100
9069686,880200
9074827,880300
9080437,880400
9088549,880500
9094612,880600
9100301,880700
9105610,880800
9112552,880900
9120363,881000
9129468,881100
9136497,881200
9143243,881300
9149583,881400
9155337,881500
9161067,881600
9167954,881700
9176502,881800
9183737,881900
9190458,882000
9208437,882100
9217049,882200
9225479,882300
9231030,882400
9235860,882500
9241770,882600
9247488,882700
9251451,882800
9255815,882900
9262144,883000
9276564,883100
9283545,883200
9288844,883300
9294021,883400
9299489,883500
9305542,883600
9312020,883700
9318689,883800
9325120,883900
9330193,884000
9338853,884100
9345002,884200
9359474,884300
9363183,884400
9367316,884500
9370796,884600
9373287,884700
9377894,884800
9381232,884900
9383323,885000
9387746,885100
9392178,885200
9398156,885300
9402731,885400
9407727,885500
9411741,885600
9416521,885700
9422824,885800
9429780,885900
9433774,886000
9443007,886100
9449068,886200
9456744,886300
9462638,886400
9468707,886500
9474511,886600
9481069,886700
9486664,886800
9490910,886900
9497247,887000
9505097,887100
9509660,887200
9513423,887300
9516885,887400
9520176,887500
9523049,887600
9526788,887700
9529113,887800
9531481,887900
9534169,888000
9540970,888100
9545291,888200
9549162,888300
9552556,888400
9555385,888500
9559538,888600
9563095,888700
9567453,888800
9570530,888900
9572841,889000
9577162,889100
9579934,889200
9582984,889300
9585215,889400
9587732,889500
9590575,889600
9593714,889700
9596142,889800
9599133,889900
9602350,890000
9607509,890100
9611083,890200
9615390,890300
9618291,890400
9621907,890500
9624352,890600
9627053,890700
9630371,890800
9633154,890900
9635641,891000
9640861,891100
9645175,891200
9648468,891300
9656363,891400
9658397,891500
9662476,891600
9665931,891700
9668143,891800
9671194,891900
9673638,892000
9679046,892100
9682047,892200
9684969,892300
9688497,892400
9690763,892500
9693434,892600
9697895,892700
9700649,892800
9703355,892900
9705902,893000
9711805,893100
9714103,893200
9717344,893300
9719917,893400
9722874,893500
9726265,893600
9729210,893700
9731478,893800
9734211,893900
9736634,894000
9742420,894100
9745851,894200
9761271,894300
9767051,894400
9771479,894500
9775867,894600
9780462,894700
9784939,894800
9788200,894900
9792907,895000
9799832,895100
9803260,895200
9807576,895300
9811200,895400
9814194,895500
9817849,895600
9823519,895700
9829517,895800
9835282,895900
9841443,896000
9850693,896100
9857048,896200
9862866,896300
9868825,896400
9873073,896500
9877676,896600
9882671,896700
9885997,896800
9889830,896900
9893346,897000
9899685,897100
9902799,897200
9905187,897300
9907920,897400
9911110,897500
9914154,897600
9918632,897700
9923168,897800
9929086,897900
9932849,898000
9939476,898100
9944489,898200
9948049,898300
9951815,898400
9956656,898500
9959781,898600
9964358,898700
9968436,898800
9971314,898900
9974594,899000
9982907,899100
9987206,899200
9990305,899300
9994486,899400
9997772,899500
10002412,899600
10006804,899700
10010824,899800
10014172,899900
10018212,900000
10025152,900100
10033213,900200
10035912,900300
10039201,900400
10042062,900500
10046351,900600
10050298,900700
10053937,900800
10057514,900900
10061005,901000
10067356,901100
10071437,901200
10074880,901300
10079582,901400
10082578,901500
10086375,901600
10090801,901700
10094403,901800
10097790,901900
10104129,902000
10111597,902100
10115995,902200
10122241,902300
10125537,902400
10130045,902500
10134350,902600
10138255,902700
10141458,902800
10144862,902900
10147926,903000
10153852,903100
10157057,903200
10159540,903300
10162527,903400
10166320,903500
10169858,903600
10173021,903700
10176152,903800
10179579,903900
10182460,904000
10187851,904100
10191408,904200
10193812,904300
10197575,904400
10201467,904500
10204659,904600
10208294,904700
10211499,904800
10214972,904900
10220004,905000
10227496,905100
10231301,905200
10234961,905300
10237971,905400
10242237,905500
10246408,905600
10249231,905700
10252235,905800
10256410,905900
10259605,906000
10274469,906100
10277448,906200
10281375,906300
10284750,906400
10288838,906500
10292444,906600
10296701,906700
10304042,906800
10308449,906900
10312710,907000
10319050,907100
10322788,907200
10325530,907300
10328174,907400
10331432,907500
10334959,907600
10340281,907700
10343621,907800
10347083,907900
10350921,908000
10356700,908100
10360328,908200
10363204,908300
10365393,908400
10368444,908500
10371097,908600
10373591,908700
10376624,908800
10379713,908900
10382293,909000
10387209,909100
10390423,909200
10394028,909300
10397146,909400
10400108,909500
10404548,909600
10407448,909700
10410815,909800
10418179,909900
10420967,910000
10427956,910100
10432474,910200
10438558,910300
10441934,910400
10444417,910500
10447386,910600
10451116,910700
10453984,910800
10457218,910900
10459828,911000
10465332,911100
10468874,911200
10471667,911300
10474475,911400
10476883,911500
10479784,911600
10483067,911700
10486088,911800
10488703,911900
10491869,912000
10496928,912100
10501599,912200
10505211,912300
10508121,912400
10510690,912500
10513690,912600
10515942,912700
10518383,912800
10521013,912900
10524045,913000
10531098,913100
10534747,913200
10537705,913300
10540814,913400
10542890,913500
10545011,913600
10547676,913700
10551580,913800
10554383,913900
10557073,914000
10562407,914100
10565534,914200
10569457,914300
10573472,914400
10577072,914500
10579496,914600
10581869,914700
10584291,914800
10587457,914900
10590246,915000
10596455,915100
10600373,915200
10603200,915300
10605480,915400
10608166,915500
10609999,915600
10612713,915700
10616013,915800
10618938,915900
10621460,916000
10628268,916100
10631671,916200
10635703,916300
10639300,916400
10642463,916500
10646217,916600
10648824,916700
10651592,916800
10654206,916900
10657266,917000
10662619,917100
10665234,917200
10668962,917300
10672444,917400
10676245,917500
10680902,917600
10684040,917700
10688425,917800
10691464,917900
10696084,918000
10705623,918100
10712532,918200
10716499,918300
10720240,918400
10724599,918500
10729312,918600
10731700,918700
10734940,918800
10737753,918900
10740691,919000
10746639,919100
10749432,919200
10752343,919300
10756443,919400
10759355,919500
10762934,919600
10765094,919700
10766761,919800
10770346,919900
10774046,920000
10780165,920100
10784428,920200
10787287,920300
10789819,920400
10792706,920500
10795090,920600
10797073,920700
10799661,920800
10801958,920900
10804542,921000
10809265,921100
10812025,921200
10815498,921300
10818691,921400
10821228,921500
10823556,921600
10826435,921700
10828877,921800
10831079,921900
10833396,922000
10839600,922100
10845137,922200
10849397,922300
10852456,922400
10854991,922500
10858686,922600
10861343,922700
10864858,922800
10866901,922900
10869386,923000
10874953,923100
10878881,923200
10882133,923300
10885567,923400
10888569,923500
10892781,923600
10896189,923700
10899195,923800
10901248,923900
10904007,924000
10912846,924100
10919665,924200
10922707,924300
10926103,924400
10930557,924500
10936352,924600
10941149,924700
10944805,924800
10947448,924900
10949989,925000
10954751,925100
10958598,925200
10961226,925300
10964366,925400
10966464,925500
10969049,925600
10971392,925700
10973953,925800
10976418,925900
10979354,926000
10987175,926100
10991421,926200
10994113,926300
10997254,926400
11002783,926500
11006765,926600
11009922,926700
11011790,926800
11015024,926900
11017330,927000
11023083,927100
11032210,927200
11035076,927300
11037828,927400
11041084,927500
11044410,927600
11046444,927700
11049298,927800
11051564,927900
11054269,928000
11059586,928100
11064502,928200
11067368,928300
11071549,928400
11074130,928500
11076762,928600
11078486,928700
11080909,928800
11083225,928900
11086040,929000
11089968,929100
11092778,929200
11095498,929300
11098175,929400
11100297,929500
11102218,929600
11104478,929700
11106562,929800
11108440,929900
11110455,930000
11116194,930100
11121634,930200
11126152,930300
11129402,930400
11133024,930500
11136174,930600
11138496,930700
11140816,930800
11145705,930900
11148257,931000
11153985,931100
11157361,931200
11160832,931300
11163952,931400
11167173,931500
11171578,931600
11174092,931700
11177918,931800
11181593,931900
11183464,932000
11189519,932100
11193453,932200
11196857,932300
11199618,932400
11203380,932500
11209138,932600
11212328,932700
11215185,932800
11217575,932900
11220074,933000
11224872,933100
11228111,933200
11231486,933300
11233666,933400
11235832,933500
11238850,933600
11241510,933700
11245188,933800
11248470,933900
11250550,934000
11256184,934100
11260641,934200
11265517,934300
11268866,934400
11271501,934500
11276073,934600
11279276,934700
11282741,934800
11285657,934900
11288207,935000
11295510,935100
11304129,935200
11307664,935300
11309624,935400
11311734,935500
11313383,935600
11315278,935700
11317522,935800
11319321,935900
11321511,936000
11327547,936100
11329829,936200
11332594,936300
11334676,936400
11336699,936500
11338870,936600
11340186,936700
11341652,936800
11343396,936900
11345068,937000
11348295,937100
11350765,937200
11352554,937300
11354220,937400
11356004,937500
11358179,937600
11360331,937700
11361828,937800
11363538,937900
11369422,938000
11407434,938100
11412912,938200
11418448,938300
11421960,938400
11425914,938500
11429704,938600
11433554,938700
11437028,938800
11439984,938900
11442965,939000
11449431,939100
11453025,939200
11456772,939300
11459399,939400
11463280,939500
11465716,939600
11468424,939700
11470686,939800
11473374,939900
11475495,940000
11480957,940100
11484545,940200
11486732,940300
11489731,940400
11492398,940500
11495790,940600
11497757,940700
11499703,940800
11502686,940900
11505990,941000
11510613,941100
11513179,941200
11515146,941300
11518031,941400
11520468,941500
11522155,941600
11524021,941700
11525637,941800
11527414,941900
11530195,942000
11534781,942100
11537867,942200
11540042,942300
11542121,942400
11544171,942500
11546443,942600
11548075,942700
11549458,942800
11551653,942900
11553990,943000
11559869,943100
11562698,943200
11565501,943300
11568087,943400
11569988,943500
11572527,943600
11574947,943700
11576729,943800
11578640,943900
11580911,944000
11585483,944100
11588803,944200
11591893,944300
11594611,944400
11597216,944500
11599304,944600
11600987,944700
11603305,944800
11604991,944900
11607392,945000
11645122,945100
11653268,945200
11658692,945300
11663523,945400
11668029,945500
11672212,945600
11675560,945700
11678382,945800
11681623,945900
11686854,946000
11693678,946100
11698012,946200
11702283,946300
11705168,946400
11707826,946500
11711324,946600
11713267,946700
11715504,946800
11718076,946900
11719992,947000
11731213,947100
11734493,947200
11737808,947300
11743277,947400
11747463,947500
11752073,947600
11756000,947700
11759451,947800
11763278,947900
11767005,948000
11779853,948100
11783535,948200
11786074,948300
11790189,948400
11793168,948500
11795730,948600
11798117,948700
11800213,948800
11802100,948900
11804379,949000
11809599,949100
11812698,949200
11815840,949300
11818306,949400
11820535,949500
11823449,949600
11825826,949700
11828010,949800
11830130,949900
11832460,950000
11836890,950100
11839780,950200
11843532,950300
11846302,950400
11848851,950500
11851718,950600
11853662,950700
11855222,950800
11857213,950900
11859079,951000
11863426,951100
11866748,951200
11869955,951300
11871946,951400
11874525,951500
11876646,951600
11878703,951700
11880890,951800
11882790,951900
11885488,952000
11947452,952100
11954172,952200
11959989,952300
11964840,952400
11969131,952500
11974601,952600
11978470,952700
11982363,952800
11986173,952900
11990755,953000
11996301,953100
11999686,953200
12002764,953300
12006402,953400
12009114,953500
12012622,953600
12015404,953700
12018836,953800
12023112,953900
12025657,954000
12030768,954100
12034343,954200
12036765,954300
12038970,954400
12040754,954500
12042562,954600
12044323,954700
12046489,954800
12048658,954900
12050730,955000
12055713,955100
12057776,955200
12059952,955300
12062394,955400
12064603,955500
12066597,955600
12068322,955700
12070223,955800
12072837,955900
12075556,956000
12139251,956100
12146829,956200
12152185,956300
12157240,956400
12160782,956500
12164504,956600
12167650,956700
12170100,956800
12172714,956900
12177058,957000
12182818,957100
12186674,957200
12189386,957300
12192714,957400
12195619,957500
12198496,957600
12200381,957700
12202778,957800
12205138,957900
12207431,958000
12219037,958100
12223796,958200
12227469,958300
12231907,958400
12235657,958500
12238506,958600
12240711,958700
12243718,958800
12246565,958900
12249812,959000
12256410,959100
12259738,959200
12262353,959300
12264523,959400
12267608,959500
12269914,959600
12272130,959700
12274254,959800
12276921,959900
12279702,960000
12285394,960100
12289288,960200
12292336,960300
12301589,960400
12317427,960500
12324714,960600
12331693,960700
12338324,960800
12344433,960900
13874780,0
13874810,100
13874831,200
13874844,300
13874854,400
13874862,500
13874877,600
13874888,700
13874901,800
13874912,900
13874922,1000
13874946,1100
13874957,1200
13874967,1300
13874978,1400
13874989,1500
13874998,1600
13875009,1700
13875018,1800
13875030,1900
13875041,2000
13875117,2100
13875128,2200
13875138,2300
13875148,2400
13875158,2500
13875169,2600
13875180,2700
13875191,2800
13875200,2900
13875211,3000
13875224,3100
13875234,3200
13875244,3300
13875253,3400
13875264,3500
13875277,3600
13875287,3700
13875296,3800
13875307,3900
13875317,4000
13875361,4100
13875372,4200
13875381,4300
13875391,4400
13875402,4500
13875413,4600
13875423,4700
13875433,4800
13875443,4900
13875455,5000
13875466,5100
13875479,5200
13875489,5300
13875500,5400
13875510,5500
13875519,5600
13875529,5700
13875540,5800
13875550,5900
13875561,6000
13875573,6100
13875591,6200
13875601,6300
13875612,6400
13875622,6500
13875632,6600
13875642,6700
13875653,6800
13875661,6900
13875672,7000
13875682,7100
13875695,7200
13875705,7300
13875716,7400
13875726,7500
13875736,7600
13875746,7700
13875756,7800
13875766,7900
13875777,8000
13875788,8100
13875838,8200
13875849,8300
13875860,8400
13875871,8500
13875882,8600
13875891,8700
13875901,8800
13875912,8900
13875923,9000
13875933,9100
13875945,9200
13875955,9300
13875966,9400
13875975,9500
13875985,9600
13875996,9700
13876006,9800
13876017,9900
13876027,10000
13876287,10100
13876299,10200
13876312,10300
13876338,10400
13876349,10500
13876359,10600
13876370,10700
13876381,10800
13876391,10900
13876401,11000
13876422,11100
13876431,11200
13876442,11300
13876453,11400
13876464,11500
13876475,11600
13876487,11700
13876497,11800
13876508,11900
13876518,12000
13876550,12100
13876560,12200
13876571,12300
13876581,12400
13876592,12500
13876602,12600
13876612,12700
13876623,12800
13876633,12900
13876643,13000
13876654,13100
13876665,13200
13876673,13300
13876684,13400
13876695,13500
13876706,13600
13876716,13700
13876727,13800
13876740,13900
13876751,14000
13876764,14100
13876773,14200
13876783,14300
13876795,14400
13876805,14500
13876814,14600
13876825,14700
13876835,14800
13876846,14900
13876857,15000
13876868,15100
13876878,15200
13876890,15300
13876903,15400
13876914,15500
13876925,15600
13876936,15700
13876945,15800
13876956,15900
13876967,16000
13876977,16100
13876989,16200
13877002,16300
13877013,16400
13877024,16500
13877038,16600
13877050,16700
13877061,16800
13877073,16900
13877084,17000
13877094,17100
13877107,17200
13877118,17300
13877129,17400
13877140,17500
13877152,17600
13877162,17700
13877172,17800
13877185,17900
13877195,18000
13877205,18100
13877556,18200
13877569,18300
13877579,18400
13877589,18500
13877599,18600
13877611,18700
13877621,18800
13877631,18900
13877641,19000
13877653,19100
13877663,19200
13877673,19300
13877683,19400
13877695,19500
13877705,19600
13877717,19700
13877730,19800
13877741,19900
13877751,20000
13877832,20100
13877845,20200
13877858,20300
13877875,20400
13877890,20500
13877901,20600
13877913,20700
13877924,20800
13877934,20900
13877944,21000
13877956,21100
13877968,21200
13877978,21300
13877996,21400
13878015,21500
13878028,21600
13878041,21700
13878052,21800
13878063,21900
13878073,22000
13878088,22100
13878098,22200
13878110,22300
13878121,22400
13878134,22500
13878144,22600
13878157,22700
13878168,22800
13878179,22900
13878192,23000
13878203,23100
13878215,23200
13878227,23300
13878237,23400
13878251,23500
13878262,23600
13878273,23700
13878284,23800
13878294,23900
13878306,24000
13878321,24100
13878332,24200
13878343,24300
13878355,24400
13878367,24500
13878381,24600
13878391,24700
13878402,24800
13878415,24900
13878426,25000
13878437,25100
13878449,25200
13878460,25300
13878471,25400
13878483,25500
13878493,25600
13878504,25700
13878516,25800
13878527,25900
13878538,26000
13878550,26100
13878562,26200
13878576,26300
13878587,26400
13878600,26500
13878613,26600
13878624,26700
13878635,26800
13878647,26900
13878658,27000
13878670,27100
13878681,27200
13878691,27300
13878702,27400
13878712,27500
13878723,27600
13878735,27700
13878746,27800
13878757,27900
13878768,28000
13878779,28100
13878801,28200
13878812,28300
13878825,28400
13878836,28500
13878847,28600
13878858,28700
13878871,28800
13878882,28900
13878891,29000
13878901,29100
13878913,29200
13878924,29300
13878935,29400
13878946,29500
13878957,29600
13878968,29700
13878980,29800
13878992,29900
13879001,30000
13879116,30100
13879127,30200
13879136,30300
13879146,30400
13879155,30500
13879167,30600
13879176,30700
13879186,30800
13879195,30900
13879205,31000
13879215,31100
13879226,31200
13879236,31300
13879245,31400
13879257,31500
13879268,31600
13879277,31700
13879288,31800
13879298,31900
13879309,32000
13879321,32100
13879333,32200
13879343,32300
13879354,32400
13879365,32500
13879373,32600
13879384,32700
13879395,32800
13879404,32900
13879414,33000
13879424,33100
13879434,33200
13879443,33300
13879454,33400
13879465,33500
13879474,33600
13879485,33700
13879496,33800
13879505,33900
13879516,34000
13879526,34100
13879537,34200
13879552,34300
13879568,34400
13879581,34500
13879590,34600
13879609,34700
13879620,34800
13879631,34900
13879640,35000
13879650,35100
13879662,35200
13879672,35300
13879682,35400
13879692,35500
13879703,35600
13879712,35700
13879723,35800
13879734,35900
13879743,36000
13879754,36100
13879764,36200
13879774,36300
13879784,36400
13879793,36500
13879805,36600
13879814,36700
13879825,36800
13879834,36900
13879846,37000
13879855,37100
13879865,37200
13879874,37300
13879886,37400
13879897,37500
13879907,37600
13879918,37700
13879927,37800
13879938,37900
13879947,38000
13879958,38100
13879982,38200
13879992,38300
13880005,38400
13880015,38500
13880025,38600
13880034,38700
13880045,38800
13880054,38900
13880066,39000
13880076,39100
13880086,39200
13880096,39300
13880108,39400
13880119,39500
13880130,39600
13880141,39700
13880151,39800
13880162,39900
13880170,40000
13880264,40100
13880274,40200
13880284,40300
13880294,40400
13880305,40500
13880314,40600
13880326,40700
13880334,40800
13880344,40900
13880355,41000
13880365,41100
13880376,41200
13880385,41300
13880395,41400
13880405,41500
13880416,41600
13880425,41700
13880437,41800
13880447,41900
13880456,42000
13880467,42100
13880477,42200
13880487,42300
13880497,42400
13880508,42500
13880518,42600
13880528,42700
13880540,42800
13880550,42900
13880561,43000
13880572,43100
13880581,43200
13880592,43300
13880602,43400
13880613,43500
13880622,43600
13880633,43700
13880644,43800
13880655,43900
13880666,44000
13880677,44100
13880688,44200
13880698,44300
13880709,44400
13880720,44500
13880729,44600
13880741,44700
13880752,44800
13880762,44900
13880773,45000
13880785,45100
13880796,45200
13880806,45300
13880817,45400
13880827,45500
13880838,45600
13880848,45700
13880859,45800
13880871,45900
13880882,46000
13880892,46100
13880903,46200
13880913,46300
13880924,46400
13880934,46500
13880945,46600
13880956,46700
13880967,46800
13880977,46900
13880989,47000
13880999,47100
13881011,47200
13881021,47300
13881033,47400
13881044,47500
13881053,47600
13881065,47700
13881074,47800
13881086,47900
13881096,48000
13881107,48100
13881121,48200
13881132,48300
13881141,48400
13881153,48500
13881162,48600
13881173,48700
13881184,48800
13881194,48900
13881205,49000
13881217,49100
13881229,49200
13881242,49300
13881251,49400
13881262,49500
13881272,49600
13881283,49700
13881293,49800
13881306,49900
13881317,50000
13881409,50100
13881419,50200
13881429,50300
13881441,50400
13881451,50500
13881463,50600
13881473,50700
13881484,50800
13881497,50900
13881506,51000
13881520,51100
13881531,51200
13881542,51300
13881555,51400
13881566,51500
13881578,51600
13881591,51700
13881612,51800
13881623,51900
13881633,52000
13881646,52100
13881657,52200
13881668,52300
13881678,52400
13881690,52500
13881703,52600
13881714,52700
13881725,52800
13881736,52900
13881748,53000
13881761,53100
13881772,53200
13881786,53300
13881797,53400
13881809,53500
13881822,53600
13881832,53700
13881844,53800
13881856,53900
13881867,54000
13881881,54100
13881891,54200
13881903,54300
13881916,54400
13881927,54500
13881940,54600
13881952,54700
13881966,54800
13881977,54900
13881988,55000
13882001,55100
13882011,55200
13882023,55300
13882036,55400
13882048,55500
13882061,55600
13882071,55700
13882084,55800
13882097,55900
13882109,56000
13882122,56100
13882134,56200
13882145,56300
13882158,56400
13882169,56500
13882181,56600
13882191,56700
13882203,56800
13882216,56900
13882226,57000
13882238,57100
13882249,57200
13882259,57300
13882272,57400
13882285,57500
13882295,57600
13882306,57700
13882319,57800
13882331,57900
13882343,58000
13882355,58100
13882371,58200
13882382,58300
13882394,58400
13882406,58500
13882419,58600
13882432,58700
13882443,58800
13882456,58900
13882469,59000
13882483,59100
13882494,59200
13882508,59300
13882522,59400
13882533,59500
13882546,59600
13882560,59700
13882571,59800
13882584,59900
13882598,60000
13882694,60100
13882707,60200
13882718,60300
13882730,60400
13882744,60500
13882756,60600
13882768,60700
13882782,60800
13882793,60900
13882807,61000
13882820,61100
13882832,61200
13882845,61300
13882857,61400
13882868,61500
13882881,61600
13882892,61700
13882904,61800
13882915,61900
13882928,62000
13882943,62100
13882955,62200
13882968,62300
13882979,62400
13882992,62500
13883006,62600
13883018,62700
13883030,62800
13883042,62900
13883054,63000
13883067,63100
13883080,63200
13883093,63300
13883107,63400
13883119,63500
13883132,63600
13883143,63700
13883155,63800
13883166,63900
13883180,64000
13883192,64100
13883205,64200
13883215,64300
13883229,64400
13883241,64500
13883252,64600
13883264,64700
13883275,64800
13883289,64900
13883302,65000
13883313,65100
13883327,65200
13883337,65300
13883350,65400
13883361,65500
13883377,65600
13883394,65700
13883410,65800
13883521,65900
13883538,66000
13883554,66100
13883570,66200
13883587,66300
13883602,66400
13883616,66500
13883632,66600
13883646,66700
13883661,66800
13883679,66900
13883695,67000
13883709,67100
13883722,67200
13883742,67300
13883760,67400
13883776,67500
13883790,67600
13883804,67700
13883817,67800
13883833,67900
13883848,68000
13883864,68100
13883883,68200
13883897,68300
13883911,68400
13883925,68500
13883940,68600
13883961,68700
13883988,68800
13884010,68900
13884028,69000
13884043,69100
13884058,69200
13884073,69300
13884090,69400
13884105,69500
13884121,69600
13884137,69700
13884152,69800
13884168,69900
13884182,70000
13884268,70100
13884284,70200
13884298,70300
13884312,70400
13884325,70500
13884341,70600
13884357,70700
13884372,70800
13884388,70900
13884401,71000
13884418,71100
13884431,71200
13884445,71300
13884458,71400
13884472,71500
13884485,71600
13884499,71700
13884512,71800
13884526,71900
13884541,72000
13884558,72100
13884574,72200
13884586,72300
13884602,72400
13884617,72500
13884631,72600
13884646,72700
13884662,72800
13884676,72900
13884689,73000
13884703,73100
13884718,73200
13884736,73300
13884749,73400
13884764,73500
13884776,73600
13884790,73700
13884804,73800
13884818,73900
13884834,74000
13884848,74100
13884863,74200
13884875,74300
13884888,74400
13884901,74500
13884914,74600
13884930,74700
13884948,74800
13884962,74900
13884980,75000
13884996,75100
13885012,75200
13885027,75300
13885042,75400
13885056,75500
13885071,75600
13885083,75700
13885098,75800
13885111,75900
13885126,76000
13885138,76100
13885155,76200
13885167,76300
13885181,76400
13885196,76500
13885210,76600
13885225,76700
13885240,76800
13885254,76900
13885270,77000
13885283,77100
13885299,77200
13885317,77300
13885330,77400
13885346,77500
13885360,77600
13885375,77700
13885390,77800
13885405,77900
13885418,78000
13885432,78100
13885450,78200
13885466,78300
13885479,78400
13885494,78500
13885508,78600
13885523,78700
13885539,78800
13885555,78900
13885570,79000
13885584,79100
13885599,79200
13885615,79300
13885630,79400
13885646,79500
13885661,79600
13885674,79700
13885690,79800
13885704,79900
13885720,80000
13885815,80100
13885828,80200
13885841,80300
13885860,80400
13885874,80500
13885887,80600
13885901,80700
13885914,80800
13885930,80900
13885945,81000
13885962,81100
13885981,81200
13885997,81300
13886016,81400
13886030,81500
13886046,81600
13886063,81700
13886079,81800
13886093,81900
13886109,82000
13886125,82100
13886140,82200
13886157,82300
13886173,82400
13886190,82500
13886204,82600
13886222,82700
13886241,82800
13886258,82900
13886275,83000
13886290,83100
13886308,83200
13886326,83300
13886344,83400
13886360,83500
13886377,83600
13886394,83700
13886410,83800
13886427,83900
13886443,84000
13886462,84100
13886478,84200
13886496,84300
13886510,84400
13886527,84500
13886541,84600
13886557,84700
13886573,84800
13886588,84900
13886605,85000
13886619,85100
13886635,85200
13886650,85300
13886665,85400
13886677,85500
13886692,85600
13886706,85700
13886721,85800
13886736,85900
13886751,86000
13886766,86100
13886784,86200
13886801,86300
13886817,86400
13886835,86500
13886852,86600
13886868,86700
13886884,86800
13886903,86900
13886921,87000
13886938,87100
13886953,87200
13886968,87300
13886984,87400
13887000,87500
13887016,87600
13887031,87700
13887046,87800
13887064,87900
13887080,88000
13887096,88100
13887115,88200
13887131,88300
13887145,88400
13887161,88500
13887175,88600
13887189,88700
13887203,88800
13887219,88900
13887233,89000
13887248,89100
13887262,89200
13887276,89300
13887289,89400
13887302,89500
13887317,89600
13887332,89700
13887346,89800
13887362,89900
13887375,90000
13887534,90100
13887547,90200
13887560,90300
13887575,90400
13887590,90500
13887607,90600
13887620,90700
13887635,90800
13887650,90900
13887664,91000
13887680,91100
13887694,91200
13887710,91300
13887726,91400
13887740,91500
13887753,91600
13887767,91700
13887781,91800
13887797,91900
13887810,92000
13887842,92100
13887862,92200
13887878,92300
13887891,92400
13887905,92500
13887921,92600
13887934,92700
13887950,92800
13887971,92900
13887996,93000
13888018,93100
13888037,93200
13888052,93300
13888069,93400
13888086,93500
13888102,93600
13888127,93700
13888148,93800
13888169,93900
13888187,94000
13888207,94100
13888224,94200
13888241,94300
13888259,94400
13888274,94500
13888291,94600
13888305,94700
13888320,94800
13888339,94900
13888356,95000
13888371,95100
13888390,95200
13888404,95300
13888420,95400
13888433,95500
13888450,95600
13888464,95700
13888479,95800
13888494,95900
13888508,96000
13888524,96100
13888540,96200
13888556,96300
13888573,96400
13888587,96500
13888603,96600
13888618,96700
13888636,96800
13888653,96900
13888670,97000
13888689,97100
13888704,97200
13888723,97300
13888742,97400
13888760,97500
13888780,97600
13888797,97700
13888814,97800
13888831,97900
13888849,98000
13888864,98100
13888886,98200
13888905,98300
13888920,98400
13888938,98500
13888957,98600
13888974,98700
13888990,98800
13889008,98900
13889027,99000
13889044,99100
13889062,99200
13889081,99300
13889099,99400
13889119,99500
13889138,99600
13889455,99700
13889474,99800
13889491,99900
13889509,100000
13889683,100100
13889698,100200
13889715,100300
13889729,100400
13889745,100500
13889765,100600
13889781,100700
13889798,100800
13889816,100900
13889836,101000
13889856,101100
13889879,101200
13889898,101300
13889916,101400
13889934,101500
13889953,101600
13889973,101700
13889990,101800
13890009,101900
13890028,102000
13890048,102100
13890068,102200
13890086,102300
13890105,102400
13890123,102500
13890143,102600
13890161,102700
13890180,102800
13890200,102900
13890217,103000
13890237,103100
13890254,103200
13890273,103300
13890294,103400
13890310,103500
13890330,103600
13890347,103700
13890367,103800
13890387,103900
13890408,104000
13890430,104100
13890450,104200
13890471,104300
13890491,104400
13890511,104500
13890531,104600
13890549,104700
13890569,104800
13890587,104900
13890607,105000
13890628,105100
13890647,105200
13890667,105300
13890689,105400
13890710,105500
13890729,105600
13890746,105700
13890767,105800
13890786,105900
13890802,106000
13890820,106100
13890836,106200
13890855,106300
13890872,106400
13890889,106500
13890907,106600
13890924,106700
13890941,106800
13890959,106900
13890978,107000
13890996,107100
13891017,107200
13891037,107300
13891059,107400
13891079,107500
13891101,107600
13891120,107700
13891142,107800
13891160,107900
13891181,108000
13891202,108100
13891228,108200
13891247,108300
13891267,108400
13891285,108500
13891305,108600
13891324,108700
13891343,108800
13891362,108900
13891383,109000
13891405,109100
13891427,109200
13891445,109300
13891467,109400
13891487,109500
13891507,109600
13891527,109700
13891548,109800
13891568,109900
13891588,110000
13891742,110100
13891761,110200
13891782,110300
13891800,110400
13891822,110500
13891840,110600
13891859,110700
13891879,110800
13891897,110900
13891918,111000
13891939,111100
13891962,111200
13891986,111300
13892005,111400
13892028,111500
13892049,111600
13892071,111700
13892090,111800
13892111,111900
13892129,112000
13892149,112100
13892171,112200
13892190,112300
13892211,112400
13892230,112500
13892250,112600
13892272,112700
13892293,112800
13892313,112900
13892335,113000
13892357,113100
13892380,113200
13892401,113300
13892422,113400
13892447,113500
13892468,113600
13892490,113700
13892511,113800
13892534,113900
13892556,114000
13892581,114100
13892605,114200
13892625,114300
13892650,114400
13892673,114500
13892695,114600
13892717,114700
13892740,114800
13892763,114900
13892783,115000
13892805,115100
13892829,115200
13892852,115300
13892877,115400
13892897,115500
13892920,115600
13892941,115700
13892961,115800
13892984,115900
13893004,116000
13893025,116100
13893045,116200
13893067,116300
13893089,116400
13893108,116500
13893130,116600
13893151,116700
13893174,116800
13893194,116900
13893216,117000
13893239,117100
13893260,117200
13893282,117300
13893303,117400
13893325,117500
13893347,117600
13893367,117700
13893390,117800
13893412,117900
13893433,118000
13893456,118100
13893485,118200
13893508,118300
13893528,118400
13893550,118500
13893578,118600
13893599,118700
13893621,118800
13893642,118900
13893666,119000
13893690,119100
13893711,119200
13893735,119300
13893758,119400
13893781,119500
13893802,119600
13893825,119700
13893846,119800
13893869,119900
13893889,120000
13894048,120100
13894071,120200
13894091,120300
13894114,120400
13894134,120500
13894162,120600
13894182,120700
13894202,120800
13894224,120900
13894246,121000
13894272,121100
13894295,121200
13894320,121300
13894344,121400
13894365,121500
13894388,121600
13894410,121700
13894433,121800
13894455,121900
13894476,122000
13894499,122100
13894522,122200
13894543,122300
13894565,122400
13894589,122500
13894611,122600
13894631,122700
13894654,122800
13894675,122900
13894696,123000
13894720,123100
13894744,123200
13894766,123300
13894788,123400
13894810,123500
13894839,123600
13894861,123700
13894886,123800
13894909,123900
13894933,124000
13894957,124100
13894980,124200
13895003,124300
13895026,124400
13895050,124500
13895072,124600
13895096,124700
13895120,124800
13895457,124900
13895482,125000
13895510,125100
13895535,125200
13895558,125300
13895585,125400
13895608,125500
13895633,125600
13895656,125700
13895679,125800
13895705,125900
13895727,126000
13895751,126100
13895774,126200
13895795,126300
13895816,126400
13895840,126500
13895861,126600
13895884,126700
13895909,126800
13895931,126900
13895954,127000
13895979,127100
13896004,127200
13896029,127300
13896056,127400
13896079,127500
13896105,127600
13896131,127700
13896159,127800
13896189,127900
13896215,128000
13896244,128100
13896278,128200
13896307,128300
13896337,128400
13896364,128500
13896391,128600
13896418,128700
13896444,128800
13896472,128900
13896497,129000
13896525,129100
13896555,129200
13896590,129300
13896620,129400
13896656,129500
13896685,129600
13896716,129700
13896741,129800
13896772,129900
13896800,130000
13896994,130100
13897025,130200
13897052,130300
13897085,130400
13897111,130500
13897143,130600
13897173,130700
13897202,130800
13897232,130900
13897257,131000
13897290,131100
13897319,131200
13897352,131300
13897387,131400
13897417,131500
13897450,131600
13897482,131700
13897513,131800
13897542,131900
13897573,132000
13897601,132100
13897631,132200
13897655,132300
13897683,132400
13897710,132500
13897737,132600
13897766,132700
13897792,132800
13897820,132900
13897847,133000
13897875,133100
13897907,133200
13897941,133300
13897972,133400
13898011,133500
13898048,133600
13898080,133700
13898114,133800
13898142,133900
13898173,134000
13898202,134100
13898234,134200
13898268,134300
13898300,134400
13898331,134500
13898361,134600
13898395,134700
13898427,134800
13898458,134900
13898492,135000
13898527,135100
13898561,135200
13898592,135300
13898622,135400
13898651,135500
13898684,135600
13898718,135700
13898747,135800
13898779,135900
13898813,136000
13898840,136100
13898871,136200
13898901,136300
13898932,136400
13898962,136500
13898992,136600
13899025,136700
13899057,136800
13899097,136900
13899128,137000
13899160,137100
13899193,137200
13899223,137300
13899258,137400
13899295,137500
13899327,137600
13899357,137700
13899386,137800
13899420,137900
13899451,138000
13899484,138100
13899516,138200
13899544,138300
13899576,138400
13899605,138500
13899637,138600
13899665,138700
13899695,138800
13899723,138900
13899752,139000
13899780,139100
13899813,139200
13899845,139300
13899876,139400
13899907,139500
13899938,139600
13899970,139700
13900003,139800
13900033,139900
13900064,140000
13900405,140100
13900451,140200
13900484,140300
13900511,140400
13900543,140500
13900576,140600
13900604,140700
13900633,140800
13900665,140900
13900697,141000
13900729,141100
13900762,141200
13900793,141300
13900823,141400
13900853,141500
13900885,141600
13900918,141700
13900947,141800
13900977,141900
13901007,142000
13901036,142100
13901072,142200
13901423,142300
13901455,142400
13901490,142500
13901525,142600
13901556,142700
13901592,142800
13901623,142900
13901655,143000
13901685,143100
13901713,143200
13901743,143300
13901771,143400
13901802,143500
13901830,143600
13901863,143700
13901889,143800
13901927,143900
13901958,144000
13901986,144100
13902024,144200
13902055,144300
13902085,144400
13902114,144500
13902148,144600
13902181,144700
13902211,144800
13902237,144900
13902270,145000
13902301,145100
13902328,145200
13902357,145300
13902384,145400
13902410,145500
13902441,145600
13902470,145700
13902496,145800
13902521,145900
13902551,146000
13902584,146100
13902617,146200
13902649,146300
13902681,146400
13902708,146500
13902737,146600
13902768,146700
13902796,146800
13902823,146900
13902854,147000
13902883,147100
13902913,147200
13902940,147300
13902968,147400
13902997,147500
13903028,147600
13903053,147700
13903080,147800
13903108,147900
13903144,148000
13903175,148100
13903204,148200
13903234,148300
13903263,148400
13903292,148500
13903321,148600
13903349,148700
13903378,148800
13903410,148900
13903443,149000
13903473,149100
13903503,149200
13903532,149300
13903562,149400
13903591,149500
13903622,149600
13903655,149700
13903680,149800
13903708,149900
13903736,150000
13904107,150100
13904134,150200
13904164,150300
13904195,150400
13904222,150500
13904251,150600
13904278,150700
13904307,150800
13904337,150900
13904364,151000
13904398,151100
13904426,151200
13904452,151300
13904479,151400
13904507,151500
13904532,151600
13904561,151700
13904588,151800
13904619,151900
13904645,152000
13904672,152100
13904700,152200
13904728,152300
13904757,152400
13904786,152500
13904812,152600
13904840,152700
13904869,152800
13904897,152900
13904922,153000
13904947,153100
13904976,153200
13905002,153300
13905030,153400
13905057,153500
13905084,153600
13905113,153700
13905141,153800
13905171,153900
13905198,154000
13905227,154100
13905256,154200
13905283,154300
13905309,154400
13905336,154500
13905365,154600
13905392,154700
13905422,154800
13905448,154900
13905480,155000
13905509,155100
13905539,155200
13905571,155300
13905597,155400
13905627,155500
13905654,155600
13905681,155700
13905712,155800
13905736,155900
13905763,156000
13905792,156100
13905821,156200
13905850,156300
13905881,156400
13905908,156500
13905936,156600
13905965,156700
13905989,156800
13906016,156900
13906043,157000
13906068,157100
13906098,157200
13906129,157300
13906156,157400
13906183,157500
13906212,157600
13906240,157700
13906271,157800
13906294,157900
13906321,158000
13906348,158100
13906379,158200
13906411,158300
13906442,158400
13906467,158500
13906495,158600
13906524,158700
13906548,158800
13906575,158900
13906602,159000
13906626,159100
13906652,159200
13906677,159300
13906706,159400
13906735,159500
13906760,159600
13906787,159700
13906816,159800
13906843,159900
13906871,160000
13907496,160100
13907531,160200
13907560,160300
13907591,160400
13907619,160500
13907645,160600
13907676,160700
13907709,160800
13907736,160900
13907766,161000
13907792,161100
13907826,161200
13907853,161300
13907885,161400
13907915,161500
13907946,161600
13907977,161700
13908008,161800
13908034,161900
13908066,162000
13908096,162100
13908121,162200
13908151,162300
13908181,162400
13908208,162500
13908236,162600
13908270,162700
13908299,162800
13908328,162900
13908360,163000
13908387,163100
13908415,163200
13908443,163300
13908469,163400
13908496,163500
13908525,163600
13908554,163700
13908587,163800
13908617,163900
13908646,164000
13908678,164100
13908708,164200
13908738,164300
13908763,164400
13908791,164500
13908816,164600
13908845,164700
13908877,164800
13908905,164900
13908935,165000
13908966,165100
13908994,165200
13909024,165300
13909055,165400
13909083,165500
13909111,165600
13909143,165700
13909169,165800
13909198,165900
13909235,166000
13909262,166100
13909296,166200
13909330,166300
13909360,166400
13909386,166500
13909416,166600
13909449,166700
13909482,166800
13909516,166900
13909552,167000
13909586,167100
13909618,167200
13909647,167300
13909673,167400
13909700,167500
13909727,167600
13909754,167700
13909785,167800
13909817,167900
13909844,168000
13909874,168100
13909914,168200
13909942,168300
13909971,168400
13910002,168500
13910029,168600
13910059,168700
13910092,168800
13910119,168900
13910148,169000
13910172,169100
13910203,169200
13910236,169300
13910268,169400
13910299,169500
13910329,169600
13910363,169700
13910393,169800
13910426,169900
13910458,170000
13910748,170100
13910779,170200
13910809,170300
13910834,170400
13910863,170500
13910890,170600
13910914,170700
13910940,170800
13910970,170900
13910996,171000
13911034,171100
13911067,171200
13911097,171300
13911124,171400
13911155,171500
13911182,171600
13911208,171700
13911234,171800
13911261,171900
13911288,172000
13911317,172100
13911344,172200
13911373,172300
13911401,172400
13911431,172500
13911461,172600
13911485,172700
13911514,172800
13911545,172900
13911572,173000
13911601,173100
13911630,173200
13911657,173300
13911689,173400
13911720,173500
13911750,173600
13911778,173700
13911804,173800
13911833,173900
13911863,174000
13911902,174100
13911934,174200
13911963,174300
13911997,174400
13912037,174500
13912071,174600
13912100,174700
13912131,174800
13912158,174900
13912185,175000
13912216,175100
13912249,175200
13912286,175300
13912317,175400
13912349,175500
13912385,175600
13912418,175700
13912452,175800
13912482,175900
13912518,176000
13912554,176100
13912587,176200
13912620,176300
13912652,176400
13912683,176500
13912715,176600
13912745,176700
13912777,176800
13912808,176900
13912842,177000
13912876,177100
13912906,177200
13912939,177300
13912978,177400
13913011,177500
13913361,177600
13913395,177700
13913425,177800
13913456,177900
13913490,178000
13913527,178100
13913566,178200
13913599,178300
13913634,178400
13913673,178500
13913708,178600
13913744,178700
13913776,178800
13913813,178900
13913867,179000
13913902,179100
13913968,179200
13914001,179300
13914043,179400
13914084,179500
13914121,179600
13914169,179700
13914212,179800
13914257,179900
13914291,180000
13914636,180100
13914686,180200
13914730,180300
13914772,180400
13914816,180500
13914861,180600
13914905,180700
13914953,180800
13914999,180900
13915047,181000
13915095,181100
13915141,181200
13915187,181300
13915229,181400
13915284,181500
13915331,181600
13915371,181700
13915410,181800
13915464,181900
13915514,182000
13915562,182100
13915612,182200
13915655,182300
13915695,182400
13915738,182500
13915785,182600
13915817,182700
13915854,182800
13915904,182900
13915951,183000
13916005,183100
13916053,183200
13916084,183300
13916131,183400
13916180,183500
13916220,183600
13916262,183700
13916316,183800
13916359,183900
13916404,184000
13916451,184100
13916494,184200
13916538,184300
13916594,184400
13916657,184500
13916714,184600
13916771,184700
13916828,184800
13916875,184900
13916921,185000
13916970,185100
13917014,185200
13917056,185300
13917112,185400
13917155,185500
13917203,185600
13917250,185700
13917292,185800
13917331,185900
13917372,186000
13917416,186100
13917458,186200
13917504,186300
13917551,186400
13917594,186500
13917641,186600
13917689,186700
13917732,186800
13917778,186900
13917821,187000
13917858,187100
13917898,187200
13917958,187300
13918000,187400
13918040,187500
13918081,187600
13918124,187700
13918166,187800
13918211,187900
13918248,188000
13918289,188100
13918338,188200
13918377,188300
13918424,188400
13918470,188500
13918516,188600
13918563,188700
13918608,188800
13918645,188900
13918692,189000
13918730,189100
13918772,189200
13918816,189300
13918867,189400
13918914,189500
13918963,189600
13919336,189700
13919387,189800
13919441,189900
13919492,190000
13920013,190100
13920060,190200
13920101,190300
13920147,190400
13920193,190500
13920234,190600
13920275,190700
13920316,190800
13920356,190900
13920396,191000
13920432,191100
13920475,191200
13920521,191300
13920560,191400
13920601,191500
13920643,191600
13920700,191700
13920752,191800
13920798,191900
13920839,192000
13920887,192100
13920931,192200
13920974,192300
13921020,192400
13921067,192500
13921110,192600
13921153,192700
13921203,192800
13921249,192900
13921294,193000
13921336,193100
13921379,193200
13921428,193300
13921467,193400
13921510,193500
13921550,193600
13921601,193700
13921652,193800
13921696,193900
13921747,194000
13921802,194100
13921853,194200
13921906,194300
13921959,194400
13922008,194500
13922056,194600
13922101,194700
13922148,194800
13922191,194900
13922234,195000
13922286,195100
13922332,195200
13922376,195300
13922422,195400
13922464,195500
13922512,195600
13922556,195700
13922595,195800
13922639,195900
13922682,196000
13922728,196100
13922782,196200
13922826,196300
13922866,196400
13922916,196500
13922963,196600
13923010,196700
13923058,196800
13923101,196900
13923148,197000
13923193,197100
13923243,197200
13923285,197300
13923330,197400
13923378,197500
13923425,197600
13923470,197700
13923517,197800
13923562,197900
13923607,198000
13923655,198100
13923709,198200
13923756,198300
13923806,198400
13923849,198500
13923896,198600
13923944,198700
13923992,198800
13924036,198900
13924081,199000
13924120,199100
13924162,199200
13924204,199300
13924246,199400
13924294,199500
13924343,199600
13924387,199700
13924432,199800
13924474,199900
13924514,200000
13925064,200100
13925443,200200
13925490,200300
13925539,200400
13925582,200500
13925631,200600
13925684,200700
13925727,200800
13925772,200900
13925825,201000
13925865,201100
13925908,201200
13925951,201300
13925996,201400
13926047,201500
13926100,201600
13926151,201700
13926204,201800
13926260,201900
13926313,202000
13926357,202100
13926406,202200
13926458,202300
13926503,202400
13926554,202500
13926604,202600
13926648,202700
13926695,202800
13926864,202900
13926907,203000
13926954,203100
13926996,203200
13927055,203300
13927097,203400
13927145,203500
13927193,203600
13927240,203700
13927291,203800
13927335,203900
13927383,204000
13927437,204100
13927480,204200
13927530,204300
13927577,204400
13927620,204500
13927674,204600
13927725,204700
13927768,204800
13927816,204900
13927863,205000
13927904,205100
13927940,205200
13927977,205300
13928015,205400
13928056,205500
13928096,205600
13928140,205700
13928187,205800
13928232,205900
13928275,206000
13928320,206100
13928365,206200
13928409,206300
13928451,206400
13928495,206500
13928541,206600
13928587,206700
13928638,206800
13928682,206900
13928747,207000
13928794,207100
13928847,207200
13928894,207300
13928937,207400
13928978,207500
13929023,207600
13929073,207700
13929116,207800
13929163,207900
13929212,208000
13929262,208100
13929320,208200
13929371,208300
13929428,208400
13929473,208500
13929526,208600
13929580,208700
13929628,208800
13929680,208900
13929732,209000
13929779,209100
13929827,209200
13929873,209300
13929914,209400
13929960,209500
13930010,209600
13930055,209700
13930107,209800
13930154,209900
13930198,210000
13930695,210100
13930738,210200
13930789,210300
13930835,210400
13930874,210500
13930911,210600
13930952,210700
13930993,210800
13931046,210900
13931422,211000
13931471,211100
13931522,211200
13931568,211300
13931614,211400
13931665,211500
13931719,211600
13931768,211700
13931818,211800
13931872,211900
13931934,212000
13931988,212100
13932047,212200
13932099,212300
13932149,212400
13932201,212500
13932253,212600
13932307,212700
13932363,212800
13932417,212900
13932473,213000
13932529,213100
13932576,213200
13932624,213300
13932676,213400
13932727,213500
13932774,213600
13932822,213700
13932872,213800
13932923,213900
13932969,214000
13933022,214100
13933071,214200
13933121,214300
13933166,214400
13933210,214500
13933252,214600
13933293,214700
13933345,214800
13933397,214900
13933441,215000
13933494,215100
13933551,215200
13933602,215300
13933653,215400
13933704,215500
13933752,215600
13933801,215700
13933861,215800
13933911,215900
13933966,216000
13934037,216100
13934105,216200
13934158,216300
13934211,216400
13934263,216500
13934316,216600
13934372,216700
13934433,216800
13934494,216900
13934559,217000
13934621,217100
13934674,217200
13934727,217300
13934782,217400
13934835,217500
13934886,217600
13934952,217700
13935014,217800
13935067,217900
13935123,218000
13935181,218100
13935237,218200
13935294,218300
13935349,218400
13935404,218500
13935461,218600
13935513,218700
13935564,218800
13935614,218900
13935665,219000
13935728,219100
13935787,219200
13935842,219300
13935901,219400
13935955,219500
13936009,219600
13936065,219700
13936116,219800
13936166,219900
13936222,220000
13936760,220100
13936823,220200
13936877,220300
13936933,220400
13936987,220500
13937046,220600
13937097,220700
13937485,220800
13937542,220900
13937595,221000
13937653,221100
13937710,221200
13937761,221300
13937814,221400
13937860,221500
13937913,221600
13937961,221700
13938015,221800
13938068,221900
13938121,222000
13938178,222100
13938230,222200
13938287,222300
13938335,222400
13938395,222500
13938449,222600
13938508,222700
13938567,222800
13938621,222900
13938679,223000
13938730,223100
13938787,223200
13938841,223300
13938895,223400
13938950,223500
13939003,223600
13939066,223700
13939126,223800
13939187,223900
13939243,224000
13939298,224100
13939357,224200
13939414,224300
13939479,224400
13939545,224500
13939609,224600
13939670,224700
13939734,224800
13939791,224900
13939849,225000
13939910,225100
13939963,225200
13940025,225300
13940082,225400
13940144,225500
13940212,225600
13940271,225700
13940330,225800
13940389,225900
13940466,226000
13940551,226100
13940601,226200
13940655,226300
13940699,226400
13940756,226500
13940808,226600
13940864,226700
13940923,226800
13940980,226900
13941034,227000
13941108,227100
13941161,227200
13941221,227300
13941274,227400
13941335,227500
13941389,227600
13941444,227700
13941494,227800
13941557,227900
13941619,228000
13941683,228100
13941756,228200
13941825,228300
13941885,228400
13941955,228500
13942018,228600
13942082,228700
13942143,228800
13942210,228900
13942267,229000
13942321,229100
13942382,229200
13942446,229300
13942515,229400
13942580,229500
13942653,229600
13942721,229700
13942791,229800
13942874,229900
13942935,230000
13943645,230100
13943710,230200
13943787,230300
13943860,230400
13943928,230500
13943997,230600
13944069,230700
13944147,230800
13944222,230900
13944281,231000
13944346,231100
13944401,231200
13944456,231300
13944521,231400
13944581,231500
13944644,231600
13944712,231700
13944771,231800
13944845,231900
13944899,232000
13944975,232100
13945045,232200
13945104,232300
13945158,232400
13945213,232500
13945272,232600
13945330,232700
13945388,232800
13945451,232900
13945521,233000
13945584,233100
13945649,233200
13945706,233300
13945765,233400
13945835,233500
13945893,233600
13945956,233700
13946017,233800
13946084,233900
13946149,234000
13946214,234100
13946280,234200
13946347,234300
13946416,234400
13946475,234500
13946539,234600
13946599,234700
13946664,234800
13946733,234900
13946793,235000
13946861,235100
13946924,235200
13946987,235300
13947054,235400
13947119,235500
13947184,235600
13947250,235700
13947314,235800
13947377,235900
13947439,236000
13947506,236100
13947570,236200
13947640,236300
13947712,236400
13947781,236500
13947844,236600
13947910,236700
13947976,236800
13948035,236900
13948097,237000
13948163,237100
13948227,237200
13948292,237300
13948350,237400
13948413,237500
13948479,237600
13948536,237700
13948619,237800
13948676,237900
13948734,238000
13948796,238100
13948854,238200
13948917,238300
13948980,238400
13949041,238500
13949109,238600
13949172,238700
13949235,238800
13949291,238900
13949671,239000
13949722,239100
13949776,239200
13949831,239300
13949888,239400
13949940,239500
13950001,239600
13950054,239700
13950113,239800
13950170,239900
13950232,240000
13950977,240100
13951043,240200
13951102,240300
13951157,240400
13951213,240500
13951271,240600
13951323,240700
13951372,240800
13951434,240900
13951484,241000
13951537,241100
13951586,241200
13951639,241300
13951697,241400
13951749,241500
13951804,241600
13951851,241700
13951898,241800
13951948,241900
13951998,242000
13952057,242100
13952114,242200
13952174,242300
13952242,242400
13952300,242500
13952355,242600
13952406,242700
13952455,242800
13952507,242900
13952557,243000
13952612,243100
13952672,243200
13952739,243300
13952782,243400
13952824,243500
13952868,243600
13952909,243700
13952962,243800
13953017,243900
13953066,244000
13953115,244100
13953170,244200
13953225,244300
13953283,244400
13953335,244500
13953382,244600
13953432,244700
13953495,244800
13953541,244900
13953593,245000
13953639,245100
13953690,245200
13953736,245300
13953782,245400
13953829,245500
13953883,245600
13953929,245700
13953984,245800
13954036,245900
13954087,246000
13954141,246100
13954204,246200
13954256,246300
13954291,246400
13954335,246500
13954387,246600
13954441,246700
13954491,246800
13954542,246900
13954594,247000
13954643,247100
13954697,247200
13954752,247300
13954802,247400
13954853,247500
13954898,247600
13954947,247700
13954992,247800
13955039,247900
13955094,248000
13955151,248100
13955213,248200
13955267,248300
13955330,248400
13955706,248500
13955757,248600
13955807,248700
13955858,248800
13955904,248900
13955963,249000
13956017,249100
13956066,249200
13956118,249300
13956178,249400
13956237,249500
13956317,249600
13956381,249700
13956433,249800
13956492,249900
13956545,250000
13957063,250100
13957114,250200
13957165,250300
13957219,250400
13957282,250500
13957340,250600
13957394,250700
13957449,250800
13957502,250900
13957559,251000
13957609,251100
13957661,251200
13957715,251300
13957765,251400
13957811,251500
13957858,251600
13957907,251700
13957965,251800
13958039,251900
13958093,252000
13958162,252100
13958223,252200
13958286,252300
13958348,252400
13958413,252500
13958470,252600
13958527,252700
13958579,252800
13958632,252900
13958694,253000
13958757,253100
13958813,253200
13958876,253300
13958931,253400
13958994,253500
13959046,253600
13959104,253700
13959161,253800
13959223,253900
13959285,254000
13959346,254100
13959406,254200
13959471,254300
13959533,254400
13959596,254500
13959663,254600
13959724,254700
13959786,254800
13959840,254900
13959897,255000
13959955,255100
13960012,255200
13960061,255300
13960113,255400
13960165,255500
13960216,255600
13960265,255700
13960323,255800
13960383,255900
13960438,256000
13960496,256100
13960559,256200
13960616,256300
13960675,256400
13960733,256500
13960794,256600
13960854,256700
13960912,256800
13960963,256900
13961020,257000
13961076,257100
13961137,257200
13961192,257300
13961245,257400
13961301,257500
13961360,257600
13961413,257700
13961465,257800
13961832,257900
13961882,258000
13961935,258100
13961995,258200
13962054,258300
13962140,258400
13962196,258500
13962267,258600
13962329,258700
13962384,258800
13962445,258900
13962499,259000
13962557,259100
13962615,259200
13962668,259300
13962720,259400
13962774,259500
13962830,259600
13962887,259700
13962949,259800
13963010,259900
13963064,260000
13963717,260100
13963776,260200
13963843,260300
13963902,260400
13963964,260500
13964017,260600
13964074,260700
13964131,260800
13964186,260900
13964253,261000
13964311,261100
13964378,261200
13964439,261300
13964505,261400
13964562,261500
13964627,261600
13964685,261700
13964740,261800
13964789,261900
13964837,262000
13964896,262100
13964955,262200
13965021,262300
13965076,262400
13965134,262500
13965190,262600
13965251,262700
13965306,262800
13965366,262900
13965421,263000
13965476,263100
13965527,263200
13965586,263300
13965640,263400
13965694,263500
13965748,263600
13965805,263700
13965851,263800
13965902,263900
13965964,264000
13966021,264100
13966095,264200
13966151,264300
13966215,264400
13966273,264500
13966330,264600
13966393,264700
13966450,264800
13966498,264900
13966558,265000
13966617,265100
13966676,265200
13966735,265300
13966795,265400
13966854,265500
13966917,265600
13966987,265700
13967050,265800
13967105,265900
13967163,266000
13967219,266100
13967274,266200
13967336,266300
13967388,266400
13967444,266500
13967507,266600
13967887,266700
13967953,266800
13968012,266900
13968074,267000
13968126,267100
13968198,267200
13968252,267300
13968303,267400
13968359,267500
13968414,267600
13968464,267700
13968525,267800
13968579,267900
13968646,268000
13968709,268100
13968811,268200
13968889,268300
13968971,268400
13969052,268500
13969134,268600
13969208,268700
13969286,268800
13969350,268900
13969407,269000
13969481,269100
13969540,269200
13969602,269300
13969661,269400
13969738,269500
13969803,269600
13969874,269700
13969942,269800
13969995,269900
13970055,270000
13970959,270100
13971024,270200
13971104,270300
13971202,270400
13971298,270500
13971381,270600
13971464,270700
13971572,270800
13971651,270900
13971732,271000
13971806,271100
13971880,271200
13971949,271300
13972016,271400
13972085,271500
13972163,271600
13972265,271700
13972343,271800
13972433,271900
13972515,272000
13972591,272100
13972680,272200
13972763,272300
13972835,272400
13972908,272500
13972988,272600
13973065,272700
13973145,272800
13973214,272900
13973287,273000
13973370,273100
13973453,273200
13973537,273300
13973919,273400
13974011,273500
13974082,273600
13974147,273700
13974207,273800
13974267,273900
13974339,274000
13974414,274100
13974483,274200
13974565,274300
13974638,274400
13974703,274500
13974773,274600
13974843,274700
13974918,274800
13974986,274900
13975059,275000
13975135,275100
13975206,275200
13975280,275300
13975354,275400
13975417,275500
13975495,275600
13975573,275700
13975635,275800
13975704,275900
13975771,276000
13975838,276100
13975915,276200
13975989,276300
13976049,276400
13976118,276500
13976189,276600
13976257,276700
13976326,276800
13976395,276900
13976462,277000
13976528,277100
13976598,277200
13976661,277300
13976723,277400
13976801,277500
13976868,277600
13976942,277700
13977010,277800
13977079,277900
13977143,278000
13977192,278100
13977306,278200
13977390,278300
13977468,278400
13977543,278500
13977607,278600
13977680,278700
13977746,278800
13977827,278900
13977910,279000
13977977,279100
13978056,279200
13978120,279300
13978223,279400
13978286,279500
13978350,279600
13978410,279700
13978481,279800
13978543,279900
13978614,280000
13979986,280100
13980046,280200
13980111,280300
13980188,280400
13980257,280500
13980331,280600
13980398,280700
13980460,280800
13980532,280900
13980599,281000
13980673,281100
13980736,281200
13980801,281300
13980866,281400
13980931,281500
13981012,281600
13981086,281700
13981162,281800
13981226,281900
13981296,282000
13981369,282100
13981438,282200
13981504,282300
13981574,282400
13981654,282500
13981722,282600
13981798,282700
13981870,282800
13981948,282900
13982028,283000
13982100,283100
13982175,283200
13982245,283300
13982310,283400
13982382,283500
13982437,283600
13982505,283700
13982564,283800
13982626,283900
13982697,284000
13982770,284100
13982854,284200
13982922,284300
13983006,284400
13983079,284500
13983159,284600
13983255,284700
13983325,284800
13983397,284900
13983474,285000
13983552,285100
13983634,285200
13983707,285300
13983793,285400
13983891,285500
13983971,285600
13984051,285700
13984129,285800
13984210,285900
13984279,286000
13984346,286100
13984411,286200
13984483,286300
13984563,286400
13984643,286500
13984725,286600
13984792,286700
13984872,286800
13984947,286900
13985028,287000
13985113,287100
13985184,287200
13985258,287300
13985333,287400
13985411,287500
13985487,287600
13985581,287700
13985672,287800
13986079,287900
13986158,288000
13986237,288100
13986321,288200
13986393,288300
13986545,288400
13986625,288500
13986706,288600
13986799,288700
13986901,288800
13987006,288900
13987094,289000
13987188,289100
13987269,289200
13987352,289300
13987436,289400
13987516,289500
13987588,289600
13987694,289700
13987772,289800
13987861,289900
13987952,290000
13989347,290100
13989432,290200
13989514,290300
13989604,290400
13989696,290500
13989794,290600
13989862,290700
13989935,290800
13990002,290900
13990072,291000
13990157,291100
13990220,291200
13990298,291300
13990380,291400
13990452,291500
13990539,291600
13990620,291700
13990694,291800
13990784,291900
13990846,292000
13990909,292100
13990985,292200
13991054,292300
13991137,292400
13991221,292500
13991295,292600
13991380,292700
13991461,292800
13991534,292900
13991611,293000
13991677,293100
13991754,293200
13992155,293300
13992228,293400
13992308,293500
13992406,293600
13992488,293700
13992558,293800
13992629,293900
13992697,294000
13992775,294100
13992852,294200
13992923,294300
13992997,294400
13993070,294500
13993155,294600
13993238,294700
13993324,294800
13993411,294900
13993490,295000
13993567,295100
13993662,295200
13993734,295300
13993812,295400
13993877,295500
13993936,295600
13994012,295700
13994083,295800
13994164,295900
13994242,296000
13994336,296100
13994422,296200
13994501,296300
13994582,296400
13994654,296500
13994735,296600
13994806,296700
13994874,296800
13994948,296900
13995020,297000
13995101,297100
13995236,297200
13995308,297300
13995395,297400
13995471,297500
13995565,297600
13995647,297700
13995715,297800
13995787,297900
13995862,298000
13995937,298100
13996021,298200
13996099,298300
13996183,298400
13996268,298500
13996349,298600
13996424,298700
13996492,298800
13996571,298900
13996647,299000
13996721,299100
13996808,299200
13996898,299300
13996969,299400
13997051,299500
13997130,299600
13997236,299700
13997322,299800
13997402,299900
13997479,300000
13998879,300100
13998946,300200
13999036,300300
13999109,300400
13999195,300500
13999275,300600
13999355,300700
13999437,300800
13999518,300900
13999597,301000
13999673,301100
13999742,301200
13999824,301300
13999896,301400
13999975,301500
14000053,301600
14000129,301700
14000220,301800
14000298,301900
14000379,302000
14000456,302100
14000543,302200
14000628,302300
14000696,302400
14000772,302500
14000856,302600
14000933,302700
14001019,302800
14001111,302900
14001191,303000
14001282,303100
14001373,303200
14001448,303300
14001526,303400
14001620,303500
14001692,303600
14001772,303700
14001850,303800
14001927,303900
14002006,304000
14002094,304100
14002163,304200
14002255,304300
14002340,304400
14002429,304500
14002517,304600
14002586,304700
14002657,304800
14002746,304900
14002831,305000
14002906,305100
14002997,305200
14003075,305300
14003156,305400
14003238,305500
14003323,305600
14003396,305700
14003472,305800
14003535,305900
14003613,306000
14003689,306100
14003760,306200
14003842,306300
14003927,306400
14004321,306500
14004412,306600
14004494,306700
14004569,306800
14004638,306900
14004710,307000
14004822,307100
14004888,307200
14004972,307300
14005043,307400
14005123,307500
14005193,307600
14005269,307700
14005348,307800
14005431,307900
14005510,308000
14005580,308100
14005662,308200
14005731,308300
14005803,308400
14005881,308500
14005967,308600
14006073,308700
14006171,308800
14006261,308900
14006354,309000
14006445,309100
14006517,309200
14006587,309300
14006664,309400
14006745,309500
14006823,309600
14006915,309700
14007004,309800
14007090,309900
14007208,310000
14008688,310100
14008768,310200
14008853,310300
14008933,310400
14009008,310500
14009094,310600
14009180,310700
14009275,310800
14009363,310900
14009433,311000
14009522,311100
14009594,311200
14009675,311300
14009758,311400
14009827,311500
14009910,311600
14009987,311700
14010394,311800
14010485,311900
14010572,312000
14010657,312100
14010743,312200
14010829,312300
14010910,312400
14011001,312500
14011083,312600
14011155,312700
14011250,312800
14011337,312900
14011417,313000
14011505,313100
14011600,313200
14011685,313300
14011778,313400
14011854,313500
14011941,313600
14012017,313700
14012089,313800
14012179,313900
14012273,314000
14012373,314100
14012476,314200
14012569,314300
14012653,314400
14012742,314500
14012831,314600
14012904,314700
14012979,314800
14013054,314900
14013146,315000
14013227,315100
14013311,315200
14013403,315300
14013493,315400
14013600,315500
14013689,315600
14013779,315700
14013859,315800
14013975,315900
14014061,316000
14014143,316100
14014228,316200
14014309,316300
14014429,316400
14014512,316500
14014599,316600
14014689,316700
14014777,316800
14014860,316900
14014953,317000
14015030,317100
14015106,317200
14015190,317300
14015280,317400
14015374,317500
14015464,317600
14015550,317700
14015638,317800
14015712,317900
14015807,318000
14015882,318100
14015968,318200
14016043,318300
14016114,318400
14016549,318500
14016634,318600
14016735,318700
14016829,318800
14016909,318900
14016994,319000
14017078,319100
14017163,319200
14017261,319300
14017330,319400
14017412,319500
14017508,319600
14017593,319700
14017700,319800
14017811,319900
14017929,320000
14019481,320100
14019557,320200
14019634,320300
14019726,320400
14019795,320500
14019871,320600
14019969,320700
14020067,320800
14020158,320900
14020256,321000
14020337,321100
14020416,321200
14020501,321300
14020584,321400
14020674,321500
14020760,321600
14020839,321700
14020917,321800
14020999,321900
14021083,322000
14021170,322100
14021261,322200
14021359,322300
14021455,322400
14021545,322500
14021639,322600
14021733,322700
14021832,322800
14021921,322900
14022053,323000
14022157,323100
14022257,323200
14022680,323300
14022778,323400
14022867,323500
14022955,323600
14023050,323700
14023144,323800
14023221,323900
14023319,324000
14023402,324100
14023503,324200
14023591,324300
14023689,324400
14023794,324500
14023892,324600
14023977,324700
14024062,324800
14024148,324900
14024235,325000
14024339,325100
14024442,325200
14024551,325300
14024653,325400
14024751,325500
14024840,325600
14024942,325700
14025084,325800
14025161,325900
14025246,326000
14025393,326100
14025493,326200
14025592,326300
14025692,326400
14025783,326500
14025881,326600
14025974,326700
14026057,326800
14026148,326900
14026237,327000
14026346,327100
14026435,327200
14026543,327300
14026644,327400
14026741,327500
14026844,327600
14026931,327700
14027021,327800
14027104,327900
14027192,328000
14027285,328100
14027378,328200
14027483,328300
14027587,328400
14027685,328500
14027789,328600
14027891,328700
14027995,328800
14028111,328900
14028224,329000
14028352,329100
14028769,329200
14028884,329300
14028980,329400
14029095,329500
14029206,329600
14029313,329700
14029441,329800
14029550,329900
14029655,330000
14031070,330100
14031162,330200
14031267,330300
14031372,330400
14031484,330500
14031578,330600
14031679,330700
14031786,330800
14031881,330900
14031986,331000
14032076,331100
14032178,331200
14032279,331300
14032376,331400
14032481,331500
14032590,331600
14032690,331700
14032798,331800
14032912,331900
14032999,332000
14033104,332100
14033189,332200
14033280,332300
14033407,332400
14033531,332500
14033627,332600
14033756,332700
14033899,332800
14034007,332900
14034104,333000
14034207,333100
14034307,333200
14034419,333300
14034836,333400
14034951,333500
14035049,333600
14035140,333700
14035254,333800
14035348,333900
14035448,334000
14035562,334100
14035646,334200
14035752,334300
14035871,334400
14035997,334500
14036147,334600
14036269,334700
14036392,334800
14036510,334900
14036621,335000
14036729,335100
14036836,335200
14036954,335300
14037064,335400
14037171,335500
14037276,335600
14037376,335700
14037461,335800
14037574,335900
14037666,336000
14037761,336100
14037858,336200
14037937,336300
14038048,336400
14038137,336500
14038242,336600
14038336,336700
14038429,336800
14038514,336900
14038583,337000
14038671,337100
14038775,337200
14038867,337300
14038971,337400
14039075,337500
14039171,337600
14039283,337700
14039372,337800
14039480,337900
14039598,338000
14039697,338100
14039811,338200
14039925,338300
14040038,338400
14040132,338500
14040242,338600
14040347,338700
14040495,338800
14040935,338900
14041056,339000
14041172,339100
14041272,339200
14041463,339300
14041583,339400
14041674,339500
14041789,339600
14041900,339700
14042024,339800
14042138,339900
14042245,340000
14043527,340100
14043639,340200
14043754,340300
14043858,340400
14044001,340500
14044127,340600
14044232,340700
14044330,340800
14044417,340900
14044516,341000
14044618,341100
14044715,341200
14044812,341300
14044917,341400
14044994,341500
14045109,341600
14045210,341700
14045326,341800
14045419,341900
14045531,342000
14045620,342100
14045724,342200
14045811,342300
14045902,342400
14045997,342500
14046115,342600
14046209,342700
14046320,342800
14046421,342900
14046525,343000
14046957,343100
14047075,343200
14047195,343300
14047328,343400
14047441,343500
14047584,343600
14047704,343700
14047816,343800
14047931,343900
14048048,344000
14048163,344100
14048254,344200
14048364,344300
14048455,344400
14048622,344500
14048746,344600
14048845,344700
14048965,344800
14049085,344900
14049206,345000
14049301,345100
14049409,345200
14049523,345300
14049637,345400
14049747,345500
14049873,345600
14049973,345700
14050098,345800
14050216,345900
14050327,346000
14050446,346100
14050562,346200
14050691,346300
14050814,346400
14050927,346500
14051040,346600
14051140,346700
14051260,346800
14051386,346900
14051508,347000
14051614,347100
14051734,347200
14051862,347300
14051982,347400
14052094,347500
14052208,347600
14052302,347700
14052419,347800
14052546,347900
14052655,348000
14053096,348100
14053219,348200
14053342,348300
14053463,348400
14053582,348500
14053690,348600
14053798,348700
14053919,348800
14054123,348900
14054205,349000
14054310,349100
14054405,349200
14054505,349300
14054632,349400
14054721,349500
14054827,349600
14054937,349700
14055028,349800
14055151,349900
14055264,350000
14056637,350100
14056752,350200
14056887,350300
14056990,350400
14057089,350500
14057207,350600
14057318,350700
14057410,350800
14057525,350900
14057653,351000
14057761,351100
14057893,351200
14058018,351300
14058124,351400
14058254,351500
14058366,351600
14058487,351700
14058586,351800
14058713,351900
14059158,352000
14059272,352100
14059389,352200
14059501,352300
14059607,352400
14059724,352500
14059834,352600
14059949,352700
14060053,352800
14060168,352900
14060286,353000
14060383,353100
14060503,353200
14060620,353300
14060740,353400
14060872,353500
14060987,353600
14061101,353700
14061198,353800
14061314,353900
14061444,354000
14061593,354100
14061728,354200
14061866,354300
14061990,354400
14062094,354500
14062201,354600
14062322,354700
14062418,354800
14062546,354900
14062674,355000
14062783,355100
14062907,355200
14063040,355300
14063158,355400
14063272,355500
14063405,355600
14063516,355700
14063635,355800
14063750,355900
14063875,356000
14063988,356100
14064099,356200
14064203,356300
14064302,356400
14064408,356500
14064513,356600
14064632,356700
14064723,356800
14065159,356900
14065276,357000
14065387,357100
14065514,357200
14065633,357300
14065731,357400
14065847,357500
14065969,357600
14066085,357700
14066204,357800
14066336,357900
14066460,358000
14066572,358100
14066709,358200
14066844,358300
14067009,358400
14067116,358500
14067251,358600
14067389,358700
14067487,358800
14067612,358900
14067760,359000
14067885,359100
14068020,359200
14068149,359300
14068272,359400
14068383,359500
14068516,359600
14068626,359700
14068715,359800
14068828,359900
14068934,360000
14071345,360100
14071466,360200
14071593,360300
14071708,360400
14071825,360500
14071937,360600
14072053,360700
14072161,360800
14072273,360900
14072394,361000
14072536,361100
14072667,361200
14072829,361300
14072954,361400
14073066,361500
14073195,361600
14073342,361700
14073463,361800
14073577,361900
14073706,362000
14073850,362100
14073993,362200
14074094,362300
14074209,362400
14074309,362500
14074415,362600
14074535,362700
14074676,362800
14074776,362900
14074909,363000
14075047,363100
14075169,363200
14075320,363300
14075463,363400
14075632,363500
14075752,363600
14075879,363700
14076000,363800
14076099,363900
14076229,364000
14076349,364100
14076506,364200
14076651,364300
14076792,364400
14076940,364500
14077421,364600
14077574,364700
14077730,364800
14077896,364900
14078040,365000
14078215,365100
14078359,365200
14078495,365300
14078633,365400
14078768,365500
14078912,365600
14079040,365700
14079177,365800
14079297,365900
14079425,366000
14079557,366100
14079685,366200
14079806,366300
14079953,366400
14080081,366500
14080191,366600
14080306,366700
14080416,366800
14080535,366900
14080643,367000
14080775,367100
14080960,367200
14081090,367300
14081232,367400
14081414,367500
14081673,367600
14081859,367700
14082037,367800
14082235,367900
14082418,368000
14082533,368100
14082668,368200
14082795,368300
14082990,368400
14083511,368500
14083732,368600
14083937,368700
14084095,368800
14084217,368900
14084330,369000
14084448,369100
14084561,369200
14084704,369300
14084809,369400
14084946,369500
14085079,369600
14085189,369700
14085314,369800
14085438,369900
14085566,370000
14088753,370100
14088881,370200
14089005,370300
14089128,370400
14089582,370500
14089706,370600
14089809,370700
14089930,370800
14090040,370900
14090149,371000
14090259,371100
14090375,371200
14090489,371300
14090622,371400
14090760,371500
14090865,371600
14090983,371700
14091106,371800
14091234,371900
14091344,372000
14091452,372100
14091555,372200
14091673,372300
14091785,372400
14091928,372500
14092052,372600
14092196,372700
14092344,372800
14092464,372900
14092562,373000
14092680,373100
14092812,373200
14092921,373300
14093066,373400
14093191,373500
14093338,373600
14093474,373700
14093661,373800
14093798,373900
14093961,374000
14094107,374100
14094245,374200
14094374,374300
14094517,374400
14094654,374500
14094808,374600
14094962,374700
14095099,374800
14095257,374900
14095739,375000
14095885,375100
14096015,375200
14096140,375300
14096287,375400
14096428,375500
14096555,375600
14096695,375700
14096818,375800
14096935,375900
14097070,376000
14097187,376100
14097302,376200
14097431,376300
14097538,376400
14097684,376500
14097812,376600
14097937,376700
14098088,376800
14098219,376900
14098332,377000
14098470,377100
14098608,377200
14098726,377300
14098827,377400
14099002,377500
14099132,377600
14099258,377700
14099401,377800
14099548,377900
14099695,378000
14099840,378100
14099998,378200
14100146,378300
14100278,378400
14100413,378500
14100559,378600
14100697,378700
14100837,378800
14100977,378900
14101121,379000
14101259,379100
14101404,379200
14101904,379300
14102045,379400
14102242,379500
14102364,379600
14102514,379700
14102689,379800
14102840,379900
14102978,380000
14106277,380100
14106424,380200
14106581,380300
14106730,380400
14106849,380500
14107005,380600
14107161,380700
14107308,380800
14107450,380900
14107926,381000
14108077,381100
14108242,381200
14108385,381300
14108529,381400
14108686,381500
14108831,381600
14108981,381700
14109142,381800
14109313,381900
14109502,382000
14109708,382100
14109889,382200
14110063,382300
14110228,382400
14110370,382500
14110521,382600
14110680,382700
14110844,382800
14111040,382900
14111220,383000
14111357,383100
14111494,383200
14111640,383300
14111763,383400
14111916,383500
14112060,383600
14112194,383700
14112329,383800
14112461,383900
14112590,384000
14112773,384100
14112925,384200
14113064,384300
14113214,384400
14113357,384500
14113483,384600
14113624,384700
14114050,384800
14114195,384900
14114330,385000
14114460,385100
14114603,385200
14114742,385300
14114883,385400
14115039,385500
14115188,385600
14115347,385700
14115502,385800
14115662,385900
14115828,386000
14115995,386100
14116173,386200
14116348,386300
14116501,386400
14116662,386500
14116819,386600
14116961,386700
14117127,386800
14117283,386900
14117422,387000
14117583,387100
14117753,387200
14117931,387300
14118087,387400
14118259,387500
14118433,387600
14118573,387700
14118707,387800
14118867,387900
14119056,388000
14119227,388100
14119409,388200
14119593,388300
14120098,388400
14120269,388500
14120441,388600
14120613,388700
14120799,388800
14120972,388900
14121139,389000
14121302,389100
14121495,389200
14121650,389300
14121809,389400
14121992,389500
14122198,389600
14122386,389700
14122558,389800
14122746,389900
14122930,390000
14126370,390100
14126493,390200
14126633,390300
14126765,390400
14126897,390500
14127027,390600
14127189,390700
14127356,390800
14127511,390900
14127657,391000
14127808,391100
14127953,391200
14128087,391300
14128251,391400
14128394,391500
14128567,391600
14128696,391700
14128860,391800
14129024,391900
14129199,392000
14129346,392100
14129514,392200
14129659,392300
14129814,392400
14129994,392500
14130140,392600
14130280,392700
14130424,392800
14130588,392900
14130740,393000
14130958,393100
14131117,393200
14131297,393300
14131488,393400
14131684,393500
14131852,393600
14132362,393700
14132545,393800
14132702,393900
14132881,394000
14133095,394100
14133320,394200
14133513,394300
14133715,394400
14133876,394500
14134034,394600
14134193,394700
14134342,394800
14134509,394900
14134671,395000
14134860,395100
14135035,395200
14135224,395300
14135419,395400
14135652,395500
14135812,395600
14136010,395700
14136156,395800
14136301,395900
14136436,396000
14136612,396100
14136817,396200
14137018,396300
14137222,396400
14137396,396500
14137555,396600
14137723,396700
14137884,396800
14138049,396900
14138555,397000
14138716,397100
14138886,397200
14139062,397300
14139247,397400
14139447,397500
14139621,397600
14139789,397700
14139989,397800
14140155,397900
14140331,398000
14140486,398100
14140668,398200
14140828,398300
14141000,398400
14141229,398500
14141419,398600
14141599,398700
14141812,398800
14142004,398900
14142169,399000
14142333,399100
14142520,399200
14142710,399300
14142895,399400
14143111,399500
14143326,399600
14143553,399700
14143765,399800
14143984,399900
14144180,400000
14146836,400100
14147035,400200
14147204,400300
14147355,400400
14147566,400500
14147783,400600
14147990,400700
14148205,400800
14148404,400900
14148620,401000
14148846,401100
14149024,401200
14149225,401300
14149379,401400
14149562,401500
14149731,401600
14149922,401700
14150096,401800
14150305,401900
14150795,402000
14150981,402100
14151132,402200
14151287,402300
14151490,402400
14151653,402500
14151842,402600
14152030,402700
14152190,402800
14152339,402900
14152504,403000
14152687,403100
14152856,403200
14153041,403300
14153213,403400
14153366,403500
14153559,403600
14153751,403700
14153931,403800
14154107,403900
14154265,404000
14154431,404100
14154585,404200
14154750,404300
14154920,404400
14155081,404500
14155249,404600
14155444,404700
14155593,404800
14155823,404900
14156062,405000
14156250,405100
14156444,405200
14156945,405300
14157177,405400
14157406,405500
14157582,405600
14157749,405700
14157926,405800
14158118,405900
14158281,406000
14158459,406100
14158642,406200
14158812,406300
14158988,406400
14159144,406500
14159288,406600
14159431,406700
14159599,406800
14159787,406900
14159981,407000
14160139,407100
14160320,407200
14160492,407300
14160654,407400
14160841,407500
14161014,407600
14161168,407700
14161346,407800
14161528,407900
14161686,408000
14161882,408100
14162052,408200
14162213,408300
14162401,408400
14162595,408500
14163074,408600
14163240,408700
14163429,408800
14163643,408900
14163829,409000
14164029,409100
14164240,409200
14164434,409300
14164639,409400
14164827,409500
14165006,409600
14165170,409700
14165332,409800
14165509,409900
14165688,410000
14168710,410100
14169212,410200
14169386,410300
14169551,410400
14169702,410500
14169870,410600
14170026,410700
14170171,410800
14170321,410900
14170471,411000
14170638,411100
14170816,411200
14170994,411300
14171185,411400
14171358,411500
14171547,411600
14171736,411700
14171917,411800
14172102,411900
14172283,412000
14172480,412100
14172685,412200
14172880,412300
14173079,412400
14173278,412500
14173449,412600
14173636,412700
14173832,412800
14173974,412900
14174129,413000
14174267,413100
14174519,413200
14174725,413300
14175254,413400
14175448,413500
14175654,413600
14175874,413700
14176078,413800
14176253,413900
14176441,414000
14176656,414100
14176845,414200
14177062,414300
14177256,414400
14177456,414500
14177645,414600
14177842,414700
14178042,414800
14178186,414900
14178358,415000
14178531,415100
14178750,415200
14178943,415300
14179136,415400
14179306,415500
14179483,415600
14179677,415700
14179862,415800
14180034,415900
14180230,416000
14180444,416100
14180660,416200
14180914,416300
14181457,416400
14181697,416500
14181923,416600
14182158,416700
14182388,416800
14182585,416900
14182777,417000
14182952,417100
14183121,417200
14183341,417300
14183561,417400
14183772,417500
14184012,417600
14184225,417700
14184445,417800
14184630,417900
14184822,418000
14185009,418100
14185172,418200
14185375,418300
14185547,418400
14185739,418500
14185915,418600
14186117,418700
14186271,418800
14186466,418900
14186635,419000
14186780,419100
14186958,419200
14187130,419300
14187648,419400
14187834,419500
14188015,419600
14188211,419700
14188404,419800
14188585,419900
14188745,420000
14192583,420100
14192727,420200
14192895,420300
14193071,420400
14193256,420500
14193776,420600
14193956,420700
14194156,420800
14194332,420900
14194498,421000
14194681,421100
14194857,421200
14195043,421300
14195224,421400
14195434,421500
14195610,421600
14195807,421700
14196001,421800
14196200,421900
14196385,422000
14196553,422100
14196746,422200
14196958,422300
14197167,422400
14197368,422500
14197576,422600
14197770,422700
14197964,422800
14198154,422900
14198391,423000
14198582,423100
14198789,423200
14198963,423300
14199159,423400
14199346,423500
14199864,423600
14200045,423700
14200203,423800
14200381,423900
14200527,424000
14200696,424100
14200870,424200
14201064,424300
14201239,424400
14201449,424500
14201634,424600
14201838,424700
14202030,424800
14202227,424900
14202379,425000
14202574,425100
14202728,425200
14202891,425300
14203088,425400
14203312,425500
14203515,425600
14203716,425700
14203905,425800
14204095,425900
14204318,426000
14204493,426100
14204641,426200
14204819,426300
14205006,426400
14205180,426500
14205387,426600
14205903,426700
14206085,426800
14206302,426900
14206492,427000
14206658,427100
14206809,427200
14206965,427300
14207154,427400
14207348,427500
14207539,427600
14207750,427700
14207939,427800
14208130,427900
14208312,428000
14208539,428100
14208723,428200
14208877,428300
14209063,428400
14209279,428500
14209470,428600
14209660,428700
14209834,428800
14210041,428900
14210225,429000
14210400,429100
14210558,429200
14210706,429300
14210863,429400
14211030,429500
14211231,429600
14211402,429700
14211593,429800
14212087,429900
14212273,430000
14215649,430100
14215824,430200
14216004,430300
14216159,430400
14216337,430500
14216539,430600
14216727,430700
14216907,430800
14217073,430900
14217239,431000
14217425,431100
14217625,431200
14218117,431300
14218238,431400
14218394,431500
14218574,431600
14218775,431700
14218961,431800
14219129,431900
14219332,432000
14219514,432100
14219725,432200
14219914,432300
14220080,432400
14220241,432500
14220484,432600
14220687,432700
14220866,432800
14221075,432900
14221249,433000
14221434,433100
14221639,433200
14221840,433300
14222039,433400
14222225,433500
14222382,433600
14222562,433700
14222772,433800
14222985,433900
14223212,434000
14223432,434100
14223646,434200
14224184,434300
14224415,434400
14224601,434500
14224797,434600
14225008,434700
14225274,434800
14225471,434900
14225660,435000
14225890,435100
14226112,435200
14226308,435300
14226467,435400
14226676,435500
14226863,435600
14227096,435700
14227393,435800
14227620,435900
14227896,436000
14228166,436100
14228397,436200
14228598,436300
14228812,436400
14229018,436500
14229190,436600
14229353,436700
14229559,436800
14229762,436900
14230020,437000
14230554,437100
14230753,437200
14230975,437300
14231214,437400
14231419,437500
14231593,437600
14231791,437700
14232007,437800
14232214,437900
14232441,438000
14232676,438100
14232887,438200
14233091,438300
14233283,438400
14233477,438500
14233677,438600
14233868,438700
14234081,438800
14234273,438900
14234495,439000
14234857,439100
14235115,439200
14235345,439300
14235543,439400
14235786,439500
14236019,439600
14236551,439700
14236781,439800
14237020,439900
14237247,440000
14240584,440100
14240825,440200
14241063,440300
14241280,440400
14241516,440500
14241745,440600
14241976,440700
14242187,440800
14242730,440900
14242972,441000
14243206,441100
14243433,441200
14243659,441300
14243923,441400
14244163,441500
14244402,441600
14244629,441700
14244843,441800
14245106,441900
14245340,442000
14245568,442100
14245811,442200
14246032,442300
14246263,442400
14246479,442500
14246717,442600
14246976,442700
14247207,442800
14247403,442900
14247589,443000
14247780,443100
14248019,443200
14248212,443300
14248764,443400
14248998,443500
14249237,443600
14249483,443700
14249779,443800
14249977,443900
14250165,444000
14250397,444100
14250625,444200
14250865,444300
14251095,444400
14251331,444500
14251558,444600
14251786,444700
14252015,444800
14252244,444900
14252430,445000
14252601,445100
14252804,445200
14253029,445300
14253265,445400
14253481,445500
14253725,445600
14253965,445700
14254187,445800
14254414,445900
14254943,446000
14255135,446100
14255339,446200
14255593,446300
14255831,446400
14256087,446500
14256343,446600
14256604,446700
14256858,446800
14257111,446900
14257351,447000
14257600,447100
14257823,447200
14258030,447300
14258281,447400
14258588,447500
14258810,447600
14259052,447700
14259284,447800
14259626,447900
14259837,448000
14260075,448100
14260280,448200
14260481,448300
14260691,448400
14261198,448500
14261447,448600
14261683,448700
14261903,448800
14262160,448900
14262384,449000
14262612,449100
14262807,449200
14262989,449300
14263196,449400
14263386,449500
14263588,449600
14263837,449700
14264125,449800
14264394,449900
14264651,450000
14271695,450100
14271930,450200
14272122,450300
14272354,450400
14272615,450500
14272821,450600
14273061,450700
14273612,450800
14273833,450900
14274099,451000
14274305,451100
14274531,451200
14274770,451300
14275002,451400
14275242,451500
14275476,451600
14275708,451700
14275941,451800
14276235,451900
14276465,452000
14276707,452100
14276926,452200
14277144,452300
14277381,452400
14277652,452500
14277879,452600
14278086,452700
14278300,452800
14278519,452900
14278720,453000
14278954,453100
14279182,453200
14279743,453300
14279971,453400
14280198,453500
14280464,453600
14280711,453700
14280926,453800
14281203,453900
14281431,454000
14281665,454100
14281894,454200
14282123,454300
14282354,454400
14282589,454500
14282822,454600
14283055,454700
14283268,454800
14283480,454900
14283706,455000
14283935,455100
14284172,455200
14284403,455300
14284644,455400
14284874,455500
14285117,455600
14285378,455700
14285928,455800
14286152,455900
14286371,456000
14286605,456100
14286833,456200
14287069,456300
14287307,456400
14287550,456500
14287789,456600
14288039,456700
14288277,456800
14288500,456900
14288729,457000
14288971,457100
14289252,457200
14289495,457300
14289732,457400
14289983,457500
14290236,457600
14290643,457700
14290905,457800
14291142,457900
14291364,458000
14291916,458100
14292172,458200
14292408,458300
14292650,458400
14292899,458500
14293138,458600
14293364,458700
14293582,458800
14293818,458900
14294032,459000
14294217,459100
14294433,459200
14294684,459300
14294922,459400
14295158,459500
14295391,459600
14295626,459700
14295858,459800
14296104,459900
14296340,460000
14304954,460100
14305158,460200
14305389,460300
14305617,460400
14305859,460500
14306078,460600
14306302,460700
14306533,460800
14306760,460900
14306977,461000
14307192,461100
14307425,461200
14307646,461300
14307865,461400
14308085,461500
14308308,461600
14308543,461700
14308828,461800
14309070,461900
14309300,462000
14309528,462100
14309746,462200
14309963,462300
14310209,462400
14310779,462500
14311024,462600
14311273,462700
14311515,462800
14311752,462900
14312000,463000
14312233,463100
14312440,463200
14312668,463300
14312910,463400
14313152,463500
14313388,463600
14313674,463700
14313905,463800
14314145,463900
14314389,464000
14314624,464100
14314855,464200
14315096,464300
14315335,464400
14315579,464500
14315823,464600
14316059,464700
14316309,464800
14316862,464900
14317101,465000
14317345,465100
14317593,465200
14317815,465300
14318068,465400
14318317,465500
14318576,465600
14318821,465700
14319050,465800
14319301,465900
14319580,466000
14319852,466100
14320098,466200
14320347,466300
14320603,466400
14320865,466500
14321106,466600
14321342,466700
14321587,466800
14321825,466900
14322073,467000
14322410,467100
14322996,467200
14323307,467300
14323568,467400
14323818,467500
14324066,467600
14324322,467700
14324573,467800
14324824,467900
14325072,468000
14325338,468100
14325590,468200
14325845,468300
14326106,468400
14326377,468500
14326642,468600
14326888,468700
14327135,468800
14327364,468900
14327611,469000
14327843,469100
14328101,469200
14328365,469300
14328621,469400
14329209,469500
14329462,469600
14329707,469700
14329972,469800
14330218,469900
14330485,470000
14339779,470100
14340021,470200
14340268,470300
14340512,470400
14340771,470500
14341339,470600
14341656,470700
14341929,470800
14342168,470900
14342398,471000
14342649,471100
14342896,471200
14343129,471300
14343394,471400
14343650,471500
14343943,471600
14344171,471700
14344424,471800
14344675,471900
14344942,472000
14345196,472100
14345441,472200
14345689,472300
14345939,472400
14346191,472500
14346421,472600
14346670,472700
14346922,472800
14347487,472900
14347766,473000
14348033,473100
14348288,473200
14348572,473300
14348825,473400
14349072,473500
14349320,473600
14349547,473700
14349753,473800
14349949,473900
14350165,474000
14350405,474100
14350640,474200
14350880,474300
14351130,474400
14351357,474500
14351624,474600
14351878,474700
14352098,474800
14352311,474900
14352537,475000
14352730,475100
14352980,475200
14353224,475300
14353788,475400
14353999,475500
14354243,475600
14354475,475700
14354740,475800
14355005,475900
14355275,476000
14355494,476100
14355804,476200
14356071,476300
14356312,476400
14356564,476500
14356814,476600
14357008,476700
14357266,476800
14357513,476900
14357762,477000
14358004,477100
14358166,477200
14358484,477300
14358718,477400
14358986,477500
14359255,477600
14359833,477700
14360133,477800
14360401,477900
14360643,478000
14360897,478100
14361160,478200
14361399,478300
14361657,478400
14361922,478500
14362100,478600
14362359,478700
14362634,478800
14362871,478900
14363143,479000
14363398,479100
14363636,479200
14363867,479300
14364133,479400
14364369,479500
14364648,479600
14364894,479700
14365152,479800
14365406,479900
14365990,480000
14375282,480100
14375526,480200
14375773,480300
14376030,480400
14376279,480500
14376526,480600
14376768,480700
14377036,480800
14377299,480900
14377551,481000
14377777,481100
14378038,481200
14378621,481300
14378854,481400
14379101,481500
14379400,481600
14379652,481700
14379890,481800
14380151,481900
14380395,482000
14380645,482100
14380897,482200
14381143,482300
14381380,482400
14381639,482500
14381891,482600
14382135,482700
14382390,482800
14382653,482900
14382897,483000
14383143,483100
14383458,483200
14383661,483300
14383861,483400
14384090,483500
14384658,483600
14384864,483700
14385068,483800
14385320,483900
14385522,484000
14385777,484100
14386003,484200
14386222,484300
14386438,484400
14386634,484500
14386873,484600
14387085,484700
14387306,484800
14387514,484900
14387703,485000
14387916,485100
14388088,485200
14388358,485300
14388560,485400
14388825,485500
14389018,485600
14389238,485700
14389447,485800
14389686,485900
14389982,486000
14390281,486100
14390863,486200
14391087,486300
14391301,486400
14391513,486500
14391723,486600
14391910,486700
14392097,486800
14392335,486900
14392616,487000
14392889,487100
14393241,487200
14393515,487300
14393767,487400
14394011,487500
14394230,487600
14394443,487700
14394715,487800
14394997,487900
14395268,488000
14395487,488100
14395738,488200
14395961,488300
14396242,488400
14396521,488500
14397101,488600
14397314,488700
14397528,488800
14397722,488900
14397963,489000
14398217,489100
14398487,489200
14398757,489300
14399032,489400
14399289,489500
14399548,489600
14399814,489700
14400085,489800
14400352,489900
14400572,490000
14409904,490100
14410151,490200
14410399,490300
14410666,490400
14410908,490500
14411173,490600
14411443,490700
14411681,490800
14411967,490900
14412229,491000
14412466,491100
14412715,491200
14412969,491300
14413241,491400
14413532,491500
14413813,491600
14414137,491700
14414370,491800
14414550,491900
14414828,492000
14415431,492100
14415761,492200
14416056,492300
14416339,492400
14416631,492500
14416925,492600
14417228,492700
14417521,492800
14417821,492900
14418115,493000
14418408,493100
14418741,493200
14419037,493300
14419332,493400
14419618,493500
14419916,493600
14420208,493700
14420529,493800
14420814,493900
14421120,494000
14421757,494100
14422046,494200
14422333,494300
14422651,494400
14422947,494500
14423240,494600
14423534,494700
14423823,494800
14424140,494900
14424448,495000
14424749,495100
14425049,495200
14425319,495300
14425598,495400
14425884,495500
14426159,495600
14426460,495700
14426767,495800
14427060,495900
14427690,496000
14427990,496100
14428289,496200
14428751,496300
14429060,496400
14429391,496500
14429719,496600
14430032,496700
14430362,496800
14430682,496900
14431013,497000
14431311,497100
14431613,497200
14431925,497300
14432211,497400
14432541,497500
14432855,497600
14433173,497700
14433816,497800
14434145,497900
14434472,498000
14434779,498100
14435115,498200
14435445,498300
14435779,498400
14436115,498500
14436453,498600
14436968,498700
14437316,498800
14437655,498900
14437992,499000
14438307,499100
14438632,499200
14438948,499300
14439369,499400
14439996,499500
14440375,499600
14440699,499700
14441011,499800
14441336,499900
14441642,500000
14451924,500100
14452541,500200
14452827,500300
14453130,500400
14453423,500500
14453721,500600
14454018,500700
14454303,500800
14454619,500900
14454918,501000
14455217,501100
14455507,501200
14455805,501300
14456156,501400
14456461,501500
14456756,501600
14457047,501700
14457340,501800
14457648,501900
14457939,502000
14458548,502100
14458853,502200
14459149,502300
14459434,502400
14459741,502500
14460041,502600
14460394,502700
14460766,502800
14461071,502900
14461383,503000
14461694,503100
14461992,503200
14462295,503300
14462596,503400
14462896,503500
14463195,503600
14463498,503700
14463804,503800
14464120,503900
14464742,504000
14465036,504100
14465338,504200
14465630,504300
14465919,504400
14466197,504500
14466500,504600
14466797,504700
14467089,504800
14467373,504900
14467683,505000
14467993,505100
14468273,505200
14468588,505300
14468873,505400
14469168,505500
14469466,505600
14469759,505700
14470207,505800
14470810,505900
14471133,506000
14471443,506100
14471743,506200
14472045,506300
14472359,506400
14472646,506500
14472938,506600
14473219,506700
14473494,506800
14473791,506900
14474080,507000
14474394,507100
14474700,507200
14474993,507300
14475283,507400
14475558,507500
14475794,507600
14476068,507700
14476325,507800
14476990,507900
14477343,508000
14477698,508100
14478059,508200
14478424,508300
14478791,508400
14479152,508500
14479485,508600
14479862,508700
14480253,508800
14480616,508900
14480986,509000
14481363,509100
14481733,509200
14482100,509300
14482426,509400
14482762,509500
14483519,509600
14483886,509700
14484219,509800
14484543,509900
14484895,510000
14496507,510100
14496767,510200
14497032,510300
14497299,510400
14497593,510500
14497887,510600
14498170,510700
14498428,510800
14498620,510900
14498892,511000
14499182,511100
14499452,511200
14499705,511300
14500056,511400
14500335,511500
14500568,511600
14500837,511700
14501192,511800
14501891,511900
14502325,512000
14502682,512100
14503016,512200
14503365,512300
14503691,512400
14504041,512500
14504410,512600
14504783,512700
14505091,512800
14505423,512900
14505810,513000
14506162,513100
14506561,513200
14506799,513300
14507091,513400
14507310,513500
14507553,513600
14508158,513700
14508352,513800
14508543,513900
14508717,514000
14508890,514100
14509089,514200
14509314,514300
14509536,514400
14509732,514500
14509969,514600
14510189,514700
14510450,514800
14510666,514900
14510846,515000
14511016,515100
14511210,515200
14511445,515300
14511711,515400
14511918,515500
14512157,515600
14512343,515700
14512535,515800
14512741,515900
14512933,516000
14513088,516100
14513256,516200
14513435,516300
14513628,516400
14514170,516500
14514401,516600
14514601,516700
14514792,516800
14514998,516900
14515212,517000
14515376,517100
14515526,517200
14515687,517300
14515866,517400
14516097,517500
14516301,517600
14516460,517700
14516689,517800
14516911,517900
14517112,518000
14517337,518100
14517523,518200
14517721,518300
14517937,518400
14518221,518500
14518458,518600
14518685,518700
14518878,518800
14519073,518900
14519278,519000
14519463,519100
14519736,519200
14519965,519300
14520430,519400
14520624,519500
14520839,519600
14521090,519700
14521454,519800
14521802,519900
14522045,520000
14527991,520100
14528241,520200
14528489,520300
14528647,520400
14528854,520500
14529061,520600
14529268,520700
14529477,520800
14529688,520900
14529906,521000
14530158,521100
14530412,521200
14530663,521300
14530877,521400
14531078,521500
14531279,521600
14531535,521700
14531785,521800
14531986,521900
14532191,522000
14532698,522100
14532991,522200
14533274,522300
14533456,522400
14533609,522500
14533829,522600
14534080,522700
14534316,522800
14534532,522900
14534739,523000
14534921,523100
14535212,523200
14535440,523300
14535618,523400
14535801,523500
14536000,523600
14536215,523700
14536413,523800
14536625,523900
14536849,524000
14537054,524100
14537277,524200
14537478,524300
14537692,524400
14537870,524500
14538004,524600
14538156,524700
14538333,524800
14538874,524900
14539148,525000
14539347,525100
14539546,525200
14539763,525300
14539965,525400
14540197,525500
14540353,525600
14540550,525700
14540748,525800
14541073,525900
14541357,526000
14541562,526100
14541830,526200
14542088,526300
14542434,526400
14542705,526500
14542948,526600
14543138,526700
14543343,526800
14543556,526900
14543766,527000
14544000,527100
14544297,527200
14544511,527300
14545074,527400
14545302,527500
14545520,527600
14545693,527700
14545857,527800
14546012,527900
14546213,528000
14546435,528100
14546653,528200
14546983,528300
14547282,528400
14547523,528500
14547742,528600
14547939,528700
14548187,528800
14548359,528900
14548497,529000
14548659,529100
14548877,529200
14549151,529300
14549421,529400
14549689,529500
14549893,529600
14550103,529700
14550309,529800
14550551,529900
14550773,530000
14556368,530100
14556584,530200
14556871,530300
14557458,530400
14557699,530500
14557927,530600
14558137,530700
14558347,530800
14558519,530900
14558687,531000
14558861,531100
14559117,531200
14559390,531300
14559640,531400
14559951,531500
14560310,531600
14560665,531700
14560982,531800
14561358,531900
14561611,532000
14561820,532100
14562086,532200
14562307,532300
14562586,532400
14562876,532500
14563151,532600
14563671,532700
14563941,532800
14564180,532900
14564399,533000
14564539,533100
14564718,533200
14564930,533300
14565176,533400
14565437,533500
14565666,533600
14565912,533700
14566130,533800
14566381,533900
14566610,534000
14566855,534100
14567033,534200
14567206,534300
14567439,534400
14567684,534500
14567948,534600
14568209,534700
14568451,534800
14568688,534900
14568910,535000
14569148,535100
14569363,535200
14569838,535300
14570065,535400
14570327,535500
14570594,535600
14570846,535700
14571082,535800
14571313,535900
14571629,536000
14571872,536100
14572102,536200
14572285,536300
14572454,536400
14572654,536500
14572888,536600
14573137,536700
14573417,536800
14573632,536900
14573848,537000
14574102,537100
14574336,537200
14574546,537300
14574735,537400
14574910,537500
14575121,537600
14575391,537700
14575611,537800
14576200,537900
14576432,538000
14576611,538100
14576853,538200
14577091,538300
14577292,538400
14577491,538500
14577688,538600
14577877,538700
14578137,538800
14578386,538900
14578651,539000
14578905,539100
14579109,539200
14579357,539300
14579607,539400
14579821,539500
14580035,539600
14580250,539700
14580459,539800
14580731,539900
14581028,540000
14586761,540100
14586972,540200
14587202,540300
14587440,540400
14587614,540500
14587815,540600
14588317,540700
14588521,540800
14588760,540900
14589007,541000
14589196,541100
14589402,541200
14589635,541300
14589851,541400
14590099,541500
14590288,541600
14590461,541700
14590687,541800
14590916,541900
14591157,542000
14591364,542100
14591593,542200
14591810,542300
14592070,542400
14592293,542500
14592492,542600
14592680,542700
14592865,542800
14593084,542900
14593280,543000
14593531,543100
14593756,543200
14593992,543300
14594533,543400
14594834,543500
14595017,543600
14595216,543700
14595395,543800
14595581,543900
14595843,544000
14596103,544100
14596314,544200
14596597,544300
14596836,544400
14597052,544500
14597320,544600
14597539,544700
14597743,544800
14597987,544900
14598262,545000
14598519,545100
14598763,545200
14598997,545300
14599287,545400
14599557,545500
14599794,545600
14600043,545700
14600294,545800
14600929,545900
14601169,546000
14601450,546100
14601738,546200
14601986,546300
14602297,546400
14602559,546500
14602787,546600
14602992,546700
14603207,546800
14603446,546900
14603678,547000
14603967,547100
14604261,547200
14604549,547300
14604797,547400
14605053,547500
14605278,547600
14605503,547700
14605715,547800
14606007,547900
14606267,548000
14606498,548100
14607158,548200
14607396,548300
14607668,548400
14607955,548500
14608191,548600
14608426,548700
14608728,548800
14608996,548900
14609239,549000
14609530,549100
14609812,549200
14610101,549300
14610387,549400
14610654,549500
14610885,549600
14611113,549700
14611369,549800
14611650,549900
14611943,550000
14618622,550100
14618910,550200
14619560,550300
14619805,550400
14620032,550500
14620220,550600
14620473,550700
14620797,550800
14621104,550900
14621391,551000
14621658,551100
14621935,551200
14622177,551300
14622405,551400
14622663,551500
14622947,551600
14623214,551700
14623494,551800
14623784,551900
14624080,552000
14624375,552100
14624617,552200
14624862,552300
14625126,552400
14625763,552500
14626030,552600
14626290,552700
14626569,552800
14626852,552900
14627137,553000
14627382,553100
14627612,553200
14627914,553300
14628184,553400
14628460,553500
14628752,553600
14629019,553700
14629265,553800
14629532,553900
14629765,554000
14630006,554100
14630267,554200
14630534,554300
14630805,554400
14631065,554500
14631656,554600
14631954,554700
14632225,554800
14632431,554900
14632652,555000
14632844,555100
14633045,555200
14633271,555300
14633479,555400
14633744,555500
14633950,555600
14634162,555700
14634396,555800
14634605,555900
14634846,556000
14635064,556100
14635278,556200
14635466,556300
14635685,556400
14635908,556500
14636104,556600
14636317,556700
14636572,556800
14636828,556900
14637057,557000
14637360,557100
14637890,557200
14638146,557300
14638357,557400
14638597,557500
14638793,557600
14639041,557700
14639265,557800
14639469,557900
14639713,558000
14639945,558100
14640154,558200
14640375,558300
14640578,558400
14640788,558500
14641026,558600
14641287,558700
14641548,558800
14641801,558900
14642062,559000
14642320,559100
14642544,559200
14642719,559300
14642933,559400
14643160,559500
14643386,559600
14643636,559700
14644229,559800
14644465,559900
14644692,560000
14651339,560100
14651547,560200
14651742,560300
14651941,560400
14652163,560500
14652419,560600
14652641,560700
14652872,560800
14653127,560900
14653366,561000
14653598,561100
14653813,561200
14654043,561300
14654256,561400
14654461,561500
14654709,561600
14654953,561700
14655177,561800
14655452,561900
14655669,562000
14655885,562100
14656445,562200
14656687,562300
14656910,562400
14657104,562500
14657314,562600
14657661,562700
14657970,562800
14658243,562900
14658454,563000
14658703,563100
14658941,563200
14659188,563300
14659381,563400
14659580,563500
14659818,563600
14660081,563700
14660351,563800
14660628,563900
14660906,564000
14661204,564100
14661451,564200
14661649,564300
14661900,564400
14662129,564500
14662668,564600
14662998,564700
14663258,564800
14663534,564900
14663779,565000
14664055,565100
14664273,565200
14664546,565300
14664804,565400
14665032,565500
14665264,565600
14665583,565700
14665846,565800
14666126,565900
14666395,566000
14666657,566100
14666909,566200
14667163,566300
14667400,566400
14667587,566500
14667858,566600
14668142,566700
14668407,566800
14669062,566900
14669373,567000
14669626,567100
14669864,567200
14670108,567300
14670383,567400
14670547,567500
14670780,567600
14671041,567700
14671255,567800
14671516,567900
14671756,568000
14672023,568100
14672294,568200
14672525,568300
14672773,568400
14673004,568500
14673180,568600
14673433,568700
14673726,568800
14674006,568900
14674306,569000
14674638,569100
14675268,569200
14675545,569300
14675842,569400
14676109,569500
14676380,569600
14676646,569700
14676940,569800
14677225,569900
14677535,570000
14684437,570100
14684706,570200
14685009,570300
14685299,570400
14685541,570500
14685802,570600
14686064,570700
14686361,570800
14686645,570900
14686928,571000
14687524,571100
14687842,571200
14688123,571300
14688406,571400
14688684,571500
14688925,571600
14689210,571700
14689486,571800
14689739,571900
14690040,572000
14690332,572100
14690591,572200
14690853,572300
14691143,572400
14691393,572500
14691697,572600
14691939,572700
14692199,572800
14692548,572900
14692854,573000
14693143,573100
14693747,573200
14694086,573300
14694367,573400
14694605,573500
14694839,573600
14695046,573700
14695308,573800
14695574,573900
14695895,574000
14696171,574100
14696410,574200
14696648,574300
14696891,574400
14697190,574500
14697456,574600
14697740,574700
14698010,574800
14698294,574900
14698587,575000
14698885,575100
14699184,575200
14699488,575300
14700128,575400
14700422,575500
14700730,575600
14701018,575700
14701322,575800
14701612,575900
14701922,576000
14702233,576100
14702576,576200
14702897,576300
14703221,576400
14703564,576500
14703877,576600
14704194,576700
14704470,576800
14704735,576900
14705049,577000
14705347,577100
14705663,577200
14706296,577300
14706571,577400
14706874,577500
14707170,577600
14707456,577700
14707729,577800
14707969,577900
14708260,578000
14708556,578100
14708860,578200
14709189,578300
14709468,578400
14709736,578500
14710033,578600
14710360,578700
14710667,578800
14710980,578900
14711274,579000
14711582,579100
14711911,579200
14712557,579300
14712849,579400
14713135,579500
14713432,579600
14713729,579700
14714021,579800
14714273,579900
14714520,580000
14722062,580100
14722348,580200
14722628,580300
14722910,580400
14723217,580500
14723519,580600
14723831,580700
14724205,580800
14724818,580900
14725157,581000
14725449,581100
14725760,581200
14726068,581300
14726381,581400
14726667,581500
14726943,581600
14727256,581700
14727588,581800
14727890,581900
14728217,582000
14728510,582100
14728811,582200
14729127,582300
14729435,582400
14729771,582500
14730116,582600
14730497,582700
14731188,582800
14731512,582900
14731859,583000
14732127,583100
14732405,583200
14732692,583300
14733001,583400
14733299,583500
14733601,583600
14733889,583700
14734165,583800
14734437,583900
14734706,584000
14734955,584100
14735163,584200
14735381,584300
14735633,584400
14735889,584500
14736193,584600
14736481,584700
14736819,584800
14737518,584900
14737838,585000
14738194,585100
14738494,585200
14738754,585300
14738984,585400
14739244,585500
14739546,585600
14739822,585700
14740131,585800
14740453,585900
14740779,586000
14741131,586100
14741533,586200
14741788,586300
14742001,586400
14742238,586500
14742528,586600
14742888,586700
14743446,586800
14743817,586900
14744114,587000
14744385,587100
14744635,587200
14744861,587300
14745062,587400
14745270,587500
14745478,587600
14745754,587700
14746055,587800
14746331,587900
14746584,588000
14746869,588100
14747175,588200
14747452,588300
14747690,588400
14747899,588500
14748133,588600
14748374,588700
14748705,588800
14749012,588900
14749632,589000
14749996,589100
14750316,589200
14750611,589300
14750910,589400
14751166,589500
14751350,589600
14751579,589700
14751820,589800
14752153,589900
14752468,590000
14760035,590100
14760304,590200
14760578,590300
14760834,590400
14761086,590500
14761341,590600
14761594,590700
14762163,590800
14762442,590900
14762711,591000
14763003,591100
14763331,591200
14763639,591300
14763916,591400
14764188,591500
14764483,591600
14764681,591700
14764921,591800
14765231,591900
14765520,592000
14765768,592100
14766056,592200
14766293,592300
14766554,592400
14766819,592500
14767053,592600
14767248,592700
14767492,592800
14767755,592900
14768445,593000
14768716,593100
14769015,593200
14769318,593300
14769570,593400
14769858,593500
14770192,593600
14770454,593700
14770643,593800
14770843,593900
14771067,594000
14771391,594100
14771653,594200
14771909,594300
14772220,594400
14772459,594500
14772760,594600
14773015,594700
14773289,594800
14773544,594900
14773818,595000
14774016,595100
14774708,595200
14774981,595300
14775264,595400
14775595,595500
14775844,595600
14776136,595700
14776411,595800
14776664,595900
14776906,596000
14777122,596100
14777383,596200
14777727,596300
14778047,596400
14778347,596500
14778644,596600
14778892,596700
14779164,596800
14779500,596900
14779724,597000
14779951,597100
14780610,597200
14780979,597300
14781344,597400
14781630,597500
14781919,597600
14782175,597700
14782451,597800
14782759,597900
14782980,598000
14783276,598100
14783509,598200
14783749,598300
14784025,598400
14784290,598500
14784531,598600
14784828,598700
14785099,598800
14785331,598900
14785611,599000
14785866,599100
14786052,599200
14786322,599300
14787007,599400
14787254,599500
14787553,599600
14787837,599700
14788128,599800
14788354,599900
14788651,600000
14795606,600100
14795816,600200
14796022,600300
14796258,600400
14796471,600500
14796722,600600
14796943,600700
14797207,600800
14797510,600900
14797806,601000
14798133,601100
14798421,601200
14798701,601300
14799371,601400
14799653,601500
14799997,601600
14800290,601700
14800539,601800
14800863,601900
14801150,602000
14801396,602100
14801650,602200
14801895,602300
14802211,602400
14802491,602500
14802822,602600
14803108,602700
14803424,602800
14803697,602900
14803973,603000
14804243,603100
14804503,603200
14804742,603300
14805054,603400
14805672,603500
14805976,603600
14806212,603700
14806478,603800
14806744,603900
14807051,604000
14807357,604100
14807728,604200
14807979,604300
14808252,604400
14808576,604500
14808829,604600
14809100,604700
14809406,604800
14809729,604900
14810016,605000
14810237,605100
14810449,605200
14810715,605300
14811000,605400
14811647,605500
14812026,605600
14812283,605700
14812559,605800
14812797,605900
14813121,606000
14813427,606100
14813651,606200
14813901,606300
14814210,606400
14814466,606500
14814788,606600
14815064,606700
14815331,606800
14815604,606900
14816003,607000
14816230,607100
14816449,607200
14816695,607300
14816967,607400
14817337,607500
14818049,607600
14818372,607700
14818656,607800
14818926,607900
14819221,608000
14819438,608100
14819716,608200
14820033,608300
14820299,608400
14820617,608500
14820958,608600
14821259,608700
14821512,608800
14821800,608900
14822064,609000
14822283,609100
14822512,609200
14822677,609300
14822936,609400
14823225,609500
14823579,609600
14824186,609700
14824439,609800
14824650,609900
14824917,610000
14832541,610100
14832746,610200
14832940,610300
14833177,610400
14833391,610500
14833655,610600
14833895,610700
14834071,610800
14834258,610900
14834552,611000
14834762,611100
14835017,611200
14835228,611300
14835422,611400
14835632,611500
14835896,611600
14836493,611700
14836825,611800
14837073,611900
14837400,612000
14837693,612100
14837940,612200
14838203,612300
14838428,612400
14838625,612500
14838889,612600
14839146,612700
14839473,612800
14839795,612900
14840066,613000
14840352,613100
14840590,613200
14840840,613300
14841103,613400
14841373,613500
14841590,613600
14841880,613700
14842151,613800
14842725,613900
14843071,614000
14843355,614100
14843625,614200
14843885,614300
14844177,614400
14844380,614500
14844596,614600
14844847,614700
14845115,614800
14845446,614900
14845756,615000
14846041,615100
14846270,615200
14846584,615300
14846876,615400
14847120,615500
14847454,615600
14847699,615700
14847971,615800
14848303,615900
14848934,616000
14849231,616100
14849529,616200
14849851,616300
14850187,616400
14850509,616500
14850794,616600
14851089,616700
14851397,616800
14851725,616900
14852061,617000
14852447,617100
14852797,617200
14853111,617300
14853387,617400
14853684,617500
14853965,617600
14854226,617700
14854508,617800
14855081,617900
14855434,618000
14855732,618100
14856062,618200
14856399,618300
14856678,618400
14856934,618500
14857192,618600
14857475,618700
14857735,618800
14858016,618900
14858313,619000
14858615,619100
14858903,619200
14859218,619300
14859490,619400
14859747,619500
14860037,619600
14860252,619700
14860487,619800
14860811,619900
14861455,620000
14869183,620100
14869473,620200
14869693,620300
14869991,620400
14870245,620500
14870501,620600
14870733,620700
14870928,620800
14871226,620900
14871515,621000
14871822,621100
14872124,621200
14872458,621300
14872782,621400
14873144,621500
14873855,621600
14874154,621700
14874465,621800
14874804,621900
14875115,622000
14875418,622100
14875737,622200
14876069,622300
14876371,622400
14876640,622500
14876896,622600
14877184,622700
14877515,622800
14877817,622900
14878120,623000
14878501,623100
14878775,623200
14879021,623300
14879299,623400
14879518,623500
14880134,623600
14880436,623700
14880728,623800
14881009,623900
14881343,624000
14881620,624100
14881919,624200
14882248,624300
14882492,624400
14882718,624500
14882926,624600
14883210,624700
14883540,624800
14883852,624900
14884143,625000
14884418,625100
14884722,625200
14884960,625300
14885216,625400
14885469,625500
14885676,625600
14886307,625700
14886631,625800
14886888,625900
14887204,626000
14887524,626100
14887845,626200
14888122,626300
14888490,626400
14888841,626500
14889191,626600
14889442,626700
14889715,626800
14890009,626900
14890304,627000
14890596,627100
14890895,627200
14891250,627300
14891602,627400
14892263,627500
14892675,627600
14893011,627700
14893314,627800
14893632,627900
14893977,628000
14894299,628100
14894642,628200
14895007,628300
14895359,628400
14895719,628500
14896085,628600
14896409,628700
14896713,628800
14896991,628900
14897331,629000
14897686,629100
14898028,629200
14898761,629300
14899134,629400
14899525,629500
14899895,629600
14900267,629700
14900595,629800
14900943,629900
14901302,630000
14908786,630100
14909133,630200
14909488,630300
14909862,630400
14910241,630500
14910605,630600
14911321,630700
14911679,630800
14912074,630900
14912468,631000
14912857,631100
14913220,631200
14913573,631300
14913920,631400
14914274,631500
14914624,631600
14914977,631700
14915341,631800
14915696,631900
14916073,632000
14916406,632100
14916770,632200
14917478,632300
14917857,632400
14918127,632500
14918451,632600
14918812,632700
14919169,632800
14919517,632900
14919837,633000
14920176,633100
14920429,633200
14920746,633300
14920949,633400
14921217,633500
14921476,633600
14921755,633700
14922114,633800
14922429,633900
14922700,634000
14923368,634100
14923770,634200
14924107,634300
14924426,634400
14924818,634500
14925114,634600
14925350,634700
14925621,634800
14925980,634900
14926313,635000
14926671,635100
14927017,635200
14927406,635300
14927759,635400
14928113,635500
14928388,635600
14928662,635700
14928947,635800
14929596,635900
14930012,636000
14930377,636100
14930721,636200
14931070,636300
14931416,636400
14931719,636500
14932017,636600
14932275,636700
14932576,636800
14932904,636900
14933255,637000
14933624,637100
14933974,637200
14934279,637300
14934630,637400
14934939,637500
14935280,637600
14935939,637700
14936208,637800
14936531,637900
14936868,638000
14937193,638100
14937536,638200
14937893,638300
14938258,638400
14938611,638500
14938936,638600
14939296,638700
14939592,638800
14939900,638900
14940181,639000
14940489,639100
14940856,639200
14941212,639300
14941564,639400
14942302,639500
14942663,639600
14943038,639700
14943476,639800
14943990,639900
14944369,640000
14950598,640100
14950922,640200
14951247,640300
14951588,640400
14951915,640500
14952262,640600
14952593,640700
14952934,640800
14953253,640900
14953591,641000
14953999,641100
14954742,641200
14955084,641300
14955431,641400
14955758,641500
14956117,641600
14956461,641700
14956802,641800
14957160,641900
14957519,642000
14957863,642100
14958247,642200
14958630,642300
14958974,642400
14959299,642500
14959656,642600
14959998,642700
14960364,642800
14961094,642900
14961420,643000
14961780,643100
14962137,643200
14962485,643300
14962827,643400
14963152,643500
14963495,643600
14963820,643700
14964161,643800
14964500,643900
14964813,644000
14965143,644100
14965486,644200
14965840,644300
14966189,644400
14966587,644500
14967306,644600
14967639,644700
14968071,644800
14968419,644900
14968736,645000
14969048,645100
14969375,645200
14969734,645300
14970095,645400
14970458,645500
14970801,645600
14971160,645700
14971507,645800
14971843,645900
14972193,646000
14972517,646100
14973182,646200
14973618,646300
14973974,646400
14974335,646500
14974690,646600
14975038,646700
14975399,646800
14975739,646900
14976081,647000
14976442,647100
14976776,647200
14977087,647300
14977445,647400
14977766,647500
14978127,647600
14978491,647700
14978843,647800
14979532,647900
14979815,648000
14980049,648100
14980368,648200
14980692,648300
14981022,648400
14981384,648500
14981729,648600
14982059,648700
14982413,648800
14982723,648900
14983080,649000
14983405,649100
14983705,649200
14984130,649300
14984465,649400
14984903,649500
14985275,649600
14985993,649700
14986322,649800
14986677,649900
14987007,650000
14993170,650100
14993462,650200
14993735,650300
14994051,650400
14994381,650500
14994729,650600
14995058,650700
14995392,650800
14995732,650900
14996062,651000
14996411,651100
14996796,651200
14997090,651300
14997396,651400
14997757,651500
14998488,651600
14998819,651700
14999132,651800
14999468,651900
14999799,652000
15000129,652100
15000444,652200
15000762,652300
15001136,652400
15001469,652500
15001801,652600
15002097,652700
15002453,652800
15002786,652900
15003101,653000
15003463,653100
15003728,653200
15004012,653300
15004723,653400
15005088,653500
15005417,653600
15005783,653700
15006161,653800
15006530,653900
15006886,654000
15007255,654100
15007633,654200
15008002,654300
15008363,654400
15008745,654500
15009114,654600
15009486,654700
15009899,654800
15010611,654900
15011026,655000
15011430,655100
15011805,655200
15012170,655300
15012519,655400
15012896,655500
15013275,655600
15013659,655700
15014039,655800
15014429,655900
15014794,656000
15015158,656100
15015518,656200
15015862,656300
15016246,656400
15016978,656500
15017329,656600
15017704,656700
15018064,656800
15018401,656900
15018734,657000
15019083,657100
15019421,657200
15019801,657300
15020177,657400
15020571,657500
15020954,657600
15021340,657700
15021718,657800
15022105,657900
15022429,658000
15023066,658100
15023403,658200
15023734,658300
15024130,658400
15024511,658500
15024883,658600
15025268,658700
15025653,658800
15026041,658900
15026420,659000
15026784,659100
15027109,659200
15027482,659300
15027880,659400
15028270,659500
15028660,659600
15029502,659700
15030029,659800
15030459,659900
15030854,660000
15037603,660100
15037959,660200
15038321,660300
15038626,660400
15038984,660500
15039366,660600
15039714,660700
15040055,660800
15040420,660900
15040806,661000
15041198,661100
15041826,661200
15042200,661300
15042563,661400
15042919,661500
15043284,661600
15043700,661700
15044102,661800
15044491,661900
15044889,662000
15045256,662100
15045670,662200
15046178,662300
15046551,662400
15046933,662500
15047296,662600
15047979,662700
15048423,662800
15048803,662900
15049178,663000
15049562,663100
15049965,663200
15050376,663300
15050760,663400
15051162,663500
15051547,663600
15051940,663700
15052334,663800
15052715,663900
15053091,664000
15053480,664100
15054214,664200
15054696,664300
15055109,664400
15055551,664500
15056038,664600
15056418,664700
15056816,664800
15057241,664900
15057636,665000
15058063,665100
15058500,665200
15058886,665300
15059302,665400
15059715,665500
15060448,665600
15060938,665700
15061328,665800
15061734,665900
15062142,666000
15062551,666100
15062934,666200
15063330,666300
15063730,666400
15064126,666500
15064534,666600
15064934,666700
15065308,666800
15065707,666900
15066117,667000
15066898,667100
15067269,667200
15067706,667300
15068093,667400
15068468,667500
15068866,667600
15069275,667700
15069641,667800
15070041,667900
15070438,668000
15070821,668100
15071237,668200
15071641,668300
15072029,668400
15072435,668500
15073284,668600
15073675,668700
15074070,668800
15074454,668900
15074852,669000
15075231,669100
15075765,669200
15076333,669300
15076772,669400
15077166,669500
15077560,669600
15077950,669700
15078368,669800
15078783,669900
15079537,670000
15100379,670100
15100732,670200
15101133,670300
15101496,670400
15101860,670500
15102246,670600
15102620,670700
15102988,670800
15103393,670900
15104092,671000
15104553,671100
15104956,671200
15105317,671300
15105711,671400
15106097,671500
15106448,671600
15106854,671700
15107270,671800
15107656,671900
15108026,672000
15108419,672100
15108819,672200
15109190,672300
15109624,672400
15110393,672500
15110765,672600
15111151,672700
15111542,672800
15111912,672900
15112308,673000
15112691,673100
15113073,673200
15113449,673300
15113827,673400
15114222,673500
15114595,673600
15115006,673700
15115390,673800
15115776,673900
15116471,674000
15116927,674100
15117299,674200
15117681,674300
15118094,674400
15118491,674500
15118883,674600
15119290,674700
15119679,674800
15120051,674900
15120437,675000
15120898,675100
15121269,675200
15121649,675300
15122030,675400
15122718,675500
15123194,675600
15123720,675700
15124115,675800
15124516,675900
15124908,676000
15125308,676100
15125703,676200
15126142,676300
15126520,676400
15126900,676500
15127292,676600
15127694,676700
15128082,676800
15128482,676900
15129229,677000
15129611,677100
15129990,677200
15130374,677300
15130769,677400
15131144,677500
15131533,677600
15131918,677700
15132310,677800
15132705,677900
15133103,678000
15133498,678100
15133903,678200
15134294,678300
15134708,678400
15135446,678500
15135830,678600
15136222,678700
15136620,678800
15137152,678900
15137568,679000
15137961,679100
15138362,679200
15138766,679300
15139157,679400
15139567,679500
15139972,679600
15140368,679700
15140785,679800
15141588,679900
15141999,680000
15151468,680100
15151796,680200
15152181,680300
15152568,680400
15152954,680500
15153349,680600
15154106,680700
15154489,680800
15154871,680900
15155250,681000
15155644,681100
15156025,681200
15156402,681300
15156776,681400
15157153,681500
15157548,681600
15157942,681700
15158356,681800
15158749,681900
15159190,682000
15159605,682100
15160359,682200
15160736,682300
15161134,682400
15161515,682500
15161924,682600
15162298,682700
15162675,682800
15163081,682900
15163456,683000
15163846,683100
15164247,683200
15164628,683300
15165027,683400
15165418,683500
15165834,683600
15166578,683700
15166976,683800
15167358,683900
15167764,684000
15168160,684100
15168569,684200
15169013,684300
15169390,684400
15169793,684500
15170176,684600
15170564,684700
15170962,684800
15171357,684900
15171747,685000
15172150,685100
15172911,685200
15173284,685300
15173663,685400
15174055,685500
15174516,685600
15174904,685700
15175266,685800
15175652,685900
15176054,686000
15176481,686100
15176924,686200
15177335,686300
15177698,686400
15177995,686500
15178308,686600
15179014,686700
15179358,686800
15179726,686900
15180100,687000
15180502,687100
15180885,687200
15181248,687300
15181605,687400
15181936,687500
15182303,687600
15182667,687700
15183064,687800
15183440,687900
15183805,688000
15184146,688100
15184537,688200
15185292,688300
15185690,688400
15186111,688500
15186537,688600
15186924,688700
15187325,688800
15187787,688900
15188209,689000
15188631,689100
15189133,689200
15189538,689300
15189950,689400
15190350,689500
15190751,689600
15191526,689700
15191894,689800
15192256,689900
15192569,690000
15201107,690100
15201407,690200
15201683,690300
15201977,690400
15202214,690500
15202514,690600
15202853,690700
15203185,690800
15203831,690900
15204128,691000
15204418,691100
15204786,691200
15205057,691300
15205324,691400
15205579,691500
15205778,691600
15206098,691700
15206377,691800
15206739,691900
15207065,692000
15207393,692100
15207665,692200
15208001,692300
15208276,692400
15208562,692500
15208777,692600
15209050,692700
15209444,692800
15210137,692900
15210441,693000
15210760,693100
15211067,693200
15211382,693300
15211635,693400
15211925,693500
15212199,693600
15212398,693700
15212683,693800
15213028,693900
15213295,694000
15213617,694100
15213941,694200
15214237,694300
15214556,694400
15214829,694500
15215141,694600
15215458,694700
15215743,694800
15216363,694900
15216681,695000
15216995,695100
15217310,695200
15217597,695300
15217931,695400
15218299,695500
15218688,695600
15218982,695700
15219241,695800
15219444,695900
15219749,696000
15220111,696100
15220521,696200
15220881,696300
15221230,696400
15221727,696500
15222394,696600
15222796,696700
15223201,696800
15223460,696900
15223700,697000
15223995,697100
15224285,697200
15224561,697300
15224875,697400
15225153,697500
15225468,697600
15225776,697700
15226030,697800
15226393,697900
15226702,698000
15226961,698100
15227247,698200
15227567,698300
15227887,698400
15228291,698500
15229019,698600
15229376,698700
15229747,698800
15230110,698900
15230370,699000
15230703,699100
15230971,699200
15231255,699300
15231604,699400
15231891,699500
15232236,699600
15232621,699700
15232951,699800
15233281,699900
15233702,700000
15242020,700100
15242253,700200
15242528,700300
15242870,700400
15243099,700500
15243453,700600
15243794,700700
15244160,700800
15244536,700900
15244865,701000
15245135,701100
15245408,701200
15245628,701300
15245936,701400
15246311,701500
15246631,701600
15246984,701700
15247647,701800
15247947,701900
15248271,702000
15248560,702100
15248843,702200
15249110,702300
15249371,702400
15249691,702500
15249970,702600
15250316,702700
15250673,702800
15251056,702900
15251326,703000
15251768,703100
15252024,703200
15252301,703300
15252568,703400
15252933,703500
15253580,703600
15253958,703700
15254305,703800
15254701,703900
15255128,704000
15255528,704100
15255909,704200
15256229,704300
15256465,704400
15256761,704500
15257175,704600
15257522,704700
15257879,704800
15258201,704900
15258558,705000
15258953,705100
15259377,705200
15260111,705300
15260394,705400
15260697,705500
15261121,705600
15261518,705700
15261847,705800
15262212,705900
15262635,706000
15263022,706100
15263362,706200
15263659,706300
15263994,706400
15264253,706500
15264527,706600
15264878,706700
15265187,706800
15265574,706900
15266281,707000
15266569,707100
15266921,707200
15267244,707300
15267548,707400
15267888,707500
15268209,707600
15268587,707700
15269010,707800
15269368,707900
15269714,708000
15270082,708100
15270446,708200
15270812,708300
15271203,708400
15271477,708500
15271757,708600
15272440,708700
15272790,708800
15273214,708900
15273638,709000
15274003,709100
15274348,709200
15274737,709300
15275058,709400
15275394,709500
15275718,709600
15275974,709700
15276272,709800
15276670,709900
15277030,710000
15286757,710100
15287112,710200
15287458,710300
15287801,710400
15288191,710500
15288481,710600
15288752,710700
15289088,710800
15289469,710900
15289786,711000
15290127,711100
15290526,711200
15291224,711300
15291612,711400
15291928,711500
15292261,711600
15292542,711700
15292855,711800
15293218,711900
15293589,712000
15293969,712100
15294358,712200
15294772,712300
15295084,712400
15295463,712500
15295760,712600
15296205,712700
15296555,712800
15297181,712900
15297570,713000
15297934,713100
15298214,713200
15298589,713300
15298976,713400
15299288,713500
15299634,713600
15299915,713700
15300170,713800
15300465,713900
15300802,714000
15301135,714100
15301524,714200
15301902,714300
15302308,714400
15302660,714500
15303060,714600
15303756,714700
15304007,714800
15304302,714900
15304666,715000
15305026,715100
15305371,715200
15305791,715300
15306111,715400
15306476,715500
15306847,715600
15307224,715700
15307521,715800
15307856,715900
15308211,716000
15308630,716100
15309082,716200
15309859,716300
15310275,716400
15310698,716500
15311075,716600
15311276,716700
15311515,716800
15311830,716900
15312300,717000
15312689,717100
15313010,717200
15313355,717300
15313732,717400
15314086,717500
15314419,717600
15314764,717700
15315091,717800
15315362,717900
15315960,718000
15316454,718100
15316784,718200
15317107,718300
15317471,718400
15317744,718500
15318033,718600
15318363,718700
15318623,718800
15318891,718900
15319131,719000
15319402,719100
15319728,719200
15320066,719300
15320377,719400
15320675,719500
15320941,719600
15321307,719700
15321700,719800
15322475,719900
15322830,720000
15332229,720100
15332555,720200
15332927,720300
15333261,720400
15333612,720500
15333959,720600
15334301,720700
15334984,720800
15335278,720900
15335536,721000
15335855,721100
15336228,721200
15336608,721300
15336960,721400
15337306,721500
15337618,721600
15337955,721700
15338276,721800
15338686,721900
15339067,722000
15339327,722100
15339642,722200
15340010,722300
15340353,722400
15341067,722500
15341574,722600
15342006,722700
15342439,722800
15342852,722900
15343244,723000
15343494,723100
15343771,723200
15344037,723300
15344346,723400
15344715,723500
15345002,723600
15345335,723700
15345628,723800
15346000,723900
15346342,724000
15346633,724100
15347228,724200
15347604,724300
15347973,724400
15348281,724500
15348548,724600
15348890,724700
15349273,724800
15349633,724900
15349979,725000
15350317,725100
15350605,725200
15350911,725300
15351285,725400
15351675,725500
15352186,725600
15352577,725700
15352941,725800
15353656,725900
15354000,726000
15354353,726100
15354661,726200
15355012,726300
15355377,726400
15355703,726500
15356049,726600
15356416,726700
15356767,726800
15357110,726900
15357392,727000
15357663,727100
15358028,727200
15358291,727300
15358667,727400
15359041,727500
15359686,727600
15360094,727700
15360455,727800
15360802,727900
15361176,728000
15361474,728100
15361715,728200
15362007,728300
15362333,728400
15362644,728500
15363073,728600
15363432,728700
15363781,728800
15364228,728900
15364598,729000
15364848,729100
15365152,729200
15365472,729300
15366200,729400
15366540,729500
15366876,729600
15367222,729700
15367580,729800
15367974,729900
15368330,730000
15378727,730100
15379056,730200
15379353,730300
15379630,730400
15379957,730500
15380280,730600
15380586,730700
15380947,730800
15381314,730900
15381631,731000
15381946,731100
15382214,731200
15382467,731300
15382788,731400
15383139,731500
15383499,731600
15383812,731700
15384204,731800
15384925,731900
15385194,732000
15385505,732100
15385797,732200
15386032,732300
15386288,732400
15386671,732500
15387041,732600
15387389,732700
15387785,732800
15388122,732900
15388460,733000
15388860,733100
15389151,733200
15389449,733300
15389702,733400
15390038,733500
15390368,733600
15391098,733700
15391403,733800
15391817,733900
15392189,734000
15392539,734100
15392945,734200
15393283,734300
15393539,734400
15393813,734500
15394121,734600
15394455,734700
15394817,734800
15395116,734900
15395519,735000
15395937,735100
15396335,735200
15396668,735300
15397379,735400
15397653,735500
15397960,735600
15398393,735700
15398727,735800
15399031,735900
15399471,736000
15399916,736100
15400370,736200
15400782,736300
15401205,736400
15401632,736500
15402109,736600
15402583,736700
15403319,736800
15403766,736900
15404131,737000
15404507,737100
15404916,737200
15405263,737300
15405555,737400
15405910,737500
15406221,737600
15406565,737700
15406957,737800
15407319,737900
15407636,738000
15408021,738100
15408418,738200
15408676,738300
15408982,738400
15409605,738500
15410015,738600
15410381,738700
15410775,738800
15411135,738900
15411519,739000
15411886,739100
15412264,739200
15412560,739300
15412806,739400
15413101,739500
15413474,739600
15413803,739700
15414226,739800
15414547,739900
15414943,740000
15425524,740100
15425796,740200
15426126,740300
15426434,740400
15426708,740500
15427080,740600
15427511,740700
15427907,740800
15428622,740900
15428965,741000
15429330,741100
15429714,741200
15430074,741300
15430388,741400
15430678,741500
15430991,741600
15431304,741700
15431651,741800
15431991,741900
15432291,742000
15432606,742100
15432971,742200
15433220,742300
15433545,742400
15433905,742500
15434603,742600
15434966,742700
15435304,742800
15435627,742900
15435925,743000
15436264,743100
15436648,743200
15436999,743300
15437310,743400
15437584,743500
15437869,743600
15438204,743700
15438611,743800
15438976,743900
15439302,744000
15439644,744100
15439995,744200
15440314,744300
15440869,744400
15441259,744500
15441575,744600
15441881,744700
15442245,744800
15442675,744900
15443123,745000
15443522,745100
15443876,745200
15444224,745300
15444506,745400
15444816,745500
15445203,745600
15445577,745700
15445966,745800
15446318,745900
15446654,746000
15447445,746100
15447752,746200
15448039,746300
15448429,746400
15448789,746500
15449117,746600
15449484,746700
15449793,746800
15450150,746900
15450545,747000
15450883,747100
15451225,747200
15451577,747300
15451863,747400
15452207,747500
15452600,747600
15453003,747700
15453770,747800
15454249,747900
15454656,748000
15454926,748100
15455294,748200
15455581,748300
15455810,748400
15456098,748500
15456460,748600
15456797,748700
15457200,748800
15457576,748900
15457950,749000
15458302,749100
15458756,749200
15459076,749300
15459786,749400
15460213,749500
15460533,749600
15460868,749700
15461286,749800
15461667,749900
15462023,750000
15473091,750100
15473397,750200
15473665,750300
15474000,750400
15474277,750500
15474545,750600
15474861,750700
15475210,750800
15475512,750900
15475861,751000
15476168,751100
15476425,751200
15476768,751300
15477077,751400
15477333,751500
15477658,751600
15477946,751700
15478602,751800
15479025,751900
15479326,752000
15479728,752100
15480079,752200
15480466,752300
15480868,752400
15481155,752500
15481397,752600
15481691,752700
15482080,752800
15482396,752900
15482789,753000
15483182,753100
15483564,753200
15483936,753300
15484336,753400
15485043,753500
15485358,753600
15485723,753700
15486098,753800
15486525,753900
15486940,754000
15487343,754100
15487671,754200
15488048,754300
15488401,754400
15488688,754500
15488976,754600
15489267,754700
15489562,754800
15489917,754900
15490261,755000
15490576,755100
15491315,755200
15491685,755300
15492044,755400
15492349,755500
15492630,755600
15492942,755700
15493322,755800
15493717,755900
15494121,756000
15494416,756100
15494739,756200
15495122,756300
15495447,756400
15495768,756500
15496075,756600
15496357,756700
15496681,756800
15497050,756900
15497741,757000
15498114,757100
15498364,757200
15498720,757300
15499063,757400
15499402,757500
15499794,757600
15500069,757700
15500339,757800
15500612,757900
15500928,758000
15501271,758100
15501574,758200
15501928,758300
15502271,758400
15502715,758500
15503107,758600
15503920,758700
15504272,758800
15504560,758900
15504885,759000
15505194,759100
15505544,759200
15505974,759300
15506368,759400
15506743,759500
15507106,759600
15507434,759700
15507765,759800
15508104,759900
15508365,760000
15517575,760100
15517973,760200
15518384,760300
15518774,760400
15519092,760500
15519461,760600
15519737,760700
15520033,760800
15520353,760900
15520660,761000
15520945,761100
15521276,761200
15521641,761300
15522059,761400
15522867,761500
15523201,761600
15523538,761700
15523933,761800
15524215,761900
15524504,762000
15524804,762100
15525199,762200
15525518,762300
15525851,762400
15526285,762500
15526618,762600
15527019,762700
15527359,762800
15527624,762900
15528004,763000
15528368,763100
15529165,763200
15529584,763300
15530017,763400
15530459,763500
15530870,763600
15531306,763700
15531738,763800
15532138,763900
15532548,764000
15532915,764100
15533315,764200
15533690,764300
15534091,764400
15534609,764500
15535455,764600
15535855,764700
15536308,764800
15536651,764900
15537021,765000
15537351,765100
15537781,765200
15538138,765300
15538567,765400
15538896,765500
15539280,765600
15539701,765700
15540070,765800
15540376,765900
15540764,766000
15541492,766100
15541860,766200
15542153,766300
15542452,766400
15542750,766500
15543059,766600
15543474,766700
15543923,766800
15544248,766900
15544571,767000
15544895,767100
15545242,767200
15545568,767300
15545894,767400
15546343,767500
15546725,767600
15547066,767700
15547820,767800
15548160,767900
15548468,768000
15548845,768100
15549235,768200
15549620,768300
15549963,768400
15550328,768500
15550653,768600
15551064,768700
15551521,768800
15551790,768900
15552072,769000
15552443,769100
15552836,769200
15553229,769300
15553973,769400
15554330,769500
15554725,769600
15555032,769700
15555383,769800
15555636,769900
15555936,770000
15565123,770100
15565399,770200
15565726,770300
15566407,770400
15566740,770500
15567117,770600
15567392,770700
15567644,770800
15567956,770900
15568182,771000
15568470,771100
15568897,771200
15569353,771300
15569682,771400
15570101,771500
15570472,771600
15570841,771700
15571212,771800
15571542,771900
15571860,772000
15572124,772100
15572806,772200
15573237,772300
15573580,772400
15573995,772500
15574429,772600
15574722,772700
15575055,772800
15575443,772900
15575734,773000
15576041,773100
15576338,773200
15576663,773300
15576977,773400
15577307,773500
15577591,773600
15577864,773700
15578203,773800
15578507,773900
15579173,774000
15579474,774100
15579733,774200
15580051,774300
15580539,774400
15580929,774500
15581342,774600
15581716,774700
15582096,774800
15582462,774900
15582907,775000
15583237,775100
15583510,775200
15583847,775300
15584166,775400
15584503,775500
15585167,775600
15585564,775700
15585920,775800
15586226,775900
15586571,776000
15586875,776100
15587130,776200
15587455,776300
15587770,776400
15588061,776500
15588379,776600
15588703,776700
15589029,776800
15589389,776900
15589729,777000
15590102,777100
15590457,777200
15590774,777300
15591433,777400
15591813,777500
15592164,777600
15592523,777700
15592915,777800
15593288,777900
15593662,778000
15594024,778100
15594425,778200
15594804,778300
15595113,778400
15595452,778500
15595856,778600
15596210,778700
15596567,778800
15596921,778900
15597247,779000
15597993,779100
15598395,779200
15598718,779300
15599046,779400
15599399,779500
15599753,779600
15600203,779700
15600542,779800
15600896,779900
15601277,780000
15610804,780100
15611194,780200
15611519,780300
15611852,780400
15612135,780500
15612494,780600
15612924,780700
15613256,780800
15613605,780900
15613965,781000
15614269,781100
15614634,781200
15615009,781300
15615299,781400
15615563,781500
15615918,781600
15616564,781700
15616987,781800
15617350,781900
15617647,782000
15617956,782100
15618235,782200
15618505,782300
15618830,782400
15619157,782500
15619476,782600
15619817,782700
15620172,782800
15620541,782900
15620921,783000
15621287,783100
15621598,783200
15621983,783300
15622382,783400
15623123,783500
15623478,783600
15623849,783700
15624208,783800
15624570,783900
15624935,784000
15625301,784100
15625610,784200
15625966,784300
15626321,784400
15626627,784500
15626945,784600
15627291,784700
15627689,784800
15628122,784900
15628569,785000
15629316,785100
15629833,785200
15630265,785300
15630717,785400
15631147,785500
15631548,785600
15631911,785700
15632284,785800
15632668,785900
15633060,786000
15633436,786100
15633858,786200
15634225,786300
15634595,786400
15634954,786500
15635660,786600
15635949,786700
15636298,786800
15636702,786900
15637112,787000
15637473,787100
15637908,787200
15638282,787300
15638649,787400
15639011,787500
15639345,787600
15639665,787700
15639982,787800
15640319,787900
15640659,788000
15641042,788100
15641717,788200
15642146,788300
15642521,788400
15642844,788500
15643175,788600
15643454,788700
15643768,788800
15644117,788900
15644471,789000
15644792,789100
15645124,789200
15645455,789300
15645799,789400
15646133,789500
15646431,789600
15646733,789700
15647067,789800
15647402,789900
15648031,790000
15671870,790100
15672154,790200
15672488,790300
15673210,790400
15673506,790500
15673846,790600
15674146,790700
15674443,790800
15674765,790900
15675088,791000
15675422,791100
15675765,791200
15676095,791300
15676441,791400
15676796,791500
15677144,791600
15677505,791700
15677816,791800
15678153,791900
15678483,792000
15678851,792100
15679600,792200
15679960,792300
15680348,792400
15680715,792500
15681065,792600
15681425,792700
15681804,792800
15682156,792900
15682505,793000
15682853,793100
15683269,793200
15683683,793300
15684090,793400
15684456,793500
15684814,793600
15685507,793700
15685944,793800
15686267,793900
15686628,794000
15687021,794100
15687415,794200
15687794,794300
15688181,794400
15688525,794500
15688857,794600
15689256,794700
15689576,794800
15689909,794900
15690236,795000
15690599,795100
15690971,795200
15691382,795300
15692194,795400
15692585,795500
15693009,795600
15693401,795700
15693798,795800
15694186,795900
15694577,796000
15694959,796100
15695333,796200
15695741,796300
15696134,796400
15696522,796500
15696999,796600
15697416,796700
15698138,796800
15698593,796900
15698983,797000
15699405,797100
15699809,797200
15700206,797300
15700593,797400
15700994,797500
15701333,797600
15701686,797700
15702010,797800
15702355,797900
15702675,798000
15703020,798100
15703410,798200
15703775,798300
15704459,798400
15704958,798500
15705384,798600
15705775,798700
15706138,798800
15706488,798900
15706842,799000
15707206,799100
15707564,799200
15707920,799300
15708261,799400
15708650,799500
15709069,799600
15709568,799700
15709967,799800
15710335,799900
15711036,800000
15729708,800100
15730034,800200
15730412,800300
15730772,800400
15731151,800500
15731501,800600
15731883,800700
15732203,800800
15732566,800900
15732884,801000
15733227,801100
15733608,801200
15734002,801300
15734387,801400
15734757,801500
15735178,801600
15735960,801700
15736272,801800
15736599,801900
15736930,802000
15737250,802100
15737636,802200
15738049,802300
15738377,802400
15738754,802500
15739137,802600
15739485,802700
15739870,802800
15740212,802900
15740533,803000
15740845,803100
15741219,803200
15741829,803300
15742279,803400
15742638,803500
15742986,803600
15743374,803700
15743758,803800
15744144,803900
15744488,804000
15744801,804100
15745122,804200
15745505,804300
15745874,804400
15746231,804500
15746656,804600
15747001,804700
15747354,804800
15747748,804900
15748480,805000
15748823,805100
15749217,805200
15749548,805300
15749954,805400
15750334,805500
15750721,805600
15751095,805700
15751481,805800
15751869,805900
15752197,806000
15752505,806100
15752824,806200
15753196,806300
15753608,806400
15753984,806500
15754734,806600
15755132,806700
15755594,806800
15756009,806900
15756410,807000
15756819,807100
15757215,807200
15757597,807300
15758005,807400
15758395,807500
15758759,807600
15759131,807700
15759458,807800
15759838,807900
15760183,808000
15760915,808100
15761274,808200
15761588,808300
15761984,808400
15762391,808500
15762778,808600
15763187,808700
15763590,808800
15763970,808900
15764328,809000
15764693,809100
15765092,809200
15765569,809300
15766045,809400
15766486,809500
15767240,809600
15767632,809700
15768073,809800
15768489,809900
15768980,810000
15782344,810100
15782734,810200
15783151,810300
15783613,810400
15784043,810500
15784466,810600
15784877,810700
15785250,810800
15785884,810900
15786354,811000
15786702,811100
15787071,811200
15787434,811300
15787779,811400
15788122,811500
15788508,811600
15788858,811700
15789282,811800
15789645,811900
15790041,812000
15790438,812100
15790782,812200
15791136,812300
15791525,812400
15792309,812500
15792674,812600
15793085,812700
15793492,812800
15793852,812900
15794278,813000
15794699,813100
15795114,813200
15795484,813300
15795843,813400
15796185,813500
15796637,813600
15797120,813700
15797515,813800
15797952,813900
15798743,814000
15799134,814100
15799501,814200
15799879,814300
15800235,814400
15800671,814500
15801096,814600
15801464,814700
15801863,814800
15802280,814900
15802694,815000
15803066,815100
15803464,815200
15803796,815300
15804152,815400
15804904,815500
15805301,815600
15805718,815700
15806193,815800
15806566,815900
15806974,816000
15807376,816100
15807779,816200
15808154,816300
15808594,816400
15808959,816500
15809414,816600
15809898,816700
15810302,816800
15810958,816900
15811379,817000
15811736,817100
15812100,817200
15812435,817300
15812785,817400
15813136,817500
15813556,817600
15813977,817700
15814405,817800
15814890,817900
15815270,818000
15815617,818100
15816041,818200
15816417,818300
15816799,818400
15817613,818500
15817947,818600
15818334,818700
15818771,818800
15819167,818900
15819569,819000
15819992,819100
15820429,819200
15820795,819300
15821208,819400
15821592,819500
15821903,819600
15822272,819700
15822711,819800
15823416,819900
15823904,820000
15833272,820100
15833716,820200
15834095,820300
15834481,820400
15834850,820500
15835203,820600
15835574,820700
15836366,820800
15836737,820900
15837116,821000
15837488,821100
15837838,821200
15838175,821300
15838545,821400
15838868,821500
15839192,821600
15839538,821700
15839877,821800
15840255,821900
15840598,822000
15840949,822100
15841297,822200
15841640,822300
15842020,822400
15842782,822500
15843127,822600
15843468,822700
15843791,822800
15844124,822900
15844481,823000
15844850,823100
15845221,823200
15845677,823300
15846069,823400
15846526,823500
15846904,823600
15847225,823700
15847571,823800
15847916,823900
15848346,824000
15849160,824100
15849535,824200
15849934,824300
15850366,824400
15850737,824500
15851122,824600
15851537,824700
15851977,824800
15852351,824900
15852766,825000
15853199,825100
15853601,825200
15853989,825300
15854438,825400
15855229,825500
15855637,825600
15855937,825700
15856265,825800
15856657,825900
15857025,826000
15857438,826100
15857861,826200
15858228,826300
15858621,826400
15859085,826500
15859505,826600
15859854,826700
15860233,826800
15860650,826900
15861333,827000
15861810,827100
15862236,827200
15862744,827300
15863228,827400
15863657,827500
15864068,827600
15864424,827700
15864780,827800
15865118,827900
15865501,828000
15865889,828100
15866314,828200
15866727,828300
15867179,828400
15867946,828500
15868304,828600
15868678,828700
15869017,828800
15869396,828900
15869797,829000
15870222,829100
15870633,829200
15871072,829300
15871434,829400
15871825,829500
15872668,829600
15873064,829700
15873518,829800
15874322,829900
15874725,830000
15894179,830100
15894580,830200
15894992,830300
15895332,830400
15895714,830500
15896058,830600
15896449,830700
15896847,830800
15897235,830900
15897610,831000
15898008,831100
15898441,831200
15899125,831300
15899541,831400
15899915,831500
15900313,831600
15900649,831700
15901028,831800
15901390,831900
15901756,832000
15902151,832100
15902565,832200
15902992,832300
15903391,832400
15903926,832500
15904375,832600
15904839,832700
15905652,832800
15906059,832900
15906414,833000
15906843,833100
15907320,833200
15907773,833300
15908193,833400
15908624,833500
15909016,833600
15909392,833700
15909773,833800
15910158,833900
15910592,834000
15910989,834100
15911701,834200
15912254,834300
15912713,834400
15913176,834500
15913628,834600
15914075,834700
15914589,834800
15915032,834900
15915464,835000
15915890,835100
15916347,835200
15916810,835300
15917272,835400
15918005,835500
15918501,835600
15918893,835700
15919278,835800
15919706,835900
15920114,836000
15920515,836100
15920970,836200
15921391,836300
15921811,836400
15922159,836500
15922579,836600
15922970,836700
15923373,836800
15923767,836900
15924495,837000
15924905,837100
15925222,837200
15925628,837300
15926013,837400
15926439,837500
15926882,837600
15927439,837700
15928019,837800
15928508,837900
15928907,838000
15929258,838100
15929596,838200
15929977,838300
15930648,838400
15931083,838500
15931438,838600
15931814,838700
15932170,838800
15932549,838900
15932892,839000
15933229,839100
15933569,839200
15933926,839300
15934299,839400
15934689,839500
15935124,839600
15935515,839700
15935925,839800
15936345,839900
15937116,840000
15948182,840100
15948487,840200
15948810,840300
15949132,840400
15949760,840500
15950043,840600
15950388,840700
15950728,840800
15951102,840900
15951462,841000
15951828,841100
15952178,841200
15952527,841300
15952898,841400
15953292,841500
15953673,841600
15954055,841700
15954400,841800
15954776,841900
15955149,842000
15955466,842100
15956141,842200
15956475,842300
15956852,842400
15957198,842500
15957566,842600
15957902,842700
15958245,842800
15958553,842900
15958835,843000
15959177,843100
15959484,843200
15959858,843300
15960231,843400
15960625,843500
15961010,843600
15961390,843700
15961758,843800
15962460,843900
15962816,844000
15963191,844100
15963500,844200
15963823,844300
15964183,844400
15964559,844500
15964962,844600
15965307,844700
15965636,844800
15965948,844900
15966309,845000
15966585,845100
15966885,845200
15967158,845300
15967496,845400
15967843,845500
15968516,845600
15968871,845700
15969232,845800
15969626,845900
15969948,846000
15970247,846100
15970550,846200
15970860,846300
15971185,846400
15971491,846500
15971847,846600
15972189,846700
15972512,846800
15972843,846900
15973160,847000
15973489,847100
15973816,847200
15974106,847300
15974465,847400
15975191,847500
15975545,847600
15975905,847700
15976218,847800
15976523,847900
15976852,848000
15977227,848100
15977573,848200
15977916,848300
15978294,848400
15978646,848500
15978989,848600
15979338,848700
15979687,848800
15980036,848900
15980405,849000
15980739,849100
15981470,849200
15981810,849300
15982211,849400
15982587,849500
15982958,849600
15983437,849700
15983832,849800
15984241,849900
15984607,850000
15995188,850100
15995570,850200
15995970,850300
15996345,850400
15996709,850500
15997136,850600
15997473,850700
15997859,850800
15998263,850900
15998661,851000
15999007,851100
15999368,851200
15999791,851300
16000523,851400
16000909,851500
16001256,851600
16001611,851700
16001973,851800
16002341,851900
16002658,852000
16003012,852100
16003388,852200
16003781,852300
16004196,852400
16004595,852500
16004950,852600
16005387,852700
16005846,852800
16006628,852900
16007001,853000
16007351,853100
16007683,853200
16008045,853300
16008400,853400
16008726,853500
16009079,853600
16009415,853700
16009817,853800
16010176,853900
16010580,854000
16011019,854100
16011490,854200
16011882,854300
16012200,854400
16012950,854500
16013317,854600
16013668,854700
16014030,854800
16014437,854900
16014823,855000
16015236,855100
16015636,855200
16016014,855300
16016371,855400
16016765,855500
16017190,855600
16017702,855700
16018154,855800
16018535,855900
16019328,856000
16019708,856100
16020041,856200
16020375,856300
16020757,856400
16021174,856500
16021577,856600
16021963,856700
16022333,856800
16022675,856900
16023036,857000
16023399,857100
16023707,857200
16024025,857300
16024327,857400
16024696,857500
16025369,857600
16025832,857700
16026180,857800
16026547,857900
16026867,858000
16027181,858100
16027539,858200
16027860,858300
16028181,858400
16028527,858500
16028927,858600
16029273,858700
16029586,858800
16029955,858900
16030359,859000
16030756,859100
16031163,859200
16031888,859300
16032221,859400
16032550,859500
16032893,859600
16033520,859700
16033843,859800
16034309,859900
16034614,860000
16046765,860100
16047083,860200
16047384,860300
16047690,860400
16047952,860500
16048284,860600
16048630,860700
16048992,860800
16049362,860900
16049728,861000
16050122,861100
16050908,861200
16051251,861300
16051600,861400
16051950,861500
16052320,861600
16052664,861700
16053019,861800
16053367,861900
16053759,862000
16054142,862100
16054573,862200
16054914,862300
16055282,862400
16055603,862500
16056025,862600
16056392,862700
16057043,862800
16057509,862900
16057888,863000
16058293,863100
16058618,863200
16058999,863300
16059321,863400
16059692,863500
16060109,863600
16060481,863700
16060808,863800
16061176,863900
16061539,864000
16061909,864100
16062246,864200
16062566,864300
16062929,864400
16063612,864500
16063966,864600
16064322,864700
16064676,864800
16065050,864900
16065414,865000
16065804,865100
16066163,865200
16066514,865300
16066846,865400
16067160,865500
16067526,865600
16067898,865700
16068259,865800
16068618,865900
16068960,866000
16069620,866100
16070085,866200
16070419,866300
16070762,866400
16071100,866500
16071419,866600
16071757,866700
16072099,866800
16072431,866900
16072757,867000
16073174,867100
16073524,867200
16073888,867300
16074282,867400
16074663,867500
16075005,867600
16075362,867700
16076084,867800
16076452,867900
16076891,868000
16077229,868100
16077592,868200
16077978,868300
16078319,868400
16078705,868500
16079052,868600
16079412,868700
16079769,868800
16080158,868900
16080554,869000
16080996,869100
16081425,869200
16081804,869300
16082570,869400
16083001,869500
16083375,869600
16083750,869700
16084171,869800
16084680,869900
16085196,870000
16093600,870100
16094028,870200
16094480,870300
16095267,870400
16095657,870500
16096007,870600
16096371,870700
16096755,870800
16097124,870900
16097460,871000
16097846,871100
16098202,871200
16098603,871300
16099085,871400
16099500,871500
16099942,871600
16100363,871700
16100780,871800
16101539,871900
16101961,872000
16102366,872100
16102795,872200
16103174,872300
16103541,872400
16103939,872500
16104319,872600
16104704,872700
16105057,872800
16105468,872900
16105935,873000
16106313,873100
16106732,873200
16107167,873300
16107982,873400
16108423,873500
16108872,873600
16109254,873700
16109707,873800
16110131,873900
16110522,874000
16110978,874100
16111411,874200
16111869,874300
16112252,874400
16112676,874500
16113032,874600
16113417,874700
16114175,874800
16114558,874900
16115033,875000
16115543,875100
16116008,875200
16116463,875300
16116894,875400
16117305,875500
16117706,875600
16118111,875700
16118476,875800
16118847,875900
16119221,876000
16119668,876100
16120460,876200
16120821,876300
16121230,876400
16121629,876500
16122120,876600
16122520,876700
16122894,876800
16123234,876900
16123631,877000
16124005,877100
16124394,877200
16124783,877300
16125146,877400
16125509,877500
16125898,877600
16126587,877700
16126999,877800
16127360,877900
16127691,878000
16128057,878100
16128479,878200
16128936,878300
16129329,878400
16129686,878500
16130056,878600
16130471,878700
16130793,878800
16131193,878900
16131508,879000
16131893,879100
16132264,879200
16133279,879300
16133724,879400
16134134,879500
16134532,879600
16134973,879700
16135351,879800
16135729,879900
16136158,880000
16146019,880100
16146390,880200
16146813,880300
16147211,880400
16147596,880500
16147999,880600
16148401,880700
16148764,880800
16149103,880900
16149495,881000
16149898,881100
16150243,881200
16150608,881300
16150960,881400
16151315,881500
16152084,881600
16152492,881700
16152793,881800
16153140,881900
16153450,882000
16153898,882100
16154331,882200
16154794,882300
16155215,882400
16155589,882500
16155977,882600
16156346,882700
16156736,882800
16157037,882900
16157396,883000
16157778,883100
16158519,883200
16158901,883300
16159319,883400
16159723,883500
16160063,883600
16160431,883700
16160796,883800
16161123,883900
16161442,884000
16161750,884100
16162115,884200
16162602,884300
16162983,884400
16163358,884500
16163737,884600
16164103,884700
16164923,884800
16165258,884900
16165571,885000
16165896,885100
16166287,885200
16166690,885300
16167083,885400
16167554,885500
16167992,885600
16168397,885700
16168859,885800
16169300,885900
16169672,886000
16170122,886100
16170850,886200
16171389,886300
16171859,886400
16172330,886500
16172751,886600
16173247,886700
16173709,886800
16174112,886900
16174509,887000
16174915,887100
16175298,887200
16175722,887300
16176145,887400
16176514,887500
16177203,887600
16177733,887700
16178214,887800
16178571,887900
16178944,888000
16179326,888100
16179746,888200
16180151,888300
16181016,888400
16181353,888500
16181730,888600
16182156,888700
16182526,888800
16182887,888900
16183537,889000
16183895,889100
16184250,889200
16184675,889300
16184995,889400
16185322,889500
16185716,889600
16186085,889700
16186610,889800
16187044,889900
16187388,890000
16212869,890100
16213180,890200
16213513,890300
16213858,890400
16214215,890500
16214540,890600
16215237,890700
16215613,890800
16215914,890900
16216257,891000
16216541,891100
16216892,891200
16217216,891300
16217616,891400
16217895,891500
16218247,891600
16218600,891700
16218917,891800
16219265,891900
16219611,892000
16219892,892100
16220200,892200
16220466,892300
16220826,892400
16221532,892500
16221924,892600
16222336,892700
16222721,892800
16223112,892900
16223474,893000
16223843,893100
16224131,893200
16224466,893300
16224817,893400
16225174,893500
16225567,893600
16225976,893700
16226340,893800
16226704,893900
16227079,894000
16227784,894100
16228108,894200
16228537,894300
16228942,894400
16229300,894500
16229710,894600
16230114,894700
16230507,894800
16230930,894900
16231337,895000
16231622,895100
16231938,895200
16232260,895300
16232579,895400
16232903,895500
16233336,895600
16234118,895700
16234509,895800
16234947,895900
16235368,896000
16235736,896100
16236111,896200
16236407,896300
16236740,896400
16237110,896500
16237528,896600
16237965,896700
16238353,896800
16238814,896900
16239253,897000
16239753,897100
16240522,897200
16240784,897300
16241107,897400
16241480,897500
16241811,897600
16242205,897700
16242598,897800
16243006,897900
16243357,898000
16243722,898100
16244043,898200
16244328,898300
16244646,898400
16245009,898500
16245338,898600
16245765,898700
16246139,898800
16246826,898900
16247187,899000
16247560,899100
16247946,899200
16248285,899300
16248638,899400
16249046,899500
16249432,899600
16249854,899700
16250227,899800
16250601,899900
16251014,900000
16270859,900100
16271183,900200
16271858,900300
16272161,900400
16272456,900500
16272844,900600
16273190,900700
16273565,900800
16273941,900900
16274330,901000
16274685,901100
16275048,901200
16275354,901300
16275644,901400
16275929,901500
16276321,901600
16276720,901700
16277063,901800
16277461,901900
16278211,902000
16278582,902100
16278911,902200
16279283,902300
16279624,902400
16280097,902500
16280535,902600
16280897,902700
16281267,902800
16281674,902900
16282099,903000
16282410,903100
16282725,903200
16282954,903300
16283308,903400
16283720,903500
16284515,903600
16284863,903700
16285228,903800
16285619,903900
16285935,904000
16286210,904100
16286498,904200
16286784,904300
16287083,904400
16287430,904500
16287793,904600
16288185,904700
16288529,904800
16288881,904900
16289268,905000
16289666,905100
16290067,905200
16290817,905300
16291119,905400
16291492,905500
16291881,905600
16292162,905700
16292508,905800
16292918,905900
16293275,906000
16293645,906100
16294004,906200
16294368,906300
16294651,906400
16294978,906500
16295343,906600
16295657,906700
16296071,906800
16296466,906900
16297149,907000
16297492,907100
16297831,907200
16298134,907300
16298468,907400
16298825,907500
16299150,907600
16299583,907700
16299953,907800
16300371,907900
16300732,908000
16301099,908100
16301500,908200
16301803,908300
16302089,908400
16302388,908500
16302709,908600
16303418,908700
16303812,908800
16304165,908900
16304517,909000
16304935,909100
16305310,909200
16305771,909300
16306112,909400
16306460,909500
16306835,909600
16307183,909700
16307540,909800
16307876,909900
16308177,910000
16325100,910100
16325446,910200
16325770,910300
16326069,910400
16326334,910500
16326632,910600
16326969,910700
16327296,910800
16327631,910900
16327968,911000
16328690,911100
16329007,911200
16329391,911300
16329714,911400
16329987,911500
16330277,911600
16330610,911700
16330939,911800
16331245,911900
16331589,912000
16331907,912100
16332261,912200
16332579,912300
16332896,912400
16333206,912500
16333528,912600
16333828,912700
16334161,912800
16334456,912900
16335193,913000
16335599,913100
16335932,913200
16336329,913300
16336684,913400
16336956,913500
16337244,913600
16337550,913700
16337872,913800
16338201,913900
16338541,914000
16338850,914100
16339155,914200
16339473,914300
16339840,914400
16340216,914500
16340541,914600
16340846,914700
16341519,914800
16341899,914900
16342233,915000
16342557,915100
16342920,915200
16343283,915300
16343620,915400
16343949,915500
16344217,915600
16344550,915700
16344832,915800
16345160,915900
16345497,916000
16345840,916100
16346146,916200
16346504,916300
16346896,916400
16347543,916500
16347922,916600
16348267,916700
16348550,916800
16348875,916900
16349257,917000
16349588,917100
16349927,917200
16350333,917300
16350705,917400
16351114,917500
16351550,917600
16351933,917700
16352276,917800
16352592,917900
16353008,918000
16353443,918100
16354147,918200
16354558,918300
16354933,918400
16355346,918500
16355719,918600
16356019,918700
16356418,918800
16356722,918900
16357060,919000
16357380,919100
16357676,919200
16358040,919300
16358402,919400
16358689,919500
16359077,919600
16359365,919700
16359647,919800
16360367,919900
16360704,920000
16370670,920100
16371023,920200
16371323,920300
16371656,920400
16372000,920500
16372333,920600
16372923,920700
16373279,920800
16373576,920900
16373913,921000
16374288,921100
16374581,921200
16374980,921300
16375342,921400
16375669,921500
16375993,921600
16376344,921700
16376683,921800
16376957,921900
16377284,922000
16377666,922100
16378036,922200
16378428,922300
16378850,922400
16379568,922500
16379954,922600
16380344,922700
16380698,922800
16380987,922900
16381349,923000
16381783,923100
16382108,923200
16382449,923300
16382787,923400
16383117,923500
16383499,923600
16383894,923700
16384269,923800
16384584,923900
16384926,924000
16385770,924100
16386211,924200
16386604,924300
16387011,924400
16387418,924500
16387818,924600
16388181,924700
16388626,924800
16388942,924900
16389274,925000
16389662,925100
16390070,925200
16390377,925300
16390753,925400
16391075,925500
16391452,925600
16392166,925700
16392480,925800
16392761,925900
16393108,926000
16393535,926100
16393949,926200
16394295,926300
16394672,926400
16395069,926500
16395476,926600
16395750,926700
16396046,926800
16396321,926900
16396621,927000
16396987,927100
16397414,927200
16397755,927300
16398676,927400
16399004,927500
16399359,927600
16399660,927700
16399998,927800
16400291,927900
16400666,928000
16400983,928100
16401370,928200
16401684,928300
16402019,928400
16402513,928500
16402861,928600
16403153,928700
16403534,928800
16403830,928900
16404191,929000
16404912,929100
16405256,929200
16405569,929300
16405869,929400
16406194,929500
16406459,929600
16406766,929700
16407097,929800
16407359,929900
16407668,930000
16416413,930100
16416795,930200
16417541,930300
16417835,930400
16418134,930500
16418441,930600
16418740,930700
16419032,930800
16419348,930900
16419653,931000
16420033,931100
16420418,931200
16420718,931300
16421019,931400
16421349,931500
16421670,931600
16421930,931700
16422244,931800
16422551,931900
16422851,932000
16423199,932100
16423938,932200
16424319,932300
16424676,932400
16425031,932500
16425409,932600
16425697,932700
16425981,932800
16426306,932900
16426590,933000
16426894,933100
16427247,933200
16427635,933300
16427905,933400
16428197,933500
16428557,933600
16428905,933700
16429253,933800
16429612,933900
16430314,934000
16430688,934100
16431019,934200
16431409,934300
16431760,934400
16432084,934500
16432497,934600
16432893,934700
16433297,934800
16433641,934900
16433973,935000
16434362,935100
16434850,935200
16435228,935300
16435509,935400
16435817,935500
16436078,935600
16436718,935700
16437007,935800
16437273,935900
16437604,936000
16437928,936100
16438187,936200
16438475,936300
16438804,936400
16439090,936500
16439358,936600
16439596,936700
16439830,936800
16440109,936900
16440390,937000
16440650,937100
16440963,937200
16441244,937300
16441498,937400
16441810,937500
16442125,937600
16442762,937700
16443105,937800
16443400,937900
16443734,938000
16444054,938100
16444361,938200
16444678,938300
16444990,938400
16445386,938500
16445694,938600
16446079,938700
16446407,938800
16446670,938900
16447022,939000
16447388,939100
16447778,939200
16448132,939300
16448431,939400
16449095,939500
16449469,939600
16449816,939700
16450153,939800
16450439,939900
16450738,940000
16459004,940100
16459321,940200
16459609,940300
16459923,940400
16460256,940500
16460630,940600
16460917,940700
16461206,940800
16461847,940900
16462295,941000
16462655,941100
16462973,941200
16463255,941300
16463586,941400
16463964,941500
16464208,941600
16464481,941700
16464767,941800
16465050,941900
16465362,942000
16465672,942100
16465982,942200
16466256,942300
16466595,942400
16466882,942500
16467160,942600
16467412,942700
16467679,942800
16468364,942900
16468720,943000
16469034,943100
16469341,943200
16469677,943300
16469993,943400
16470286,943500
16470634,943600
16470987,943700
16471253,943800
16471541,943900
16471863,944000
16472185,944100
16472529,944200
16472833,944300
16473155,944400
16473523,944500
16473876,944600
16474494,944700
16474847,944800
16475150,944900
16475507,945000
16475829,945100
16476229,945200
16476577,945300
16476924,945400
16477216,945500
16477546,945600
16477841,945700
16478087,945800
16478364,945900
16478749,946000
16479077,946100
16479415,946200
16479797,946300
16480141,946400
16480485,946500
16481155,946600
16481432,946700
16481706,946800
16482053,946900
16482334,947000
16482699,947100
16483017,947200
16483316,947300
16483696,947400
16484057,947500
16484420,947600
16484748,947700
16485079,947800
16485431,947900
16485790,948000
16486206,948100
16486595,948200
16487226,948300
16487739,948400
16488072,948500
16488402,948600
16488736,948700
16488983,948800
16489252,948900
16489568,949000
16489916,949100
16490237,949200
16490617,949300
16490900,949400
16491234,949500
16491598,949600
16491901,949700
16492192,949800
16492517,949900
16492843,950000
16501140,950100
16501441,950200
16501769,950300
16502108,950400
16502435,950500
16502779,950600
16503054,950700
16503343,950800
16503641,950900
16503946,951000
16504233,951100
16504606,951200
16504962,951300
16505259,951400
16505610,951500
16506340,951600
16506673,951700
16507016,951800
16507325,951900
16507675,952000
16508049,952100
16508480,952200
16508895,952300
16509243,952400
16509668,952500
16510040,952600
16510415,952700
16510768,952800
16511116,952900
16511498,953000
16511832,953100
16512515,953200
16512967,953300
16513298,953400
16513667,953500
16514034,953600
16514322,953700
16514669,953800
16515032,953900
16515354,954000
16515698,954100
16516086,954200
16516390,954300
16516723,954400
16517050,954500
16517344,954600
16517624,954700
16517961,954800
16518305,954900
16518947,955000
16519421,955100
16519735,955200
16520079,955300
16520417,955400
16520772,955500
16521096,955600
16521389,955700
16521693,955800
16522039,955900
16522427,956000
16522776,956100
16523150,956200
16523550,956300
16523921,956400
16524269,956500
16524628,956600
16525261,956700
16525622,956800
16525954,956900
16526353,957000
16526707,957100
16527046,957200
16527416,957300
16527797,957400
16528178,957500
16528495,957600
16528794,957700
16529102,957800
16529433,957900
16529756,958000
16530153,958100
16530501,958200
16530886,958300
16531581,958400
16532034,958500
16532328,958600
16532612,958700
16532936,958800
16533222,958900
16533607,959000
16533981,959100
16534369,959200
16534719,959300
16535015,959400
16535407,959500
16535717,959600
16536031,959700
16536369,959800
16536715,959900
16537090,960000
16548346,960100
16548696,960200
16549017,960300
16549420,960400
16549938,960500
16550316,960600
16551029,960700
16551399,960800
16551777,960900
