timestamp_ms,value
4779,0
4784,100
4789,200
4794,300
4798,400
4802,500
4807,600
4810,700
4814,800
4819,900
4823,1000
5042,1100
5047,1200
5051,1300
5055,1400
5059,1500
5063,1600
5067,1700
5071,1800
5076,1900
5080,2000
5249,2100
5256,2200
5261,2300
5267,2400
5272,2500
5277,2600
5282,2700
5286,2800
5291,2900
5296,3000
5509,3100
5513,3200
5518,3300
5522,3400
5526,3500
5530,3600
5534,3700
5538,3800
5543,3900
5547,4000
5681,4100
5686,4200
5691,4300
5696,4400
5701,4500
5706,4600
5710,4700
5715,4800
5719,4900
5723,5000
5848,5100
5852,5200
5857,5300
5861,5400
5865,5500
5869,5600
5873,5700
5877,5800
5881,5900
5885,6000
6061,6100
6067,6200
6075,6300
6081,6400
6087,6500
6092,6600
6097,6700
6102,6800
6107,6900
6111,7000
6251,7100
6258,7200
6264,7300
6269,7400
6274,7500
6279,7600
6284,7700
6288,7800
6293,7900
6297,8000
6437,8100
6444,8200
6449,8300
6455,8400
6460,8500
6465,8600
6470,8700
6475,8800
6479,8900
6484,9000
6670,9100
6673,9200
6677,9300
6681,9400
6685,9500
6689,9600
6693,9700
6697,9800
6701,9900
6705,10000
6864,10100
6870,10200
6875,10300
6880,10400
6885,10500
6890,10600
6894,10700
6899,10800
6904,10900
6908,11000
7058,11100
7063,11200
7068,11300
7109,11400
7113,11500
7117,11600
7121,11700
7126,11800
7130,11900
7134,12000
7274,12100
7280,12200
7285,12300
7290,12400
7295,12500
7300,12600
7304,12700
7309,12800
7313,12900
7318,13000
7533,13100
7537,13200
7540,13300
7544,13400
7548,13500
7552,13600
7556,13700
7559,13800
7563,13900
7567,14000
7757,14100
7763,14200
7770,14300
7775,14400
7780,14500
7785,14600
7790,14700
7795,14800
7799,14900
7804,15000
7971,15100
7978,15200
7985,15300
7992,15400
7997,15500
8002,15600
8007,15700
8012,15800
8016,15900
8020,16000
8144,16100
8151,16200
8156,16300
8162,16400
8167,16500
8171,16600
8176,16700
8181,16800
8185,16900
8189,17000
8365,17100
8368,17200
8372,17300
8376,17400
8380,17500
8383,17600
8387,17700
8391,17800
8396,17900
8409,18000
8520,18100
8525,18200
8530,18300
8535,18400
8540,18500
8545,18600
8549,18700
8553,18800
8557,18900
8561,19000
8715,19100
8721,19200
8727,19300
8733,19400
8738,19500
8743,19600
8747,19700
8752,19800
8757,19900
8761,20000
8899,20100
8906,20200
8911,20300
8917,20400
8922,20500
8927,20600
8931,20700
8936,20800
8940,20900
8945,21000
9106,21100
9110,21200
9114,21300
9119,21400
9123,21500
9127,21600
9131,21700
9135,21800
9139,21900
9143,22000
9325,22100
9328,22200
9332,22300
9336,22400
9339,22500
9342,22600
9345,22700
9349,22800
9352,22900
9356,23000
9487,23100
9492,23200
9498,23300
9503,23400
9508,23500
9513,23600
9517,23700
9522,23800
9526,23900
9530,24000
9672,24100
9678,24200
9683,24300
9688,24400
9694,24500
9698,24600
9703,24700
9707,24800
9712,24900
9717,25000
9911,25100
9915,25200
9918,25300
9922,25400
9925,25500
9928,25600
9932,25700
9935,25800
9939,25900
9943,26000
10154,26100
10161,26200
10168,26300
10174,26400
10179,26500
10184,26600
10189,26700
10194,26800
10199,26900
10204,27000
10344,27100
10349,27200
10356,27300
10361,27400
10367,27500
10372,27600
10377,27700
10381,27800
10386,27900
10390,28000
10552,28100
10561,28200
10567,28300
10573,28400
10578,28500
10584,28600
10589,28700
10594,28800
10598,28900
10603,29000
10749,29100
10795,29200
10798,29300
10801,29400
10803,29500
10852,29600
10856,29700
10859,29800
10863,29900
10866,30000
11009,30100
11029,30200
11034,30300
11039,30400
11043,30500
11048,30600
11053,30700
11057,30800
11061,30900
11066,31000
11223,31100
11230,31200
11236,31300
11241,31400
11247,31500
11252,31600
11257,31700
11261,31800
11266,31900
11270,32000
11442,32100
11449,32200
11456,32300
11462,32400
11467,32500
11473,32600
11478,32700
11483,32800
11488,32900
11492,33000
11656,33100
11661,33200
11666,33300
11670,33400
11675,33500
11679,33600
11683,33700
11687,33800
11690,33900
11694,34000
11923,34100
11926,34200
11930,34300
11933,34400
11938,34500
11942,34600
11946,34700
11950,34800
11954,34900
11958,35000
12097,35100
12102,35200
12108,35300
12113,35400
12118,35500
12122,35600
12127,35700
12132,35800
12136,35900
12140,36000
12311,36100
12319,36200
12325,36300
12331,36400
12336,36500
12342,36600
12346,36700
12351,36800
12355,36900
12359,37000
12516,37100
12521,37200
12525,37300
12588,37400
12592,37500
12596,37600
12600,37700
12604,37800
12608,37900
12611,38000
12771,38100
12777,38200
12809,38300
12822,38400
12828,38500
12834,38600
12839,38700
12844,38800
12848,38900
12853,39000
13014,39100
13021,39200
13028,39300
13035,39400
13041,39500
13046,39600
13051,39700
13056,39800
13061,39900
13065,40000
13222,40100
13229,40200
13236,40300
13243,40400
13248,40500
13254,40600
13260,40700
13264,40800
13269,40900
13274,41000
13470,41100
13473,41200
13477,41300
13481,41400
13485,41500
13490,41600
13493,41700
13497,41800
13501,41900
13505,42000
13705,42100
13709,42200
13712,42300
13737,42400
13741,42500
13745,42600
13749,42700
13753,42800
13758,42900
13762,43000
13897,43100
13903,43200
13908,43300
13913,43400
13918,43500
13923,43600
13928,43700
13933,43800
13938,43900
13942,44000
14080,44100
14087,44200
14093,44300
14097,44400
14103,44500
14108,44600
14113,44700
14118,44800
14123,44900
14127,45000
14287,45100
14291,45200
14295,45300
14299,45400
14303,45500
14307,45600
14311,45700
14315,45800
14319,45900
14323,46000
14552,46100
14591,46200
14595,46300
14599,46400
14604,46500
14608,46600
14613,46700
14617,46800
14622,46900
14626,47000
14801,47100
14807,47200
14814,47300
14819,47400
14825,47500
14830,47600
14834,47700
14839,47800
14844,47900
14848,48000
15014,48100
15021,48200
15028,48300
15034,48400
15039,48500
15045,48600
15050,48700
15054,48800
15059,48900
15064,49000
15238,49100
15243,49200
15247,49300
15252,49400
15256,49500
15261,49600
15265,49700
15270,49800
15276,49900
15281,50000
15438,50100
15442,50200
15529,50300
15534,50400
15539,50500
15543,50600
15549,50700
15553,50800
15559,50900
15564,51000
15726,51100
15733,51200
15740,51300
15745,51400
15751,51500
15757,51600
15763,51700
15774,51800
15780,51900
15784,52000
15903,52100
15909,52200
15915,52300
15920,52400
15925,52500
15931,52600
15937,52700
15942,52800
15947,52900
15952,53000
16123,53100
16128,53200
16134,53300
16139,53400
16144,53500
16148,53600
16153,53700
16157,53800
16161,53900
16166,54000
16405,54100
16409,54200
16414,54300
16418,54400
16439,54500
16443,54600
16448,54700
16453,54800
16458,54900
16463,55000
16614,55100
16621,55200
16627,55300
16633,55400
16639,55500
16645,55600
16650,55700
16655,55800
16661,55900
16666,56000
16822,56100
16830,56200
16837,56300
16844,56400
16850,56500
16855,56600
16860,56700
16865,56800
16870,56900
16875,57000
17036,57100
17041,57200
17046,57300
17052,57400
17057,57500
17063,57600
17068,57700
17073,57800
17079,57900
17084,58000
17323,58100
17355,58200
17359,58300
17364,58400
17368,58500
17373,58600
17379,58700
17384,58800
17389,58900
17395,59000
17555,59100
17563,59200
17570,59300
17577,59400
17583,59500
17589,59600
17595,59700
17601,59800
17606,59900
17612,60000
17779,60100
17787,60200
17795,60300
17801,60400
17808,60500
17816,60600
17822,60700
17828,60800
17834,60900
17840,61000
17987,61100
17993,61200
18000,61300
18006,61400
18010,61500
18016,61600
18022,61700
18028,61800
18033,61900
18039,62000
18328,62100
18353,62200
18358,62300
18363,62400
18368,62500
18374,62600
18380,62700
18385,62800
18390,62900
18395,63000
19035,63100
19041,63200
19053,63300
19063,63400
19070,63500
19078,63600
19083,63700
19090,63800
19096,63900
19103,64000
19259,64100
19268,64200
19275,64300
19282,64400
19289,64500
19295,64600
19301,64700
19307,64800
19313,64900
19319,65000
19450,65100
19456,65200
19461,65300
19467,65400
19473,65500
19483,65600
19494,65700
19502,65800
19511,65900
19520,66000
19692,66100
19701,66200
19796,66300
19802,66400
19809,66500
19815,66600
19823,66700
19830,66800
19839,66900
19847,67000
19981,67100
19989,67200
20005,67300
20020,67400
20027,67500
20034,67600
20041,67700
20048,67800
20056,67900
20065,68000
20210,68100
20219,68200
20227,68300
20235,68400
20243,68500
20252,68600
20259,68700
20267,68800
20275,68900
20283,69000
20427,69100
20435,69200
20446,69300
20454,69400
20462,69500
20470,69600
20478,69700
20485,69800
20492,69900
20500,70000
20649,70100
20658,70200
20665,70300
20671,70400
20754,70500
20762,70600
20770,70700
20777,70800
20788,70900
20794,71000
20944,71100
20952,71200
20960,71300
20967,71400
20974,71500
20980,71600
20986,71700
20993,71800
21000,71900
21006,72000
21199,72100
21209,72200
21217,72300
21225,72400
21233,72500
21241,72600
21248,72700
21256,72800
21263,72900
21269,73000
21428,73100
21435,73200
21447,73300
21453,73400
21460,73500
21464,73600
21471,73700
21476,73800
21482,73900
21488,74000
21785,74100
21791,74200
21797,74300
21803,74400
21810,74500
21816,74600
21824,74700
21832,74800
21839,74900
21848,75000
22004,75100
22014,75200
22023,75300
22030,75400
22038,75500
22045,75600
22051,75700
22058,75800
22065,75900
22071,76000
22226,76100
22237,76200
22244,76300
22252,76400
22259,76500
22266,76600
22273,76700
22280,76800
22287,76900
22293,77000
22449,77100
22457,77200
22467,77300
22476,77400
22484,77500
22493,77600
22500,77700
22507,77800
22514,77900
22519,78000
22717,78100
22723,78200
22797,78300
22804,78400
22810,78500
22816,78600
22824,78700
22831,78800
22839,78900
22846,79000
22999,79100
23009,79200
23017,79300
23026,79400
23034,79500
23042,79600
23049,79700
23057,79800
23064,79900
23071,80000
23234,80100
23242,80200
23250,80300
23259,80400
23266,80500
23273,80600
23279,80700
23286,80800
23294,80900
23302,81000
23468,81100
23479,81200
23488,81300
23498,81400
23506,81500
23514,81600
23521,81700
23530,81800
23537,81900
23545,82000
23701,82100
23709,82200
23718,82300
23726,82400
23817,82500
23826,82600
23836,82700
23849,82800
23857,82900
23864,83000
24042,83100
24056,83200
24066,83300
24076,83400
24085,83500
24095,83600
24103,83700
24111,83800
24119,83900
24126,84000
24259,84100
24267,84200
24277,84300
24284,84400
24293,84500
24300,84600
24308,84700
24316,84800
24323,84900
24331,85000
24495,85100
24501,85200
24508,85300
24514,85400
24519,85500
24526,85600
24532,85700
24539,85800
24546,85900
24553,86000
24770,86100
24839,86200
24849,86300
24857,86400
24866,86500
24874,86600
24881,86700
24890,86800
24900,86900
24908,87000
25045,87100
25054,87200
25063,87300
25071,87400
25079,87500
25086,87600
25094,87700
25102,87800
25110,87900
25119,88000
25274,88100
25285,88200
25293,88300
25301,88400
25309,88500
25316,88600
25323,88700
25328,88800
25336,88900
25343,89000
25504,89100
25510,89200
25517,89300
25524,89400
25530,89500
25537,89600
25543,89700
25550,89800
25557,89900
25563,90000
25827,90100
25860,90200
25866,90300
25871,90400
25877,90500
25885,90600
25892,90700
25899,90800
25905,90900
25913,91000
26045,91100
26053,91200
26061,91300
26069,91400
26076,91500
26082,91600
26088,91700
26095,91800
26102,91900
26109,92000
26277,92100
26293,92200
26302,92300
26308,92400
26316,92500
26323,92600
26329,92700
26340,92800
26357,92900
26376,93000
26573,93100
26585,93200
26593,93300
26601,93400
26608,93500
26617,93600
26634,93700
26649,93800
26661,93900
26671,94000
26914,94100
26921,94200
26926,94300
26959,94400
26966,94500
26972,94600
26979,94700
26988,94800
26996,94900
27004,95000
27163,95100
27174,95200
27183,95300
27192,95400
27199,95500
27207,95600
27213,95700
27221,95800
27227,95900
27234,96000
27386,96100
27397,96200
27407,96300
27417,96400
27426,96500
27434,96600
27441,96700
27449,96800
27457,96900
27466,97000
27614,97100
27623,97200
27633,97300
27643,97400
27651,97500
27661,97600
27669,97700
27678,97800
27687,97900
27697,98000
27856,98100
27865,98200
27969,98300
27980,98400
27991,98500
28004,98600
28014,98700
28024,98800
28034,98900
28044,99000
28190,99100
28202,99200
28214,99300
28223,99400
28233,99500
28243,99600
28251,99700
28260,99800
28270,99900
28278,100000
28424,100100
28436,100200
28446,100300
28455,100400
28463,100500
28473,100600
28481,100700
28490,100800
28501,100900
28513,101000
28682,101100
28693,101200
28703,101300
28712,101400
28722,101500
28733,101600
28745,101700
28756,101800
28768,101900
28780,102000
28921,102100
28933,102200
28943,102300
29012,102400
29044,102500
29056,102600
29066,102700
29077,102800
29088,102900
29097,103000
29255,103100
29267,103200
29280,103300
29292,103400
29302,103500
29312,103600
29322,103700
29332,103800
29344,103900
29357,104000
29517,104100
29530,104200
29543,104300
29555,104400
29567,104500
29578,104600
29588,104700
29598,104800
29609,104900
29620,105000
29776,105100
29792,105200
29805,105300
29821,105400
29834,105500
29845,105600
29855,105700
29866,105800
29876,105900
29885,106000
30048,106100
30057,106200
30067,106300
30109,106400
30167,106500
30178,106600
30186,106700
30195,106800
30204,106900
30215,107000
30376,107100
30391,107200
30406,107300
30422,107400
30436,107500
30450,107600
30463,107700
30477,107800
30489,107900
30502,108000
30667,108100
30682,108200
30696,108300
30707,108400
30719,108500
30731,108600
30745,108700
30758,108800
30771,108900
30784,109000
30939,109100
30954,109200
30968,109300
30982,109400
30995,109500
31008,109600
31020,109700
31034,109800
31047,109900
31061,110000
31226,110100
31238,110200
31283,110300
31354,110400
31367,110500
31379,110600
31390,110700
31403,110800
31416,110900
31430,111000
31607,111100
31624,111200
31641,111300
31654,111400
31669,111500
31685,111600
31700,111700
31713,111800
31726,111900
31737,112000
31907,112100
31922,112200
31936,112300
31949,112400
31960,112500
31974,112600
31988,112700
32001,112800
32015,112900
32029,113000
32189,113100
32205,113200
32220,113300
32234,113400
32250,113500
32265,113600
32280,113700
32295,113800
32310,113900
32325,114000
32484,114100
32535,114200
32584,114300
32624,114400
32640,114500
32655,114600
32672,114700
32688,114800
32704,114900
32718,115000
32893,115100
32912,115200
32928,115300
32945,115400
32959,115500
32975,115600
32989,115700
33003,115800
33018,115900
33031,116000
33200,116100
33216,116200
33231,116300
33246,116400
33258,116500
33273,116600
33287,116700
33303,116800
33316,116900
33331,117000
33493,117100
33510,117200
33524,117300
33539,117400
33553,117500
33566,117600
33579,117700
33593,117800
33606,117900
33621,118000
33783,118100
33829,118200
33843,118300
33914,118400
33929,118500
33945,118600
33959,118700
33973,118800
33988,118900
34004,119000
34177,119100
34194,119200
34212,119300
34226,119400
34242,119500
34255,119600
34269,119700
34284,119800
34301,119900
34329,120000
34509,120100
34527,120200
34543,120300
34559,120400
34575,120500
34594,120600
34610,120700
34626,120800
34641,120900
34657,121000
34853,121100
34875,121200
34893,121300
34908,121400
34922,121500
34935,121600
34950,121700
34965,121800
34981,121900
34996,122000
35173,122100
35189,122200
35237,122300
35250,122400
35310,122500
35324,122600
35338,122700
35353,122800
35368,122900
35384,123000
35555,123100
35573,123200
35589,123300
35605,123400
35621,123500
35638,123600
35655,123700
35671,123800
35687,123900
35704,124000
35877,124100
35896,124200
35913,124300
35931,124400
35948,124500
35965,124600
35982,124700
35998,124800
36014,124900
36032,125000
36204,125100
36226,125200
36242,125300
36262,125400
36279,125500
36297,125600
36313,125700
36329,125800
36346,125900
36363,126000
36576,126100
36623,126200
36638,126300
36653,126400
36719,126500
36736,126600
36753,126700
36771,126800
36787,126900
36805,127000
36973,127100
36992,127200
37013,127300
37031,127400
37050,127500
37070,127600
37090,127700
37112,127800
37134,127900
37154,128000
37344,128100
37367,128200
37388,128300
37414,128400
37436,128500
37458,128600
37480,128700
37501,128800
37523,128900
37542,129000
37788,129100
37811,129200
37837,129300
37863,129400
37894,129500
37920,129600
37945,129700
37967,129800
37993,129900
38015,130000
38267,130100
38288,130200
38311,130300
38396,130400
38420,130500
38444,130600
38472,130700
38497,130800
38521,130900
38542,131000
38747,131100
38772,131200
38800,131300
38828,131400
38856,131500
38881,131600
38910,131700
38933,131800
38958,131900
38982,132000
39201,132100
39226,132200
39246,132300
39270,132400
39290,132500
39312,132600
39335,132700
39357,132800
39381,132900
39402,133000
39604,133100
39634,133200
39664,133300
39689,133400
39721,133500
39749,133600
39776,133700
39802,133800
39829,133900
39857,134000
40124,134100
40151,134200
40180,134300
40274,134400
40300,134500
40326,134600
40354,134700
40379,134800
40406,134900
40437,135000
40661,135100
40690,135200
40719,135300
40744,135400
40770,135500
40802,135600
40832,135700
40859,135800
40890,135900
40917,136000
41148,136100
41175,136200
41205,136300
41230,136400
41258,136500
41292,136600
41319,136700
41346,136800
41373,136900
41401,137000
41632,137100
41664,137200
41694,137300
41722,137400
41750,137500
41779,137600
41807,137700
41831,137800
41859,137900
41889,138000
42153,138100
42178,138200
42200,138300
42228,138400
42254,138500
42282,138600
42341,138700
42397,138800
42419,138900
42445,139000
42674,139100
42705,139200
42731,139300
42758,139400
42782,139500
42808,139600
42836,139700
42866,139800
42895,139900
42922,140000
43132,140100
43163,140200
43194,140300
43217,140400
43246,140500
43272,140600
43297,140700
43322,140800
43349,140900
43378,141000
43599,141100
43633,141200
43664,141300
43691,141400
43718,141500
43744,141600
43773,141700
43800,141800
43826,141900
43852,142000
44571,142100
44596,142200
44622,142300
44648,142400
44677,142500
44765,142600
44791,142700
44856,142800
44884,142900
44912,143000
45143,143100
45167,143200
45193,143300
45216,143400
45242,143500
45264,143600
45289,143700
45309,143800
45343,143900
45368,144000
45592,144100
45618,144200
45643,144300
45669,144400
45693,144500
45720,144600
45745,144700
45770,144800
45792,144900
45819,145000
46034,145100
46061,145200
46084,145300
46108,145400
46129,145500
46155,145600
46180,145700
46201,145800
46221,145900
46244,146000
46503,146100
46536,146200
46563,146300
46587,146400
46610,146500
46634,146600
46663,146700
46724,146800
46797,146900
46823,147000
47051,147100
47079,147200
47102,147300
47123,147400
47147,147500
47172,147600
47193,147700
47214,147800
47236,147900
47260,148000
47465,148100
47486,148200
47510,148300
47535,148400
47557,148500
47581,148600
47603,148700
47628,148800
47654,148900
47681,149000
47907,149100
47932,149200
47957,149300
47978,149400
48000,149500
48024,149600
48050,149700
48072,149800
48093,149900
48115,150000
48382,150100
48406,150200
48431,150300
48456,150400
48477,150500
48498,150600
48521,150700
48544,150800
48604,150900
48626,151000
48875,151100
48900,151200
48922,151300
48944,151400
48966,151500
48986,151600
49009,151700
49032,151800
49055,151900
49077,152000
49290,152100
49314,152200
49335,152300
49358,152400
49381,152500
49402,152600
49425,152700
49451,152800
49472,152900
49492,153000
49690,153100
49716,153200
49741,153300
49765,153400
49788,153500
49811,153600
49833,153700
49856,153800
49878,153900
49899,154000
50156,154100
50177,154200
50196,154300
50217,154400
50237,154500
50258,154600
50279,154700
50301,154800
50322,154900
50343,155000
50597,155100
50621,155200
50694,155300
50717,155400
50740,155500
50761,155600
50782,155700
50806,155800
50827,155900
50848,156000
51076,156100
51099,156200
51120,156300
51145,156400
51176,156500
51196,156600
51217,156700
51239,156800
51260,156900
51281,157000
51484,157100
51513,157200
51539,157300
51561,157400
51582,157500
51603,157600
51625,157700
51648,157800
51666,157900
51689,158000
51925,158100
51944,158200
51970,158300
51994,158400
52012,158500
52032,158600
52055,158700
52074,158800
52093,158900
52113,159000
52298,159100
52348,159200
52369,159300
52436,159400
52458,159500
52477,159600
52496,159700
52517,159800
52536,159900
52556,160000
52774,160100
52799,160200
52824,160300
52847,160400
52868,160500
52889,160600
52915,160700
52941,160800
52962,160900
52987,161000
53169,161100
53196,161200
53221,161300
53244,161400
53269,161500
53300,161600
53330,161700
53357,161800
53379,161900
53406,162000
53694,162100
53715,162200
53738,162300
53763,162400
53784,162500
53806,162600
53831,162700
53857,162800
53879,162900
53937,163000
54129,163100
54205,163200
54227,163300
54248,163400
54268,163500
54290,163600
54329,163700
54355,163800
54381,163900
54405,164000
54667,164100
54688,164200
54711,164300
54732,164400
54755,164500
54775,164600
54798,164700
54824,164800
54847,164900
54871,165000
55103,165100
55126,165200
55150,165300
55175,165400
55197,165500
55219,165600
55244,165700
55267,165800
55290,165900
55317,166000
55591,166100
55617,166200
55645,166300
55667,166400
55688,166500
55712,166600
55740,166700
55770,166800
55798,166900
55830,167000
56113,167100
56136,167200
56209,167300
56230,167400
56250,167500
56271,167600
56294,167700
56319,167800
56344,167900
56366,168000
56659,168100
56685,168200
56709,168300
56730,168400
56752,168500
56772,168600
56795,168700
56821,168800
56844,168900
56866,169000
57082,169100
57106,169200
57131,169300
57158,169400
57182,169500
57206,169600
57232,169700
57259,169800
57290,169900
57313,170000
57585,170100
57607,170200
57629,170300
57649,170400
57674,170500
57694,170600
57714,170700
57734,170800
57756,170900
57776,171000
58080,171100
58106,171200
58163,171300
58186,171400
58210,171500
58232,171600
58253,171700
58328,171800
58350,171900
58373,172000
58637,172100
58660,172200
58681,172300
58704,172400
58726,172500
58746,172600
58766,172700
58786,172800
58809,172900
58830,173000
59139,173100
59163,173200
59185,173300
59209,173400
59235,173500
59257,173600
59280,173700
59300,173800
59321,173900
59342,174000
59645,174100
59671,174200
59695,174300
59721,174400
59748,174500
59775,174600
59798,174700
59820,174800
59841,174900
59865,175000
60150,175100
60210,175200
60239,175300
60266,175400
60293,175500
60373,175600
60400,175700
60429,175800
60455,175900
60486,176000
60764,176100
60793,176200
60818,176300
60843,176400
60870,176500
60898,176600
60922,176700
60946,176800
60970,176900
60997,177000
61270,177100
61296,177200
61325,177300
61352,177400
61378,177500
61400,177600
61425,177700
61450,177800
61473,177900
61500,178000
61822,178100
61848,178200
61880,178300
61910,178400
61944,178500
61972,178600
62003,178700
62032,178800
62064,178900
62091,179000
62390,179100
62473,179200
62500,179300
62535,179400
62572,179500
62603,179600
62639,179700
62677,179800
62715,179900
62748,180000
63088,180100
63135,180200
63179,180300
63221,180400
63262,180500
63302,180600
63351,180700
63405,180800
63451,180900
63493,181000
63832,181100
63879,181200
63929,181300
63971,181400
64019,181500
64070,181600
64109,181700
64144,181800
64190,181900
64240,182000
64613,182100
64674,182200
64722,182300
64767,182400
64812,182500
64862,182600
64895,182700
64929,182800
65023,182900
65133,183000
65540,183100
65595,183200
65622,183300
65671,183400
65717,183500
65758,183600
65799,183700
65850,183800
65896,183900
65941,184000
66384,184100
66422,184200
66469,184300
66532,184400
66599,184500
66657,184600
66720,184700
66787,184800
66834,184900
66885,185000
67368,185100
67413,185200
67456,185300
67515,185400
67564,185500
67611,185600
67657,185700
67695,185800
67735,185900
67774,186000
68163,186100
68209,186200
68263,186300
68315,186400
68367,186500
68422,186600
68473,186700
68519,186800
68566,186900
68615,187000
68988,187100
69026,187200
69076,187300
69116,187400
69156,187500
69197,187600
69241,187700
69283,187800
69331,187900
69369,188000
69753,188100
69789,188200
69827,188300
69878,188400
69929,188500
69974,188600
70022,188700
70063,188800
70097,188900
70142,189000
70487,189100
70528,189200
70573,189300
70626,189400
70675,189500
70736,189600
70787,189700
70838,189800
70891,189900
70941,190000
71354,190100
71406,190200
71460,190300
71516,190400
71574,190500
71625,190600
71672,190700
71715,190800
71761,190900
71808,191000
72159,191100
72280,191200
72330,191300
72373,191400
72418,191500
72484,191600
72548,191700
72608,191800
72659,191900
72704,192000
73129,192100
73180,192200
73227,192300
73283,192400
73333,192500
73384,192600
73434,192700
73484,192800
73533,192900
73580,193000
73976,193100
74019,193200
74063,193300
74105,193400
74151,193500
74193,193600
74258,193700
74314,193800
74362,193900
74418,194000
74833,194100
74904,194200
74979,194300
75059,194400
75129,194500
75194,194600
75262,194700
75323,194800
75374,194900
75437,195000
75885,195100
75938,195200
75985,195300
76032,195400
76078,195500
76137,195600
76183,195700
76225,195800
76276,195900
76323,196000
76686,196100
76732,196200
76780,196300
76823,196400
76881,196500
76938,196600
76990,196700
77043,196800
77091,196900
77137,197000
77576,197100
77635,197200
77681,197300
77732,197400
77786,197500
77843,197600
77889,197700
77937,197800
77986,197900
78036,198000
78470,198100
78519,198200
78573,198300
78637,198400
78684,198500
78737,198600
78795,198700
78850,198800
78900,198900
78950,199000
79347,199100
79391,199200
79439,199300
79532,199400
79588,199500
79682,199600
79738,199700
79784,199800
79831,199900
79872,200000
80248,200100
80291,200200
80337,200300
80383,200400
80429,200500
80481,200600
80541,200700
80587,200800
80636,200900
80691,201000
81072,201100
81136,201200
81178,201300
81222,201400
81276,201500
81330,201600
81388,201700
81444,201800
81506,201900
81564,202000
81985,202100
82049,202200
82117,202300
82171,202400
82237,202500
82299,202600
82353,202700
82407,202800
82462,202900
82515,203000
82879,203100
82944,203200
83008,203300
83101,203400
83186,203500
83245,203600
83298,203700
83360,203800
83407,203900
83465,204000
83850,204100
83895,204200
83953,204300
84005,204400
84052,204500
84117,204600
84170,204700
84218,204800
84269,204900
84320,205000
84677,205100
84709,205200
84747,205300
84783,205400
84821,205500
84863,205600
84912,205700
84965,205800
85015,205900
85062,206000
85534,206100
85585,206200
85645,206300
85697,206400
85754,206500
85811,206600
85874,206700
85938,206800
85999,206900
86055,207000
86413,207100
86465,207200
86523,207300
86568,207400
86613,207500
86662,207600
86765,207700
86816,207800
86901,207900
86955,208000
87371,208100
87435,208200
87498,208300
87568,208400
87618,208500
87677,208600
87734,208700
87787,208800
87852,208900
87910,209000
88302,209100
88353,209200
88403,209300
88448,209400
88499,209500
88560,209600
88610,209700
88661,209800
88712,209900
88761,210000
89174,210100
89229,210200
89289,210300
89350,210400
89397,210500
89444,210600
89492,210700
89538,210800
89613,210900
89684,211000
90018,211100
90089,211200
90156,211300
90214,211400
90281,211500
90408,211600
90463,211700
90552,211800
90611,211900
90678,212000
91117,212100
91198,212200
91258,212300
91321,212400
91386,212500
91450,212600
91517,212700
91590,212800
91653,212900
91727,213000
92155,213100
92213,213200
92267,213300
92326,213400
92381,213500
92431,213600
92483,213700
92534,213800
92594,213900
92646,214000
93142,214100
93209,214200
93274,214300
93324,214400
93378,214500
93424,214600
93472,214700
93530,214800
93595,214900
93653,215000
94054,215100
94134,215200
94208,215300
94270,215400
94340,215500
94460,215600
94522,215700
94601,215800
94707,215900
94776,216000
95219,216100
95304,216200
95380,216300
95454,216400
95514,216500
95577,216600
95652,216700
95735,216800
95810,216900
95898,217000
96400,217100
96466,217200
96530,217300
96596,217400
96660,217500
96721,217600
96803,217700
96886,217800
96951,217900
97024,218000
97465,218100
97542,218200
97618,218300
97702,218400
97788,218500
97871,218600
97956,218700
98028,218800
98098,218900
98170,219000
98603,219100
98697,219200
98784,219300
98927,219400
98993,219500
99064,219600
99181,219700
99245,219800
99304,219900
99375,220000
99831,220100
99912,220200
99980,220300
100057,220400
100124,220500
100200,220600
100269,220700
100338,220800
100410,220900
100473,221000
100960,221100
101039,221200
101109,221300
101181,221400
101239,221500
101311,221600
101369,221700
101442,221800
101520,221900
101595,222000
102076,222100
102154,222200
102239,222300
102310,222400
102396,222500
102476,222600
102559,222700
102646,222800
102724,222900
102808,223000
103229,223100
103321,223200
103401,223300
103477,223400
103554,223500
103670,223600
103773,223700
103855,223800
103967,223900
104029,224000
104515,224100
104594,224200
104671,224300
104755,224400
104841,224500
104928,224600
105012,224700
105095,224800
105157,224900
105215,225000
105685,225100
105755,225200
105835,225300
105909,225400
105990,225500
106062,225600
106141,225700
106211,225800
106279,225900
106348,226000
106913,226100
106970,226200
107031,226300
107086,226400
107159,226500
107231,226600
107307,226700
107382,226800
107454,226900
107514,227000
107932,227100
108001,227200
108083,227300
108148,227400
108235,227500
108306,227600
108378,227700
108444,227800
108575,227900
108664,228000
109139,228100
109275,228200
109365,228300
109442,228400
109530,228500
109610,228600
109693,228700
109767,228800
109863,228900
109934,229000
110387,229100
110470,229200
110551,229300
110648,229400
110738,229500
110842,229600
110940,229700
111037,229800
111124,229900
111197,230000
111624,230100
111736,230200
111849,230300
111965,230400
112059,230500
112179,230600
112305,230700
112442,230800
112585,230900
112666,231000
113126,231100
113206,231200
113333,231300
113417,231400
113495,231500
113577,231600
113668,231700
113769,231800
113858,231900
113920,232000
114446,232100
114535,232200
114607,232300
114673,232400
114742,232500
114817,232600
114898,232700
114984,232800
115061,232900
115156,233000
115673,233100
115751,233200
115823,233300
115892,233400
115973,233500
116048,233600
116125,233700
116200,233800
116300,233900
116376,234000
116957,234100
117056,234200
117160,234300
117256,234400
117338,234500
117434,234600
117517,234700
117608,234800
117703,234900
117808,235000
118251,235100
118346,235200
118446,235300
118549,235400
118652,235500
118802,235600
118897,235700
118969,235800
119051,235900
119128,236000
119661,236100
119744,236200
119833,236300
119923,236400
120009,236500
120087,236600
120166,236700
120246,236800
120311,236900
120381,237000
120856,237100
120932,237200
121015,237300
121083,237400
121160,237500
121244,237600
121317,237700
121398,237800
121465,237900
121531,238000
122015,238100
122093,238200
122181,238300
122293,238400
122388,238500
122486,238600
122587,238700
122682,238800
122763,238900
122846,239000
123236,239100
123311,239200
123388,239300
123464,239400
123543,239500
123635,239600
123717,239700
123799,239800
123883,239900
123978,240000
124474,240100
124561,240200
124649,240300
124727,240400
124796,240500
124924,240600
124985,240700
125049,240800
125121,240900
125184,241000
125601,241100
125662,241200
125714,241300
125781,241400
125845,241500
125911,241600
125969,241700
126017,241800
126074,241900
126145,242000
126589,242100
126669,242200
126761,242300
126841,242400
126932,242500
127005,242600
127072,242700
127145,242800
127211,242900
127268,243000
127671,243100
127748,243200
127831,243300
127897,243400
127992,243500
128073,243600
128151,243700
128234,243800
128320,243900
128393,244000
128776,244100
128851,244200
128978,244300
129053,244400
129120,244500
129187,244600
129254,244700
129328,244800
129385,244900
129499,245000
129884,245100
129941,245200
129987,245300
130044,245400
130097,245500
130157,245600
130216,245700
130280,245800
130337,245900
130391,246000
130823,246100
130946,246200
131029,246300
131088,246400
131144,246500
131198,246600
131253,246700
131305,246800
131367,246900
131429,247000
131838,247100
131904,247200
131974,247300
132029,247400
132089,247500
132141,247600
132194,247700
132245,247800
132291,247900
132362,248000
132801,248100
132883,248200
132963,248300
133046,248400
133125,248500
133201,248600
133263,248700
133374,248800
133426,248900
133503,249000
133909,249100
133981,249200
134049,249300
134121,249400
134198,249500
134261,249600
134350,249700
134413,249800
134493,249900
134555,250000
135046,250100
135118,250200
135188,250300
135308,250400
135389,250500
135465,250600
135543,250700
135621,250800
135692,250900
135785,251000
136171,251100
136239,251200
136313,251300
136372,251400
136422,251500
136486,251600
136537,251700
136618,251800
136726,251900
136807,252000
137210,252100
137311,252200
137405,252300
137504,252400
137657,252500
137727,252600
137800,252700
137863,252800
137930,252900
138006,253000
138436,253100
138505,253200
138578,253300
138647,253400
138725,253500
138787,253600
138856,253700
138924,253800
138997,253900
139058,254000
139581,254100
139665,254200
139757,254300
139852,254400
139999,254500
140100,254600
140198,254700
140276,254800
140356,254900
140436,255000
140881,255100
140963,255200
141028,255300
141086,255400
141150,255500
141208,255600
141266,255700
141338,255800
141421,255900
141500,256000
141893,256100
141997,256200
142083,256300
142165,256400
142249,256500
142382,256600
142452,256700
142525,256800
142583,256900
142648,257000
143082,257100
143151,257200
143208,257300
143269,257400
143333,257500
143402,257600
143457,257700
143514,257800
143566,257900
143627,258000
144085,258100
144164,258200
144236,258300
144334,258400
144407,258500
144507,258600
144653,258700
144723,258800
144804,258900
144870,259000
145275,259100
145339,259200
145405,259300
145463,259400
145528,259500
145590,259600
145665,259700
145735,259800
145812,259900
145871,260000
146279,260100
146357,260200
146460,260300
146526,260400
146624,260500
146699,260600
146770,260700
146851,260800
146990,260900
147069,261000
147516,261100
147597,261200
147665,261300
147755,261400
147834,261500
147909,261600
147981,261700
148048,261800
148101,261900
148148,262000
148639,262100
148719,262200
148808,262300
148879,262400
148959,262500
149034,262600
149119,262700
149194,262800
149320,262900
149393,263000
149815,263100
149878,263200
149942,263300
150005,263400
150071,263500
150134,263600
150210,263700
150269,263800
150332,263900
150398,264000
150805,264100
150905,264200
150984,264300
151072,264400
151162,264500
151234,264600
151324,264700
151399,264800
151469,264900
151620,265000
152058,265100
152131,265200
152205,265300
152293,265400
152363,265500
152443,265600
152533,265700
152616,265800
152690,265900
152758,266000
153203,266100
153285,266200
153367,266300
153437,266400
153516,266500
153609,266600
153696,266700
153795,266800
153880,266900
154015,267000
154452,267100
154535,267200
154602,267300
154663,267400
154729,267500
154795,267600
154849,267700
154916,267800
154981,267900
155076,268000
155645,268100
155768,268200
155887,268300
156011,268400
156146,268500
156300,268600
156485,268700
156592,268800
156676,268900
156744,269000
157191,269100
157267,269200
157351,269300
157430,269400
157542,269500
157635,269600
157742,269700
157839,269800
157901,269900
157982,270000
158462,270100
158616,270200
158746,270300
158928,270400
159111,270500
159256,270600
159383,270700
159562,270800
159684,270900
159809,271000
160513,271100
160612,271200
160710,271300
160801,271400
160910,271500
161038,271600
161178,271700
161300,271800
161439,271900
161582,272000
162071,272100
162219,272200
162353,272300
162450,272400
162572,272500
162690,272600
162814,272700
162925,272800
163030,272900
163148,273000
163657,273100
163771,273200
163889,273300
163965,273400
164079,273500
164178,273600
164263,273700
164342,273800
164410,273900
164505,274000
164975,274100
165078,274200
165212,274300
165386,274400
165474,274500
165581,274600
165680,274700
165779,274800
165878,274900
165972,275000
166472,275100
166562,275200
166667,275300
166771,275400
166850,275500
166953,275600
167054,275700
167129,275800
167217,275900
167301,276000
167742,276100
167845,276200
167940,276300
168021,276400
168100,276500
168208,276600
168295,276700
168388,276800
168485,276900
168573,277000
168967,277100
169074,277200
169154,277300
169234,277400
169341,277500
169421,277600
169521,277700
169605,277800
169690,277900
169763,278000
170218,278100
170306,278200
170430,278300
170545,278400
170660,278500
170772,278600
170922,278700
171013,278800
171119,278900
171240,279000
171736,279100
171899,279200
171972,279300
172065,279400
172140,279500
172217,279600
172293,279700
172374,279800
172443,279900
172521,280000
172920,280100
172988,280200
173068,280300
173169,280400
173259,280500
173365,280600
173469,280700
173544,280800
173636,280900
173723,281000
174143,281100
174225,281200
174302,281300
174384,281400
174464,281500
174570,281600
174675,281700
174777,281800
174869,281900
174958,282000
175430,282100
175541,282200
175651,282300
175755,282400
175860,282500
175970,282600
176102,282700
176272,282800
176383,282900
176499,283000
176985,283100
177088,283200
177236,283300
177316,283400
177405,283500
177478,283600
177575,283700
177678,283800
177755,283900
177852,284000
178471,284100
178589,284200
178684,284300
178795,284400
178907,284500
179008,284600
179119,284700
179208,284800
179306,284900
179427,285000
179943,285100
180060,285200
180152,285300
180284,285400
180418,285500
180522,285600
180624,285700
180721,285800
180818,285900
180910,286000
181371,286100
181466,286200
181580,286300
181715,286400
181858,286500
181990,286600
182107,286700
182263,286800
182454,286900
182593,287000
183092,287100
183180,287200
183277,287300
183429,287400
183529,287500
183626,287600
183756,287700
183874,287800
183993,287900
184089,288000
184770,288100
184872,288200
184972,288300
185117,288400
185230,288500
185333,288600
185457,288700
185629,288800
185793,288900
185930,289000
186538,289100
186647,289200
186749,289300
186865,289400
186972,289500
187069,289600
187171,289700
187274,289800
187407,289900
187521,290000
188095,290100
188231,290200
188375,290300
188517,290400
188694,290500
188870,290600
188981,290700
189110,290800
189237,290900
189354,291000
189864,291100
189960,291200
190075,291300
190199,291400
190342,291500
190459,291600
190557,291700
190662,291800
190782,291900
190864,292000
191320,292100
191417,292200
191514,292300
191627,292400
191751,292500
191858,292600
191984,292700
192087,292800
192194,292900
192311,293000
192760,293100
192871,293200
193002,293300
193100,293400
193212,293500
193306,293600
193417,293700
193509,293800
193596,293900
193688,294000
194186,294100
194307,294200
194428,294300
194549,294400
194666,294500
194813,294600
194956,294700
195102,294800
195253,294900
195418,295000
195894,295100
196130,295200
196237,295300
196350,295400
196440,295500
196511,295600
196674,295700
196772,295800
196890,295900
196988,296000
197518,296100
197643,296200
197743,296300
197850,296400
197947,296500
198054,296600
198148,296700
198285,296800
198382,296900
198496,297000
198941,297100
199076,297200
199167,297300
199284,297400
199387,297500
199507,297600
199609,297700
199693,297800
199792,297900
199889,298000
200330,298100
200455,298200
200566,298300
200690,298400
200828,298500
200941,298600
201042,298700
201140,298800
201248,298900
201363,299000
201874,299100
202014,299200
202157,299300
202267,299400
202405,299500
202572,299600
202685,299700
202881,299800
202997,299900
203092,300000
203529,300100
203614,300200
203738,300300
203852,300400
203980,300500
204088,300600
204197,300700
204319,300800
204440,300900
204552,301000
205024,301100
205125,301200
205249,301300
205346,301400
205446,301500
205556,301600
205664,301700
205794,301800
205901,301900
206024,302000
206532,302100
206686,302200
206854,302300
206964,302400
207102,302500
207248,302600
207402,302700
207560,302800
207751,302900
207902,303000
208394,303100
208560,303200
208687,303300
208833,303400
208978,303500
209148,303600
209320,303700
209420,303800
209523,303900
209637,304000
210085,304100
210175,304200
210308,304300
210437,304400
210564,304500
210689,304600
210787,304700
210878,304800
211003,304900
211167,305000
211708,305100
211838,305200
211949,305300
212060,305400
212180,305500
212299,305600
212394,305700
212495,305800
212573,305900
212683,306000
213145,306100
213268,306200
213408,306300
213554,306400
213697,306500
213852,306600
213994,306700
214134,306800
214252,306900
214368,307000
214883,307100
214978,307200
215122,307300
215256,307400
215406,307500
215540,307600
215708,307700
215821,307800
215925,307900
216036,308000
216463,308100
216578,308200
216674,308300
216778,308400
216893,308500
217040,308600
217238,308700
217409,308800
217555,308900
217725,309000
218265,309100
218383,309200
218474,309300
218573,309400
218687,309500
218786,309600
218926,309700
219053,309800
219181,309900
219305,310000
219881,310100
220006,310200
220139,310300
220242,310400
220360,310500
220482,310600
220603,310700
220740,310800
220899,310900
221004,311000
221576,311100
221708,311200
221857,311300
222008,311400
222119,311500
222295,311600
222449,311700
222559,311800
222677,311900
222803,312000
223303,312100
223436,312200
223565,312300
223675,312400
223813,312500
223925,312600
224019,312700
224163,312800
224302,312900
224417,313000
224944,313100
225065,313200
225211,313300
225355,313400
225471,313500
225595,313600
225691,313700
225804,313800
225933,313900
226080,314000
226674,314100
226860,314200
227054,314300
227206,314400
227373,314500
227538,314600
227658,314700
227792,314800
227921,314900
228081,315000
228580,315100
228728,315200
228915,315300
229070,315400
229267,315500
229496,315600
229618,315700
229744,315800
229921,315900
230026,316000
230498,316100
230609,316200
230733,316300
230833,316400
230952,316500
231101,316600
231226,316700
231341,316800
231453,316900
231588,317000
232104,317100
232209,317200
232325,317300
232474,317400
232615,317500
232737,317600
232851,317700
232984,317800
233086,317900
233214,318000
233759,318100
233897,318200
234029,318300
234136,318400
234275,318500
234426,318600
234615,318700
234798,318800
234954,318900
235119,319000
235591,319100
235747,319200
235950,319300
236143,319400
236285,319500
236452,319600
236563,319700
236729,319800
236979,319900
237133,320000
237661,320100
237787,320200
237907,320300
238056,320400
238160,320500
238277,320600
238422,320700
238609,320800
238781,320900
238976,321000
239439,321100
239584,321200
239748,321300
239959,321400
240075,321500
240196,321600
240301,321700
240409,321800
240540,321900
240675,322000
241288,322100
241481,322200
241695,322300
241918,322400
242095,322500
242285,322600
242501,322700
242710,322800
242871,322900
243092,323000
243686,323100
243893,323200
244157,323300
244401,323400
244532,323500
244666,323600
244800,323700
244929,323800
245027,323900
245157,324000
245604,324100
245750,324200
245891,324300
246038,324400
246188,324500
246340,324600
246454,324700
246584,324800
246709,324900
246822,325000
247441,325100
247604,325200
247768,325300
247910,325400
248074,325500
248194,325600
248351,325700
248494,325800
248608,325900
248725,326000
249320,326100
249518,326200
249716,326300
249907,326400
250084,326500
250266,326600
250494,326700
250663,326800
250832,326900
250998,327000
251993,327100
252164,327200
252412,327300
252617,327400
252861,327500
253039,327600
253209,327700
253358,327800
253496,327900
253637,328000
254181,328100
254344,328200
254531,328300
254753,328400
254937,328500
255139,328600
255344,328700
255513,328800
255700,328900
255881,329000
256469,329100
256620,329200
256787,329300
256924,329400
257110,329500
257275,329600
257440,329700
257652,329800
257822,329900
257984,330000
258585,330100
258749,330200
258915,330300
259089,330400
259298,330500
259456,330600
259649,330700
259835,330800
260008,330900
260205,331000
261086,331100
261294,331200
261462,331300
261682,331400
261853,331500
262014,331600
262166,331700
262310,331800
262460,331900
262585,332000
263188,332100
263347,332200
263511,332300
263731,332400
263961,332500
264150,332600
264428,332700
264623,332800
264817,332900
265055,333000
265733,333100
265883,333200
266064,333300
266227,333400
266402,333500
266573,333600
266723,333700
266902,333800
267051,333900
267198,334000
267856,334100
268025,334200
268239,334300
268478,334400
268737,334500
268987,334600
269254,334700
269531,334800
269782,334900
270024,335000
270720,335100
270949,335200
271140,335300
271298,335400
271454,335500
271621,335600
271759,335700
271869,335800
271987,335900
272111,336000
272696,336100
272875,336200
273012,336300
273224,336400
273377,336500
273589,336600
273807,336700
273964,336800
274083,336900
274199,337000
274729,337100
274918,337200
275090,337300
275251,337400
275403,337500
275541,337600
275728,337700
275868,337800
276019,337900
276187,338000
276787,338100
277008,338200
277219,338300
277435,338400
277602,338500
277832,338600
278028,338700
278304,338800
278570,338900
278809,339000
279532,339100
279715,339200
280002,339300
280172,339400
280310,339500
280483,339600
280648,339700
280837,339800
280997,339900
281148,340000
281796,340100
282026,340200
282264,340300
282496,340400
282771,340500
283056,340600
283264,340700
283440,340800
283593,340900
283743,341000
284358,341100
284530,341200
284722,341300
284911,341400
285023,341500
285200,341600
285382,341700
285558,341800
285697,341900
285875,342000
286493,342100
286660,342200
286833,342300
287038,342400
287231,342500
287497,342600
287714,342700
287935,342800
288159,342900
288360,343000
288969,343100
289246,343200
289623,343300
289863,343400
290101,343500
290375,343600
290585,343700
290800,343800
291023,343900
291267,344000
291899,344100
292091,344200
292280,344300
292467,344400
292718,344500
292997,344600
293178,344700
293366,344800
293595,344900
293805,345000
294430,345100
294633,345200
294843,345300
295035,345400
295207,345500
295436,345600
295605,345700
295804,345800
295998,345900
296174,346000
296964,346100
297188,346200
297464,346300
297698,346400
297903,346500
298130,346600
298297,346700
298502,346800
298731,346900
298956,347000
299680,347100
299864,347200
300062,347300
300251,347400
300434,347500
300616,347600
300756,347700
300928,347800
301127,347900
301282,348000
301902,348100
302086,348200
302282,348300
302488,348400
302680,348500
302863,348600
303032,348700
303226,348800
303424,348900
303548,349000
304144,349100
304299,349200
304478,349300
304675,349400
304810,349500
304977,349600
305165,349700
305308,349800
305497,349900
305685,350000
306397,350100
306673,350200
306961,350300
307201,350400
307432,350500
307685,350600
307909,350700
308127,350800
308351,350900
308595,351000
309244,351100
309559,351200
309873,351300
310071,351400
310316,351500
310536,351600
310763,351700
310965,351800
311188,351900
311458,352000
312055,352100
312319,352200
312547,352300
312726,352400
312921,352500
313126,352600
313327,352700
313521,352800
313703,352900
313895,353000
314478,353100
314682,353200
314907,353300
315106,353400
315327,353500
315520,353600
315708,353700
315856,353800
316064,353900
316291,354000
316962,354100
317220,354200
317509,354300
317737,354400
317920,354500
318127,354600
318349,354700
318535,354800
318746,354900
318970,355000
320795,355100
320995,355200
321192,355300
321389,355400
321591,355500
321807,355600
321978,355700
322149,355800
322307,355900
322518,356000
323267,356100
323500,356200
323738,356300
323936,356400
324149,356500
324377,356600
324631,356700
324833,356800
325082,356900
325298,357000
326045,357100
326372,357200
326589,357300
326758,357400
326960,357500
327165,357600
327376,357700
327591,357800
327789,357900
328001,358000
328716,358100
328984,358200
329288,358300
329533,358400
329778,358500
330098,358600
330417,358700
330631,358800
330929,358900
331238,359000
331991,359100
332203,359200
332439,359300
332646,359400
332818,359500
333026,359600
333195,359700
333323,359800
333493,359900
333683,360000
334324,360100
334591,360200
334882,360300
335148,360400
335412,360500
335713,360600
336006,360700
336266,360800
336470,360900
336748,361000
337535,361100
337779,361200
338089,361300
338316,361400
338516,361500
338745,361600
338991,361700
339214,361800
339421,361900
339641,362000
340589,362100
340932,362200
341157,362300
341437,362400
341691,362500
341896,362600
342144,362700
342453,362800
342637,362900
342931,363000
343690,363100
343915,363200
344228,363300
344507,363400
344720,363500
344944,363600
345173,363700
345399,363800
345592,363900
345828,364000
346626,364100
347032,364200
347431,364300
347817,364400
348233,364500
348663,364600
348957,364700
349295,364800
349748,364900
350018,365000
350948,365100
351236,365200
351500,365300
351743,365400
352030,365500
352325,365600
352563,365700
352864,365800
353092,365900
353354,366000
354254,366100
354573,366200
354854,366300
355198,366400
355506,366500
355762,366600
356043,366700
356288,366800
356537,366900
356774,367000
357505,367100
357768,367200
358005,367300
358316,367400
358689,367500
359124,367600
359471,367700
359894,367800
360294,367900
360618,368000
361412,368100
361696,368200
361956,368300
362342,368400
362751,368500
363170,368600
363562,368700
363851,368800
364069,368900
364271,369000
365038,369100
365229,369200
365502,369300
365669,369400
365911,369500
366156,369600
366424,369700
366652,369800
366866,369900
367073,370000
367784,370100
368042,370200
368328,370300
368570,370400
368850,370500
369136,370600
369354,370700
369628,370800
369869,370900
370133,371000
370768,371100
370991,371200
371251,371300
371467,371400
371692,371500
371894,371600
372105,371700
372306,371800
372492,371900
372683,372000
373377,372100
373589,372200
373859,372300
374112,372400
374395,372500
374647,372600
374993,372700
375324,372800
375550,372900
375737,373000
376506,373100
376768,373200
377009,373300
377240,373400
377466,373500
377757,373600
378017,373700
378428,373800
378820,373900
379135,374000
380143,374100
380529,374200
380874,374300
381232,374400
381626,374500
381994,374600
382425,374700
382856,374800
383246,374900
383537,375000
384311,375100
384575,375200
384823,375300
385128,375400
385458,375500
385726,375600
386052,375700
386315,375800
386598,375900
386928,376000
387743,376100
387987,376200
388262,376300
388456,376400
388734,376500
388990,376600
389242,376700
389535,376800
389833,376900
390041,377000
390781,377100
391012,377200
391210,377300
391374,377400
391579,377500
391783,377600
391972,377700
392227,377800
392554,377900
392855,378000
393735,378100
394127,378200
394539,378300
394885,378400
395218,378500
395538,378600
395848,378700
396133,378800
396564,378900
396788,379000
397570,379100
397835,379200
398183,379300
398454,379400
398764,379500
399009,379600
399321,379700
399715,379800
400007,379900
400252,380000
401041,380100
401308,380200
401681,380300
402003,380400
402274,380500
402572,380600
402819,380700
403054,380800
403300,380900
403549,381000
407235,381100
407547,381200
407807,381300
408072,381400
408339,381500
408599,381600
408873,381700
409195,381800
409542,381900
409914,382000
412644,382100
413059,382200
413475,382300
413826,382400
414052,382500
414285,382600
414533,382700
414790,382800
414993,382900
415290,383000
416085,383100
416350,383200
416620,383300
416846,383400
417149,383500
417404,383600
417627,383700
417880,383800
418154,383900
418417,384000
419289,384100
419589,384200
419829,384300
420111,384400
420387,384500
420593,384600
420816,384700
421017,384800
421291,384900
421562,385000
422364,385100
422663,385200
422934,385300
423180,385400
423499,385500
423742,385600
424026,385700
424295,385800
424521,385900
424805,386000
425695,386100
425985,386200
426374,386300
426736,386400
427173,386500
427547,386600
427896,386700
428246,386800
428640,386900
428847,387000
429578,387100
429915,387200
430246,387300
430580,387400
430942,387500
431274,387600
431579,387700
431914,387800
432274,387900
432642,388000
437300,388100
437636,388200
437964,388300
438316,388400
438591,388500
438901,388600
439223,388700
439568,388800
439882,388900
440152,389000
440956,389100
441293,389200
441573,389300
441872,389400
442184,389500
442563,389600
442938,389700
443223,389800
443576,389900
443928,390000
444960,390100
445235,390200
445535,390300
445822,390400
446133,390500
446394,390600
446743,390700
447062,390800
447513,390900
447868,391000
448675,391100
448969,391200
449298,391300
449626,391400
449958,391500
450287,391600
450543,391700
450907,391800
451269,391900
451572,392000
452419,392100
452896,392200
453208,392300
453540,392400
453857,392500
454121,392600
454404,392700
454695,392800
455056,392900
455343,393000
456162,393100
456476,393200
456801,393300
457189,393400
457642,393500
457989,393600
458419,393700
458748,393800
459027,393900
459347,394000
460418,394100
460970,394200
461428,394300
461927,394400
462307,394500
462645,394600
463013,394700
463395,394800
463654,394900
463932,395000
464853,395100
465223,395200
465613,395300
466042,395400
466433,395500
466760,395600
467196,395700
467486,395800
467749,395900
468035,396000
468968,396100
469486,396200
469936,396300
470395,396400
470702,396500
471005,396600
471368,396700
471666,396800
471948,396900
472242,397000
473023,397100
473295,397200
473618,397300
473916,397400
474216,397500
474488,397600
474760,397700
475193,397800
475450,397900
475744,398000
476673,398100
477038,398200
477340,398300
477708,398400
478055,398500
478453,398600
478805,398700
479266,398800
479645,398900
479868,399000
480813,399100
481184,399200
481574,399300
481989,399400
482492,399500
482972,399600
483485,399700
483911,399800
484236,399900
484521,400000
485371,400100
485759,400200
486082,400300
486426,400400
486831,400500
487233,400600
487656,400700
488017,400800
488359,400900
488719,401000
489611,401100
489937,401200
490311,401300
490651,401400
490971,401500
491256,401600
491621,401700
491923,401800
492290,401900
492572,402000
493582,402100
493900,402200
494187,402300
494532,402400
494848,402500
495219,402600
495595,402700
495949,402800
496343,402900
496696,403000
497636,403100
497955,403200
498352,403300
498711,403400
499014,403500
499401,403600
499862,403700
500197,403800
500513,403900
500852,404000
501755,404100
502072,404200
502422,404300
502844,404400
503226,404500
503603,404600
504050,404700
504358,404800
504877,404900
505203,405000
506125,405100
506490,405200
506823,405300
507190,405400
507566,405500
507929,405600
508220,405700
508513,405800
508816,405900
509067,406000
510140,406100
510494,406200
510818,406300
511206,406400
511523,406500
511849,406600
512203,406700
512676,406800
512967,406900
513247,407000
514187,407100
514538,407200
514923,407300
515266,407400
515679,407500
516060,407600
516359,407700
516798,407800
517234,407900
517514,408000
518449,408100
518861,408200
519182,408300
519700,408400
520086,408500
520394,408600
520702,408700
521111,408800
521503,408900
521828,409000
522766,409100
523164,409200
523517,409300
523880,409400
524208,409500
524516,409600
524814,409700
525194,409800
525492,409900
525806,410000
526793,410100
527227,410200
527613,410300
528022,410400
528362,410500
528757,410600
529083,410700
529443,410800
529794,410900
530030,411000
530954,411100
531341,411200
531721,411300
532152,411400
532537,411500
532869,411600
533269,411700
533670,411800
533967,411900
534277,412000
535297,412100
535714,412200
536265,412300
536700,412400
537131,412500
537558,412600
537973,412700
538352,412800
538591,412900
538893,413000
539693,413100
540075,413200
540448,413300
540857,413400
541208,413500
541626,413600
542056,413700
542427,413800
542734,413900
543051,414000
544120,414100
544599,414200
545050,414300
545461,414400
545835,414500
546215,414600
546688,414700
547187,414800
547409,414900
547661,415000
548532,415100
548945,415200
549318,415300
549760,415400
550088,415500
550479,415600
550910,415700
551335,415800
551681,415900
552115,416000
562606,416100
563209,416200
563712,416300
564210,416400
564640,416500
565042,416600
565472,416700
565856,416800
566190,416900
566517,417000
567390,417100
567711,417200
568153,417300
568598,417400
568984,417500
569569,417600
570013,417700
570431,417800
570752,417900
571099,418000
572221,418100
572630,418200
573173,418300
573652,418400
574141,418500
574534,418600
575043,418700
575355,418800
575743,418900
576106,419000
576949,419100
577330,419200
577719,419300
578218,419400
578586,419500
578942,419600
579356,419700
579806,419800
580191,419900
580554,420000
581494,420100
581918,420200
582340,420300
582759,420400
583294,420500
583797,420600
584224,420700
584699,420800
585145,420900
585520,421000
586613,421100
587065,421200
587452,421300
587827,421400
588207,421500
588612,421600
589037,421700
589444,421800
589843,421900
590180,422000
591183,422100
591733,422200
592271,422300
592801,422400
593286,422500
593770,422600
594264,422700
594655,422800
595045,422900
595472,423000
596510,423100
596997,423200
597511,423300
598034,423400
598483,423500
598871,423600
599294,423700
599630,423800
599962,423900
600246,424000
601145,424100
601591,424200
602022,424300
602417,424400
602997,424500
603399,424600
603804,424700
604208,424800
604599,424900
604921,425000
605786,425100
606070,425200
606410,425300
606772,425400
607195,425500
607598,425600
607979,425700
608474,425800
608816,425900
609130,426000
610107,426100
610479,426200
610932,426300
611479,426400
611908,426500
612357,426600
612819,426700
613283,426800
613694,426900
614087,427000
615064,427100
615472,427200
615828,427300
616204,427400
616607,427500
617010,427600
617432,427700
617856,427800
618271,427900
618601,428000
619676,428100
620099,428200
620478,428300
620890,428400
621415,428500
621807,428600
622196,428700
622585,428800
622968,428900
623298,429000
624190,429100
624510,429200
624817,429300
625272,429400
625595,429500
625947,429600
626284,429700
626653,429800
627053,429900
627421,430000
628450,430100
628969,430200
629423,430300
629907,430400
630326,430500
630879,430600
631305,430700
631780,430800
632121,430900
632449,431000
633437,431100
633846,431200
634183,431300
634424,431400
634731,431500
635074,431600
635502,431700
635921,431800
636402,431900
636826,432000
638250,432100
638723,432200
639191,432300
639648,432400
640016,432500
640496,432600
640977,432700
641351,432800
641925,432900
642313,433000
643387,433100
643857,433200
644298,433300
644776,433400
645168,433500
645531,433600
646013,433700
646428,433800
646865,433900
647409,434000
648577,434100
649136,434200
649689,434300
650345,434400
650829,434500
651423,434600
651976,434700
652395,434800
652864,434900
653216,435000
655387,435100
655953,435200
656501,435300
656966,435400
657501,435500
657986,435600
658715,435700
659218,435800
659651,435900
660212,436000
661489,436100
662050,436200
662615,436300
663086,436400
663584,436500
664092,436600
664511,436700
664997,436800
665435,436900
666057,437000
667218,437100
667682,437200
668280,437300
668804,437400
669278,437500
669784,437600
670228,437700
670596,437800
670994,437900
671403,438000
672616,438100
673154,438200
673718,438300
674275,438400
674770,438500
675483,438600
675811,438700
676178,438800
676511,438900
676876,439000
677947,439100
678415,439200
678956,439300
679447,439400
680029,439500
680733,439600
681234,439700
681673,439800
682151,439900
682636,440000
684090,440100
684660,440200
685203,440300
685708,440400
686373,440500
686888,440600
687449,440700
687918,440800
688435,440900
688870,441000
690071,441100
690582,441200
691086,441300
691519,441400
692077,441500
692609,441600
693031,441700
693435,441800
693871,441900
694348,442000
695538,442100
696156,442200
696796,442300
697519,442400
698182,442500
698825,442600
699337,442700
699827,442800
700268,442900
700732,443000
701786,443100
702355,443200
703017,443300
703571,443400
704231,443500
704893,443600
705366,443700
705832,443800
706175,443900
706489,444000
707717,444100
708238,444200
708999,444300
709535,444400
710141,444500
710723,444600
711244,444700
711862,444800
712360,444900
712784,445000
714110,445100
714615,445200
715177,445300
715779,445400
716296,445500
716891,445600
717404,445700
717857,445800
718333,445900
718772,446000
724370,446100
724916,446200
725650,446300
726120,446400
726574,446500
727052,446600
727492,446700
727923,446800
728337,446900
728772,447000
736053,447100
736758,447200
737412,447300
737939,447400
738528,447500
739100,447600
739624,447700
740080,447800
740485,447900
741031,448000
742416,448100
743000,448200
743577,448300
744150,448400
744634,448500
745232,448600
745939,448700
746456,448800
747005,448900
747615,449000
748753,449100
749144,449200
749537,449300
749986,449400
750337,449500
750751,449600
751273,449700
751900,449800
752488,449900
753101,450000
754440,450100
755177,450200
755788,450300
756595,450400
757430,450500
757954,450600
758724,450700
759290,450800
759815,450900
760365,451000
761659,451100
762286,451200
763003,451300
763616,451400
764409,451500
765027,451600
765688,451700
766292,451800
766794,451900
767295,452000
780634,452100
781448,452200
782181,452300
782900,452400
783468,452500
784049,452600
784530,452700
785115,452800
785620,452900
786307,453000
787683,453100
788171,453200
788700,453300
789205,453400
789757,453500
790358,453600
790989,453700
791485,453800
792115,453900
792631,454000
794175,454100
795211,454200
796033,454300
796784,454400
797678,454500
798286,454600
798826,454700
799291,454800
799780,454900
800265,455000
801578,455100
802222,455200
803147,455300
803909,455400
804644,455500
805414,455600
806113,455700
806777,455800
807332,455900
807912,456000
809510,456100
810179,456200
810981,456300
811746,456400
812596,456500
813297,456600
814209,456700
814907,456800
815656,456900
816496,457000
817922,457100
818695,457200
819488,457300
820136,457400
820753,457500
821389,457600
821966,457700
822581,457800
823178,457900
823710,458000
835491,458100
836483,458200
837172,458300
837822,458400
838440,458500
839039,458600
839625,458700
840186,458800
840766,458900
841324,459000
842652,459100
843360,459200
844203,459300
844872,459400
845457,459500
846079,459600
846626,459700
847312,459800
847838,459900
848411,460000
849905,460100
850805,460200
851452,460300
852245,460400
853000,460500
853634,460600
854195,460700
854731,460800
855303,460900
855828,461000
857009,461100
857665,461200
858420,461300
858970,461400
859540,461500
860082,461600
860613,461700
861046,461800
861573,461900
862039,462000
863467,462100
864231,462200
864774,462300
865371,462400
865990,462500
866686,462600
867197,462700
867699,462800
868311,462900
868818,463000
870195,463100
870752,463200
871336,463300
871941,463400
872548,463500
873031,463600
873595,463700
874045,463800
874607,463900
875362,464000
876660,464100
877285,464200
877936,464300
878551,464400
879192,464500
879885,464600
880564,464700
881094,464800
881663,464900
882194,465000
883464,465100
884025,465200
884627,465300
885192,465400
885777,465500
886645,465600
887272,465700
887778,465800
888275,465900
888798,466000
890210,466100
890854,466200
891671,466300
892289,466400
892818,466500
893301,466600
893787,466700
894245,466800
894729,466900
895189,467000
896469,467100
897000,467200
897661,467300
898248,467400
898877,467500
899493,467600
900070,467700
900672,467800
901346,467900
901940,468000
904007,468100
904776,468200
905444,468300
906085,468400
906668,468500
907344,468600
907924,468700
908551,468800
909013,468900
909511,469000
910670,469100
911204,469200
911757,469300
912272,469400
912769,469500
913259,469600
913720,469700
914407,469800
914906,469900
915434,470000
916820,470100
917450,470200
918117,470300
918807,470400
919549,470500
920175,470600
920673,470700
921139,470800
921625,470900
922096,471000
923396,471100
923944,471200
924492,471300
925141,471400
925696,471500
926236,471600
926748,471700
927297,471800
927808,471900
928298,472000
929591,472100
930193,472200
930966,472300
931572,472400
932169,472500
932687,472600
933260,472700
933824,472800
934356,472900
934824,473000
936187,473100
936770,473200
937261,473300
937782,473400
938309,473500
938840,473600
939323,473700
939746,473800
940154,473900
940568,474000
941967,474100
942527,474200
943125,474300
943747,474400
944290,474500
944910,474600
945582,474700
946011,474800
946385,474900
946815,475000
948097,475100
948845,475200
949325,475300
949828,475400
950203,475500
950667,475600
951122,475700
951559,475800
952077,475900
952599,476000
953850,476100
954465,476200
955080,476300
955679,476400
956261,476500
956850,476600
957307,476700
957822,476800
958313,476900
958927,477000
960103,477100
960453,477200
961068,477300
961665,477400
962172,477500
962682,477600
963208,477700
963695,477800
964298,477900
964732,478000
967802,478100
968530,478200
968983,478300
969481,478400
970060,478500
970369,478600
970770,478700
971224,478800
971600,478900
972050,479000
973221,479100
973751,479200
974312,479300
974871,479400
975440,479500
975923,479600
976419,479700
976879,479800
977307,479900
977779,480000
979013,480100
979602,480200
980204,480300
980919,480400
981521,480500
982188,480600
982720,480700
983189,480800
983662,480900
984130,481000
985245,481100
985756,481200
986270,481300
986889,481400
987426,481500
987957,481600
988475,481700
989004,481800
989508,481900
990012,482000
991511,482100
992409,482200
993052,482300
993610,482400
994255,482500
994751,482600
995248,482700
995774,482800
996184,482900
996588,483000
998020,483100
998555,483200
998981,483300
999502,483400
999914,483500
1000367,483600
1000747,483700
1001123,483800
1001569,483900
1001926,484000
1003363,484100
1003917,484200
1004341,484300
1004780,484400
1005151,484500
1005636,484600
1006082,484700
1006543,484800
1006973,484900
1007366,485000
1008428,485100
1008877,485200
1009362,485300
1009735,485400
1010215,485500
1010581,485600
1010889,485700
1011282,485800
1011726,485900
1012209,486000
1013730,486100
1014571,486200
1015114,486300
1015597,486400
1016092,486500
1016558,486600
1017042,486700
1017430,486800
1017828,486900
1018297,487000
1019879,487100
1020401,487200
1020949,487300
1021430,487400
1021817,487500
1022188,487600
1022542,487700
1022964,487800
1023434,487900
1023875,488000
1025146,488100
1025889,488200
1026437,488300
1027085,488400
1027695,488500
1028337,488600
1028838,488700
1029290,488800
1029704,488900
1030250,489000
1031763,489100
1032328,489200
1032893,489300
1033473,489400
1033959,489500
1034539,489600
1035069,489700
1035603,489800
1036112,489900
1036664,490000
1037983,490100
1038681,490200
1039385,490300
1040052,490400
1040654,490500
1041293,490600
1041884,490700
1042597,490800
1043071,490900
1043511,491000
1045122,491100
1045803,491200
1046381,491300
1046910,491400
1047453,491500
1048088,491600
1048524,491700
1048924,491800
1049256,491900
1049752,492000
1051335,492100
1052002,492200
1052714,492300
1053546,492400
1054192,492500
1054877,492600
1055487,492700
1056078,492800
1056681,492900
1057358,493000
1058991,493100
1059586,493200
1060261,493300
1060914,493400
1061543,493500
1062127,493600
1062666,493700
1063197,493800
1063755,493900
1064498,494000
1096457,494100
1098789,494200
1100457,494300
1101669,494400
1103257,494500
1104746,494600
1106030,494700
1107673,494800
1108879,494900
1110705,495000
1113263,495100
1114675,495200
1115696,495300
1116508,495400
1117488,495500
1118423,495600
1119199,495700
1120295,495800
1121211,495900
1122069,496000
1124221,496100
1125627,496200
1126977,496300
1128104,496400
1129220,496500
1130192,496600
1131349,496700
1132336,496800
1133337,496900
1134330,497000
1136441,497100
1137693,497200
1138717,497300
1139541,497400
1140579,497500
1141681,497600
1142684,497700
1143646,497800
1144626,497900
1145535,498000
1147596,498100
1148769,498200
1150108,498300
1151315,498400
1152585,498500
1153608,498600
1154488,498700
1155398,498800
1156253,498900
1157065,499000
1159012,499100
1159926,499200
1160807,499300
1161619,499400
1162365,499500
1163222,499600
1164040,499700
1164839,499800
1165558,499900
1166211,500000
1168637,500100
1169641,500200
1170676,500300
1171648,500400
1172691,500500
1173850,500600
1174699,500700
1175511,500800
1176419,500900
1177035,501000
1178673,501100
1179698,501200
1180533,501300
1181380,501400
1182203,501500
1182975,501600
1183758,501700
1184726,501800
1185670,501900
1186394,502000
1188317,502100
1189070,502200
1190280,502300
1191187,502400
1192178,502500
1193071,502600
1194199,502700
1194958,502800
1195777,502900
1196444,503000
1198226,503100
1199008,503200
1199758,503300
1200552,503400
1201310,503500
1201903,503600
1202460,503700
1203042,503800
1203673,503900
1204232,504000
1205885,504100
1206778,504200
1207536,504300
1208409,504400
1209277,504500
1209989,504600
1210639,504700
1211335,504800
1212141,504900
1212888,505000
1214372,505100
1215190,505200
1216176,505300
1216878,505400
1217664,505500
1218540,505600
1219402,505700
1219993,505800
1220613,505900
1221273,506000
1223309,506100
1224308,506200
1225287,506300
1226282,506400
1227076,506500
1227958,506600
1228624,506700
1229196,506800
1229790,506900
1230333,507000
1231843,507100
1232661,507200
1233393,507300
1233984,507400
1234555,507500
1235050,507600
1235702,507700
1236288,507800
1236820,507900
1237456,508000
1239382,508100
1240417,508200
1241498,508300
1242652,508400
1243710,508500
1245169,508600
1246141,508700
1247166,508800
1247954,508900
1248711,509000
1250663,509100
1251613,509200
1252503,509300
1253280,509400
1254071,509500
1255102,509600
1255900,509700
1256657,509800
1257467,509900
1258180,510000
1259988,510100
1261074,510200
1262029,510300
1262966,510400
1263692,510500
1264442,510600
1265047,510700
1265999,510800
1266540,510900
1267236,511000
1268835,511100
1269527,511200
1270426,511300
1271571,511400
1272123,511500
1272555,511600
1273104,511700
1273742,511800
1274344,511900
1274922,512000
1276738,512100
1277484,512200
1278419,512300
1279208,512400
1280070,512500
1280748,512600
1281482,512700
1282132,512800
1282646,512900
1283244,513000
1284794,513100
1285577,513200
1286064,513300
1286788,513400
1287203,513500
1287729,513600
1288187,513700
1288546,513800
1288919,513900
1289229,514000
1290421,514100
1290950,514200
1291522,514300
1292101,514400
1292673,514500
1293368,514600
1293801,514700
1294239,514800
1294592,514900
1294879,515000
1295898,515100
1296373,515200
1296845,515300
1297295,515400
1297744,515500
1298468,515600
1298944,515700
1299393,515800
1299842,515900
1300194,516000
1301193,516100
1301574,516200
1301983,516300
1302392,516400
1302887,516500
1303347,516600
1303934,516700
1304399,516800
1304941,516900
1305435,517000
1306504,517100
1306849,517200
1307236,517300
1307723,517400
1308191,517500
1308643,517600
1309148,517700
1309629,517800
1310126,517900
1310544,518000
1311844,518100
1312379,518200
1312901,518300
1313414,518400
1314100,518500
1314879,518600
1315433,518700
1315859,518800
1316323,518900
1316870,519000
1318121,519100
1318843,519200
1319436,519300
1319770,519400
1320254,519500
1320646,519600
1321052,519700
1321552,519800
1322042,519900
1322484,520000
1323829,520100
1324413,520200
1324922,520300
1325339,520400
1325742,520500
1326131,520600
1326487,520700
1326932,520800
1327319,520900
1327753,521000
1329107,521100
1329699,521200
1330273,521300
1330900,521400
1331378,521500
1331794,521600
1332282,521700
1332873,521800
1333244,521900
1333624,522000
1334957,522100
1335551,522200
1336255,522300
1336702,522400
1337124,522500
1337597,522600
1338199,522700
1338534,522800
1338925,522900
1339272,523000
1340375,523100
1341054,523200
1341710,523300
1342060,523400
1342428,523500
1342820,523600
1343277,523700
1343656,523800
1344142,523900
1344616,524000
1345755,524100
1346262,524200
1346586,524300
1347150,524400
1347582,524500
1347836,524600
1348175,524700
1348523,524800
1348972,524900
1349491,525000
1350707,525100
1351164,525200
1351622,525300
1352077,525400
1352783,525500
1353112,525600
1353567,525700
1354144,525800
1355012,525900
1355719,526000
1357054,526100
1357976,526200
1358653,526300
1359423,526400
1360296,526500
1360837,526600
1361200,526700
1361574,526800
1362052,526900
1362440,527000
1363919,527100
1364665,527200
1365150,527300
1365676,527400
1366176,527500
1366708,527600
1367052,527700
1367391,527800
1367685,527900
1368061,528000
1369425,528100
1369900,528200
1370702,528300
1371406,528400
1371888,528500
1372351,528600
1372758,528700
1373244,528800
1373646,528900
1374015,529000
1375209,529100
1375780,529200
1376536,529300
1377278,529400
1378004,529500
1378520,529600
1378969,529700
1379508,529800
1380083,529900
1380592,530000
1383521,530100
1384242,530200
1385302,530300
1386035,530400
1386645,530500
1387144,530600
1387611,530700
1388105,530800
1388400,530900
1388669,531000
1389773,531100
1390487,531200
1391073,531300
1391593,531400
1392174,531500
1392982,531600
1393666,531700
1394307,531800
1395036,531900
1395787,532000
1396978,532100
1397604,532200
1398249,532300
1398899,532400
1399478,532500
1399932,532600
1400307,532700
1400683,532800
1401229,532900
1401600,533000
1402694,533100
1403082,533200
1403568,533300
1404152,533400
1404727,533500
1405325,533600
1405925,533700
1406505,533800
1406973,533900
1407440,534000
1412317,534100
1412655,534200
1413184,534300
1413768,534400
1414342,534500
1415022,534600
1415496,534700
1415987,534800
1416507,534900
1416974,535000
1418472,535100
1418953,535200
1419335,535300
1419960,535400
1420619,535500
1421263,535600
1421806,535700
1422306,535800
1422920,535900
1423493,536000
1424713,536100
1425191,536200
1425561,536300
1425906,536400
1426357,536500
1426837,536600
1427353,536700
1428069,536800
1428488,536900
1428911,537000
1440313,537100
1440914,537200
1441370,537300
1441772,537400
1442177,537500
1442672,537600
1443251,537700
1443665,537800
1444308,537900
1444837,538000
1446072,538100
1446724,538200
1447388,538300
1447992,538400
1448622,538500
1449305,538600
1450033,538700
1450608,538800
1451125,538900
1451696,539000
1453267,539100
1453807,539200
1454455,539300
1455254,539400
1455815,539500
1456369,539600
1457088,539700
1457605,539800
1458381,539900
1459106,540000
1460700,540100
1461255,540200
1461824,540300
1462694,540400
1463164,540500
1463604,540600
1464001,540700
1464429,540800
1465029,540900
1465788,541000
1467145,541100
1467721,541200
1468441,541300
1469130,541400
1469846,541500
1470472,541600
1471087,541700
1471654,541800
1472252,541900
1472908,542000
1474334,542100
1475040,542200
1475718,542300
1476642,542400
1477334,542500
1477805,542600
1478339,542700
1478736,542800
1479295,542900
1479733,543000
1481116,543100
1481924,543200
1482559,543300
1483144,543400
1483885,543500
1484460,543600
1484970,543700
1485501,543800
1485954,543900
1486619,544000
1488121,544100
1488657,544200
1489289,544300
1489866,544400
1490376,544500
1491086,544600
1491570,544700
1492016,544800
1492515,544900
1493401,545000
1494866,545100
1495693,545200
1496401,545300
1497079,545400
1497864,545500
1498609,545600
1499252,545700
1499874,545800
1500508,545900
1501151,546000
1521805,546100
1522702,546200
1523436,546300
1524277,546400
1525060,546500
1525712,546600
1526341,546700
1526928,546800
1527528,546900
1528160,547000
1530062,547100
1531096,547200
1532212,547300
1533164,547400
1534016,547500
1534883,547600
1535730,547700
1536418,547800
1537436,547900
1538203,548000
1539787,548100
1540537,548200
1541269,548300
1542299,548400
1543348,548500
1544098,548600
1544677,548700
1545650,548800
1546397,548900
1547072,549000
1549079,549100
1550052,549200
1550933,549300
1551925,549400
1552725,549500
1553394,549600
1554216,549700
1554863,549800
1555574,549900
1556355,550000
1558180,550100
1559621,550200
1560719,550300
1561471,550400
1562274,550500
1562907,550600
1563599,550700
1564486,550800
1565655,550900
1566588,551000
1568761,551100
1569745,551200
1571158,551300
1572232,551400
1573301,551500
1574379,551600
1575246,551700
1576223,551800
1577233,551900
1578081,552000
1580689,552100
1581854,552200
1583028,552300
1583803,552400
1584659,552500
1585420,552600
1586159,552700
1587162,552800
1588078,552900
1588813,553000
1590680,553100
1591688,553200
1592759,553300
1593643,553400
1594486,553500
1595363,553600
1596146,553700
1596837,553800
1597554,553900
1598338,554000
1600029,554100
1601050,554200
1602060,554300
1603020,554400
1604082,554500
1604878,554600
1605517,554700
1606217,554800
1607100,554900
1607800,555000
1609439,555100
1610319,555200
1611067,555300
1612035,555400
1612850,555500
1613593,555600
1614330,555700
1615235,555800
1615869,555900
1616612,556000
1618114,556100
1618694,556200
1619334,556300
1619952,556400
1620662,556500
1621251,556600
1621921,556700
1622697,556800
1623413,556900
1624131,557000
1625933,557100
1626588,557200
1627180,557300
1627813,557400
1628546,557500
1629106,557600
1629740,557700
1630358,557800
1630898,557900
1631639,558000
1633147,558100
1633759,558200
1634411,558300
1635114,558400
1635859,558500
1636682,558600
1637317,558700
1637932,558800
1638578,558900
1639161,559000
1640821,559100
1641532,559200
1642086,559300
1642838,559400
1643495,559500
1644115,559600
1644818,559700
1645585,559800
1646199,559900
1646799,560000
1648386,560100
1648914,560200
1649415,560300
1649932,560400
1650575,560500
1651284,560600
1651816,560700
1652338,560800
1652885,560900
1653573,561000
1655042,561100
1655624,561200
1656310,561300
1656971,561400
1657576,561500
1658287,561600
1659110,561700
1659655,561800
1660288,561900
1660834,562000
1662281,562100
1663079,562200
1663663,562300
1664488,562400
1665182,562500
1665954,562600
1666873,562700
1667678,562800
1668399,562900
1668968,563000
1670809,563100
1671619,563200
1672427,563300
1672920,563400
1673638,563500
1674394,563600
1675218,563700
1676111,563800
1676972,563900
1677829,564000
1679624,564100
1680432,564200
1681257,564300
1682011,564400
1682733,564500
1683401,564600
1684183,564700
1684986,564800
1685699,564900
1686280,565000
1687989,565100
1688696,565200
1689650,565300
1690365,565400
1690959,565500
1691719,565600
1692736,565700
1693394,565800
1694218,565900
1694879,566000
1696646,566100
1697474,566200
1698543,566300
1699352,566400
1699917,566500
1700676,566600
1701433,566700
1702123,566800
1702860,566900
1703761,567000
1705430,567100
1706161,567200
1706879,567300
1707583,567400
1708110,567500
1709027,567600
1709820,567700
1710427,567800
1711275,567900
1711967,568000
1713612,568100
1714601,568200
1715268,568300
1715977,568400
1716654,568500
1717158,568600
1717863,568700
1718696,568800
1719328,568900
1720231,569000
1721990,569100
1722842,569200
1723739,569300
1724707,569400
1725685,569500
1726533,569600
1727319,569700
1728072,569800
1728836,569900
1729573,570000
1732507,570100
1733529,570200
1734684,570300
1735593,570400
1736293,570500
1737121,570600
1737873,570700
1738668,570800
1739507,570900
1740212,571000
1772760,571100
1774308,571200
1775687,571300
1776976,571400
1777904,571500
1778716,571600
1779804,571700
1780953,571800
1781796,571900
1782779,572000
1785007,572100
1786241,572200
1787382,572300
1788452,572400
1789318,572500
1790279,572600
1791262,572700
1792231,572800
1793292,572900
1794398,573000
1797343,573100
1798386,573200
1799471,573300
1800595,573400
1801696,573500
1802530,573600
1803348,573700
1804488,573800
1805387,573900
1806300,574000
1808547,574100
1809638,574200
1810824,574300
1811783,574400
1812870,574500
1814040,574600
1814983,574700
1815847,574800
1816661,574900
1817626,575000
1819858,575100
1821123,575200
1822345,575300
1823684,575400
1825129,575500
1826374,575600
1827805,575700
1829114,575800
1830736,575900
1831860,576000
1834326,576100
1835515,576200
1836877,576300
1837897,576400
1838979,576500
1839949,576600
1840964,576700
1841995,576800
1842930,576900
1843757,577000
1845777,577100
1846997,577200
1848179,577300
1849163,577400
1850159,577500
1851054,577600
1851886,577700
1852654,577800
1853498,577900
1854431,578000
1856666,578100
1857762,578200
1859225,578300
1860077,578400
1860875,578500
1861706,578600
1862647,578700
1863579,578800
1864691,578900
1865526,579000
1867723,579100
1868840,579200
1870154,579300
1871298,579400
1872259,579500
1873221,579600
1874261,579700
1875399,579800
1876293,579900
1877168,580000
1879256,580100
1880611,580200
1881496,580300
1882490,580400
1883431,580500
1884235,580600
1885111,580700
1886468,580800
1887300,580900
1888125,581000
1890064,581100
1891253,581200
1892460,581300
1893577,581400
1894521,581500
1895417,581600
1896386,581700
1897534,581800
1898692,581900
1899737,582000
1902129,582100
1903409,582200
1904675,582300
1905776,582400
1906959,582500
1908316,582600
1909542,582700
1910617,582800
1911608,582900
1912713,583000
1914792,583100
1915877,583200
1917025,583300
1918243,583400
1919310,583500
1920733,583600
1921696,583700
1922452,583800
1923229,583900
1924206,584000
1926112,584100
1926848,584200
1927624,584300
1928466,584400
1929353,584500
1930551,584600
1931654,584700
1932667,584800
1933599,584900
1934495,585000
1936761,585100
1937816,585200
1938668,585300
1939476,585400
1940309,585500
1941359,585600
1942482,585700
1943292,585800
1944228,585900
1945052,586000
1947208,586100
1948910,586200
1949675,586300
1950283,586400
1951268,586500
1952143,586600
1953220,586700
1953896,586800
1954684,586900
1955496,587000
1957209,587100
1958099,587200
1959055,587300
1959663,587400
1960392,587500
1961145,587600
1962123,587700
1962924,587800
1963595,587900
1964348,588000
1975304,588100
1976268,588200
1977123,588300
1977758,588400
1978357,588500
1979124,588600
1979751,588700
1980976,588800
1981875,588900
1982956,589000
1986526,589100
1987746,589200
1988805,589300
1989861,589400
1990609,589500
1991117,589600
1991892,589700
1992557,589800
1993509,589900
1994398,590000
1996429,590100
1997631,590200
1998738,590300
1999707,590400
2000712,590500
2001554,590600
2002436,590700
2003229,590800
2004092,590900
2004950,591000
2007201,591100
2008927,591200
2010148,591300
2011401,591400
2012384,591500
2013348,591600
2014240,591700
2014920,591800
2015918,591900
2016807,592000
2018701,592100
2020022,592200
2020853,592300
2021650,592400
2022439,592500
2023124,592600
2023608,592700
2024275,592800
2025000,592900
2025947,593000
2027799,593100
2028852,593200
2029978,593300
2031099,593400
2031827,593500
2032823,593600
2033431,593700
2033843,593800
2034411,593900
2034986,594000
2037102,594100
2038480,594200
2039523,594300
2040469,594400
2041180,594500
2042250,594600
2042978,594700
2043731,594800
2044353,594900
2045227,595000
2046824,595100
2048288,595200
2049558,595300
2050748,595400
2052021,595500
2053144,595600
2053996,595700
2054743,595800
2055367,595900
2056084,596000
2057798,596100
2058946,596200
2060000,596300
2061033,596400
2061979,596500
2062792,596600
2063538,596700
2064385,596800
2065214,596900
2065828,597000
2067370,597100
2068233,597200
2069294,597300
2070320,597400
2071110,597500
2071866,597600
2072533,597700
2073176,597800
2074038,597900
2074505,598000
2076198,598100
2077032,598200
2077810,598300
2078765,598400
2079786,598500
2080571,598600
2081506,598700
2082203,598800
2082783,598900
2083487,599000
2085429,599100
2086106,599200
2087161,599300
2088222,599400
2089138,599500
2090127,599600
2090881,599700
2091629,599800
2092353,599900
2093167,600000
2095114,600100
2095987,600200
2096651,600300
2097691,600400
2098496,600500
2099382,600600
2100001,600700
2100800,600800
2101616,600900
2102430,601000
2104668,601100
2105785,601200
2106876,601300
2107898,601400
2109146,601500
2110161,601600
2110997,601700
2111786,601800
2112825,601900
2113676,602000
2115825,602100
2116867,602200
2117868,602300
2119160,602400
2120475,602500
2121740,602600
2122686,602700
2123752,602800
2124641,602900
2125579,603000
2127552,603100
2128442,603200
2129275,603300
2130273,603400
2131184,603500
2132218,603600
2133152,603700
2133959,603800
2135430,603900
2136774,604000
2167297,604100
2170803,604200
2172718,604300
2173961,604400
2175471,604500
2176552,604600
2177780,604700
2179136,604800
2180639,604900
2181878,605000
2183852,605100
2184956,605200
2186437,605300
2187762,605400
2189217,605500
2190315,605600
2191257,605700
2192161,605800
2193130,605900
2194349,606000
2196686,606100
2197759,606200
2199183,606300
2200698,606400
2202086,606500
2203415,606600
2204666,606700
2205544,606800
2206371,606900
2207351,607000
2209508,607100
2210425,607200
2211700,607300
2212872,607400
2214155,607500
2215453,607600
2216624,607700
2217521,607800
2218395,607900
2219405,608000
2221120,608100
2222098,608200
2222979,608300
2223908,608400
2224987,608500
2226389,608600
2227509,608700
2228537,608800
2229663,608900
2230403,609000
2232209,609100
2233111,609200
2233854,609300
2235102,609400
2236292,609500
2237400,609600
2238170,609700
2239097,609800
2240307,609900
2241358,610000
2246000,610100
2247124,610200
2248756,610300
2249662,610400
2250567,610500
2251431,610600
2252267,610700
2252744,610800
2253263,610900
2254065,611000
2255868,611100
2257032,611200
2258256,611300
2258979,611400
2259935,611500
2260912,611600
2261739,611700
2262582,611800
2263568,611900
2264598,612000
2266679,612100
2267673,612200
2268676,612300
2269363,612400
2269981,612500
2270900,612600
2271753,612700
2272832,612800
2274034,612900
2274953,613000
2276871,613100
2277719,613200
2278910,613300
2279993,613400
2280882,613500
2281669,613600
2282369,613700
2283091,613800
2283808,613900
2284668,614000
2286733,614100
2287773,614200
2288825,614300
2289923,614400
2290892,614500
2291541,614600
2292309,614700
2293191,614800
2294185,614900
2295106,615000
2297721,615100
2298577,615200
2299767,615300
2300635,615400
2301329,615500
2302377,615600
2303087,615700
2303844,615800
2304726,615900
2305725,616000
2307619,616100
2308644,616200
2309748,616300
2310945,616400
2312049,616500
2313117,616600
2314108,616700
2315102,616800
2316185,616900
2317362,617000
2319894,617100
2321356,617200
2322630,617300
2323527,617400
2324536,617500
2325355,617600
2326030,617700
2326751,617800
2327376,617900
2328256,618000
2330716,618100
2331925,618200
2333333,618300
2334274,618400
2335259,618500
2335981,618600
2336668,618700
2337354,618800
2338093,618900
2338946,619000
2341121,619100
2342210,619200
2343347,619300
2344362,619400
2345353,619500
2346531,619600
2347265,619700
2347944,619800
2348785,619900
2349573,620000
2352847,620100
2354778,620200
2355829,620300
2356790,620400
2357632,620500
2358287,620600
2358916,620700
2359401,620800
2360264,620900
2361279,621000
2363783,621100
2364936,621200
2366199,621300
2367526,621400
2368954,621500
2369934,621600
2370820,621700
2371745,621800
2372686,621900
2373609,622000
2376098,622100
2377332,622200
2378749,622300
2380167,622400
2381142,622500
2381882,622600
2382790,622700
2383931,622800
2384915,622900
2385912,623000
2388122,623100
2389240,623200
2390079,623300
2391253,623400
2391997,623500
2392821,623600
2393698,623700
2394436,623800
2395227,623900
2396257,624000
2398112,624100
2399084,624200
2400353,624300
2401845,624400
2402535,624500
2403149,624600
2403982,624700
2404703,624800
2405475,624900
2406344,625000
2408420,625100
2409581,625200
2410428,625300
2411208,625400
2411990,625500
2412818,625600
2413801,625700
2414652,625800
2415412,625900
2416169,626000
2418840,626100
2420062,626200
2421231,626300
2422380,626400
2423456,626500
2424494,626600
2425261,626700
2426194,626800
2427210,626900
2428232,627000
2430319,627100
2431363,627200
2432683,627300
2433977,627400
2435301,627500
2436429,627600
2437751,627700
2438651,627800
2439479,627900
2440369,628000
2442713,628100
2443655,628200
2444668,628300
2445560,628400
2446609,628500
2447674,628600
2448679,628700
2449578,628800
2450298,628900
2451200,629000
2453557,629100
2454642,629200
2455864,629300
2457250,629400
2458613,629500
2459595,629600
2460559,629700
2461473,629800
2462317,629900
2463384,630000
2465751,630100
2467006,630200
2468337,630300
2470113,630400
2471514,630500
2472567,630600
2473560,630700
2474858,630800
2476037,630900
2477016,631000
2479332,631100
2480759,631200
2481897,631300
2483222,631400
2484568,631500
2485886,631600
2486865,631700
2487839,631800
2488765,631900
2489818,632000
2492434,632100
2493691,632200
2495118,632300
2496003,632400
2496830,632500
2497619,632600
2498525,632700
2499553,632800
2500483,632900
2501213,633000
2503547,633100
2504339,633200
2505188,633300
2505769,633400
2506487,633500
2507141,633600
2508085,633700
2508970,633800
2509781,633900
2510487,634000
2575461,634100
2581170,634200
2584092,634300
2586224,634400
2588031,634500
2589449,634600
2590585,634700
2591629,634800
2593070,634900
2594353,635000
2597958,635100
2600148,635200
2602036,635300
2603625,635400
2605049,635500
2606224,635600
2607370,635700
2608408,635800
2609673,635900
2611104,636000
2613777,636100
2615621,636200
2617121,636300
2618797,636400
2619934,636500
2620903,636600
2621724,636700
2622726,636800
2624091,636900
2625176,637000
2627625,637100
2629408,637200
2630432,637300
2631592,637400
2632469,637500
2633366,637600
2634455,637700
2635132,637800
2637256,637900
2638227,638000
2640747,638100
2642230,638200
2643942,638300
2645422,638400
2646869,638500
2647836,638600
2648905,638700
2649843,638800
2650949,638900
2651826,639000
2654121,639100
2655766,639200
2657151,639300
2658631,639400
2659996,639500
2661264,639600
2662377,639700
2663397,639800
2664490,639900
2665625,640000
2667994,640100
2669119,640200
2670227,640300
2671332,640400
2672522,640500
2673639,640600
2674615,640700
2675582,640800
2676562,640900
2677846,641000
2680241,641100
2681821,641200
2683208,641300
2684447,641400
2685692,641500
2687051,641600
2688243,641700
2689366,641800
2690462,641900
2691536,642000
2694209,642100
2695486,642200
2696889,642300
2698092,642400
2699338,642500
2700477,642600
2701484,642700
2702508,642800
2703572,642900
2704703,643000
2707319,643100
2708845,643200
2710317,643300
2711694,643400
2712722,643500
2713776,643600
2714768,643700
2715878,643800
2717112,643900
2717990,644000
2721023,644100
2722340,644200
2723665,644300
2724955,644400
2726413,644500
2727466,644600
2728516,644700
2729447,644800
2730427,644900
2731311,645000
2735607,645100
2736827,645200
2738266,645300
2739484,645400
2740652,645500
2741630,645600
2742884,645700
2743799,645800
2744693,645900
2745915,646000
2748870,646100
2750157,646200
2751618,646300
2753345,646400
2754637,646500
2755666,646600
2756649,646700
2757701,646800
2758810,646900
2759791,647000
2762112,647100
2763403,647200
2764816,647300
2766183,647400
2767513,647500
2768788,647600
2769937,647700
2771131,647800
2772130,647900
2773060,648000
2775192,648100
2776058,648200
2777079,648300
2778008,648400
2779076,648500
2780091,648600
2781189,648700
2782139,648800
2783052,648900
2784024,649000
2787084,649100
2788227,649200
2789331,649300
2790494,649400
2791757,649500
2792709,649600
2793691,649700
2794654,649800
2795610,649900
2796469,650000
2798882,650100
2800032,650200
2801247,650300
2802609,650400
2803779,650500
2804796,650600
2805763,650700
2806741,650800
2807854,650900
2808900,651000
2811288,651100
2813095,651200
2814279,651300
2815377,651400
2816617,651500
2817821,651600
2819042,651700
2820073,651800
2821041,651900
2822024,652000
2824493,652100
2825780,652200
2827293,652300
2828470,652400
2829926,652500
2831170,652600
2832099,652700
2833201,652800
2834149,652900
2835246,653000
2837525,653100
2838528,653200
2839618,653300
2840808,653400
2841883,653500
2842944,653600
2844064,653700
2845255,653800
2846583,653900
2847616,654000
2850140,654100
2851735,654200
2853204,654300
2854491,654400
2855740,654500
2857146,654600
2858257,654700
2859331,654800
2860376,654900
2861331,655000
2864006,655100
2865433,655200
2866886,655300
2868426,655400
2869897,655500
2871422,655600
2873202,655700
2874418,655800
2875556,655900
2877010,656000
2879993,656100
2881434,656200
2882625,656300
2884140,656400
2885415,656500
2886675,656600
2888148,656700
2889433,656800
2890636,656900
2891841,657000
2895108,657100
2896630,657200
2898049,657300
2899688,657400
2901508,657500
2902837,657600
2904062,657700
2905450,657800
2906731,657900
2907834,658000
2910969,658100
2912221,658200
2913694,658300
2914996,658400
2916272,658500
2917573,658600
2918939,658700
2920275,658800
2921424,658900
2922554,659000
2925103,659100
2926444,659200
2927907,659300
2929432,659400
2931027,659500
2932273,659600
2933700,659700
2934816,659800
2936034,659900
2937071,660000
2939751,660100
2941369,660200
2942695,660300
2943836,660400
2945220,660500
2946330,660600
2947420,660700
2948493,660800
2949492,660900
2950631,661000
2953158,661100
2954449,661200
2955831,661300
2957255,661400
2958935,661500
2960259,661600
2961851,661700
2963399,661800
2964665,661900
2966197,662000
2969225,662100
2970925,662200
2972821,662300
2973950,662400
2975154,662500
2976234,662600
2977384,662700
2978778,662800
2979955,662900
2981043,663000
2984068,663100
2985954,663200
2987652,663300
2989243,663400
2990540,663500
2991874,663600
2993152,663700
2994548,663800
2995712,663900
2996889,664000
2999860,664100
3001518,664200
3003330,664300
3005048,664400
3006636,664500
3007956,664600
3009189,664700
3010474,664800
3012029,664900
3013442,665000
3017050,665100
3018984,665200
3020715,665300
3022541,665400
3024214,665500
3025767,665600
3027063,665700
3028442,665800
3030250,665900
3031505,666000
3034249,666100
3035671,666200
3037127,666300
3038892,666400
3040431,666500
3041857,666600
3043100,666700
3044382,666800
3045572,666900
3046754,667000
3049471,667100
3051072,667200
3052470,667300
3054103,667400
3055548,667500
3056666,667600
3057866,667700
3058948,667800
3060097,667900
3061395,668000
3066533,668100
3068071,668200
3069508,668300
3070797,668400
3072085,668500
3073232,668600
3074475,668700
3075705,668800
3076828,668900
3078230,669000
3080947,669100
3082578,669200
3084263,669300
3085937,669400
3087501,669500
3088952,669600
3090165,669700
3091679,669800
3093182,669900
3094915,670000
3097857,670100
3100290,670200
3101938,670300
3103563,670400
3105368,670500
3106747,670600
3108116,670700
3109427,670800
3110895,670900
3112274,671000
3137205,671100
3139141,671200
3140819,671300
3142661,671400
3144822,671500
3146551,671600
3148636,671700
3150669,671800
3152442,671900
3154068,672000
3157724,672100
3159541,672200
3161103,672300
3162751,672400
3164470,672500
3166038,672600
3167579,672700
3168961,672800
3170303,672900
3171884,673000
3175100,673100
3177165,673200
3179188,673300
3180921,673400
3182519,673500
3184039,673600
3185515,673700
3186920,673800
3188253,673900
3190428,674000
3193571,674100
3195503,674200
3197154,674300
3198708,674400
3200267,674500
3202143,674600
3203584,674700
3204927,674800
3206248,674900
3207483,675000
3210464,675100
3212241,675200
3213687,675300
3215034,675400
3216688,675500
3218037,675600
3219393,675700
3220694,675800
3221877,675900
3223227,676000
3226162,676100
3227519,676200
3229029,676300
3230388,676400
3231594,676500
3232714,676600
3234065,676700
3235065,676800
3236353,676900
3237535,677000
3240426,677100
3242057,677200
3243553,677300
3245025,677400
3246257,677500
3247494,677600
3248876,677700
3250228,677800
3251493,677900
3252698,678000
3255364,678100
3257035,678200
3258521,678300
3260069,678400
3261455,678500
3262568,678600
3263790,678700
3265105,678800
3266401,678900
3267725,679000
3275035,679100
3276398,679200
3277703,679300
3278971,679400
3280186,679500
3281513,679600
3282685,679700
3284053,679800
3285166,679900
3286258,680000
3289151,680100
3290438,680200
3291845,680300
3293073,680400
3294146,680500
3295445,680600
3296584,680700
3297758,680800
3298839,680900
3300186,681000
3302960,681100
3304303,681200
3306011,681300
3307555,681400
3309109,681500
3310769,681600
3312419,681700
3313844,681800
3315485,681900
3316990,682000
3320308,682100
3322305,682200
3323840,682300
3325654,682400
3326857,682500
3328153,682600
3329305,682700
3330914,682800
3332324,682900
3333640,683000
3336579,683100
3338447,683200
3340562,683300
3342517,683400
3344109,683500
3345950,683600
3347230,683700
3348764,683800
3350292,683900
3351767,684000
3354768,684100
3356712,684200
3358411,684300
3359777,684400
3361287,684500
3362455,684600
3363677,684700
3364913,684800
3366135,684900
3367366,685000
3370014,685100
3371418,685200
3372954,685300
3374088,685400
3375602,685500
3377090,685600
3378611,685700
3379630,685800
3380651,685900
3381891,686000
3406188,686100
3407845,686200
3409319,686300
3410655,686400
3411944,686500
3413163,686600
3414995,686700
3416546,686800
3418929,686900
3420274,687000
3423371,687100
3425267,687200
3426704,687300
3428381,687400
3429900,687500
3431199,687600
3432370,687700
3433968,687800
3435387,687900
3436567,688000
3439417,688100
3441837,688200
3443067,688300
3444320,688400
3446199,688500
3447510,688600
3448760,688700
3450029,688800
3451673,688900
3452960,689000
3456220,689100
3458106,689200
3459765,689300
3461434,689400
3462740,689500
3464003,689600
3465595,689700
3466722,689800
3469117,689900
3470323,690000
3473358,690100
3474656,690200
3475839,690300
3476966,690400
3478150,690500
3479475,690600
3480598,690700
3481662,690800
3482926,690900
3483997,691000
3486283,691100
3487894,691200
3489435,691300
3490491,691400
3491356,691500
3492098,691600
3493043,691700
3493951,691800
3495861,691900
3496842,692000
3499072,692100
3500261,692200
3501409,692300
3502284,692400
3503127,692500
3503846,692600
3504587,692700
3505667,692800
3506651,692900
3507559,693000
3509751,693100
3510950,693200
3512159,693300
3512956,693400
3513778,693500
3514667,693600
3515196,693700
3516045,693800
3517257,693900
3518005,694000
3520118,694100
3521359,694200
3522850,694300
3524189,694400
3525276,694500
3526443,694600
3527535,694700
3528815,694800
3529657,694900
3530832,695000
3534016,695100
3535671,695200
3537240,695300
3538594,695400
3539796,695500
3540933,695600
3541868,695700
3542798,695800
3543563,695900
3544621,696000
3547494,696100
3550789,696200
3552502,696300
3553863,696400
3555388,696500
3556855,696600
3558053,696700
3559230,696800
3560085,696900
3560739,697000
3562925,697100
3564210,697200
3565208,697300
3566136,697400
3567053,697500
3568283,697600
3569162,697700
3569876,697800
3571021,697900
3571859,698000
3576159,698100
3577630,698200
3579181,698300
3580481,698400
3581896,698500
3583235,698600
3584567,698700
3585688,698800
3586818,698900
3587604,699000
3590013,699100
3591414,699200
3592350,699300
3593580,699400
3594487,699500
3595707,699600
3596905,699700
3597931,699800
3598898,699900
3599915,700000
3628906,700100
3630877,700200
3632927,700300
3635271,700400
3637853,700500
3640158,700600
3642154,700700
3644061,700800
3646105,700900
3647814,701000
3650368,701100
3652354,701200
3653926,701300
3655263,701400
3657550,701500
3659183,701600
3660719,701700
3662265,701800
3663740,701900
3665027,702000
3667730,702100
3669269,702200
3670844,702300
3672312,702400
3674091,702500
3675427,702600
3676783,702700
3678468,702800
3680356,702900
3681564,703000
3685344,703100
3686752,703200
3688099,703300
3689506,703400
3691340,703500
3693068,703600
3694323,703700
3695917,703800
3697881,703900
3699741,704000
3703343,704100
3705776,704200
3707401,704300
3708691,704400
3710389,704500
3712219,704600
3713787,704700
3715237,704800
3716508,704900
3718174,705000
3721923,705100
3723993,705200
3726178,705300
3727258,705400
3728265,705500
3730149,705600
3731634,705700
3732903,705800
3734703,705900
3736336,706000
3739554,706100
3741819,706200
3743466,706300
3745753,706400
3747121,706500
3747992,706600
3749425,706700
3750528,706800
3752037,706900
3753409,707000
3755715,707100
3757431,707200
3758885,707300
3759914,707400
3761036,707500
3762078,707600
3763324,707700
3764783,707800
3766037,707900
3767167,708000
3770846,708100
3772548,708200
3774325,708300
3775858,708400
3776823,708500
3777735,708600
3778745,708700
3780172,708800
3781742,708900
3783430,709000
3787722,709100
3789272,709200
3790949,709300
3792256,709400
3793387,709500
3794371,709600
3795195,709700
3796413,709800
3797777,709900
3798885,710000
3802163,710100
3803865,710200
3805390,710300
3807152,710400
3809056,710500
3810217,710600
3811122,710700
3812283,710800
3813775,710900
3814853,711000
3817549,711100
3819443,711200
3820839,711300
3822525,711400
3823665,711500
3824852,711600
3825763,711700
3826841,711800
3828084,711900
3829595,712000
3832136,712100
3833732,712200
3835422,712300
3836674,712400
3837826,712500
3838860,712600
3840779,712700
3842035,712800
3843076,712900
3844121,713000
3846678,713100
3847973,713200
3848944,713300
3849946,713400
3850862,713500
3852439,713600
3853402,713700
3854282,713800
3855246,713900
3856190,714000
3858785,714100
3860263,714200
3861877,714300
3863914,714400
3865519,714500
3866928,714600
3868112,714700
3869156,714800
3870384,714900
3871540,715000
3874711,715100
3876116,715200
3877582,715300
3878765,715400
3880702,715500
3881926,715600
3882917,715700
3883936,715800
3885054,715900
3886276,716000
3890388,716100
3892463,716200
3894210,716300
3896022,716400
3898129,716500
3899574,716600
3900321,716700
3901154,716800
3901972,716900
3903028,717000
3905777,717100
3907290,717200
3908796,717300
3910121,717400
3911347,717500
3912387,717600
3913570,717700
3914572,717800
3915387,717900
3916250,718000
3919637,718100
3921249,718200
3922593,718300
3924052,718400
3925184,718500
3926359,718600
3927407,718700
3928321,718800
3929203,718900
3929943,719000
3932389,719100
3933740,719200
3935104,719300
3936449,719400
3937471,719500
3938291,719600
3939529,719700
3940906,719800
3942760,719900
3943901,720000
3946072,720100
3947729,720200
3949073,720300
3950418,720400
3951798,720500
3953342,720600
3954722,720700
3955925,720800
3956871,720900
3957746,721000
3960297,721100
3961859,721200
3963386,721300
3965125,721400
3966373,721500
3967515,721600
3968762,721700
3969964,721800
3971904,721900
3973157,722000
3975898,722100
3977398,722200
3979369,722300
3981874,722400
3984836,722500
3990647,722600
3992926,722700
3994573,722800
3996181,722900
3997450,723000
3999711,723100
4000791,723200
4001894,723300
4003214,723400
4004436,723500
4005301,723600
4006391,723700
4007293,723800
4008583,723900
4009698,724000
4011998,724100
4013229,724200
4014882,724300
4016462,724400
4017633,724500
4018518,724600
4019770,724700
4021181,724800
4022437,724900
4023479,725000
4025964,725100
4027098,725200
4028229,725300
4029575,725400
4031887,725500
4033589,725600
4034756,725700
4035903,725800
4037060,725900
4038053,726000
4040428,726100
4041504,726200
4043031,726300
4044543,726400
4046034,726500
4047570,726600
4048947,726700
4050341,726800
4051526,726900
4052387,727000
4054644,727100
4055880,727200
4056855,727300
4058185,727400
4059504,727500
4060455,727600
4061468,727700
4062597,727800
4063535,727900
4064715,728000
4067044,728100
4067896,728200
4069025,728300
4070418,728400
4071306,728500
4072608,728600
4073866,728700
4074819,728800
4076296,728900
4077481,729000
4080395,729100
4081770,729200
4082943,729300
4084256,729400
4085410,729500
4086833,729600
4088010,729700
4089202,729800
4090609,729900
4091858,730000
4094800,730100
4096259,730200
4097879,730300
4099074,730400
4100532,730500
4102108,730600
4103253,730700
4104516,730800
4105765,730900
4106952,731000
4109866,731100
4110945,731200
4112152,731300
4113685,731400
4115488,731500
4117026,731600
4118336,731700
4119614,731800
4121037,731900
4121937,732000
4124431,732100
4125575,732200
4126781,732300
4127823,732400
4129354,732500
4130626,732600
4131854,732700
4132932,732800
4134054,732900
4135045,733000
4137837,733100
4138740,733200
4139627,733300
4140427,733400
4141326,733500
4142314,733600
4143683,733700
4144537,733800
4145585,733900
4146731,734000
4149221,734100
4150850,734200
4152201,734300
4153312,734400
4154549,734500
4155920,734600
4157048,734700
4158165,734800
4159107,734900
4160447,735000
4163250,735100
4164822,735200
4166223,735300
4167239,735400
4168106,735500
4169107,735600
4170976,735700
4172046,735800
4172867,735900
4174364,736000
4177781,736100
4179408,736200
4181043,736300
4182712,736400
4184143,736500
4185558,736600
4186821,736700
4188148,736800
4189203,736900
4190309,737000
4193260,737100
4194730,737200
4195645,737300
4196833,737400
4197775,737500
4198792,737600
4199668,737700
4200784,737800
4201910,737900
4202772,738000
4205473,738100
4206834,738200
4207842,738300
4208875,738400
4210283,738500
4211689,738600
4212942,738700
4214285,738800
4215585,738900
4216630,739000
4219319,739100
4220721,739200
4221933,739300
4222712,739400
4223767,739500
4224989,739600
4225784,739700
4226968,739800
4227725,739900
4228545,740000
4230786,740100
4231843,740200
4233353,740300
4235059,740400
4236565,740500
4238646,740600
4240565,740700
4242080,740800
4243412,740900
4244655,741000
4247489,741100
4249202,741200
4250573,741300
4251878,741400
4252906,741500
4253815,741600
4254888,741700
4255936,741800
4257247,741900
4258153,742000
4260539,742100
4262278,742200
4265076,742300
4269519,742400
4272976,742500
4275070,742600
4276516,742700
4278029,742800
4279094,742900
4280005,743000
4282837,743100
4284291,743200
4285545,743300
4286504,743400
4287437,743500
4288571,743600
4289643,743700
4291125,743800
4292468,743900
4293725,744000
4296229,744100
4298182,744200
4299654,744300
4300517,744400
4301611,744500
4302842,744600
4304678,744700
4306119,744800
4307781,744900
4309275,745000
4312225,745100
4313456,745200
4314471,745300
4315528,745400
4316766,745500
4318046,745600
4319296,745700
4320839,745800
4322163,745900
4323199,746000
4326852,746100
4328255,746200
4329174,746300
4330165,746400
4331450,746500
4332778,746600
4334059,746700
4334990,746800
4336271,746900
4337554,747000
4339915,747100
4341351,747200
4342655,747300
4343940,747400
4344892,747500
4345929,747600
4347123,747700
4348095,747800
4349690,747900
4350870,748000
4353110,748100
4354434,748200
4355653,748300
4356460,748400
4357458,748500
4358873,748600
4359857,748700
4361586,748800
4362978,748900
4364169,749000
4366572,749100
4368073,749200
4368979,749300
4370084,749400
4371045,749500
4372197,749600
4373178,749700
4374546,749800
4375754,749900
4377041,750000
4379342,750100
4380514,750200
4381679,750300
4383167,750400
4384504,750500
4385587,750600
4386769,750700
4388604,750800
4389666,750900
4390859,751000
4393405,751100
4394671,751200
4396230,751300
4397417,751400
4398167,751500
4399298,751600
4400434,751700
4401492,751800
4402576,751900
4403602,752000
4406491,752100
4407937,752200
4409503,752300
4411115,752400
4412037,752500
4412886,752600
4413663,752700
4415071,752800
4416295,752900
4417643,753000
4420312,753100
4422252,753200
4423546,753300
4424653,753400
4425707,753500
4426354,753600
4427172,753700
4428245,753800
4429371,753900
4431381,754000
4434105,754100
4435603,754200
4437409,754300
4439240,754400
4440258,754500
4441205,754600
4442256,754700
4443343,754800
4444744,754900
4445819,755000
4448041,755100
4449488,755200
4451171,755300
4452635,755400
4453904,755500
4454822,755600
4456143,755700
4457266,755800
4458467,755900
4459649,756000
4462274,756100
4463517,756200
4464969,756300
4466254,756400
4467463,756500
4468395,756600
4469146,756700
4470043,756800
4471124,756900
4472024,757000
4540600,757100
4542095,757200
4544435,757300
4547114,757400
4552340,757500
4554398,757600
4556108,757700
4557450,757800
4559023,757900
4560182,758000
4563547,758100
4565235,758200
4567324,758300
4569602,758400
4574742,758500
4580299,758600
4585046,758700
4587157,758800
4589181,758900
4590520,759000
4593433,759100
4597278,759200
4601575,759300
4607898,759400
4609252,759500
4610518,759600
4612459,759700
4613816,759800
4615017,759900
4615945,760000
4618713,760100
4620441,760200
4622506,760300
4624441,760400
4625862,760500
4627265,760600
4628491,760700
4629537,760800
4630562,760900
4631569,761000
4634174,761100
4635603,761200
4636907,761300
4638143,761400
4639637,761500
4640799,761600
4641891,761700
4643085,761800
4644144,761900
4645702,762000
4650085,762100
4652337,762200
4654099,762300
4655554,762400
4657769,762500
4659146,762600
4660588,762700
4661946,762800
4663002,762900
4664543,763000
4667880,763100
4669888,763200
4671966,763300
4673915,763400
4675680,763500
4677341,763600
4679037,763700
4680584,763800
4681838,763900
4682847,764000
4685908,764100
4687669,764200
4690021,764300
4691947,764400
4693990,764500
4696064,764600
4697693,764700
4699485,764800
4700907,764900
4702505,765000
4705657,765100
4707765,765200
4709121,765300
4710606,765400
4712022,765500
4713341,765600
4714876,765700
4716354,765800
4717705,765900
4719088,766000
4722269,766100
4724721,766200
4725833,766300
4726935,766400
4728045,766500
4729309,766600
4734299,766700
4740803,766800
4742035,766900
4743012,767000
4745690,767100
4747130,767200
4748645,767300
4749770,767400
4751201,767500
4752441,767600
4753527,767700
4754908,767800
4756083,767900
4757524,768000
4760750,768100
4762453,768200
4763904,768300
4765218,768400
4766431,768500
4767809,768600
4769415,768700
4770708,768800
4771584,768900
4772446,769000
4775470,769100
4777430,769200
4778662,769300
4780445,769400
4781855,769500
4783324,769600
4784527,769700
4785595,769800
4786353,769900
4787319,770000
4790891,770100
4792281,770200
4793791,770300
4795421,770400
4796841,770500
4798652,770600
4799684,770700
4800490,770800
4801592,770900
4802351,771000
4804913,771100
4811079,771200
4815585,771300
4817370,771400
4821525,771500
4823740,771600
4824943,771700
4826155,771800
4827210,771900
4828149,772000
4830786,772100
4831723,772200
4833280,772300
4834254,772400
4835653,772500
4836697,772600
4837597,772700
4838590,772800
4839798,772900
4841037,773000
4843399,773100
4844756,773200
4846221,773300
4847353,773400
4848438,773500
4849553,773600
4850426,773700
4851424,773800
4852465,773900
4853301,774000
4855992,774100
4857565,774200
4858959,774300
4860410,774400
4861981,774500
4863654,774600
4864814,774700
4866212,774800
4867465,774900
4868735,775000
4871656,775100
4872764,775200
4874377,775300
4875643,775400
4877128,775500
4878472,775600
4879848,775700
4881225,775800
4882217,775900
4883527,776000
4886595,776100
4887662,776200
4889079,776300
4890980,776400
4892060,776500
4893170,776600
4894287,776700
4895366,776800
4896762,776900
4897827,777000
4900433,777100
4901670,777200
4902886,777300
4904095,777400
4905020,777500
4906207,777600
4907355,777700
4908700,777800
4909915,777900
4911063,778000
4914205,778100
4916225,778200
4917804,778300
4919837,778400
4921160,778500
4922552,778600
4923837,778700
4925261,778800
4926397,778900
4927439,779000
4930319,779100
4932079,779200
4933369,779300
4934524,779400
4936141,779500
4937441,779600
4938766,779700
4939920,779800
4940984,779900
4942425,780000
4945280,780100
4947308,780200
4948453,780300
4949565,780400
4950425,780500
4951708,780600
4953325,780700
4954788,780800
4956144,780900
4958128,781000
4960837,781100
4962229,781200
4964054,781300
4965584,781400
4966599,781500
4967974,781600
4969491,781700
4970728,781800
4972151,781900
4973250,782000
4978456,782100
4979754,782200
4981203,782300
4982344,782400
4983512,782500
4984606,782600
4985828,782700
4987092,782800
4988420,782900
4989616,783000
4992701,783100
4994181,783200
4995884,783300
4997757,783400
4999134,783500
5000270,783600
5001513,783700
5003016,783800
5004329,783900
5005714,784000
5009398,784100
5011067,784200
5012628,784300
5014104,784400
5015113,784500
5016133,784600
5017169,784700
5018701,784800
5020403,784900
5021839,785000
5024655,785100
5026455,785200
5027976,785300
5029515,785400
5031114,785500
5032326,785600
5033611,785700
5034851,785800
5036145,785900
5037556,786000
5040587,786100
5042936,786200
5044732,786300
5046513,786400
5048044,786500
5049233,786600
5050276,786700
5051381,786800
5052580,786900
5054078,787000
5057127,787100
5059240,787200
5060749,787300
5062369,787400
5063623,787500
5064842,787600
5065965,787700
5066982,787800
5068025,787900
5069113,788000
5072178,788100
5073555,788200
5075010,788300
5076908,788400
5078018,788500
5079123,788600
5080161,788700
5081447,788800
5082490,788900
5083614,789000
5086147,789100
5087653,789200
5089220,789300
5090512,789400
5091699,789500
5093052,789600
5093943,789700
5095102,789800
5096263,789900
5097244,790000
5100484,790100
5102110,790200
5103967,790300
5105647,790400
5107149,790500
5108521,790600
5109694,790700
5110803,790800
5111881,790900
5113114,791000
5116506,791100
5118002,791200
5119598,791300
5121509,791400
5123064,791500
5124403,791600
5125692,791700
5126834,791800
5128048,791900
5129428,792000
5133840,792100
5135457,792200
5136801,792300
5138294,792400
5139499,792500
5140688,792600
5141890,792700
5143412,792800
5144566,792900
5145873,793000
5149293,793100
5151290,793200
5152916,793300
5154122,793400
5155575,793500
5157042,793600
5158602,793700
5160233,793800
5161290,793900
5162308,794000
5165536,794100
5167474,794200
5169317,794300
5170971,794400
5172743,794500
5173941,794600
5175414,794700
5176537,794800
5177884,794900
5179010,795000
5183150,795100
5184775,795200
5186573,795300
5188482,795400
5189930,795500
5191398,795600
5192773,795700
5194176,795800
5195338,795900
5196526,796000
5199660,796100
5201235,796200
5203054,796300
5204724,796400
5206346,796500
5207742,796600
5209061,796700
5210564,796800
5211814,796900
5213122,797000
5216476,797100
5218417,797200
5219806,797300
5221246,797400
5222982,797500
5224132,797600
5225267,797700
5226393,797800
5227581,797900
5228587,798000
5231416,798100
5233340,798200
5235040,798300
5236856,798400
5238736,798500
5240456,798600
5242171,798700
5243592,798800
5244927,798900
5246206,799000
5249280,799100
5250939,799200
5252837,799300
5254898,799400
5256611,799500
5257993,799600
5259398,799700
5260539,799800
5261862,799900
5262985,800000
5266174,800100
5268000,800200
5269835,800300
5271768,800400
5273607,800500
5274908,800600
5276225,800700
5277685,800800
5278830,800900
5279999,801000
5283413,801100
5285110,801200
5286810,801300
5288488,801400
5289911,801500
5291288,801600
5292888,801700
5294034,801800
5295248,801900
5296407,802000
5299492,802100
5301323,802200
5303039,802300
5304703,802400
5306314,802500
5307729,802600
5309092,802700
5310662,802800
5312338,802900
5313492,803000
5317955,803100
5319519,803200
5320872,803300
5322706,803400
5324015,803500
5325263,803600
5326588,803700
5328272,803800
5329492,803900
5330643,804000
5333528,804100
5335068,804200
5336928,804300
5338587,804400
5343726,804500
5345306,804600
5346496,804700
5347711,804800
5348772,804900
5349958,805000
5352835,805100
5354786,805200
5356208,805300
5357812,805400
5359370,805500
5361242,805600
5362717,805700
5363958,805800
5365061,805900
5366006,806000
5369061,806100
5370679,806200
5372319,806300
5374596,806400
5376223,806500
5377946,806600
5379619,806700
5381065,806800
5382308,806900
5383423,807000
5386482,807100
5388146,807200
5390231,807300
5392052,807400
5393967,807500
5395564,807600
5397370,807700
5398781,807800
5400557,807900
5402062,808000
5405009,808100
5407023,808200
5408722,808300
5410614,808400
5412651,808500
5414243,808600
5416153,808700
5418236,808800
5419739,808900
5421166,809000
5424771,809100
5426732,809200
5429642,809300
5431980,809400
5433774,809500
5435646,809600
5437181,809700
5439115,809800
5441304,809900
5443171,810000
5447789,810100
5450837,810200
5453829,810300
5456237,810400
5459159,810500
5461219,810600
5463926,810700
5466400,810800
5469162,810900
5471721,811000
5476620,811100
5480416,811200
5483331,811300
5486128,811400
5488838,811500
5492063,811600
5494303,811700
5496991,811800
5499379,811900
5501474,812000
5506054,812100
5509463,812200
5512618,812300
5515272,812400
5517550,812500
5519750,812600
5521784,812700
5523989,812800
5525916,812900
5527832,813000
5532171,813100
5534394,813200
5536489,813300
5538902,813400
5540552,813500
5542827,813600
5545142,813700
5547147,813800
5549106,813900
5551121,814000
5555530,814100
5557626,814200
5560158,814300
5562238,814400
5564291,814500
5566431,814600
5568576,814700
5570584,814800
5572709,814900
5574655,815000
5601241,815100
5604092,815200
5606638,815300
5608861,815400
5611238,815500
5613516,815600
5616225,815700
5619233,815800
5621607,815900
5624318,816000
5629105,816100
5632297,816200
5634680,816300
5636976,816400
5638564,816500
5640463,816600
5642739,816700
5644791,816800
5646595,816900
5648567,817000
5652229,817100
5654513,817200
5656106,817300
5657754,817400
5659329,817500
5661122,817600
5663291,817700
5665327,817800
5667211,817900
5669239,818000
5672896,818100
5675770,818200
5678246,818300
5680580,818400
5682997,818500
5684895,818600
5687008,818700
5689072,818800
5691016,818900
5693040,819000
5700645,819100
5703885,819200
5705689,819300
5707997,819400
5710081,819500
5711562,819600
5713404,819700
5715896,819800
5717878,819900
5720413,820000
5724872,820100
5727650,820200
5730154,820300
5732616,820400
5734594,820500
5736232,820600
5738111,820700
5740115,820800
5741838,820900
5743495,821000
5746482,821100
5748295,821200
5749975,821300
5751902,821400
5753316,821500
5754980,821600
5756449,821700
5757847,821800
5759630,821900
5761103,822000
5764385,822100
5766785,822200
5768947,822300
5775695,822400
5778634,822500
5780301,822600
5782134,822700
5783674,822800
5785045,822900
5786581,823000
5790422,823100
5792246,823200
5794324,823300
5796094,823400
5797904,823500
5799745,823600
5801002,823700
5802561,823800
5804504,823900
5806535,824000
5811243,824100
5813740,824200
5816460,824300
5819624,824400
5821847,824500
5823973,824600
5826545,824700
5828938,824800
5830882,824900
5833558,825000
5838263,825100
5841350,825200
5843613,825300
5846050,825400
5848597,825500
5850843,825600
5852395,825700
5853871,825800
5855875,825900
5857825,826000
5862075,826100
5865510,826200
5868403,826300
5871016,826400
5873370,826500
5875489,826600
5877522,826700
5879411,826800
5881619,826900
5883614,827000
5887819,827100
5891127,827200
5893804,827300
5896964,827400
5899648,827500
5901720,827600
5903783,827700
5905803,827800
5907681,827900
5909618,828000
5913837,828100
5916837,828200
5919884,828300
5922830,828400
5924864,828500
5926595,828600
5928362,828700
5929933,828800
5931518,828900
5933511,829000
5937239,829100
5939675,829200
5942007,829300
5943743,829400
5945929,829500
5948170,829600
5950373,829700
5952520,829800
5955239,829900
5957684,830000
5962527,830100
5966003,830200
5969182,830300
5971130,830400
5973447,830500
5975421,830600
5977796,830700
5980124,830800
5982140,830900
5984331,831000
5988357,831100
5991049,831200
5993325,831300
5995460,831400
5997614,831500
5999674,831600
6001678,831700
6003642,831800
6005476,831900
6007687,832000
6011943,832100
6015052,832200
6018445,832300
6020639,832400
6024103,832500
6026541,832600
6028838,832700
6030674,832800
6032632,832900
6034643,833000
6038654,833100
6042307,833200
6045723,833300
6048327,833400
6050438,833500
6052402,833600
6054002,833700
6055894,833800
6057628,833900
6059366,834000
6063507,834100
6065946,834200
6070946,834300
6074726,834400
6078126,834500
6081730,834600
6084475,834700
6087275,834800
6089840,834900
6092100,835000
6097073,835100
6100322,835200
6103134,835300
6106586,835400
6108816,835500
6112264,835600
6114780,835700
6116764,835800
6121022,835900
6123931,836000
6128374,836100
6131758,836200
6134263,836300
6136696,836400
6138593,836500
6140791,836600
6142630,836700
6144474,836800
6146578,836900
6148374,837000
6152024,837100
6153837,837200
6155868,837300
6158586,837400
6160610,837500
6162761,837600
6164891,837700
6167769,837800
6169823,837900
6171894,838000
6175473,838100
6178013,838200
6180851,838300
6183277,838400
6185880,838500
6187634,838600
6189423,838700
6191358,838800
6193274,838900
6194721,839000
6198392,839100
6200366,839200
6202425,839300
6204169,839400
6205780,839500
6207503,839600
6209005,839700
6210408,839800
6211859,839900
6213698,840000
6216526,840100
6217852,840200
6219569,840300
6221111,840400
6222340,840500
6223628,840600
6225459,840700
6226938,840800
6228578,840900
6230968,841000
6234851,841100
6236863,841200
6238890,841300
6241784,841400
6243740,841500
6245527,841600
6247796,841700
6249407,841800
6251215,841900
6253079,842000
6256201,842100
6258360,842200
6260313,842300
6262596,842400
6264854,842500
6266783,842600
6268358,842700
6270182,842800
6271560,842900
6272578,843000
6277040,843100
6279211,843200
6281137,843300
6283049,843400
6285040,843500
6287811,843600
6290458,843700
6292348,843800
6293853,843900
6295330,844000
6299265,844100
6301512,844200
6303696,844300
6305823,844400
6308176,844500
6310286,844600
6311866,844700
6313506,844800
6315070,844900
6316567,845000
6319586,845100
6321096,845200
6322487,845300
6324106,845400
6330063,845500
6332016,845600
6333190,845700
6334826,845800
6336819,845900
6338097,846000
6341116,846100
6343068,846200
6344896,846300
6347013,846400
6348681,846500
6350500,846600
6352326,846700
6354175,846800
6356283,846900
6358213,847000
6361602,847100
6363457,847200
6365168,847300
6366774,847400
6368522,847500
6370441,847600
6372008,847700
6373350,847800
6374586,847900
6376298,848000
6380408,848100
6382633,848200
6384680,848300
6386875,848400
6388663,848500
6390548,848600
6392328,848700
6394097,848800
6395867,848900
6397629,849000
6401756,849100
6404122,849200
6406651,849300
6408839,849400
6410822,849500
6412987,849600
6416750,849700
6418910,849800
6421131,849900
6422800,850000
6427259,850100
6429925,850200
6433100,850300
6435813,850400
6438378,850500
6441701,850600
6444078,850700
6446091,850800
6449211,850900
6454730,851000
6458813,851100
6462330,851200
6466145,851300
6468471,851400
6471683,851500
6474233,851600
6476772,851700
6479244,851800
6481537,851900
6483275,852000
6487659,852100
6492479,852200
6496311,852300
6499445,852400
6503838,852500
6506179,852600
6509310,852700
6512466,852800
6514588,852900
6517257,853000
6522600,853100
6525599,853200
6529538,853300
6532344,853400
6534836,853500
6537742,853600
6540025,853700
6542487,853800
6545490,853900
6549519,854000
6558334,854100
6564257,854200
6567583,854300
6570071,854400
6572969,854500
6575301,854600
6578174,854700
6580539,854800
6583413,854900
6586281,855000
6592296,855100
6595689,855200
6598137,855300
6601263,855400
6604392,855500
6607991,855600
6611356,855700
6614458,855800
6616693,855900
6619015,856000
6624203,856100
6626776,856200
6631959,856300
6638428,856400
6644393,856500
6648702,856600
6652286,856700
6656213,856800
6660028,856900
6662432,857000
6666979,857100
6668741,857200
6671144,857300
6673328,857400
6676034,857500
6678625,857600
6680856,857700
6683099,857800
6684939,857900
6686558,858000
6690059,858100
6692549,858200
6694994,858300
6696958,858400
6699112,858500
6701450,858600
6703465,858700
6705676,858800
6708382,858900
6711340,859000
6715950,859100
6720143,859200
6722348,859300
6724334,859400
6726425,859500
6728705,859600
6730212,859700
6731764,859800
6734327,859900
6736007,860000
6862298,860100
6866887,860200
6870424,860300
6875121,860400
6877853,860500
6882261,860600
6885815,860700
6890898,860800
6894906,860900
6898724,861000
6906061,861100
6910543,861200
6913342,861300
6916737,861400
6919780,861500
6922730,861600
6925142,861700
6928189,861800
6931503,861900
6934145,862000
6940079,862100
6944211,862200
6947698,862300
6950566,862400
6953340,862500
6956828,862600
6960487,862700
6964392,862800
6967833,862900
6971092,863000
6985850,863100
6988461,863200
6991255,863300
6994549,863400
6997120,863500
7000077,863600
7002793,863700
7006690,863800
7009685,863900
7012666,864000
7020475,864100
7024914,864200
7027251,864300
7029397,864400
7031996,864500
7034558,864600
7036584,864700
7039395,864800
7041446,864900
7043484,865000
7047352,865100
7052984,865200
7055706,865300
7057407,865400
7060125,865500
7062136,865600
7064174,865700
7066722,865800
7068577,865900
7070483,866000
7075170,866100
7078806,866200
7081243,866300
7083688,866400
7086056,866500
7088704,866600
7090573,866700
7092451,866800
7094601,866900
7096356,867000
7101962,867100
7104785,867200
7107521,867300
7110023,867400
7113386,867500
7115697,867600
7118961,867700
7121599,867800
7124260,867900
7127374,868000
7132360,868100
7135442,868200
7138187,868300
7142015,868400
7144301,868500
7146980,868600
7150142,868700
7154250,868800
7158509,868900
7162647,869000
7169920,869100
7175002,869200
7179588,869300
7182836,869400
7186057,869500
7188897,869600
7192762,869700
7196689,869800
7200956,869900
7206071,870000
7212626,870100
7218915,870200
7222417,870300
7226571,870400
7229048,870500
7233098,870600
7236653,870700
7239144,870800
7241965,870900
7243940,871000
7249072,871100
7251818,871200
7255238,871300
7259902,871400
7262804,871500
7266206,871600
7268756,871700
7271819,871800
7274356,871900
7278721,872000
7284739,872100
7288153,872200
7290593,872300
7293040,872400
7295463,872500
7298241,872600
7301048,872700
7303789,872800
7306279,872900
7309852,873000
7315346,873100
7318741,873200
7322054,873300
7325836,873400
7329073,873500
7332226,873600
7335866,873700
7339629,873800
7342852,873900
7345826,874000
7352236,874100
7356325,874200
7359228,874300
7362121,874400
7365268,874500
7368047,874600
7370142,874700
7372746,874800
7375318,874900
7378655,875000
7385079,875100
7389267,875200
7392382,875300
7395577,875400
7398582,875500
7402189,875600
7405750,875700
7408942,875800
7412297,875900
7415294,876000
7421141,876100
7425062,876200
7428398,876300
7431328,876400
7434786,876500
7437910,876600
7441883,876700
7445107,876800
7449728,876900
7452716,877000
7458768,877100
7463915,877200
7467649,877300
7472114,877400
7476568,877500
7479722,877600
7482371,877700
7489117,877800
7492268,877900
7494580,878000
7503496,878100
7507586,878200
7511546,878300
7514470,878400
7516737,878500
7520180,878600
7522746,878700
7526482,878800
7529623,878900
7533034,879000
7537752,879100
7541546,879200
7545235,879300
7549018,879400
7552146,879500
7555160,879600
7558460,879700
7562430,879800
7566639,879900
7570814,880000
7577610,880100
7580553,880200
7583922,880300
7587224,880400
7591364,880500
7594893,880600
7597974,880700
7601310,880800
7605785,880900
7610160,881000
7616826,881100
7621538,881200
7625815,881300
7629723,881400
7633429,881500
7636623,881600
7641141,881700
7646214,881800
7650974,881900
7654683,882000
7665174,882100
7671268,882200
7676019,882300
7679823,882400
7682918,882500
7686640,882600
7690458,882700
7693212,882800
7696291,882900
7701062,883000
7708616,883100
7713355,883200
7716857,883300
7720331,883400
7723915,883500
7727650,883600
7732120,883700
7736564,883800
7740971,883900
7744047,884000
7750086,884100
7754873,884200
7763778,884300
7766241,884400
7768963,884500
7771033,884600
7772768,884700
7775473,884800
7777355,884900
7778827,885000
7782468,885100
7784936,885200
7788651,885300
7791393,885400
7794236,885500
7796506,885600
7799545,885700
7803707,885800
7807441,885900
7810080,886000
7816245,886100
7820071,886200
7824569,886300
7828486,886400
7832287,886500
7835476,886600
7839239,886700
7842833,886800
7845434,886900
7849626,887000
7855504,887100
7858333,887200
7861376,887300
7863558,887400
7865963,887500
7867862,887600
7870034,887700
7871886,887800
7873303,887900
7874937,888000
7879149,888100
7881748,888200
7884859,888300
7887460,888400
7893873,888500
7896331,888600
7898618,888700
7901462,888800
7903217,888900
7904679,889000
7907985,889100
7910183,889200
7912478,889300
7913962,889400
7915540,889500
7917629,889600
7919405,889700
7920839,889800
7922736,889900
7924636,890000
7928475,890100
7930711,890200
7933649,890300
7935919,890400
7938477,890500
7940441,890600
7942086,890700
7944091,890800
7945859,890900
7947333,891000
7950662,891100
7952926,891200
7955416,891300
7960475,891400
7962117,891500
7964573,891600
7966549,891700
7968238,891800
7969957,891900
7971426,892000
7975001,892100
7976728,892200
7979163,892300
7981235,892400
7982693,892500
7984258,892600
7987183,892700
7988861,892800
7990797,892900
7992213,893000
7995550,893100
7997343,893200
7999225,893300
8001165,893400
8003690,893500
8005828,893600
8008176,893700
8009781,893800
8011609,893900
8013562,894000
8017489,894100
8019928,894200
8030731,894300
8033384,894400
8035988,894500
8038351,894600
8040873,894700
8043796,894800
8045756,894900
8048920,895000
8053753,895100
8056392,895200
8059310,895300
8061517,895400
8063481,895500
8066023,895600
8069409,895700
8073331,895800
8077030,895900
8080605,896000
8086475,896100
8092095,896200
8097191,896300
8101189,896400
8104072,896500
8106614,896600
8109762,896700
8111894,896800
8114096,896900
8116436,897000
8121056,897100
8123523,897200
8125020,897300
8127076,897400
8128973,897500
8130849,897600
8133345,897700
8135912,897800
8139389,897900
8141486,898000
8146423,898100
8149722,898200
8152416,898300
8155680,898400
8159454,898500
8162135,898600
8165086,898700
8168072,898800
8169843,898900
8172220,899000
8176930,899100
8180156,899200
8182296,899300
8185105,899400
8187327,899500
8190315,899600
8192758,899700
8195258,899800
8197211,899900
8199417,900000
8203767,900100
8206387,900200
8208152,900300
8210131,900400
8212328,900500
8214761,900600
8217170,900700
8219069,900800
8220937,900900
8223086,901000
8227570,901100
8230892,901200
8233369,901300
8236605,901400
8238470,901500
8240955,901600
8243470,901700
8245668,901800
8247616,901900
8250696,902000
8255266,902100
8257964,902200
8261445,902300
8264235,902400
8267008,902500
8269713,902600
8272029,902700
8274111,902800
8276024,902900
8277941,903000
8282104,903100
8284174,903200
8290225,903300
8292250,903400
8294632,903500
8297090,903600
8299008,903700
8301058,903800
8303336,903900
8305128,904000
8309058,904100
8310886,904200
8312462,904300
8315320,904400
8317506,904500
8319697,904600
8321734,904700
8323574,904800
8325840,904900
8328481,905000
8333351,905100
8335425,905200
8337742,905300
8339625,905400
8341954,905500
8344438,905600
8346215,905700
8348242,905800
8350860,905900
8352787,906000
8364694,906100
8367363,906200
8369830,906300
8372192,906400
8374751,906500
8377224,906600
8379752,906700
8384561,906800
8387012,906900
8389748,907000
8394127,907100
8396691,907200
8399115,907300
8400956,907400
8403191,907500
8405746,907600
8409241,907700
8411834,907800
8414008,907900
8416947,908000
8421114,908100
8424488,908200
8426666,908300
8428804,908400
8431040,908500
8433365,908600
8435162,908700
8437395,908800
8439833,908900
8441707,909000
8445969,909100
8448862,909200
8452010,909300
8454172,909400
8456546,909500
8459363,909600
8461175,909700
8463831,909800
8465953,909900
8468031,910000
8472868,910100
8475780,910200
8479464,910300
8481758,910400
8483681,910500
8485940,910600
8488339,910700
8490619,910800
8492661,910900
8494449,911000
8498269,911100
8500692,911200
8503389,911300
8505515,911400
8507475,911500
8509452,911600
8511663,911700
8513727,911800
8515338,911900
8517190,912000
8520707,912100
8523204,912200
8526166,912300
8528151,912400
8530210,912500
8532009,912600
8533412,912700
8534903,912800
8536782,912900
8538595,913000
8543120,913100
8545727,913200
8548432,913300
8550574,913400
8552432,913500
8553902,913600
8555521,913700
8558159,913800
8559988,913900
8561568,914000
8565799,914100
8567836,914200
8570290,914300
8573053,914400
8575903,914500
8577659,914600
8579320,914700
8581248,914800
8583466,914900
8585227,915000
8589661,915100
8592408,915200
8594288,915300
8595903,915400
8597474,915500
8599045,915600
8600706,915700
8603071,915800
8605225,915900
8606836,916000
8611278,916100
8613378,916200
8616089,916300
8618348,916400
8620705,916500
8623321,916600
8624966,916700
8626924,916800
8628606,916900
8630402,917000
8634669,917100
8636465,917200
8639047,917300
8641336,917400
8644041,917500
8646538,917600
8648493,917700
8651141,917800
8652646,917900
8655439,918000
8661557,918100
8667134,918200
8670117,918300
8676772,918400
8680042,918500
8683346,918600
8685117,918700
8687142,918800
8689370,918900
8691209,919000
8695545,919100
8697677,919200
8699645,919300
8702475,919400
8704270,919500
8706760,919600
8708174,919700
8709315,919800
8711723,919900
8713907,920000
8718671,920100
8721442,920200
8723999,920300
8726240,920400
8728799,920500
8730482,920600
8731827,920700
8733704,920800
8735497,920900
8737170,921000
8745536,921100
8747334,921200
8749413,921300
8751708,921400
8753418,921500
8755107,921600
8757265,921700
8758916,921800
8760375,921900
8762290,922000
8767059,922100
8770860,922200
8774476,922300
8776748,922400
8778600,922500
8781311,922600
8783224,922700
8785962,922800
8787514,922900
8789238,923000
8794897,923100
8797682,923200
8799788,923300
8802168,923400
8804195,923500
8806812,923600
8809341,923700
8811163,923800
8812629,923900
8814646,924000
8820086,924100
8824764,924200
8826841,924300
8828995,924400
8832055,924500
8835291,924600
8838054,924700
8840534,924800
8842489,924900
8844302,925000
8848612,925100
8851357,925200
8853463,925300
8855527,925400
8857060,925500
8859075,925600
8860771,925700
8862643,925800
8864567,925900
8866727,926000
8872294,926100
8875152,926200
8877560,926300
8879729,926400
8883708,926500
8886471,926600
8889093,926700
8890509,926800
8893159,926900
8894783,927000
8898908,927100
8901780,927200
8904235,927300
8906103,927400
8908262,927500
8910546,927600
8911931,927700
8913708,927800
8915475,927900
8917133,928000
8920655,928100
8923736,928200
8925688,928300
8928858,928400
8930677,928500
8932645,928600
8933835,928700
8935358,928800
8936843,928900
8938693,929000
8941992,929100
8944346,929200
8946725,929300
8948795,929400
8950790,929500
8952367,929600
8954020,929700
8956016,929800
8957384,929900
8958979,930000
8963350,930100
8967101,930200
8970388,930300
8977305,930400
8980006,930500
8982116,930600
8984110,930700
8985820,930800
8988637,930900
8990495,931000
8994346,931100
8997281,931200
9000316,931300
9003383,931400
9006428,931500
9010047,931600
9012309,931700
9014916,931800
9017812,931900
9019162,932000
9023264,932100
9025855,932200
9028338,932300
9030719,932400
9033247,932500
9037398,932600
9039615,932700
9041681,932800
9043331,932900
9044822,933000
9048893,933100
9051001,933200
9053377,933300
9054933,933400
9056452,933500
9058690,933600
9060445,933700
9063054,933800
9065051,933900
9066473,934000
9070963,934100
9073727,934200
9077128,934300
9080080,934400
9081751,934500
9084529,934600
9086929,934700
9089128,934800
9091381,934900
9092967,935000
9097637,935100
9103737,935200
9106534,935300
9107961,935400
9109899,935500
9111105,935600
9112332,935700
9114100,935800
9115368,935900
9116812,936000
9121001,936100
9122502,936200
9124290,936300
9126351,936400
9128042,936500
9129703,936600
9130737,936700
9132074,936800
9133153,936900
9134351,937000
9137182,937100
9138683,937200
9139939,937300
9140928,937400
9142174,937500
9143909,937600
9145257,937700
9146375,937800
9147604,937900
9150680,938000
9154690,938100
9156720,938200
9158931,938300
9161022,938400
9163332,938500
9165645,938600
9167695,938700
9169476,938800
9171081,938900
9172623,939000
9176138,939100
9182801,939200
9184721,939300
9186219,939400
9188507,939500
9189897,939600
9191422,939700
9192834,939800
9194511,939900
9195833,940000
9199721,940100
9201743,940200
9203575,940300
9206291,940400
9208475,940500
9211087,940600
9212557,940700
9214030,940800
9215920,940900
9218406,941000
9222034,941100
9224419,941200
9225875,941300
9227736,941400
9229772,941500
9231042,941600
9232215,941700
9233402,941800
9235011,941900
9236749,942000
9240233,942100
9242332,942200
9243876,942300
9246035,942400
9247732,942500
9249360,942600
9250887,942700
9251970,942800
9253348,942900
9255096,943000
9259532,943100
9261216,943200
9263452,943300
9265111,943400
9266490,943500
9268691,943600
9270258,943700
9271643,943800
9273115,943900
9274776,944000
9278083,944100
9280343,944200
9282242,944300
9284254,944400
9286645,944500
9288385,944600
9289544,944700
9291260,944800
9292428,944900
9293992,945000
9298133,945100
9301833,945200
9304016,945300
9306022,945400
9308159,945500
9309823,945600
9311214,945700
9312464,945800
9313999,945900
9316121,946000
9320336,946100
9322509,946200
9325859,946300
9328009,946400
9330053,946500
9332602,946600
9333989,946700
9335356,946800
9337377,946900
9338690,947000
9342812,947100
9344862,947200
9346824,947300
9350141,947400
9352798,947500
9355705,947600
9357823,947700
9360179,947800
9362529,947900
9365038,948000
9369890,948100
9373100,948200
9375240,948300
9378372,948400
9380483,948500
9382447,948600
9384193,948700
9385452,948800
9386729,948900
9388557,949000
9392078,949100
9394113,949200
9396129,949300
9397725,949400
9399559,949500
9401299,949600
9402845,949700
9404164,949800
9405949,949900
9407601,950000
9411196,950100
9413002,950200
9415481,950300
9417619,950400
9419688,950500
9421975,950600
9423409,950700
9424529,950800
9425835,950900
9427503,951000
9430318,951100
9432431,951200
9434530,951300
9435901,951400
9437532,951500
9439453,951600
9440987,951700
9442361,951800
9443712,951900
9445671,952000
9501684,952100
9506261,952200
9510565,952300
9514174,952400
9517404,952500
9521514,952600
9524643,952700
9527320,952800
9530489,952900
9533802,953000
9538499,953100
9541796,953200
9544653,953300
9547997,953400
9550330,953500
9553216,953600
9555252,953700
9557917,953800
9561235,953900
9563264,954000
9567457,954100
9571155,954200
9573525,954300
9575587,954400
9577222,954500
9578837,954600
9580180,954700
9582304,954800
9584205,954900
9585757,955000
9589741,955100
9591647,955200
9593746,955300
9595573,955400
9597428,955500
9599192,955600
9600715,955700
9602211,955800
9604341,955900
9606474,956000
9707880,956100
9713194,956200
9717088,956300
9721196,956400
9724290,956500
9727076,956600
9729862,956700
9731620,956800
9733705,956900
9737229,957000
9742830,957100
9745992,957200
9748507,957300
9750889,957400
9753643,957500
9755989,957600
9757558,957700
9759604,957800
9761578,957900
9763827,958000
9769698,958100
9774376,958200
9777804,958300
9781403,958400
9784576,958500
9787055,958600
9788876,958700
9791033,958800
9793385,958900
9795829,959000
9800935,959100
9803850,959200
9805956,959300
9807812,959400
9810512,959500
9812674,959600
9814411,959700
9816677,959800
9818858,959900
9821549,960000
9826318,960100
9829534,960200
9832496,960300
9838872,960400
9847108,960500
9851071,960600
