timestamp_ms,value
7364,0
7368,100
7374,200
7379,300
7383,400
7387,500
7392,600
7396,700
7400,800
7404,900
7408,1000
7821,1100
7827,1200
7831,1300
7835,1400
7839,1500
7843,1600
7848,1700
7852,1800
7856,1900
7860,2000
8121,2100
8129,2200
8136,2300
8144,2400
8149,2500
8153,2600
8157,2700
8162,2800
8166,2900
8170,3000
8436,3100
8443,3200
8448,3300
8456,3400
8460,3500
8465,3600
8469,3700
8474,3800
8479,3900
8483,4000
8796,4100
8800,4200
8804,4300
8808,4400
8813,4500
8817,4600
8821,4700
8825,4800
8829,4900
8833,5000
9140,5100
9147,5200
9151,5300
9156,5400
9164,5500
9172,5600
9179,5700
9188,5800
9195,5900
9199,6000
9457,6100
9462,6200
9467,6300
9472,6400
9476,6500
9481,6600
9485,6700
9489,6800
9492,6900
9496,7000
9763,7100
9769,7200
9777,7300
9789,7400
9797,7500
9805,7600
9809,7700
9813,7800
9816,7900
9820,8000
10137,8100
10141,8200
10144,8300
10148,8400
10152,8500
10156,8600
10159,8700
10163,8800
10167,8900
10171,9000
10481,9100
10489,9200
10493,9300
10497,9400
10501,9500
10506,9600
10510,9700
10514,9800
10526,9900
10530,10000
10841,10100
10845,10200
10849,10300
10853,10400
10857,10500
10861,10600
10865,10700
10869,10800
10873,10900
10877,11000
11273,11100
11276,11200
11280,11300
11284,11400
11288,11500
11293,11600
11297,11700
11300,11800
11304,11900
11308,12000
11596,12100
11601,12200
11606,12300
11610,12400
11614,12500
11617,12600
11621,12700
11625,12800
11629,12900
11633,13000
12033,13100
12037,13200
12041,13300
12046,13400
12053,13500
12057,13600
12062,13700
12069,13800
12073,13900
12077,14000
12337,14100
12341,14200
12345,14300
12349,14400
12353,14500
12357,14600
12360,14700
12365,14800
12371,14900
12375,15000
12726,15100
12738,15200
12750,15300
12754,15400
12757,15500
12761,15600
12764,15700
12767,15800
12770,15900
12774,16000
13144,16100
13148,16200
13152,16300
13155,16400
13159,16500
13164,16600
13170,16700
13174,16800
13178,16900
13182,17000
13481,17100
13485,17200
13493,17300
13497,17400
13505,17500
13509,17600
13513,17700
13518,17800
13526,17900
13530,18000
13798,18100
13802,18200
13806,18300
13810,18400
13813,18500
13817,18600
13821,18700
13825,18800
13829,18900
13832,19000
14107,19100
14111,19200
14115,19300
14119,19400
14123,19500
14126,19600
14130,19700
14134,19800
14138,19900
14142,20000
14412,20100
14419,20200
14423,20300
14427,20400
14431,20500
14443,20600
14447,20700
14451,20800
14455,20900
14459,21000
14800,21100
14804,21200
14811,21300
14815,21400
14819,21500
14823,21600
14831,21700
14835,21800
14840,21900
14847,22000
15131,22100
15136,22200
15140,22300
15145,22400
15149,22500
15153,22600
15157,22700
15161,22800
15165,22900
15170,23000
15439,23100
15443,23200
15447,23300
15452,23400
15456,23500
15460,23600
15464,23700
15467,23800
15471,23900
15475,24000
15746,24100
15750,24200
15754,24300
15759,24400
15766,24500
15771,24600
15775,24700
15782,24800
15787,24900
15793,25000
16070,25100
16077,25200
16131,25300
16137,25400
16141,25500
16147,25600
16200,25700
16203,25800
16206,25900
16209,26000
16482,26100
16486,26200
16489,26300
16492,26400
16495,26500
16499,26600
16502,26700
16505,26800
16509,26900
16512,27000
16813,27100
16817,27200
16821,27300
16825,27400
16829,27500
16833,27600
16836,27700
16840,27800
16844,27900
16848,28000
17127,28100
17134,28200
17139,28300
17147,28400
17155,28500
17164,28600
17168,28700
17174,28800
17178,28900
17182,29000
17455,29100
17525,29200
17601,29300
17605,29400
17608,29500
17612,29600
17616,29700
17620,29800
17624,29900
17628,30000
17895,30100
17900,30200
17905,30300
17910,30400
17914,30500
17918,30600
17923,30700
17926,30800
17930,30900
17934,31000
18204,31100
18208,31200
18213,31300
18217,31400
18221,31500
18225,31600
18228,31700
18232,31800
18236,31900
18240,32000
18539,32100
18547,32200
18554,32300
18562,32400
18569,32500
18574,32600
18577,32700
18581,32800
18585,32900
18589,33000
18898,33100
18903,33200
18908,33300
18973,33400
18977,33500
18981,33600
18985,33700
18991,33800
18995,33900
18999,34000
19308,34100
19313,34200
19316,34300
19320,34400
19324,34500
19328,34600
19332,34700
19336,34800
19340,34900
19343,35000
19612,35100
19616,35200
19621,35300
19625,35400
19630,35500
19634,35600
19638,35700
19642,35800
19646,35900
19650,36000
19920,36100
19924,36200
19928,36300
19932,36400
19936,36500
19940,36600
19944,36700
19948,36800
19952,36900
19956,37000
20218,37100
20227,37200
20232,37300
20279,37400
20282,37500
20288,37600
20392,37700
20396,37800
20399,37900
20402,38000
20896,38100
20899,38200
20903,38300
20907,38400
20911,38500
20915,38600
20918,38700
20922,38800
20928,38900
20931,39000
21203,39100
21207,39200
21211,39300
21216,39400
21221,39500
21224,39600
21229,39700
21233,39800
21237,39900
21241,40000
21512,40100
21516,40200
21521,40300
21525,40400
21529,40500
21533,40600
21536,40700
21540,40800
21544,40900
21548,41000
21798,41100
21874,41200
21879,41300
21882,41400
21890,41500
21894,41600
21899,41700
21903,41800
21907,41900
21910,42000
22254,42100
22258,42200
22266,42300
22275,42400
22281,42500
22285,42600
22289,42700
22293,42800
22298,42900
22301,43000
22660,43100
22664,43200
22668,43300
22672,43400
22676,43500
22680,43600
22684,43700
22689,43800
22693,43900
22697,44000
22991,44100
22996,44200
23001,44300
23006,44400
23011,44500
23015,44600
23019,44700
23023,44800
23027,44900
23031,45000
23366,45100
23403,45200
23409,45300
23417,45400
23422,45500
23430,45600
23433,45700
23439,45800
23443,45900
23448,46000
23748,46100
23756,46200
23763,46300
23768,46400
23773,46500
23777,46600
23782,46700
23788,46800
23796,46900
23800,47000
24103,47100
24108,47200
24112,47300
24117,47400
24122,47500
24126,47600
24131,47700
24135,47800
24139,47900
24143,48000
24481,48100
24483,48200
24486,48300
24489,48400
24493,48500
24497,48600
24501,48700
24504,48800
24508,48900
24512,49000
24866,49100
24875,49200
24883,49300
24888,49400
24895,49500
24900,49600
24904,49700
24909,49800
24923,49900
24928,50000
25194,50100
25202,50200
25212,50300
25218,50400
25223,50500
25228,50600
25232,50700
25237,50800
25242,50900
25247,51000
25588,51100
25592,51200
25597,51300
25602,51400
25607,51500
25612,51600
25617,51700
25628,51800
25633,51900
25638,52000
25902,52100
25908,52200
25913,52300
25918,52400
25923,52500
25928,52600
25933,52700
25938,52800
25943,52900
25947,53000
26281,53100
26293,53200
26330,53300
26380,53400
26389,53500
26407,53600
26411,53700
26415,53800
26419,53900
26423,54000
26693,54100
26698,54200
26704,54300
26712,54400
26720,54500
26728,54600
26733,54700
26738,54800
26742,54900
26747,55000
27002,55100
27007,55200
27012,55300
27017,55400
27021,55500
27026,55600
27031,55700
27035,55800
27041,55900
27046,56000
27326,56100
27330,56200
27334,56300
27339,56400
27343,56500
27347,56600
27351,56700
27356,56800
27360,56900
27364,57000
27758,57100
27761,57200
27766,57300
27792,57400
27797,57500
27800,57600
27805,57700
27809,57800
27814,57900
27819,58000
28107,58100
28115,58200
28122,58300
28130,58400
28138,58500
28143,58600
28148,58700
28153,58800
28158,58900
28163,59000
28431,59100
28437,59200
28441,59300
28447,59400
28451,59500
28456,59600
28461,59700
28466,59800
28472,59900
28477,60000
28817,60100
28822,60200
28827,60300
28833,60400
28839,60500
28845,60600
28850,60700
28855,60800
28861,60900
28867,61000
29133,61100
29140,61200
29149,61300
29160,61400
29168,61500
29176,61600
29185,61700
29193,61800
29199,61900
29209,62000
29517,62100
29525,62200
29532,62300
29541,62400
29548,62500
29554,62600
29559,62700
29564,62800
29568,62900
29573,63000
29889,63100
29895,63200
29901,63300
29907,63400
29912,63500
29918,63600
29923,63700
29928,63800
29933,63900
29940,64000
30386,64100
30393,64200
30399,64300
30405,64400
30415,64500
30420,64600
30425,64700
30431,64800
30436,64900
30441,65000
30884,65100
30889,65200
30894,65300
30898,65400
30904,65500
30913,65600
30922,65700
30930,65800
30938,65900
30946,66000
31244,66100
31254,66200
31265,66300
31272,66400
31278,66500
31285,66600
31292,66700
31299,66800
31306,66900
31314,67000
31646,67100
31655,67200
31669,67300
31684,67400
31690,67500
31697,67600
31703,67700
31710,67800
31717,67900
31726,68000
32104,68100
32111,68200
32118,68300
32124,68400
32131,68500
32139,68600
32145,68700
32153,68800
32160,68900
32168,69000
32436,69100
32446,69200
32460,69300
32470,69400
32477,69500
32518,69600
32526,69700
32534,69800
32543,69900
32552,70000
32998,70100
33007,70200
33014,70300
33020,70400
33026,70500
33033,70600
33041,70700
33048,70800
33057,70900
33063,71000
33371,71100
33378,71200
33384,71300
33390,71400
33395,71500
33401,71600
33406,71700
33412,71800
33418,71900
33424,72000
33801,72100
33808,72200
33813,72300
33820,72400
33827,72500
33834,72600
33840,72700
33847,72800
33854,72900
33859,73000
34151,73100
34162,73200
34174,73300
34183,73400
34192,73500
34200,73600
34210,73700
34219,73800
34229,73900
34302,74000
34675,74100
34683,74200
34688,74300
34694,74400
34700,74500
34706,74600
34713,74700
34721,74800
34728,74900
34736,75000
34994,75100
35001,75200
35008,75300
35015,75400
35022,75500
35028,75600
35034,75700
35040,75800
35047,75900
35053,76000
35345,76100
35354,76200
35361,76300
35367,76400
35374,76500
35380,76600
35387,76700
35392,76800
35399,76900
35406,77000
35784,77100
35790,77200
35799,77300
35808,77400
35818,77500
35857,77600
35864,77700
35869,77800
35874,77900
35880,78000
36264,78100
36269,78200
36275,78300
36281,78400
36288,78500
36294,78600
36300,78700
36308,78800
36315,78900
36321,79000
36679,79100
36685,79200
36692,79300
36699,79400
36707,79500
36715,79600
36723,79700
36730,79800
36737,79900
36744,80000
37118,80100
37124,80200
37130,80300
37138,80400
37145,80500
37151,80600
37157,80700
37164,80800
37171,80900
37179,81000
37455,81100
37464,81200
37476,81300
37487,81400
37537,81500
37547,81600
37555,81700
37602,81800
37612,81900
37622,82000
37996,82100
38002,82200
38009,82300
38016,82400
38023,82500
38029,82600
38037,82700
38048,82800
38055,82900
38062,83000
38385,83100
38394,83200
38402,83300
38411,83400
38418,83500
38426,83600
38434,83700
38441,83800
38449,83900
38454,84000
38735,84100
38743,84200
38752,84300
38758,84400
38765,84500
38772,84600
38778,84700
38785,84800
38793,84900
38799,85000
39078,85100
39085,85200
39094,85300
39157,85400
39162,85500
39171,85600
39179,85700
39188,85800
39246,85900
39252,86000
39564,86100
39576,86200
39589,86300
39596,86400
39605,86500
39612,86600
39619,86700
39627,86800
39636,86900
39644,87000
39927,87100
39935,87200
39943,87300
39949,87400
39957,87500
39963,87600
39969,87700
39977,87800
39984,87900
39992,88000
40345,88100
40352,88200
40359,88300
40366,88400
40373,88500
40378,88600
40384,88700
40390,88800
40397,88900
40403,89000
40670,89100
40675,89200
40764,89300
40771,89400
40778,89500
40785,89600
40794,89700
40803,89800
40813,89900
40826,90000
41171,90100
41180,90200
41186,90300
41192,90400
41198,90500
41206,90600
41212,90700
41218,90800
41224,90900
41231,91000
41523,91100
41530,91200
41537,91300
41543,91400
41549,91500
41555,91600
41560,91700
41566,91800
41573,91900
41578,92000
41869,92100
41884,92200
41891,92300
41897,92400
41904,92500
41910,92600
41915,92700
41926,92800
41942,92900
41961,93000
42304,93100
42315,93200
42323,93300
42331,93400
42342,93500
42350,93600
42368,93700
42384,93800
42427,93900
42436,94000
42722,94100
42731,94200
42738,94300
42746,94400
42755,94500
42762,94600
42769,94700
42776,94800
42784,94900
42792,95000
43146,95100
43154,95200
43161,95300
43168,95400
43174,95500
43181,95600
43188,95700
43195,95800
43200,95900
43207,96000
43796,96100
43804,96200
43812,96300
43820,96400
43826,96500
43833,96600
43840,96700
43848,96800
43856,96900
43864,97000
44213,97100
44222,97200
44275,97300
44288,97400
44326,97500
44338,97600
44346,97700
44354,97800
44362,97900
44371,98000
44709,98100
44720,98200
44733,98300
44743,98400
44752,98500
44763,98600
44771,98700
44779,98800
44788,98900
44797,99000
45074,99100
45083,99200
45092,99300
45101,99400
45110,99500
45118,99600
45129,99700
45137,99800
45146,99900
45153,100000
45490,100100
45499,100200
45507,100300
45515,100400
45522,100500
45531,100600
45539,100700
45548,100800
45558,100900
45569,101000
46095,101100
46106,101200
46114,101300
46123,101400
46133,101500
46143,101600
46154,101700
46164,101800
46174,101900
46186,102000
46508,102100
46524,102200
46537,102300
46549,102400
46561,102500
46573,102600
46584,102700
46594,102800
46606,102900
46615,103000
47001,103100
47011,103200
47021,103300
47033,103400
47042,103500
47052,103600
47062,103700
47073,103800
47085,103900
47098,104000
47416,104100
47427,104200
47439,104300
47451,104400
47462,104500
47472,104600
47482,104700
47492,104800
47503,104900
47514,105000
47800,105100
47811,105200
47856,105300
47873,105400
47886,105500
47899,105600
47910,105700
47966,105800
47978,105900
47986,106000
48258,106100
48319,106200
48329,106300
48339,106400
48347,106500
48356,106600
48364,106700
48372,106800
48381,106900
48390,107000
48657,107100
48669,107200
48683,107300
48697,107400
48710,107500
48724,107600
48737,107700
48749,107800
48759,107900
48771,108000
49081,108100
49094,108200
49106,108300
49117,108400
49128,108500
49140,108600
49152,108700
49165,108800
49177,108900
49189,109000
49473,109100
49486,109200
49529,109300
49541,109400
49557,109500
49568,109600
49584,109700
49647,109800
49661,109900
49673,110000
49981,110100
49998,110200
50052,110300
50064,110400
50077,110500
50087,110600
50099,110700
50110,110800
50122,110900
50136,111000
50531,111100
50546,111200
50562,111300
50576,111400
50590,111500
50606,111600
50622,111700
50634,111800
50647,111900
50659,112000
51031,112100
51042,112200
51054,112300
51066,112400
51077,112500
51090,112600
51104,112700
51117,112800
51130,112900
51147,113000
51597,113100
51611,113200
51625,113300
51639,113400
51657,113500
51673,113600
51689,113700
51704,113800
51719,113900
51734,114000
52133,114100
52148,114200
52163,114300
52182,114400
52198,114500
52213,114600
52229,114700
52245,114800
52260,114900
52273,115000
52802,115100
52818,115200
52833,115300
52849,115400
52863,115500
52878,115600
52891,115700
52905,115800
52919,115900
52932,116000
53208,116100
53221,116200
53233,116300
53248,116400
53260,116500
53274,116600
53288,116700
53302,116800
53315,116900
53328,117000
53711,117100
53722,117200
53734,117300
53746,117400
53803,117500
53815,117600
53830,117700
53850,117800
53864,117900
53879,118000
54231,118100
54244,118200
54259,118300
54273,118400
54288,118500
54302,118600
54314,118700
54327,118800
54341,118900
54357,119000
54619,119100
54634,119200
54651,119300
54666,119400
54681,119500
54694,119600
54709,119700
54724,119800
54740,119900
54766,120000
55037,120100
55052,120200
55066,120300
55083,120400
55100,120500
55118,120600
55134,120700
55150,120800
55165,120900
55182,121000
55451,121100
55468,121200
55535,121300
55552,121400
55566,121500
55578,121600
55592,121700
55643,121800
55657,121900
55672,122000
55973,122100
55992,122200
56009,122300
56022,122400
56062,122500
56077,122600
56092,122700
56107,122800
56122,122900
56138,123000
56500,123100
56516,123200
56532,123300
56547,123400
56563,123500
56582,123600
56598,123700
56614,123800
56630,123900
56648,124000
57037,124100
57054,124200
57071,124300
57088,124400
57106,124500
57123,124600
57140,124700
57156,124800
57171,124900
57189,125000
57493,125100
57512,125200
57570,125300
57588,125400
57606,125500
57622,125600
57672,125700
57688,125800
57706,125900
57722,126000
58125,126100
58141,126200
58158,126300
58175,126400
58194,126500
58211,126600
58228,126700
58247,126800
58264,126900
58282,127000
58640,127100
58659,127200
58679,127300
58698,127400
58717,127500
58738,127600
58759,127700
58780,127800
58802,127900
58823,128000
59224,128100
59245,128200
59267,128300
59293,128400
59315,128500
59337,128600
59359,128700
59380,128800
59402,128900
59422,129000
59959,129100
59983,129200
60009,129300
60037,129400
60067,129500
60093,129600
60119,129700
60140,129800
60167,129900
60190,130000
60461,130100
60485,130200
60508,130300
60534,130400
60591,130500
60616,130600
60644,130700
60670,130800
60696,130900
60717,131000
61039,131100
61064,131200
61094,131300
61123,131400
61152,131500
61178,131600
61209,131700
61233,131800
61259,131900
61284,132000
61730,132100
61754,132200
61775,132300
61800,132400
61820,132500
61843,132600
61868,132700
61891,132800
61916,132900
61938,133000
62336,133100
62362,133200
62390,133300
62415,133400
62451,133500
62521,133600
62548,133700
62575,133800
62602,133900
62630,134000
63063,134100
63090,134200
63160,134300
63194,134400
63221,134500
63248,134600
63277,134700
63304,134800
63331,134900
63364,135000
63817,135100
63848,135200
63876,135300
63902,135400
63929,135500
63961,135600
63993,135700
64021,135800
64054,135900
64084,136000
64814,136100
64845,136200
64874,136300
64899,136400
64928,136500
64964,136600
64993,136700
65020,136800
65049,136900
65078,137000
65395,137100
65425,137200
65454,137300
65481,137400
65508,137500
65537,137600
65567,137700
65629,137800
65657,137900
65688,138000
66137,138100
66193,138200
66216,138300
66244,138400
66272,138500
66303,138600
66331,138700
66356,138800
66380,138900
66408,139000
66828,139100
66858,139200
66885,139300
66913,139400
66939,139500
66966,139600
66995,139700
67026,139800
67056,139900
67082,140000
67501,140100
67533,140200
67565,140300
67589,140400
67618,140500
67645,140600
67670,140700
67697,140800
67727,140900
67758,141000
68159,141100
68189,141200
68217,141300
68246,141400
68276,141500
68308,141600
68373,141700
68399,141800
68424,141900
68450,142000
68914,142100
68942,142200
68968,142300
68995,142400
69073,142500
69113,142600
69141,142700
69169,142800
69198,142900
69229,143000
69657,143100
69681,143200
69708,143300
69733,143400
69760,143500
69784,143600
69811,143700
69833,143800
69867,143900
69893,144000
70230,144100
70255,144200
70280,144300
70305,144400
70330,144500
70358,144600
70383,144700
70408,144800
70430,144900
70460,145000
70750,145100
70823,145200
70845,145300
70869,145400
70890,145500
70917,145600
70941,145700
70961,145800
70986,145900
71012,146000
71583,146100
71614,146200
71694,146300
71719,146400
71744,146500
71776,146600
71806,146700
71834,146800
71862,146900
71889,147000
72210,147100
72236,147200
72259,147300
72281,147400
72304,147500
72330,147600
72352,147700
72374,147800
72397,147900
72422,148000
72879,148100
72901,148200
72926,148300
72951,148400
72974,148500
72999,148600
73027,148700
73051,148800
73079,148900
73107,149000
73417,149100
73499,149200
73522,149300
73545,149400
73566,149500
73594,149600
73620,149700
73643,149800
73665,149900
73687,150000
74055,150100
74077,150200
74103,150300
74128,150400
74150,150500
74172,150600
74194,150700
74218,150800
74242,150900
74263,151000
74726,151100
74749,151200
74769,151300
74791,151400
74814,151500
74834,151600
74858,151700
74883,151800
74908,151900
74930,152000
75224,152100
75247,152200
75269,152300
75292,152400
75316,152500
75337,152600
75360,152700
75387,152800
75410,152900
75430,153000
75977,153100
75997,153200
76018,153300
76039,153400
76060,153500
76082,153600
76103,153700
76127,153800
76151,153900
76171,154000
76499,154100
76521,154200
76542,154300
76564,154400
76585,154500
76607,154600
76629,154700
76652,154800
76674,154900
76695,155000
77020,155100
77045,155200
77070,155300
77134,155400
77157,155500
77180,155600
77200,155700
77225,155800
77247,155900
77267,156000
77665,156100
77687,156200
77708,156300
77734,156400
77761,156500
77782,156600
77804,156700
77826,156800
77849,156900
77870,157000
78147,157100
78221,157200
78246,157300
78267,157400
78287,157500
78307,157600
78328,157700
78350,157800
78369,157900
78392,158000
78798,158100
78817,158200
78843,158300
78866,158400
78886,158500
78907,158600
78929,158700
78949,158800
78968,158900
78988,159000
79272,159100
79335,159200
79356,159300
79375,159400
79396,159500
79415,159600
79434,159700
79455,159800
79474,159900
79496,160000
79808,160100
79832,160200
79854,160300
79877,160400
79899,160500
79921,160600
79948,160700
79974,160800
79997,160900
80023,161000
80445,161100
80469,161200
80492,161300
80516,161400
80541,161500
80572,161600
80603,161700
80631,161800
80653,161900
80680,162000
81022,162100
81044,162200
81070,162300
81095,162400
81117,162500
81138,162600
81162,162700
81187,162800
81208,162900
81233,163000
81546,163100
81567,163200
81589,163300
81660,163400
81679,163500
81701,163600
81735,163700
81761,163800
81788,163900
81816,164000
82279,164100
82300,164200
82324,164300
82347,164400
82370,164500
82390,164600
82413,164700
82441,164800
82465,164900
82491,165000
82979,165100
83004,165200
83029,165300
83054,165400
83077,165500
83100,165600
83126,165700
83154,165800
83178,165900
83205,166000
83579,166100
83605,166200
83665,166300
83687,166400
83708,166500
83733,166600
83761,166700
83790,166800
83818,166900
83848,167000
84229,167100
84252,167200
84274,167300
84343,167400
84364,167500
84386,167600
84409,167700
84435,167800
84460,167900
84482,168000
84869,168100
84898,168200
84922,168300
84943,168400
84965,168500
84986,168600
85009,168700
85034,168800
85057,168900
85079,169000
85502,169100
85528,169200
85558,169300
85585,169400
85608,169500
85630,169600
85657,169700
85684,169800
85715,169900
85742,170000
86119,170100
86143,170200
86167,170300
86188,170400
86245,170500
86264,170600
86285,170700
86306,170800
86328,170900
86348,171000
86897,171100
86924,171200
86949,171300
86971,171400
86995,171500
87016,171600
87037,171700
87113,171800
87135,171900
87158,172000
87592,172100
87614,172200
87636,172300
87659,172400
87682,172500
87704,172600
87724,172700
87746,172800
87770,172900
87792,173000
88133,173100
88159,173200
88182,173300
88210,173400
88234,173500
88258,173600
88280,173700
88299,173800
88320,173900
88341,174000
88747,174100
88774,174200
88803,174300
88867,174400
88926,174500
88953,174600
88975,174700
88998,174800
89019,174900
89043,175000
89739,175100
89764,175200
89793,175300
89820,175400
89848,175500
89878,175600
89904,175700
89934,175800
89961,175900
89993,176000
90459,176100
90493,176200
90521,176300
90548,176400
90576,176500
90604,176600
90629,176700
90654,176800
90679,176900
90707,177000
91208,177100
91235,177200
91266,177300
91294,177400
91320,177500
91343,177600
91367,177700
91391,177800
91452,177900
91479,178000
91944,178100
91972,178200
92006,178300
92036,178400
92069,178500
92097,178600
92128,178700
92157,178800
92188,178900
92215,179000
92603,179100
92634,179200
92662,179300
92754,179400
92795,179500
92827,179600
92863,179700
92903,179800
92942,179900
92980,180000
93546,180100
93589,180200
93631,180300
93675,180400
93716,180500
93756,180600
93807,180700
93863,180800
93911,180900
93956,181000
94458,181100
94507,181200
94560,181300
94604,181400
94658,181500
94710,181600
94753,181700
94789,181800
94885,181900
94935,182000
95418,182100
95477,182200
95523,182300
95564,182400
95607,182500
95652,182600
95684,182700
95716,182800
95771,182900
95894,183000
96453,183100
96506,183200
96533,183300
96582,183400
96630,183500
96674,183600
96717,183700
96767,183800
96816,183900
96864,184000
97571,184100
97610,184200
97657,184300
97721,184400
97791,184500
97854,184600
97922,184700
97992,184800
98041,184900
98095,185000
98747,185100
98798,185200
98845,185300
98909,185400
98959,185500
99011,185600
99060,185700
99140,185800
99180,185900
99220,186000
99972,186100
100016,186200
100065,186300
100112,186400
100160,186500
100286,186600
100335,186700
100378,186800
100423,186900
100469,187000
100930,187100
100970,187200
101021,187300
101064,187400
101106,187500
101146,187600
101189,187700
101230,187800
101278,187900
101316,188000
101781,188100
101817,188200
101856,188300
101908,188400
101960,188500
102007,188600
102057,188700
102101,188800
102136,188900
102182,189000
102884,189100
102934,189200
102984,189300
103042,189400
103093,189500
103157,189600
103211,189700
103264,189800
103321,189900
103410,190000
103873,190100
103924,190200
103975,190300
104026,190400
104078,190500
104125,190600
104168,190700
104210,190800
104252,190900
104295,191000
104807,191100
104855,191200
104948,191300
104993,191400
105039,191500
105104,191600
105169,191700
105231,191800
105282,191900
105328,192000
106189,192100
106233,192200
106277,192300
106329,192400
106379,192500
106430,192600
106482,192700
106532,192800
106584,192900
106632,193000
107171,193100
107216,193200
107261,193300
107304,193400
107353,193500
107397,193600
107465,193700
107523,193800
107572,193900
107630,194000
108104,194100
108214,194200
108279,194300
108344,194400
108407,194500
108465,194600
108520,194700
108573,194800
108623,194900
108679,195000
109191,195100
109292,195200
109339,195300
109389,195400
109436,195500
109494,195600
109541,195700
109583,195800
109636,195900
109685,196000
110117,196100
110164,196200
110211,196300
110255,196400
110312,196500
110369,196600
110421,196700
110472,196800
110520,196900
110567,197000
111045,197100
111108,197200
111157,197300
111215,197400
111273,197500
111333,197600
111381,197700
111431,197800
111482,197900
111534,198000
112072,198100
112124,198200
112184,198300
112292,198400
112346,198500
112400,198600
112464,198700
112516,198800
112563,198900
112612,199000
113069,199100
113109,199200
113152,199300
113200,199400
113308,199500
113366,199600
113424,199700
113471,199800
113518,199900
113562,200000
114110,200100
114152,200200
114198,200300
114245,200400
114291,200500
114344,200600
114405,200700
114452,200800
114500,200900
114556,201000
115037,201100
115084,201200
115130,201300
115179,201400
115239,201500
115303,201600
115366,201700
115425,201800
115488,201900
115552,202000
116146,202100
116222,202200
116295,202300
116352,202400
116470,202500
116530,202600
116584,202700
116635,202800
116687,202900
116738,203000
117274,203100
117330,203200
117386,203300
117433,203400
117484,203500
117546,203600
117601,203700
117665,203800
117712,203900
117771,204000
118420,204100
118466,204200
118522,204300
118573,204400
118622,204500
118689,204600
118743,204700
118794,204800
118847,204900
118899,205000
119611,205100
119645,205200
119686,205300
119722,205400
119761,205500
119805,205600
119854,205700
119908,205800
119961,205900
120007,206000
120446,206100
120501,206200
120553,206300
120604,206400
120655,206500
120718,206600
120813,206700
120871,206800
120925,206900
120975,207000
121475,207100
121523,207200
121579,207300
121621,207400
121666,207500
121714,207600
121767,207700
121817,207800
121871,207900
121976,208000
122561,208100
122619,208200
122677,208300
122744,208400
122794,208500
122853,208600
122911,208700
122965,208800
123033,208900
123093,209000
123702,209100
123758,209200
123812,209300
123858,209400
123914,209500
123979,209600
124032,209700
124087,209800
124143,209900
124192,210000
124697,210100
124753,210200
124815,210300
124877,210400
124924,210500
124971,210600
125022,210700
125105,210800
125208,210900
125271,211000
125706,211100
125767,211200
125824,211300
125875,211400
125985,211500
126045,211600
126093,211700
126146,211800
126203,211900
126269,212000
126860,212100
126940,212200
126999,212300
127060,212400
127125,212500
127190,212600
127262,212700
127339,212800
127403,212900
127477,213000
128145,213100
128210,213200
128268,213300
128331,213400
128392,213500
128445,213600
128507,213700
128561,213800
128628,213900
128686,214000
129332,214100
129396,214200
129499,214300
129552,214400
129610,214500
129656,214600
129704,214700
129761,214800
129821,214900
129878,215000
130398,215100
130465,215200
130530,215300
130646,215400
130705,215500
130759,215600
130818,215700
130893,215800
130961,215900
131031,216000
131615,216100
131698,216200
131773,216300
131846,216400
131904,216500
131968,216600
132046,216700
132130,216800
132207,216900
132298,217000
133009,217100
133083,217200
133153,217300
133219,217400
133287,217500
133353,217600
133439,217700
133528,217800
133598,217900
133670,218000
134220,218100
134290,218200
134361,218300
134438,218400
134549,218500
134619,218600
134692,218700
134753,218800
134812,218900
134873,219000
135443,219100
135518,219200
135589,219300
135719,219400
135778,219500
135841,219600
135917,219700
135978,219800
136037,219900
136105,220000
136643,220100
136720,220200
136786,220300
136862,220400
136928,220500
137002,220600
137072,220700
137145,220800
137218,220900
137284,221000
137921,221100
138009,221200
138082,221300
138160,221400
138221,221500
138295,221600
138355,221700
138427,221800
138508,221900
138583,222000
139261,222100
139345,222200
139428,222300
139501,222400
139586,222500
139665,222600
139788,222700
139873,222800
139948,222900
140028,223000
140676,223100
140761,223200
140839,223300
140911,223400
141011,223500
141076,223600
141169,223700
141243,223800
141317,223900
141379,224000
141997,224100
142060,224200
142128,224300
142211,224400
142293,224500
142377,224600
142462,224700
142545,224800
142609,224900
142668,225000
143232,225100
143308,225200
143398,225300
143484,225400
143575,225500
143650,225600
143737,225700
143810,225800
143889,225900
143965,226000
144494,226100
144553,226200
144616,226300
144676,226400
144743,226500
144816,226600
144895,226700
144974,226800
145048,226900
145154,227000
145723,227100
145788,227200
145866,227300
145926,227400
146003,227500
146068,227600
146168,227700
146227,227800
146305,227900
146384,228000
146895,228100
146983,228200
147071,228300
147143,228400
147227,228500
147307,228600
147394,228700
147470,228800
147566,228900
147639,229000
148154,229100
148249,229200
148338,229300
148446,229400
148548,229500
148664,229600
148769,229700
148875,229800
148970,229900
149051,230000
149641,230100
149757,230200
149874,230300
149990,230400
150088,230500
150248,230600
150354,230700
150460,230800
150571,230900
150651,231000
151412,231100
151530,231200
151597,231300
151676,231400
151749,231500
151824,231600
151910,231700
151980,231800
152070,231900
152134,232000
152808,232100
152893,232200
152964,232300
153027,232400
153094,232500
153167,232600
153246,232700
153331,232800
153411,232900
153508,233000
154125,233100
154212,233200
154290,233300
154368,233400
154458,233500
154539,233600
154624,233700
154704,233800
154812,233900
154895,234000
155534,234100
155624,234200
155724,234300
155817,234400
155894,234500
155984,234600
156064,234700
156154,234800
156245,234900
156346,235000
157010,235100
157106,235200
157203,235300
157299,235400
157394,235500
157490,235600
157588,235700
157720,235800
157797,235900
157871,236000
158421,236100
158502,236200
158590,236300
158680,236400
158764,236500
158842,236600
158920,236700
158999,236800
159065,236900
159135,237000
159837,237100
159922,237200
160012,237300
160088,237400
160180,237500
160275,237600
160355,237700
160441,237800
160511,237900
160580,238000
161159,238100
161246,238200
161335,238300
161436,238400
161525,238500
161628,238600
161720,238700
161813,238800
161891,238900
161980,239000
162655,239100
162730,239200
162841,239300
162908,239400
162974,239500
163049,239600
163123,239700
163194,239800
163337,239900
163415,240000
164012,240100
164093,240200
164169,240300
164233,240400
164292,240500
164365,240600
164426,240700
164488,240800
164556,240900
164618,241000
165182,241100
165247,241200
165303,241300
165374,241400
165445,241500
165517,241600
165581,241700
165633,241800
165697,241900
165781,242000
166323,242100
166462,242200
166582,242300
166689,242400
166820,242500
166915,242600
166997,242700
167083,242800
167163,242900
167237,243000
167819,243100
167908,243200
167998,243300
168073,243400
168183,243500
168313,243600
168394,243700
168484,243800
168557,243900
168619,244000
169187,244100
169246,244200
169313,244300
169382,244400
169440,244500
169497,244600
169555,244700
169620,244800
169668,244900
169731,245000
170287,245100
170345,245200
170402,245300
170506,245400
170562,245500
170623,245600
170683,245700
170748,245800
170810,245900
170865,246000
171504,246100
171574,246200
171660,246300
171724,246400
171783,246500
171842,246600
171897,246700
171956,246800
172022,246900
172088,247000
172575,247100
172633,247200
172702,247300
172761,247400
172819,247500
172876,247600
172930,247700
172986,247800
173035,247900
173115,248000
173612,248100
173696,248200
173775,248300
173901,248400
173968,248500
174029,248600
174085,248700
174139,248800
174188,248900
174266,249000
174966,249100
175067,249200
175131,249300
175200,249400
175276,249500
175341,249600
175428,249700
175490,249800
175571,249900
175629,250000
176240,250100
176308,250200
176376,250300
176454,250400
176537,250500
176614,250600
176695,250700
176784,250800
176858,250900
176951,251000
177484,251100
177559,251200
177632,251300
177695,251400
177748,251500
177814,251600
177869,251700
177956,251800
178072,251900
178156,252000
178709,252100
178808,252200
178898,252300
178991,252400
179137,252500
179204,252600
179277,252700
179337,252800
179402,252900
179479,253000
180159,253100
180240,253200
180322,253300
180442,253400
180521,253500
180585,253600
180658,253700
180727,253800
180804,253900
180869,254000
181489,254100
181570,254200
181659,254300
181760,254400
181857,254500
181969,254600
182072,254700
182154,254800
182247,254900
182340,255000
182909,255100
183000,255200
183068,255300
183133,255400
183201,255500
183266,255600
183327,255700
183400,255800
183488,255900
183570,256000
184092,256100
184194,256200
184276,256300
184406,256400
184477,256500
184551,256600
184622,256700
184694,256800
184750,256900
184819,257000
185350,257100
185432,257200
185502,257300
185577,257400
185651,257500
185730,257600
185794,257700
185920,257800
185972,257900
186033,258000
186633,258100
186733,258200
186803,258300
186893,258400
186962,258500
187049,258600
187130,258700
187196,258800
187275,258900
187342,259000
187971,259100
188036,259200
188103,259300
188161,259400
188227,259500
188288,259600
188363,259700
188434,259800
188515,259900
188574,260000
189207,260100
189291,260200
189392,260300
189460,260400
189555,260500
189631,260600
189698,260700
189826,260800
189893,260900
189975,261000
190584,261100
190678,261200
190755,261300
190859,261400
190948,261500
191034,261600
191115,261700
191191,261800
191286,261900
191336,262000
191984,262100
192074,262200
192160,262300
192231,262400
192308,262500
192375,262600
192448,262700
192515,262800
192594,262900
192664,263000
193215,263100
193301,263200
193374,263300
193442,263400
193511,263500
193579,263600
193665,263700
193728,263800
193799,263900
193867,264000
194597,264100
194699,264200
194778,264300
194862,264400
194949,264500
195016,264600
195100,264700
195172,264800
195237,264900
195384,265000
195907,265100
195990,265200
196079,265300
196183,265400
196266,265500
196365,265600
196476,265700
196579,265800
196671,265900
196798,266000
197443,266100
197508,266200
197579,266300
197641,266400
197712,266500
197791,266600
197869,266700
197959,266800
198034,266900
198109,267000
198656,267100
198740,267200
198807,267300
198867,267400
198934,267500
198999,267600
199053,267700
199124,267800
199188,267900
199282,268000
200054,268100
200176,268200
200290,268300
200406,268400
200532,268500
200723,268600
200841,268700
200946,268800
201035,268900
201109,269000
201755,269100
201845,269200
201944,269300
202040,269400
202184,269500
202326,269600
202469,269700
202595,269800
202729,269900
202809,270000
203350,270100
203491,270200
203621,270300
203782,270400
203947,270500
204078,270600
204193,270700
204318,270800
204458,270900
204598,271000
205284,271100
205389,271200
205491,271300
205582,271400
205694,271500
205831,271600
205977,271700
206104,271800
206250,271900
206401,272000
206977,272100
207120,272200
207243,272300
207345,272400
207457,272500
207576,272600
207695,272700
207804,272800
207906,272900
208030,273000
208873,273100
209000,273200
209130,273300
209213,273400
209335,273500
209445,273600
209536,273700
209618,273800
209689,273900
209826,274000
210355,274100
210443,274200
210555,274300
210716,274400
210799,274500
210901,274600
210998,274700
211089,274800
211179,274900
211267,275000
211847,275100
211935,275200
212039,275300
212145,275400
212232,275500
212339,275600
212446,275700
212527,275800
212617,275900
212703,276000
213301,276100
213402,276200
213503,276300
213581,276400
213662,276500
213769,276600
213859,276700
213952,276800
214045,276900
214135,277000
214776,277100
214885,277200
214979,277300
215077,277400
215196,277500
215290,277600
215403,277700
215496,277800
215588,277900
215671,278000
216297,278100
216383,278200
216554,278300
216658,278400
216762,278500
216863,278600
217004,278700
217087,278800
217184,278900
217296,279000
217863,279100
217970,279200
218046,279300
218142,279400
218221,279500
218300,279600
218379,279700
218465,279800
218536,279900
218620,280000
219195,280100
219263,280200
219343,280300
219442,280400
219533,280500
219632,280600
219736,280700
219808,280800
219900,280900
219989,281000
220601,281100
220697,281200
220781,281300
220884,281400
220980,281500
221114,281600
221243,281700
221367,281800
221470,281900
221571,282000
222202,282100
222310,282200
222475,282300
222562,282400
222652,282500
222745,282600
222920,282700
223021,282800
223124,282900
223234,283000
223829,283100
223923,283200
224015,283300
224096,283400
224188,283500
224262,283600
224359,283700
224462,283800
224542,283900
224641,284000
225204,284100
225325,284200
225418,284300
225527,284400
225632,284500
225734,284600
225848,284700
225933,284800
226028,284900
226148,285000
227113,285100
227247,285200
227351,285300
227481,285400
227627,285500
227742,285600
227850,285700
227952,285800
228054,285900
228147,286000
228901,286100
228990,286200
229098,286300
229229,286400
229367,286500
229496,286600
229609,286700
229793,286800
229898,286900
230037,287000
230738,287100
230829,287200
230917,287300
231022,287400
231131,287500
231232,287600
231376,287700
231505,287800
231634,287900
231738,288000
232437,288100
232543,288200
232640,288300
232788,288400
232902,288500
233006,288600
233130,288700
233302,288800
233468,288900
233599,289000
234335,289100
234462,289200
234574,289300
234702,289400
234817,289500
234922,289600
235032,289700
235140,289800
235282,289900
235408,290000
236094,290100
236242,290200
236396,290300
236586,290400
236751,290500
236917,290600
237015,290700
237133,290800
237253,290900
237405,291000
238131,291100
238220,291200
238325,291300
238437,291400
238535,291500
238656,291600
238753,291700
238856,291800
238975,291900
239059,292000
239617,292100
239709,292200
239803,292300
239914,292400
240036,292500
240141,292600
240264,292700
240369,292800
240476,292900
240595,293000
241228,293100
241339,293200
241477,293300
241588,293400
241715,293500
241823,293600
241947,293700
242052,293800
242153,293900
242258,294000
242830,294100
242951,294200
243071,294300
243196,294400
243329,294500
243477,294600
243668,294700
243824,294800
243949,294900
244091,295000
244672,295100
244821,295200
244985,295300
245086,295400
245178,295500
245245,295600
245347,295700
245443,295800
245561,295900
245659,296000
246369,296100
246482,296200
246577,296300
246677,296400
246772,296500
246873,296600
246967,296700
247098,296800
247188,296900
247291,297000
248021,297100
248166,297200
248277,297300
248422,297400
248544,297500
248694,297600
248827,297700
248931,297800
249057,297900
249172,298000
249759,298100
249892,298200
250015,298300
250158,298400
250307,298500
250482,298600
250583,298700
250675,298800
250781,298900
250893,299000
251468,299100
251589,299200
251715,299300
251810,299400
251933,299500
252093,299600
252198,299700
252322,299800
252445,299900
252541,300000
253157,300100
253239,300200
253365,300300
253473,300400
253596,300500
253702,300600
253810,300700
253930,300800
254048,300900
254157,301000
255001,301100
255102,301200
255242,301300
255343,301400
255454,301500
255576,301600
255692,301700
255837,301800
255960,301900
256090,302000
256697,302100
256850,302200
257020,302300
257139,302400
257278,302500
257430,302600
257579,302700
257753,302800
257904,302900
258026,303000
258734,303100
258887,303200
259002,303300
259129,303400
259261,303500
259436,303600
259554,303700
259666,303800
259837,303900
259953,304000
260530,304100
260622,304200
260752,304300
260875,304400
261001,304500
261128,304600
261224,304700
261313,304800
261434,304900
261561,305000
262213,305100
262365,305200
262506,305300
262641,305400
262791,305500
262938,305600
263054,305700
263179,305800
263277,305900
263410,306000
264097,306100
264233,306200
264381,306300
264613,306400
264737,306500
264872,306600
264997,306700
265121,306800
265221,306900
265326,307000
265940,307100
266019,307200
266149,307300
266256,307400
266368,307500
266472,307600
266576,307700
266682,307800
266783,307900
266888,308000
267510,308100
267629,308200
267723,308300
267828,308400
267942,308500
268078,308600
268264,308700
268433,308800
268579,308900
268744,309000
269437,309100
269556,309200
269665,309300
269792,309400
269937,309500
270066,309600
270257,309700
270436,309800
270609,309900
270810,310000
271481,310100
271626,310200
271786,310300
271913,310400
272139,310500
272276,310600
272406,310700
272554,310800
272720,310900
272837,311000
273521,311100
273640,311200
273779,311300
273918,311400
274062,311500
274165,311600
274260,311700
274371,311800
274489,311900
274617,312000
275359,312100
275494,312200
275633,312300
275755,312400
275892,312500
276012,312600
276108,312700
276254,312800
276394,312900
276512,313000
277172,313100
277301,313200
277462,313300
277627,313400
277758,313500
277904,313600
278022,313700
278151,313800
278309,313900
278484,314000
279211,314100
279382,314200
279550,314300
279682,314400
279827,314500
280017,314600
280112,314700
280212,314800
280320,314900
280443,315000
281082,315100
281205,315200
281367,315300
281502,315400
281678,315500
281822,315600
282039,315700
282208,315800
282398,315900
282508,316000
283095,316100
283198,316200
283304,316300
283399,316400
283513,316500
283625,316600
283745,316700
283856,316800
283966,316900
284101,317000
284747,317100
284875,317200
285016,317300
285189,317400
285358,317500
285507,317600
285646,317700
285814,317800
285932,317900
286095,318000
286862,318100
287015,318200
287159,318300
287354,318400
287475,318500
287606,318600
287763,318700
287926,318800
288051,318900
288199,319000
288813,319100
288939,319200
289108,319300
289207,319400
289331,319500
289493,319600
289609,319700
289786,319800
289987,319900
290213,320000
290845,320100
290952,320200
291058,320300
291185,320400
291277,320500
291380,320600
291506,320700
291662,320800
291823,320900
291997,321000
292623,321100
292778,321200
292996,321300
293182,321400
293335,321500
293501,321600
293634,321700
293778,321800
293935,321900
294084,322000
294753,322100
294944,322200
295156,322300
295365,322400
295594,322500
295758,322600
295940,322700
296127,322800
296273,322900
296466,323000
297201,323100
297385,323200
297555,323300
297791,323400
297921,323500
298055,323600
298200,323700
298338,323800
298437,323900
298569,324000
299297,324100
299446,324200
299594,324300
299742,324400
299899,324500
300045,324600
300163,324700
300302,324800
300431,324900
300559,325000
301293,325100
301491,325200
301695,325300
301881,325400
302094,325500
302253,325600
302471,325700
302666,325800
302818,325900
302971,326000
303717,326100
303908,326200
304112,326300
304383,326400
304553,326500
304738,326600
304950,326700
305117,326800
305286,326900
305441,327000
306190,327100
306337,327200
306504,327300
306671,327400
306821,327500
306992,327600
307202,327700
307327,327800
307455,327900
307576,328000
308186,328100
308337,328200
308490,328300
308656,328400
308791,328500
308949,328600
309097,328700
309259,328800
309434,328900
309609,329000
310357,329100
310531,329200
310719,329300
310867,329400
311074,329500
311258,329600
311436,329700
311671,329800
311861,329900
312034,330000
312898,330100
313037,330200
313192,330300
313350,330400
313543,330500
313696,330600
313871,330700
314045,330800
314204,330900
314381,331000
315329,331100
315484,331200
315694,331300
315853,331400
316033,331500
316196,331600
316350,331700
316494,331800
316643,331900
316768,332000
317455,332100
317595,332200
317749,332300
317957,332400
318168,332500
318341,332600
318600,332700
318791,332800
318973,332900
319174,333000
319995,333100
320167,333200
320379,333300
320572,333400
320777,333500
320990,333600
321168,333700
321373,333800
321538,333900
321710,334000
322476,334100
322643,334200
322899,334300
323089,334400
323302,334500
323507,334600
323706,334700
323933,334800
324133,334900
324336,335000
325235,335100
325513,335200
325730,335300
325910,335400
326092,335500
326328,335600
326477,335700
326594,335800
326715,335900
326836,336000
327486,336100
327619,336200
327722,336300
327873,336400
327988,336500
328144,336600
328284,336700
328418,336800
328523,336900
328625,337000
329387,337100
329570,337200
329733,337300
329928,337400
330121,337500
330296,337600
330553,337700
330724,337800
330924,337900
331138,338000
332018,338100
332227,338200
332454,338300
332680,338400
332848,338500
333072,338600
333262,338700
333532,338800
333791,338900
334020,339000
334917,339100
335111,339200
335395,339300
335573,339400
335709,339500
335885,339600
336062,339700
336264,339800
336433,339900
336589,340000
337296,340100
337498,340200
337706,340300
337902,340400
338134,340500
338390,340600
338587,340700
338748,340800
338892,340900
339029,341000
339778,341100
339966,341200
340200,341300
340408,341400
340539,341500
340753,341600
340966,341700
341175,341800
341344,341900
341552,342000
342319,342100
342537,342200
342721,342300
342929,342400
343126,342500
343396,342600
343622,342700
343810,342800
343989,342900
344150,343000
345043,343100
345257,343200
345496,343300
345721,343400
345962,343500
346186,343600
346356,343700
346565,343800
346746,343900
346929,344000
347671,344100
347826,344200
347993,344300
348144,344400
348344,344500
348571,344600
348754,344700
348945,344800
349177,344900
349384,345000
350225,345100
350457,345200
350705,345300
350931,345400
351148,345500
351432,345600
351622,345700
351848,345800
352075,345900
352279,346000
353307,346100
353507,346200
353748,346300
353954,346400
354149,346500
354357,346600
354514,346700
354703,346800
354914,346900
355117,347000
355907,347100
356179,347200
356386,347300
356582,347400
356770,347500
356953,347600
357092,347700
357273,347800
357482,347900
357647,348000
358358,348100
358548,348200
358737,348300
358935,348400
359122,348500
359301,348600
359465,348700
359658,348800
359850,348900
359972,349000
360772,349100
360968,349200
361174,349300
361431,349400
361601,349500
361820,349600
362058,349700
362247,349800
362496,349900
362731,350000
363557,350100
363879,350200
364130,350300
364337,350400
364534,350500
364743,350600
364922,350700
365100,350800
365279,350900
365487,351000
366297,351100
366563,351200
366847,351300
367073,351400
367398,351500
367607,351600
367826,351700
368058,351800
368240,351900
368438,352000
369164,352100
369367,352200
369599,352300
369785,352400
369981,352500
370184,352600
370384,352700
370578,352800
370804,352900
370981,353000
371765,353100
372021,353200
372285,353300
372547,353400
372815,353500
373056,353600
373284,353700
373468,353800
373701,353900
373963,354000
374809,354100
375054,354200
375377,354300
375631,354400
375836,354500
376068,354600
376312,354700
376550,354800
376786,354900
377005,355000
377800,355100
378023,355200
378279,355300
378461,355400
378643,355500
378864,355600
379033,355700
379204,355800
379364,355900
379580,356000
380356,356100
380562,356200
380786,356300
380967,356400
381164,356500
381372,356600
381580,356700
381730,356800
381936,356900
382106,357000
382901,357100
383152,357200
383353,357300
383513,357400
383713,357500
383933,357600
384143,357700
384337,357800
384553,357900
384836,358000
385679,358100
385899,358200
386149,358300
386354,358400
386544,358500
386819,358600
387070,358700
387256,358800
387462,358900
387769,359000
388737,359100
388954,359200
389188,359300
389399,359400
389555,359500
389748,359600
389910,359700
390026,359800
390184,359900
390345,360000
391072,360100
391280,360200
391525,360300
391737,360400
391971,360500
392217,360600
392442,360700
392655,360800
392829,360900
393055,361000
394043,361100
394324,361200
394695,361300
394978,361400
395225,361500
395502,361600
395815,361700
396084,361800
396338,361900
396668,362000
397668,362100
397990,362200
398202,362300
398460,362400
398687,362500
398917,362600
399220,362700
399521,362800
399701,362900
399946,363000
400849,363100
401045,363200
401308,363300
401546,363400
401721,363500
401923,363600
402112,363700
402303,363800
402467,363900
402657,364000
403532,364100
403855,364200
404201,364300
404531,364400
404903,364500
405246,364600
405540,364700
405892,364800
406287,364900
406543,365000
407718,365100
408034,365200
408345,365300
408621,365400
408961,365500
409280,365600
409542,365700
409887,365800
410113,365900
410360,366000
411340,366100
411607,366200
411848,366300
412146,366400
412392,366500
412602,366600
412848,366700
413061,366800
413317,366900
413510,367000
414387,367100
414641,367200
414844,367300
415122,367400
415445,367500
415831,367600
416141,367700
416483,367800
416857,367900
417174,368000
417991,368100
418250,368200
418488,368300
418839,368400
419203,368500
419595,368600
419950,368700
420201,368800
420387,368900
420567,369000
421521,369100
421715,369200
421990,369300
422171,369400
422431,369500
422699,369600
422975,369700
423226,369800
423512,369900
423713,370000
424556,370100
424791,370200
425041,370300
425265,370400
425511,370500
425766,370600
425939,370700
426157,370800
426357,370900
426578,371000
427424,371100
427703,371200
427976,371300
428197,371400
428419,371500
428621,371600
428824,371700
429024,371800
429205,371900
429391,372000
430169,372100
430346,372200
430578,372300
430775,372400
431030,372500
431257,372600
431588,372700
431903,372800
432121,372900
432306,373000
433208,373100
433547,373200
433757,373300
434001,373400
434228,373500
434540,373600
434808,373700
435255,373800
435685,373900
436003,374000
437036,374100
437373,374200
437708,374300
438022,374400
438378,374500
438721,374600
439112,374700
439447,374800
439775,374900
440124,375000
441107,375100
441336,375200
441558,375300
441809,375400
442107,375500
442339,375600
442619,375700
442845,375800
443064,375900
443393,376000
444222,376100
444411,376200
444644,376300
444807,376400
445042,376500
445265,376600
445446,376700
445693,376800
445957,376900
446150,377000
447029,377100
447336,377200
447589,377300
447803,377400
448084,377500
448313,377600
448540,377700
448843,377800
449222,377900
449564,378000
450683,378100
451063,378200
451445,378300
451744,378400
452061,378500
452385,378600
452679,378700
452988,378800
453334,378900
453566,379000
454617,379100
454893,379200
455251,379300
455521,379400
455820,379500
456064,379600
456350,379700
456696,379800
456994,379900
457253,380000
458151,380100
458396,380200
458729,380300
458993,380400
459241,380500
459520,380600
459758,380700
460010,380800
460275,380900
460549,381000
461529,381100
461912,381200
462245,381300
462564,381400
462833,381500
463095,381600
463371,381700
463694,381800
464043,381900
464347,382000
466167,382100
466538,382200
466904,382300
467242,382400
467567,382500
467864,382600
468179,382700
468425,382800
468623,382900
468904,383000
469934,383100
470220,383200
470528,383300
470761,383400
471064,383500
471327,383600
471552,383700
471805,383800
472135,383900
472357,384000
473256,384100
473530,384200
473754,384300
474030,384400
474271,384500
474477,384600
474691,384700
474876,384800
475144,384900
475413,385000
476557,385100
476870,385200
477192,385300
477473,385400
477834,385500
478101,385600
478379,385700
478652,385800
478904,385900
479142,386000
480273,386100
480504,386200
480815,386300
481101,386400
481428,386500
481875,386600
482161,386700
482465,386800
482808,386900
483018,387000
483977,387100
484318,387200
484649,387300
484947,387400
485300,387500
485589,387600
485850,387700
486176,387800
486487,387900
486825,388000
487933,388100
488218,388200
488499,388300
488800,388400
489031,388500
489283,388600
489560,388700
489856,388800
490129,388900
490368,389000
491352,389100
491716,389200
492001,389300
492320,389400
492645,389500
493041,389600
493405,389700
493678,389800
494073,389900
494364,390000
495479,390100
495736,390200
496026,390300
496312,390400
496585,390500
496838,390600
497197,390700
497521,390800
497888,390900
498172,391000
499269,391100
499559,391200
499860,391300
500205,391400
500499,391500
500798,391600
501011,391700
501299,391800
501650,391900
501969,392000
502907,392100
503288,392200
503530,392300
503828,392400
504130,392500
504365,392600
504615,392700
504878,392800
505207,392900
505452,393000
506481,393100
506804,393200
507147,393300
507553,393400
508031,393500
508387,393600
508794,393700
509140,393800
509482,393900
509913,394000
511099,394100
511581,394200
512005,394300
512475,394400
512824,394500
513152,394600
513501,394700
513842,394800
514091,394900
514342,395000
515596,395100
515981,395200
516394,395300
516803,395400
517144,395500
517428,395600
517810,395700
518072,395800
518330,395900
518604,396000
519626,396100
520017,396200
520363,396300
520724,396400
521000,396500
521260,396600
521554,396700
521805,396800
522057,396900
522335,397000
523295,397100
523622,397200
524022,397300
524402,397400
524773,397500
525102,397600
525429,397700
525805,397800
526101,397900
526374,398000
527423,398100
527750,398200
528038,398300
528385,398400
528765,398500
529108,398600
529428,398700
529822,398800
530203,398900
530435,399000
531463,399100
531873,399200
532393,399300
532810,399400
533261,399500
533711,399600
534192,399700
534569,399800
534900,399900
535193,400000
536118,400100
536446,400200
536707,400300
536997,400400
537353,400500
537735,400600
538123,400700
538482,400800
538823,400900
539187,401000
540339,401100
540730,401200
541219,401300
541632,401400
542042,401500
542390,401600
542849,401700
543297,401800
543629,401900
543900,402000
545013,402100
545404,402200
545701,402300
546026,402400
546333,402500
546674,402600
547042,402700
547389,402800
547740,402900
548100,403000
549236,403100
549524,403200
549901,403300
550226,403400
550499,403500
550830,403600
551197,403700
551509,403800
551804,403900
552124,404000
553049,404100
553325,404200
553607,404300
553940,404400
554256,404500
554574,404600
554950,404700
555229,404800
555713,404900
556030,405000
557131,405100
557543,405200
557932,405300
558368,405400
558818,405500
559224,405600
559601,405700
559906,405800
560228,405900
560498,406000
561720,406100
562067,406200
562388,406300
562774,406400
563074,406500
563368,406600
563718,406700
564114,406800
564464,406900
564743,407000
565912,407100
566278,407200
566672,407300
567017,407400
567425,407500
567802,407600
568073,407700
568432,407800
568787,407900
569060,408000
570029,408100
570351,408200
570660,408300
570991,408400
571326,408500
571582,408600
571838,408700
572178,408800
572527,408900
572812,409000
573892,409100
574351,409200
574799,409300
575250,409400
575658,409500
576043,409600
576441,409700
576726,409800
577172,409900
577479,410000
578629,410100
579006,410200
579362,410300
579737,410400
580047,410500
580423,410600
580726,410700
581079,410800
581355,410900
581588,411000
582767,411100
583119,411200
583453,411300
583830,411400
584194,411500
584515,411600
584876,411700
585245,411800
585561,411900
585879,412000
586992,412100
587403,412200
587735,412300
588121,412400
588485,412500
588824,412600
589182,412700
589494,412800
589707,412900
589966,413000
591047,413100
591499,413200
591947,413300
592440,413400
592872,413500
593288,413600
593863,413700
594204,413800
594485,413900
594805,414000
595999,414100
596432,414200
596870,414300
597263,414400
597626,414500
598007,414600
598457,414700
598829,414800
599048,414900
599360,415000
600390,415100
600795,415200
601160,415300
601590,415400
601910,415500
602286,415600
602683,415700
603061,415800
603366,415900
603710,416000
604872,416100
605277,416200
605668,416300
606037,416400
606435,416500
606833,416600
607253,416700
607618,416800
607928,416900
608245,417000
609397,417100
609756,417200
610220,417300
610723,417400
611150,417500
611651,417600
612134,417700
612574,417800
612863,417900
613192,418000
614331,418100
614684,418200
615174,418300
615561,418400
615956,418500
616299,418600
616708,418700
617040,418800
617415,418900
617674,419000
618613,419100
618987,419200
619384,419300
619873,419400
620271,419500
620655,419600
621085,419700
621705,419800
622088,419900
622434,420000
623412,420100
623791,420200
624163,420300
624644,420400
625015,420500
625381,420600
625701,420700
626057,420800
626392,420900
626677,421000
627901,421100
628338,421200
628726,421300
629145,421400
629584,421500
630043,421600
630558,421700
630942,421800
631306,421900
631620,422000
632759,422100
633190,422200
633678,422300
634124,422400
634537,422500
634945,422600
635380,422700
635767,422800
636056,422900
636339,423000
637513,423100
637898,423200
638225,423300
638663,423400
639049,423500
639408,423600
639778,423700
640103,423800
640426,423900
640703,424000
641679,424100
642048,424200
642418,424300
642822,424400
643210,424500
643556,424600
643917,424700
644405,424800
644747,424900
645055,425000
646155,425100
646464,425200
646816,425300
647190,425400
647638,425500
648065,425600
648467,425700
648913,425800
649237,425900
649504,426000
650705,426100
651046,426200
651471,426300
651943,426400
652353,426500
652775,426600
653190,426700
653628,426800
654051,426900
654357,427000
655480,427100
655817,427200
656171,427300
656558,427400
656940,427500
657315,427600
657722,427700
658127,427800
658465,427900
658788,428000
659800,428100
660132,428200
660430,428300
660797,428400
661241,428500
661653,428600
661992,428700
662338,428800
662669,428900
662958,429000
664008,429100
664365,429200
664703,429300
665074,429400
665446,429500
665863,429600
666256,429700
666704,429800
667149,429900
667480,430000
668599,430100
669041,430200
669479,430300
669937,430400
670352,430500
670780,430600
671232,430700
671677,430800
672089,430900
672389,431000
673527,431100
673993,431200
674376,431300
674654,431400
675001,431500
675358,431600
675759,431700
676140,431800
676478,431900
676881,432000
678219,432100
678630,432200
679028,432300
679373,432400
679717,432500
680186,432600
680593,432700
680931,432800
681338,432900
681678,433000
682782,433100
683410,433200
683875,433300
684404,433400
684864,433500
685261,433600
685753,433700
686155,433800
686514,433900
686876,434000
688086,434100
688606,434200
689319,434300
689802,434400
690225,434500
690668,434600
691259,434700
691634,434800
691985,434900
692319,435000
693655,435100
694192,435200
694768,435300
695205,435400
695767,435500
696267,435600
696881,435700
697534,435800
698010,435900
698650,436000
700070,436100
700537,436200
700999,436300
701402,436400
701831,436500
702185,436600
702552,436700
702966,436800
703346,436900
703923,437000
705226,437100
705927,437200
706441,437300
706960,437400
707460,437500
707909,437600
708332,437700
708720,437800
709082,437900
709481,438000
710729,438100
711341,438200
711841,438300
712328,438400
712783,438500
713209,438600
713644,438700
714030,438800
714392,438900
714780,439000
716083,439100
716541,439200
717213,439300
717704,439400
718271,439500
718766,439600
719187,439700
719642,439800
720128,439900
720591,440000
723954,440100
724440,440200
724901,440300
725300,440400
725727,440500
726143,440600
726570,440700
726942,440800
727351,440900
727756,441000
729184,441100
729779,441200
730337,441300
730830,441400
731343,441500
732022,441600
732422,441700
732807,441800
733171,441900
733742,442000
735065,442100
735671,442200
736320,442300
736845,442400
737381,442500
737874,442600
738362,442700
738800,442800
739299,442900
739643,443000
740828,443100
741380,443200
741869,443300
742390,443400
743024,443500
743641,443600
744198,443700
744909,443800
745290,443900
745630,444000
746954,444100
747405,444200
748025,444300
748455,444400
748981,444500
749493,444600
749958,444700
750675,444800
751147,444900
751557,445000
752973,445100
753533,445200
754197,445300
754867,445400
755418,445500
756149,445600
756670,445700
757227,445800
757636,445900
758025,446000
762772,446100
763309,446200
763871,446300
764397,446400
764921,446500
765477,446600
766005,446700
766517,446800
767139,446900
767628,447000
775463,447100
776153,447200
776816,447300
777400,447400
778175,447500
778746,447600
779254,447700
779706,447800
780086,447900
780508,448000
781719,448100
782117,448200
782554,448300
782968,448400
783338,448500
783921,448600
784434,448700
784841,448800
785292,448900
785681,449000
787393,449100
787858,449200
788311,449300
788817,449400
789388,449500
789869,449600
790340,449700
790823,449800
791352,449900
791786,450000
793322,450100
794018,450200
794593,450300
795414,450400
796156,450500
796771,450600
797328,450700
797821,450800
798277,450900
798751,451000
800299,451100
800950,451200
801680,451300
802334,451400
803062,451500
803747,451600
804430,451700
805110,451800
805816,451900
806412,452000
807921,452100
808587,452200
809236,452300
809826,452400
810346,452500
810901,452600
811517,452700
812070,452800
812561,452900
813093,453000
814706,453100
815279,453200
815965,453300
816673,453400
817305,453500
817785,453600
818284,453700
818693,453800
819126,453900
819577,454000
821026,454100
822002,454200
822701,454300
823403,454400
824141,454500
824750,454600
825239,454700
825647,454800
826060,454900
826490,455000
828057,455100
828666,455200
829330,455300
830012,455400
830595,455500
831223,455600
831816,455700
832314,455800
832948,455900
833463,456000
834801,456100
835319,456200
835869,456300
836412,456400
836997,456500
837521,456600
838237,456700
838767,456800
839275,456900
839894,457000
841346,457100
841964,457200
842588,457300
843196,457400
844029,457500
844721,457600
845229,457700
845762,457800
846288,457900
846761,458000
848299,458100
849099,458200
849661,458300
850249,458400
850874,458500
851398,458600
851812,458700
852210,458800
852632,458900
853059,459000
854529,459100
855105,459200
855747,459300
856287,459400
856822,459500
857335,459600
857848,459700
858356,459800
858857,459900
859326,460000
860747,460100
861325,460200
861808,460300
862416,460400
862938,460500
863493,460600
863938,460700
864369,460800
864808,460900
865345,461000
866708,461100
867388,461200
868039,461300
868606,461400
869258,461500
869869,461600
870374,461700
870942,461800
871450,461900
871897,462000
873439,462100
874052,462200
874526,462300
875051,462400
875611,462500
876321,462600
876834,462700
877327,462800
877875,462900
878339,463000
879804,463100
880350,463200
880864,463300
881511,463400
882033,463500
882535,463600
883056,463700
883472,463800
883963,463900
884505,464000
885835,464100
886260,464200
886884,464300
887332,464400
887821,464500
888333,464600
888801,464700
889268,464800
889754,464900
890207,465000
891678,465100
892435,465200
892931,465300
893438,465400
893945,465500
894557,465600
895041,465700
895462,465800
895887,465900
896314,466000
897948,466100
898409,466200
898873,466300
899447,466400
899896,466500
900330,466600
900754,466700
901169,466800
901607,466900
902027,467000
903821,467100
904374,467200
904919,467300
905492,467400
906135,467500
906734,467600
907274,467700
907805,467800
908571,467900
909108,468000
910639,468100
911165,468200
911687,468300
912181,468400
912618,468500
913109,468600
913596,468700
914202,468800
914605,468900
915048,469000
916502,469100
917059,469200
917651,469300
918220,469400
918696,469500
919139,469600
919692,469700
920145,469800
920565,469900
921016,470000
922375,470100
922846,470200
923382,470300
923858,470400
924406,470500
925073,470600
925618,470700
926052,470800
926476,470900
926909,471000
928337,471100
928949,471200
929426,471300
929935,471400
930616,471500
931116,471600
931582,471700
932097,471800
932589,471900
933072,472000
934462,472100
934940,472200
935432,472300
935997,472400
936459,472500
936927,472600
937402,472700
937930,472800
938419,472900
938856,473000
940354,473100
941201,473200
941830,473300
942422,473400
943043,473500
943529,473600
943967,473700
944339,473800
944691,473900
945061,474000
946595,474100
947125,474200
947615,474300
948114,474400
948567,474500
949116,474600
949573,474700
949914,474800
950258,474900
950664,475000
952180,475100
952928,475200
953434,475300
953999,475400
954461,475500
955005,475600
955533,475700
955980,475800
956512,475900
957061,476000
958283,476100
958763,476200
959239,476300
959684,476400
960104,476500
960531,476600
960910,476700
961340,476800
961755,476900
962195,477000
963484,477100
963810,477200
964379,477300
964914,477400
965433,477500
965960,477600
966417,477700
966795,477800
967192,477900
967558,478000
968991,478100
969636,478200
970113,478300
970640,478400
971141,478500
971504,478600
971960,478700
972452,478800
972820,478900
973277,479000
974697,479100
975296,479200
975867,479300
976380,479400
976869,479500
977389,479600
977922,479700
978374,479800
978809,479900
979438,480000
980697,480100
981155,480200
981664,480300
982166,480400
982615,480500
983111,480600
983555,480700
983972,480800
984424,480900
984994,481000
986379,481100
986989,481200
987644,481300
988183,481400
988829,481500
989351,481600
989849,481700
990455,481800
990918,481900
991428,482000
993083,482100
993797,482200
994415,482300
994946,482400
995691,482500
996225,482600
996627,482700
997032,482800
997440,482900
997850,483000
999441,483100
999972,483200
1000400,483300
1001027,483400
1001513,483500
1002118,483600
1002535,483700
1002941,483800
1003426,483900
1003761,484000
1005024,484100
1005439,484200
1005804,484300
1006199,484400
1006684,484500
1007127,484600
1007517,484700
1007923,484800
1008320,484900
1008676,485000
1009994,485100
1010384,485200
1010992,485300
1011436,485400
1012168,485500
1012625,485600
1012921,485700
1013293,485800
1013706,485900
1014179,486000
1015655,486100
1016290,486200
1016807,486300
1017405,486400
1017838,486500
1018251,486600
1018658,486700
1019020,486800
1019493,486900
1020031,487000
1021585,487100
1022117,487200
1022849,487300
1023375,487400
1023910,487500
1024391,487600
1024780,487700
1025233,487800
1025737,487900
1026174,488000
1027510,488100
1028149,488200
1028599,488300
1029171,488400
1029635,488500
1030105,488600
1030470,488700
1030809,488800
1031124,488900
1031541,489000
1032939,489100
1033725,489200
1034368,489300
1035022,489400
1035615,489500
1036152,489600
1036650,489700
1037140,489800
1037603,489900
1037995,490000
1039601,490100
1040244,490200
1040923,490300
1041512,490400
1042065,490500
1042700,490600
1043147,490700
1043657,490800
1044171,490900
1044808,491000
1046580,491100
1047165,491200
1047782,491300
1048428,491400
1049066,491500
1049880,491600
1050339,491700
1050777,491800
1051119,491900
1051627,492000
1053219,492100
1053786,492200
1054364,492300
1054934,492400
1055543,492500
1056043,492600
1056553,492700
1057073,492800
1057605,492900
1058206,493000
1059810,493100
1060438,493200
1061348,493300
1062039,493400
1062809,493500
1063408,493600
1063971,493700
1064512,493800
1065099,493900
1065770,494000
1067752,494100
1068482,494200
1069272,494300
1069855,494400
1070527,494500
1071010,494600
1071645,494700
1072127,494800
1072593,494900
1073128,495000
1074746,495100
1075402,495200
1076062,495300
1076618,495400
1077498,495500
1078087,495600
1078637,495700
1079208,495800
1079774,495900
1080431,496000
1081997,496100
1082748,496200
1083371,496300
1083957,496400
1084555,496500
1085094,496600
1085635,496700
1086202,496800
1086752,496900
1087342,497000
1089069,497100
1089784,497200
1090496,497300
1091147,497400
1091910,497500
1092510,497600
1093236,497700
1093827,497800
1094424,497900
1095084,498000
1096808,498100
1097608,498200
1098465,498300
1099358,498400
1100175,498500
1100828,498600
1101397,498700
1101910,498800
1102467,498900
1103019,499000
1104849,499100
1105533,499200
1106295,499300
1107107,499400
1107723,499500
1108293,499600
1108947,499700
1109472,499800
1110144,499900
1110654,500000
1112277,500100
1112941,500200
1113642,500300
1114271,500400
1114895,500500
1115657,500600
1116217,500700
1116756,500800
1117329,500900
1117797,501000
1119465,501100
1120229,501200
1120926,501300
1121806,501400
1122608,501500
1123245,501600
1123906,501700
1124592,501800
1125394,501900
1126023,502000
1127902,502100
1128502,502200
1129286,502300
1130091,502400
1130898,502500
1131673,502600
1132582,502700
1133134,502800
1133731,502900
1134293,503000
1136027,503100
1136723,503200
1137421,503300
1138297,503400
1139012,503500
1139650,503600
1140236,503700
1140816,503800
1141394,503900
1141889,504000
1143630,504100
1144255,504200
1144912,504300
1145655,504400
1146342,504500
1146881,504600
1147366,504700
1147881,504800
1148415,504900
1148967,505000
1150732,505100
1151582,505200
1152661,505300
1153429,505400
1153976,505500
1154729,505600
1155606,505700
1156114,505800
1156642,505900
1157187,506000
1158928,506100
1159694,506200
1160602,506300
1161436,506400
1162053,506500
1162736,506600
1163370,506700
1163923,506800
1164558,506900
1165045,507000
1166760,507100
1167447,507200
1168078,507300
1168744,507400
1169256,507500
1169796,507600
1170468,507700
1171010,507800
1171670,507900
1172273,508000
1174008,508100
1174830,508200
1175713,508300
1176549,508400
1177387,508500
1178193,508600
1178928,508700
1179651,508800
1180285,508900
1180926,509000
1183045,509100
1184017,509200
1184929,509300
1185723,509400
1186317,509500
1186970,509600
1187579,509700
1188144,509800
1188921,509900
1189495,510000
1191236,510100
1192029,510200
1192733,510300
1193470,510400
1194174,510500
1194740,510600
1195211,510700
1195742,510800
1196139,510900
1196611,511000
1198193,511100
1198814,511200
1199721,511300
1200612,511400
1201197,511500
1201673,511600
1202276,511700
1202964,511800
1203658,511900
1204349,512000
1206212,512100
1206897,512200
1207751,512300
1208482,512400
1209238,512500
1209848,512600
1210533,512700
1211119,512800
1211619,512900
1212207,513000
1213793,513100
1214557,513200
1215028,513300
1215793,513400
1216148,513500
1216644,513600
1217025,513700
1217357,513800
1217660,513900
1217936,514000
1219242,514100
1219671,514200
1220140,514300
1220621,514400
1221109,514500
1221891,514600
1222285,514700
1222723,514800
1223113,514900
1223417,515000
1224656,515100
1225085,515200
1225587,515300
1226000,515400
1226490,515500
1227027,515600
1227630,515700
1228004,515800
1228384,515900
1228736,516000
1229875,516100
1230263,516200
1230661,516300
1231055,516400
1231538,516500
1231969,516600
1232400,516700
1232813,516800
1233402,516900
1233810,517000
1235176,517100
1235512,517200
1235888,517300
1236327,517400
1236838,517500
1237340,517600
1237748,517700
1238189,517800
1238758,517900
1239096,518000
1241268,518100
1241768,518200
1242242,518300
1242771,518400
1243366,518500
1243885,518600
1244509,518700
1244896,518800
1245350,518900
1245848,519000
1247039,519100
1247712,519200
1248301,519300
1248630,519400
1249058,519500
1249550,519600
1250162,519700
1250657,519800
1251158,519900
1251603,520000
1253054,520100
1253623,520200
1254100,520300
1254374,520400
1254730,520500
1255088,520600
1255523,520700
1255907,520800
1256261,520900
1256635,521000
1258090,521100
1258685,521200
1259241,521300
1259733,521400
1260293,521500
1260631,521600
1261184,521700
1261702,521800
1262042,521900
1262402,522000
1263876,522100
1264405,522200
1264985,522300
1265398,522400
1265718,522500
1266173,522600
1266861,522700
1267278,522800
1267760,522900
1268191,523000
1269387,523100
1270219,523200
1270796,523300
1271178,523400
1271581,523500
1272139,523600
1272621,523700
1273007,523800
1273477,523900
1273929,524000
1275141,524100
1275528,524200
1275788,524300
1276175,524400
1276528,524500
1276744,524600
1277041,524700
1277348,524800
1277874,524900
1278300,525000
1279558,525100
1280023,525200
1280478,525300
1280899,525400
1281494,525500
1281811,525600
1282244,525700
1282724,525800
1283566,525900
1284147,526000
1285524,526100
1286196,526200
1286778,526300
1287467,526400
1288160,526500
1288923,526600
1289369,526700
1289854,526800
1290561,526900
1291158,527000
1292707,527100
1293543,527200
1294088,527300
1294805,527400
1295337,527500
1295969,527600
1296402,527700
1296792,527800
1297100,527900
1297524,528000
1298932,528100
1299427,528200
1300396,528300
1301038,528400
1301490,528500
1301903,528600
1302238,528700
1302665,528800
1303030,528900
1303304,529000
1304602,529100
1305172,529200
1306089,529300
1306844,529400
1307553,529500
1307940,529600
1308325,529700
1308774,529800
1309194,529900
1309580,530000
1311051,530100
1311793,530200
1312617,530300
1313396,530400
1314060,530500
1314585,530600
1315070,530700
1315729,530800
1316119,530900
1316428,531000
1317656,531100
1318276,531200
1318912,531300
1319435,531400
1320000,531500
1320866,531600
1321531,531700
1322142,531800
1322993,531900
1323498,532000
1330866,532100
1331724,532200
1332390,532300
1333113,532400
1333958,532500
1334498,532600
1334918,532700
1335407,532800
1335873,532900
1336303,533000
1337518,533100
1337961,533200
1338498,533300
1339439,533400
1340195,533500
1340888,533600
1341479,533700
1341932,533800
1342430,533900
1342940,534000
1345321,534100
1345808,534200
1346387,534300
1347034,534400
1347677,534500
1348544,534600
1349253,534700
1349871,534800
1350644,534900
1351155,535000
1352855,535100
1353415,535200
1353852,535300
1354535,535400
1355458,535500
1356385,535600
1357087,535700
1357644,535800
1358118,535900
1358653,536000
1360002,536100
1360505,536200
1360924,536300
1361423,536400
1361893,536500
1362365,536600
1362872,536700
1363458,536800
1363861,536900
1364275,537000
1375119,537100
1375740,537200
1376225,537300
1376627,537400
1377048,537500
1377528,537600
1378278,537700
1378700,537800
1379210,537900
1379731,538000
1381054,538100
1381765,538200
1382474,538300
1383109,538400
1383935,538500
1384601,538600
1385245,538700
1386034,538800
1386671,538900
1387374,539000
1389232,539100
1389888,539200
1390568,539300
1391193,539400
1391765,539500
1392321,539600
1392989,539700
1393456,539800
1394070,539900
1394864,540000
1396360,540100
1396922,540200
1397495,540300
1398383,540400
1398847,540500
1399278,540600
1399646,540700
1400055,540800
1400800,540900
1401385,541000
1402801,541100
1403351,541200
1404060,541300
1404692,541400
1405362,541500
1406143,541600
1406543,541700
1407078,541800
1407621,541900
1408193,542000
1409758,542100
1410435,542200
1411069,542300
1412046,542400
1412786,542500
1413344,542600
1413927,542700
1414433,542800
1415246,542900
1415791,543000
1417448,543100
1418063,543200
1418686,543300
1419249,543400
1420008,543500
1420470,543600
1420880,543700
1421313,543800
1421680,543900
1422208,544000
1423870,544100
1424358,544200
1424928,544300
1425463,544400
1425973,544500
1426683,544600
1427181,544700
1427634,544800
1428137,544900
1429048,545000
1430701,545100
1431531,545200
1432237,545300
1432862,545400
1433601,545500
1434237,545600
1434748,545700
1435278,545800
1435867,545900
1436454,546000
1452963,546100
1453980,546200
1454854,546300
1455824,546400
1456829,546500
1457569,546600
1458103,546700
1458740,546800
1459401,546900
1460117,547000
1462307,547100
1463476,547200
1464511,547300
1465451,547400
1466288,547500
1467312,547600
1468112,547700
1468813,547800
1469602,547900
1470358,548000
1472021,548100
1472958,548200
1473692,548300
1474736,548400
1475703,548500
1476589,548600
1477178,548700
1478052,548800
1478924,548900
1479573,549000
1481561,549100
1482557,549200
1483443,549300
1484503,549400
1485170,549500
1485728,549600
1486316,549700
1486896,549800
1487552,549900
1488275,550000
1490437,550100
1491580,550200
1492549,550300
1493539,550400
1494347,550500
1495122,550600
1495997,550700
1496889,550800
1497913,550900
1498801,551000
1501010,551100
1501947,551200
1502964,551300
1503898,551400
1504833,551500
1505735,551600
1506651,551700
1507434,551800
1508440,551900
1509204,552000
1512084,552100
1513021,552200
1514153,552300
1514877,552400
1515684,552500
1516408,552600
1517139,552700
1518093,552800
1518969,552900
1519676,553000
1521691,553100
1522702,553200
1523789,553300
1524644,553400
1525353,553500
1526135,553600
1526845,553700
1527437,553800
1528097,553900
1528858,554000
1530841,554100
1531929,554200
1532912,554300
1534136,554400
1535223,554500
1536059,554600
1536713,554700
1537406,554800
1538296,554900
1538985,555000
1540664,555100
1541529,555200
1542307,555300
1543327,555400
1544182,555500
1544834,555600
1545701,555700
1546468,555800
1547039,555900
1547706,556000
1549201,556100
1549677,556200
1550194,556300
1550951,556400
1551487,556500
1552046,556600
1552684,556700
1553394,556800
1554118,556900
1554879,557000
1556853,557100
1557506,557200
1558101,557300
1558721,557400
1559412,557500
1559924,557600
1560511,557700
1561024,557800
1561496,557900
1562231,558000
1563950,558100
1564636,558200
1565305,558300
1565994,558400
1566795,558500
1567770,558600
1568591,558700
1569499,558800
1570129,558900
1570759,559000
1572557,559100
1573438,559200
1574064,559300
1574735,559400
1575477,559500
1576215,559600
1576877,559700
1577536,559800
1578126,559900
1578904,560000
1580547,560100
1581066,560200
1581567,560300
1582114,560400
1582780,560500
1583475,560600
1584047,560700
1584751,560800
1585328,560900
1585967,561000
1587626,561100
1588208,561200
1588929,561300
1589551,561400
1590338,561500
1590942,561600
1591562,561700
1592095,561800
1592691,561900
1593237,562000
1594911,562100
1595935,562200
1596525,562300
1597182,562400
1597875,562500
1598649,562600
1599781,562700
1600744,562800
1601619,562900
1602226,563000
1604015,563100
1604786,563200
1605591,563300
1606041,563400
1606846,563500
1607398,563600
1608130,563700
1608720,563800
1609396,563900
1610105,564000
1611981,564100
1612842,564200
1613425,564300
1614059,564400
1614773,564500
1615339,564600
1615960,564700
1616569,564800
1617221,564900
1617894,565000
1619552,565100
1620172,565200
1621079,565300
1621757,565400
1622365,565500
1623095,565600
1624008,565700
1624650,565800
1625432,565900
1626061,566000
1627794,566100
1628660,566200
1629775,566300
1630511,566400
1631162,566500
1632016,566600
1632915,566700
1633661,566800
1634498,566900
1635259,567000
1637049,567100
1637756,567200
1638466,567300
1639153,567400
1639646,567500
1640535,567600
1641219,567700
1641747,567800
1642490,567900
1643078,568000
1644708,568100
1645605,568200
1646187,568300
1646780,568400
1647404,568500
1647874,568600
1648535,568700
1649271,568800
1649911,568900
1650719,569000
1652814,569100
1653641,569200
1654489,569300
1655305,569400
1656088,569500
1656908,569600
1657585,569700
1658294,569800
1658993,569900
1659699,570000
1661863,570100
1663112,570200
1664184,570300
1665272,570400
1666068,570500
1666865,570600
1667894,570700
1668868,570800
1669733,570900
1670451,571000
1672492,571100
1673698,571200
1674637,571300
1675715,571400
1676420,571500
1677063,571600
1677883,571700
1678715,571800
1679519,571900
1680244,572000
1682094,572100
1682828,572200
1683556,572300
1684346,572400
1685202,572500
1685972,572600
1686615,572700
1687277,572800
1688096,572900
1688869,573000
1691056,573100
1691882,573200
1692736,573300
1693642,573400
1694470,573500
1695074,573600
1695763,573700
1696575,573800
1697259,573900
1698007,574000
1699948,574100
1700772,574200
1701810,574300
1702779,574400
1703815,574500
1704741,574600
1705588,574700
1706578,574800
1707404,574900
1708192,575000
1710243,575100
1711294,575200
1712284,575300
1713525,575400
1714597,575500
1715556,575600
1716450,575700
1717419,575800
1718667,575900
1719623,576000
1721693,576100
1722558,576200
1723467,576300
1724466,576400
1725337,576500
1726118,576600
1726959,576700
1727668,576800
1728406,576900
1729080,577000
1731089,577100
1732092,577200
1732989,577300
1733809,577400
1734840,577500
1735629,577600
1736351,577700
1737043,577800
1737687,577900
1738518,578000
1741000,578100
1742102,578200
1743422,578300
1744340,578400
1745179,578500
1746221,578600
1747209,578700
1748118,578800
1749077,578900
1749849,579000
1752228,579100
1753281,579200
1754427,579300
1755474,579400
1756275,579500
1757203,579600
1758068,579700
1758892,579800
1759567,579900
1760247,580000
1762090,580100
1763139,580200
1763928,580300
1764865,580400
1765692,580500
1766487,580600
1767252,580700
1768532,580800
1769264,580900
1769999,581000
1772126,581100
1773277,581200
1774311,581300
1775179,581400
1775937,581500
1776581,581600
1777364,581700
1778197,581800
1779132,581900
1780142,582000
1782703,582100
1783908,582200
1785271,582300
1786470,582400
1787672,582500
1788947,582600
1789915,582700
1791027,582800
1791930,582900
1792849,583000
1795059,583100
1796216,583200
1797213,583300
1798241,583400
1799194,583500
1800181,583600
1801014,583700
1801828,583800
1802488,583900
1803337,584000
1805406,584100
1806047,584200
1806726,584300
1807609,584400
1808330,584500
1809271,584600
1809986,584700
1810844,584800
1811631,584900
1812449,585000
1814745,585100
1815817,585200
1816666,585300
1817369,585400
1818112,585500
1819204,585600
1820037,585700
1820786,585800
1821673,585900
1822520,586000
1824824,586100
1826404,586200
1827127,586300
1827800,586400
1828817,586500
1829787,586600
1830643,586700
1831268,586800
1832015,586900
1832785,587000
1834687,587100
1835736,587200
1836460,587300
1837052,587400
1837767,587500
1838634,587600
1839689,587700
1840604,587800
1841540,587900
1842248,588000
1844630,588100
1845476,588200
1846471,588300
1847116,588400
1847688,588500
1848380,588600
1848951,588700
1849826,588800
1850640,588900
1851498,589000
1854349,589100
1855408,589200
1856399,589300
1857652,589400
1858541,589500
1859132,589600
1859797,589700
1860467,589800
1861396,589900
1862361,590000
1864396,590100
1865372,590200
1866365,590300
1867209,590400
1868122,590500
1869155,590600
1869830,590700
1870357,590800
1871055,590900
1871829,591000
1873999,591100
1875521,591200
1876608,591300
1877704,591400
1878614,591500
1879426,591600
1880103,591700
1880656,591800
1881446,591900
1882207,592000
1884082,592100
1884973,592200
1885896,592300
1886643,592400
1887482,592500
1888120,592600
1888562,592700
1889152,592800
1889797,592900
1890527,593000
1892638,593100
1893591,593200
1894571,593300
1895417,593400
1896192,593500
1897370,593600
1898000,593700
1898426,593800
1899026,593900
1899596,594000
1901683,594100
1903058,594200
1904098,594300
1905140,594400
1905987,594500
1907002,594600
1907955,594700
1908597,594800
1909164,594900
1909986,595000
1911462,595100
1912715,595200
1914153,595300
1915324,595400
1916518,595500
1917228,595600
1917899,595700
1918572,595800
1919292,595900
1919930,596000
1921716,596100
1922610,596200
1923502,596300
1924497,596400
1925288,596500
1925984,596600
1926607,596700
1927253,596800
1928112,596900
1928706,597000
1930899,597100
1931732,597200
1932746,597300
1933601,597400
1934391,597500
1935097,597600
1935897,597700
1936518,597800
1937333,597900
1937788,598000
1939482,598100
1940270,598200
1941152,598300
1942143,598400
1943117,598500
1943882,598600
1944674,598700
1945387,598800
1945992,598900
1946806,599000
1948566,599100
1949210,599200
1950071,599300
1951069,599400
1952150,599500
1953129,599600
1954038,599700
1954937,599800
1955526,599900
1956312,600000
1958302,600100
1959034,600200
1959596,600300
1960349,600400
1961023,600500
1961825,600600
1962394,600700
1963282,600800
1964108,600900
1964936,601000
1967100,601100
1968098,601200
1969201,601300
1970095,601400
1971009,601500
1971899,601600
1972694,601700
1973367,601800
1974405,601900
1975157,602000
1977208,602100
1978134,602200
1979090,602300
1980459,602400
1981467,602500
1982633,602600
1983519,602700
1984294,602800
1985010,602900
1985915,603000
1987766,603100
1988589,603200
1989436,603300
1990554,603400
1991530,603500
1992612,603600
1993341,603700
1994087,603800
1995241,603900
1996352,604000
1999301,604100
2001076,604200
2001985,604300
2002985,604400
2003925,604500
2004647,604600
2005297,604700
2006086,604800
2007010,604900
2007989,605000
2009695,605100
2010356,605200
2011049,605300
2011812,605400
2012648,605500
2013548,605600
2014099,605700
2014705,605800
2015265,605900
2016004,606000
2018069,606100
2018967,606200
2019887,606300
2020905,606400
2021676,606500
2022526,606600
2023430,606700
2024084,606800
2024850,606900
2025601,607000
2027396,607100
2028121,607200
2029073,607300
2030214,607400
2031345,607500
2032455,607600
2033575,607700
2034336,607800
2035108,607900
2035954,608000
2037605,608100
2038396,608200
2039186,608300
2039935,608400
2040789,608500
2042106,608600
2042997,608700
2043718,608800
2044472,608900
2045131,609000
2047063,609100
2047722,609200
2048253,609300
2048995,609400
2049837,609500
2050723,609600
2051360,609700
2052098,609800
2053274,609900
2053983,610000
2056121,610100
2056819,610200
2058335,610300
2059296,610400
2060078,610500
2060941,610600
2061609,610700
2062019,610800
2062476,610900
2063190,611000
2064951,611100
2065877,611200
2066769,611300
2067371,611400
2068068,611500
2068882,611600
2069901,611700
2071001,611800
2071816,611900
2072670,612000
2074856,612100
2075667,612200
2076525,612300
2077219,612400
2077793,612500
2078623,612600
2079368,612700
2080484,612800
2081368,612900
2082097,613000
2083954,613100
2084698,613200
2085667,613300
2086681,613400
2087528,613500
2088183,613600
2088848,613700
2089531,613800
2090230,613900
2091055,614000
2093146,614100
2094160,614200
2095170,614300
2096425,614400
2097380,614500
2098010,614600
2098825,614700
2099628,614800
2100629,614900
2101494,615000
2103960,615100
2104765,615200
2105932,615300
2106706,615400
2107364,615500
2108343,615600
2109040,615700
2109768,615800
2110610,615900
2111561,616000
2113383,616100
2114479,616200
2115401,616300
2116369,616400
2117268,616500
2117995,616600
2118766,616700
2119640,616800
2120492,616900
2121405,617000
2123517,617100
2124654,617200
2125784,617300
2126619,617400
2127378,617500
2128128,617600
2128755,617700
2129459,617800
2130063,617900
2131063,618000
2133219,618100
2134396,618200
2135752,618300
2137009,618400
2137943,618500
2138876,618600
2139835,618700
2140532,618800
2141269,618900
2142315,619000
2144466,619100
2145514,619200
2146612,619300
2147813,619400
2148799,619500
2149773,619600
2150484,619700
2151168,619800
2152080,619900
2153138,620000
2155965,620100
2157436,620200
2158491,620300
2159295,620400
2159963,620500
2160609,620600
2161206,620700
2161673,620800
2162488,620900
2163372,621000
2165489,621100
2166442,621200
2167435,621300
2168505,621400
2169732,621500
2170644,621600
2171475,621700
2172344,621800
2173233,621900
2174103,622000
2177218,622100
2178539,622200
2179731,622300
2181096,622400
2181969,622500
2182815,622600
2183743,622700
2184802,622800
2185706,622900
2186691,623000
2188901,623100
2189861,623200
2190736,623300
2191940,623400
2192767,623500
2193600,623600
2194493,623700
2195255,623800
2196038,623900
2196950,624000
2199056,624100
2200024,624200
2201245,624300
2202434,624400
2203313,624500
2203918,624600
2204747,624700
2205470,624800
2206240,624900
2207088,625000
2209019,625100
2210068,625200
2210873,625300
2211610,625400
2212343,625500
2213046,625600
2213847,625700
2214772,625800
2215510,625900
2216233,626000
2218931,626100
2220288,626200
2221505,626300
2222607,626400
2223673,626500
2224456,626600
2225092,626700
2226062,626800
2227004,626900
2227832,627000
2229739,627100
2230650,627200
2232048,627300
2233292,627400
2234423,627500
2235903,627600
2237403,627700
2238396,627800
2239333,627900
2240215,628000
2242637,628100
2243724,628200
2244896,628300
2245950,628400
2246999,628500
2248388,628600
2249432,628700
2250353,628800
2251075,628900
2251990,629000
2254554,629100
2255661,629200
2256854,629300
2258084,629400
2259500,629500
2260477,629600
2261520,629700
2262600,629800
2263470,629900
2264570,630000
2267097,630100
2268416,630200
2269886,630300
2271698,630400
2272888,630500
2273727,630600
2274604,630700
2275853,630800
2276963,630900
2277895,631000
2280420,631100
2281781,631200
2282915,631300
2284225,631400
2285464,631500
2286663,631600
2287509,631700
2288373,631800
2289198,631900
2290165,632000
2292724,632100
2294052,632200
2295647,632300
2296504,632400
2297208,632500
2298194,632600
2299144,632700
2300135,632800
2301034,632900
2301730,633000
2304048,633100
2304884,633200
2305804,633300
2306433,633400
2307168,633500
2307775,633600
2308478,633700
2309458,633800
2310248,633900
2310938,634000
2313143,634100
2314933,634200
2316338,634300
2317623,634400
2318968,634500
2319804,634600
2320646,634700
2321289,634800
2322141,634900
2322935,635000
2325217,635100
2326776,635200
2328030,635300
2329147,635400
2330003,635500
2330734,635600
2331518,635700
2332226,635800
2333130,635900
2334100,636000
2336414,636100
2337632,636200
2338562,636300
2339629,636400
2340363,636500
2341051,636600
2341641,636700
2342516,636800
2343383,636900
2344163,637000
2346180,637100
2347235,637200
2348285,637300
2349443,637400
2350283,637500
2351162,637600
2351977,637700
2352633,637800
2354106,637900
2354920,638000
2357202,638100
2358556,638200
2360085,638300
2361421,638400
2362850,638500
2363865,638600
2365056,638700
2365877,638800
2366675,638900
2367422,639000
2369483,639100
2370949,639200
2372296,639300
2373630,639400
2374946,639500
2376227,639600
2377381,639700
2378428,639800
2379554,639900
2380666,640000
2383099,640100
2384346,640200
2385236,640300
2386143,640400
2387186,640500
2388164,640600
2389051,640700
2389963,640800
2390866,640900
2391890,641000
2394424,641100
2395745,641200
2396764,641300
2397897,641400
2398883,641500
2400065,641600
2400977,641700
2401998,641800
2402979,641900
2404102,642000
2406601,642100
2407904,642200
2409455,642300
2410817,642400
2411999,642500
2413167,642600
2414359,642700
2415355,642800
2416378,642900
2417291,643000
2419871,643100
2421349,643200
2422657,643300
2423948,643400
2425235,643500
2426293,643600
2427353,643700
2428287,643800
2429688,643900
2430749,644000
2433363,644100
2434852,644200
2436460,644300
2437830,644400
2438749,644500
2439689,644600
2440772,644700
2441858,644800
2442807,644900
2443763,645000
2447793,645100
2448815,645200
2449905,645300
2450914,645400
2452250,645500
2453159,645600
2454193,645700
2455059,645800
2455921,645900
2457082,646000
2460084,646100
2461402,646200
2463046,646300
2464355,646400
2465482,646500
2466436,646600
2467379,646700
2468512,646800
2469414,646900
2470362,647000
2472774,647100
2474086,647200
2475373,647300
2476804,647400
2478191,647500
2479487,647600
2480454,647700
2481565,647800
2482447,647900
2483277,648000
2485664,648100
2486774,648200
2488042,648300
2489189,648400
2490530,648500
2491546,648600
2492537,648700
2493484,648800
2494391,648900
2495528,649000
2498119,649100
2499299,649200
2500491,649300
2501855,649400
2502934,649500
2503995,649600
2504987,649700
2505982,649800
2507151,649900
2508052,650000
2510421,650100
2511802,650200
2513063,650300
2514285,650400
2515546,650500
2516650,650600
2517773,650700
2518836,650800
2519783,650900
2520822,651000
2523398,651100
2524850,651200
2526050,651300
2527235,651400
2528496,651500
2529578,651600
2530629,651700
2531655,651800
2532604,651900
2533727,652000
2536316,652100
2537721,652200
2539690,652300
2540832,652400
2541998,652500
2543121,652600
2544098,652700
2545368,652800
2546313,652900
2547228,653000
2549838,653100
2550809,653200
2551948,653300
2553165,653400
2554464,653500
2555816,653600
2557135,653700
2558415,653800
2559643,653900
2560877,654000
2563568,654100
2565249,654200
2566843,654300
2568152,654400
2569532,654500
2570790,654600
2572083,654700
2573183,654800
2574248,654900
2575254,655000
2578076,655100
2579567,655200
2580987,655300
2582487,655400
2583693,655500
2585064,655600
2586513,655700
2587899,655800
2589027,655900
2590501,656000
2593486,656100
2594834,656200
2595940,656300
2597101,656400
2598227,656500
2599622,656600
2601029,656700
2602096,656800
2603248,656900
2604550,657000
2607696,657100
2609051,657200
2610678,657300
2612351,657400
2614145,657500
2615758,657600
2617077,657700
2618354,657800
2619706,657900
2621109,658000
2624151,658100
2625702,658200
2627065,658300
2628329,658400
2629617,658500
2630738,658600
2632261,658700
2633564,658800
2634695,658900
2635641,659000
2638402,659100
2639783,659200
2641166,659300
2642856,659400
2644545,659500
2645876,659600
2647280,659700
2648453,659800
2649671,659900
2650714,660000
2653676,660100
2655143,660200
2656307,660300
2657432,660400
2658735,660500
2659818,660600
2660861,660700
2661886,660800
2662856,660900
2663965,661000
2666586,661100
2667918,661200
2669373,661300
2670575,661400
2671722,661500
2672828,661600
2674360,661700
2675808,661800
2677024,661900
2678499,662000
2681561,662100
2683526,662200
2685476,662300
2686755,662400
2687916,662500
2689017,662600
2690179,662700
2691610,662800
2692782,662900
2693847,663000
2696998,663100
2699445,663200
2701618,663300
2704288,663400
2705658,663500
2706973,663600
2708436,663700
2709635,663800
2710767,663900
2711910,664000
2714893,664100
2716939,664200
2719385,664300
2721327,664400
2722948,664500
2724433,664600
2725656,664700
2726955,664800
2728339,664900
2729893,665000
2733200,665100
2735247,665200
2736851,665300
2738195,665400
2739551,665500
2741092,665600
2742284,665700
2743438,665800
2745234,665900
2746610,666000
2749574,666100
2751197,666200
2752783,666300
2754270,666400
2755693,666500
2757099,666600
2758370,666700
2759643,666800
2760847,666900
2762019,667000
2764840,667100
2766195,667200
2767553,667300
2769432,667400
2770903,667500
2772082,667600
2773302,667700
2774529,667800
2775743,667900
2776936,668000
2782456,668100
2783916,668200
2785391,668300
2786581,668400
2787914,668500
2789111,668600
2790505,668700
2791697,668800
2792908,668900
2794310,669000
2797353,669100
2798973,669200
2800505,669300
2802370,669400
2803941,669500
2805285,669600
2806516,669700
2808131,669800
2809612,669900
2811184,670000
2814562,670100
2817357,670200
2819429,670300
2821108,670400
2822529,670500
2824285,670600
2825888,670700
2827234,670800
2828563,670900
2830123,671000
2833267,671100
2834987,671200
2836481,671300
2838240,671400
2839895,671500
2841372,671600
2843048,671700
2844605,671800
2846036,671900
2847212,672000
2850246,672100
2852102,672200
2853372,672300
2854785,672400
2856277,672500
2857873,672600
2859029,672700
2860269,672800
2861410,672900
2862901,673000
2865800,673100
2867555,673200
2869358,673300
2870929,673400
2872342,673500
2873684,673600
2874952,673700
2876158,673800
2877348,673900
2879221,674000
2882389,674100
2884148,674200
2886276,674300
2887847,674400
2889443,674500
2891469,674600
2892827,674700
2894143,674800
2895339,674900
2896817,675000
2899734,675100
2903966,675200
2906312,675300
2907546,675400
2908746,675500
2909916,675600
2911419,675700
2912908,675800
2914184,675900
2915437,676000
2918451,676100
2919725,676200
2920946,676300
2922027,676400
2923036,676500
2924338,676600
2925635,676700
2926639,676800
2927885,676900
2929170,677000
2931536,677100
2933034,677200
2934755,677300
2936330,677400
2937925,677500
2939304,677600
2940984,677700
2942208,677800
2943505,677900
2944710,678000
2947540,678100
2949140,678200
2950541,678300
2952111,678400
2953232,678500
2954300,678600
2955489,678700
2956922,678800
2958169,678900
2959306,679000
2962297,679100
2963821,679200
2965349,679300
2966711,679400
2968211,679500
2969499,679600
2970776,679700
2972023,679800
2973250,679900
2974293,680000
2976760,680100
2977863,680200
2979191,680300
2980246,680400
2981238,680500
2982279,680600
2983335,680700
2984605,680800
2985638,680900
2986710,681000
2989193,681100
2990651,681200
2992359,681300
2993788,681400
2994976,681500
2996328,681600
2997729,681700
2999240,681800
3001068,681900
3002319,682000
3005850,682100
3007749,682200
3009773,682300
3012143,682400
3013421,682500
3014541,682600
3015643,682700
3017137,682800
3018651,682900
3019779,683000
3022575,683100
3024573,683200
3026359,683300
3027725,683400
3029219,683500
3030540,683600
3031705,683700
3033162,683800
3034488,683900
3035755,684000
3038334,684100
3040279,684200
3041898,684300
3043248,684400
3044483,684500
3045719,684600
3046830,684700
3047971,684800
3049093,684900
3050109,685000
3053045,685100
3054367,685200
3055417,685300
3056568,685400
3057939,685500
3059427,685600
3060997,685700
3062292,685800
3063266,685900
3064470,686000
3089051,686100
3093020,686200
3096323,686300
3099208,686400
3101485,686500
3103631,686600
3106792,686700
3109329,686800
3113136,686900
3114910,687000
3118834,687100
3121192,687200
3123395,687300
3126264,687400
3128396,687500
3130276,687600
3131793,687700
3133647,687800
3135754,687900
3137261,688000
3140692,688100
3143699,688200
3145081,688300
3146736,688400
3148660,688500
3150098,688600
3151648,688700
3153071,688800
3154798,688900
3156187,689000
3159902,689100
3162070,689200
3163604,689300
3164828,689400
3166112,689500
3167410,689600
3169289,689700
3170459,689800
3172794,689900
3174210,690000
3177333,690100
3179080,690200
3180308,690300
3181382,690400
3182259,690500
3183363,690600
3184588,690700
3185749,690800
3187231,690900
3188244,691000
3190659,691100
3192322,691200
3193638,691300
3194484,691400
3195212,691500
3196010,691600
3196860,691700
3197740,691800
3199502,691900
3200507,692000
3202860,692100
3204044,692200
3205272,692300
3206294,692400
3207539,692500
3208351,692600
3209194,692700
3210393,692800
3211240,692900
3212360,693000
3214534,693100
3215719,693200
3216634,693300
3217416,693400
3218421,693500
3219306,693600
3219851,693700
3220723,693800
3221784,693900
3222529,694000
3224852,694100
3226095,694200
3227499,694300
3229099,694400
3230262,694500
3231440,694600
3232452,694700
3233566,694800
3234347,694900
3235673,695000
3238190,695100
3239887,695200
3241531,695300
3243071,695400
3244392,695500
3245950,695600
3247005,695700
3247969,695800
3248777,695900
3249875,696000
3252888,696100
3255422,696200
3256981,696300
3258204,696400
3259572,696500
3261047,696600
3262511,696700
3263719,696800
3264586,696900
3265238,697000
3267366,697100
3268819,697200
3269975,697300
3271015,697400
3271991,697500
3273119,697600
3274240,697700
3274992,697800
3276200,697900
3277065,698000
3281923,698100
3283580,698200
3285094,698300
3286217,698400
3287555,698500
3288862,698600
3290250,698700
3291428,698800
3292598,698900
3293420,699000
3295902,699100
3297332,699200
3298408,699300
3299910,699400
3300792,699500
3305771,699600
3307167,699700
3308210,699800
3309189,699900
3310208,700000
3344964,700100
3347666,700200
3350188,700300
3353038,700400
3356401,700500
3359188,700600
3361333,700700
3363642,700800
3365663,700900
3367532,701000
3370162,701100
3372173,701200
3374339,701300
3375769,701400
3378083,701500
3380094,701600
3381843,701700
3383300,701800
3385112,701900
3386499,702000
3389086,702100
3391019,702200
3392683,702300
3393987,702400
3395567,702500
3397010,702600
3398307,702700
3400089,702800
3402001,702900
3403212,703000
3406880,703100
3408505,703200
3409943,703300
3411343,703400
3413212,703500
3414834,703600
3416079,703700
3417506,703800
3419629,703900
3421483,704000
3425389,704100
3427452,704200
3428706,704300
3430055,704400
3431815,704500
3433373,704600
3434818,704700
3436431,704800
3437651,704900
3439051,705000
3442797,705100
3444455,705200
3446622,705300
3447711,705400
3448676,705500
3450325,705600
3451956,705700
3453170,705800
3454738,705900
3456335,706000
3459831,706100
3461820,706200
3463755,706300
3465742,706400
3467105,706500
3467963,706600
3469550,706700
3470615,706800
3471945,706900
3473286,707000
3475757,707100
3477410,707200
3478959,707300
3480435,707400
3481827,707500
3482928,707600
3484042,707700
3485750,707800
3486975,707900
3488118,708000
3491541,708100
3493229,708200
3494844,708300
3496185,708400
3497297,708500
3498158,708600
3499113,708700
3500264,708800
3501813,708900
3503615,709000
3507644,709100
3509256,709200
3510900,709300
3512266,709400
3513523,709500
3514479,709600
3515268,709700
3516254,709800
3517639,709900
3518969,710000
3522350,710100
3524304,710200
3525770,710300
3527123,710400
3528696,710500
3529968,710600
3530812,710700
3531922,710800
3533237,710900
3534303,711000
3537103,711100
3538703,711200
3539944,711300
3541574,711400
3542642,711500
3543607,711600
3544475,711700
3545490,711800
3546872,711900
3548131,712000
3550665,712100
3552319,712200
3553976,712300
3555205,712400
3556337,712500
3557390,712600
3559232,712700
3560419,712800
3561440,712900
3562463,713000
3564973,713100
3566395,713200
3567524,713300
3568673,713400
3569832,713500
3571414,713600
3572435,713700
3573284,713800
3574276,713900
3575397,714000
3577819,714100
3579342,714200
3581171,714300
3583006,714400
3584700,714500
3586151,714600
3587256,714700
3588116,714800
3589301,714900
3590444,715000
3593432,715100
3594886,715200
3596292,715300
3597603,715400
3599039,715500
3600210,715600
3601156,715700
3602169,715800
3603431,715900
3604455,716000
3608932,716100
3610540,716200
3612106,716300
3613852,716400
3615544,716500
3616776,716600
3617435,716700
3618180,716800
3618948,716900
3619946,717000
3622714,717100
3624386,717200
3626093,717300
3627532,717400
3628746,717500
3629789,717600
3630991,717700
3631982,717800
3632783,717900
3633649,718000
3637259,718100
3638878,718200
3640301,718300
3642112,718400
3643081,718500
3644284,718600
3645341,718700
3646275,718800
3647331,718900
3648087,719000
3650356,719100
3651725,719200
3653417,719300
3654831,719400
3656012,719500
3656806,719600
3658004,719700
3663319,719800
3665141,719900
3666248,720000
3668581,720100
3670198,720200
3671308,720300
3672448,720400
3673529,720500
3674686,720600
3676171,720700
3677335,720800
3678245,720900
3679115,721000
3681718,721100
3683191,721200
3684646,721300
3686107,721400
3687488,721500
3688563,721600
3689792,721700
3690803,721800
3692827,721900
3694187,722000
3697017,722100
3698778,722200
3701013,722300
3703765,722400
3706990,722500
3713012,722600
3715396,722700
3717093,722800
3718701,722900
3719972,723000
3722226,723100
3723454,723200
3724559,723300
3726018,723400
3727396,723500
3728360,723600
3729490,723700
3730432,723800
3731757,723900
3732850,724000
3735079,724100
3736301,724200
3737674,724300
3739174,724400
3740314,724500
3741204,724600
3742407,724700
3743764,724800
3744988,724900
3745985,725000
3748405,725100
3749428,725200
3750378,725300
3751577,725400
3753806,725500
3755468,725600
3756612,725700
3757728,725800
3758674,725900
3759814,726000
3762220,726100
3763437,726200
3765172,726300
3766627,726400
3767880,726500
3769164,726600
3770579,726700
3771774,726800
3772923,726900
3773820,727000
3776040,727100
3777191,727200
3778276,727300
3779718,727400
3781457,727500
3782536,727600
3783605,727700
3784760,727800
3785759,727900
3787038,728000
3789419,728100
3790210,728200
3791304,728300
3792700,728400
3793609,728500
3794962,728600
3796018,728700
3796875,728800
3798267,728900
3799428,729000
3801705,729100
3802924,729200
3804362,729300
3805708,729400
3807008,729500
3808245,729600
3809640,729700
3810842,729800
3812175,729900
3813370,730000
3816744,730100
3818213,730200
3819522,730300
3820771,730400
3821859,730500
3823016,730600
3823954,730700
3824961,730800
3826287,730900
3827360,731000
3829712,731100
3830672,731200
3831885,731300
3833245,731400
3834953,731500
3836576,731600
3838162,731700
3839492,731800
3840718,731900
3841586,732000
3844155,732100
3845190,732200
3846128,732300
3847123,732400
3848681,732500
3849874,732600
3850781,732700
3851721,732800
3852758,732900
3853700,733000
3856272,733100
3857107,733200
3858115,733300
3858954,733400
3860068,733500
3861131,733600
3862392,733700
3863242,733800
3864282,733900
3865602,734000
3868076,734100
3869805,734200
3871514,734300
3872665,734400
3873684,734500
3875072,734600
3876487,734700
3877561,734800
3878480,734900
3879693,735000
3882657,735100
3884402,735200
3885381,735300
3886361,735400
3887204,735500
3888331,735600
3889856,735700
3890915,735800
3891715,735900
3893344,736000
3896537,736100
3898098,736200
3899644,736300
3900831,736400
3901958,736500
3903112,736600
3904411,736700
3905457,736800
3906441,736900
3907474,737000
3910434,737100
3912153,737200
3913272,737300
3914577,737400
3915751,737500
3916623,737600
3917500,737700
3918627,737800
3919720,737900
3920568,738000
3923024,738100
3924449,738200
3925480,738300
3926752,738400
3927912,738500
3929177,738600
3930364,738700
3931623,738800
3932898,738900
3933921,739000
3936456,739100
3937988,739200
3939057,739300
3939855,739400
3940985,739500
3942668,739600
3943793,739700
3944950,739800
3945749,739900
3946649,740000
3949251,740100
3950370,740200
3951568,740300
3952992,740400
3954129,740500
3955779,740600
3957332,740700
3958787,740800
3959902,740900
3961247,741000
3963925,741100
3965217,741200
3966610,741300
3967753,741400
3968657,741500
3969484,741600
3970327,741700
3971505,741800
3972834,741900
3973732,742000
3976086,742100
3978059,742200
3981031,742300
3985667,742400
3989201,742500
3991311,742600
3992788,742700
3994350,742800
3995482,742900
3996408,743000
3999246,743100
4000752,743200
4002116,743300
4003289,743400
4004217,743500
4005194,743600
4006123,743700
4007411,743800
4008582,743900
4009613,744000
4012368,744100
4014457,744200
4015781,744300
4016592,744400
4017667,744500
4018821,744600
4020449,744700
4021882,744800
4023428,744900
4024843,745000
4027845,745100
4028840,745200
4029707,745300
4030640,745400
4031601,745500
4032951,745600
4034201,745700
4035670,745800
4036724,745900
4037713,746000
4041614,746100
4042778,746200
4043808,746300
4044811,746400
4046098,746500
4047056,746600
4048169,746700
4048979,746800
4050245,746900
4051427,747000
4053991,747100
4055449,747200
4056803,747300
4058087,747400
4059099,747500
4060091,747600
4061461,747700
4062400,747800
4063741,747900
4064850,748000
4067358,748100
4068811,748200
4069902,748300
4070746,748400
4071946,748500
4073095,748600
4073991,748700
4075446,748800
4076777,748900
4078059,749000
4080242,749100
4081712,749200
4082935,749300
4087792,749400
4088932,749500
4089854,749600
4090716,749700
4091987,749800
4093098,749900
4094506,750000
4096657,750100
4098022,750200
4099245,750300
4100702,750400
4102064,750500
4103223,750600
4104211,750700
4105814,750800
4106859,750900
4107998,751000
4110334,751100
4111529,751200
4113077,751300
4114431,751400
4115386,751500
4116944,751600
4117903,751700
4118928,751800
4120018,751900
4121056,752000
4123887,752100
4125180,752200
4126551,752300
4127957,752400
4128791,752500
4129523,752600
4130244,752700
4131557,752800
4132713,752900
4133945,753000
4136640,753100
4138283,753200
4139771,753300
4141015,753400
4142120,753500
4142825,753600
4143612,753700
4144685,753800
4145784,753900
4147720,754000
4150523,754100
4152176,754200
4153906,754300
4155791,754400
4156705,754500
4157559,754600
4158506,754700
4159634,754800
4161064,754900
4162149,755000
4164505,755100
4165963,755200
4167707,755300
4169194,755400
4170171,755500
4170938,755600
4171885,755700
4173008,755800
4174111,755900
4175188,756000
4177931,756100
4179044,756200
4180385,756300
4181570,756400
4182592,756500
4183804,756600
4184682,756700
4185514,756800
4186481,756900
4187293,757000
4190028,757100
4190844,757200
4191973,757300
4193237,757400
4195333,757500
4196388,757600
4197153,757700
4197912,757800
4198722,757900
4199471,758000
4201815,758100
4202959,758200
4204457,758300
4206537,758400
4210488,758500
4214682,758600
4218117,758700
4219619,758800
4220939,758900
4222091,759000
4224744,759100
4228598,759200
4232664,759300
4237578,759400
4238751,759500
4240011,759600
4241454,759700
4242613,759800
4243671,759900
4244748,760000
4247422,760100
4248829,760200
4250367,760300
4251869,760400
4253098,760500
4254304,760600
4255260,760700
4256576,760800
4257604,760900
4258544,761000
4261048,761100
4262627,761200
4263833,761300
4264895,761400
4266079,761500
4267312,761600
4268392,761700
4269567,761800
4270637,761900
4271962,762000
4274860,762100
4277097,762200
4279210,762300
4280512,762400
4282582,762500
4284085,762600
4285510,762700
4286652,762800
4287666,762900
4289313,763000
4292230,763100
4294321,763200
4296793,763300
4298747,763400
4300586,763500
4302150,763600
4303567,763700
4304984,763800
4306409,763900
4307406,764000
4310401,764100
4312380,764200
4314502,764300
4316452,764400
4318535,764500
4320362,764600
4321903,764700
4323751,764800
4324912,764900
4326558,765000
4329720,765100
4331346,765200
4332577,765300
4334125,765400
4335319,765500
4336620,765600
4338066,765700
4339600,765800
4340722,765900
4342027,766000
4345146,766100
4347552,766200
4348753,766300
4349714,766400
4350800,766500
4351697,766600
4356639,766700
4362846,766800
4364064,766900
4365032,767000
4373026,767100
4374788,767200
4376239,767300
4377453,767400
4378927,767500
4380200,767600
4381366,767700
4382802,767800
4384197,767900
4385455,768000
4388743,768100
4390463,768200
4391924,768300
4393027,768400
4394190,768500
4395461,768600
4396881,768700
4398105,768800
4398899,768900
4399709,769000
4402910,769100
4404974,769200
4406379,769300
4407921,769400
4409328,769500
4410965,769600
4412281,769700
4413479,769800
4414281,769900
4415316,770000
4419060,770100
4420407,770200
4422033,770300
4423517,770400
4424569,770500
4426274,770600
4427263,770700
4428029,770800
4429060,770900
4429792,771000
4432326,771100
4438842,771200
4442798,771300
4444545,771400
4448648,771500
4450599,771600
4451967,771700
4453149,771800
4454169,771900
4455036,772000
4457563,772100
4458480,772200
4460009,772300
4461034,772400
4462418,772500
4463438,772600
4464356,772700
4465349,772800
4466554,772900
4467786,773000
4470272,773100
4471591,773200
4472763,773300
4474016,773400
4475033,773500
4476041,773600
4476912,773700
4477899,773800
4478952,773900
4479768,774000
4482311,774100
4483683,774200
4485428,774300
4487094,774400
4488896,774500
4490612,774600
4491758,774700
4493158,774800
4494408,774900
4495749,775000
4498470,775100
4499642,775200
4501173,775300
4502097,775400
4503288,775500
4504584,775600
4505660,775700
4507237,775800
4508224,775900
4509681,776000
4512737,776100
4513858,776200
4515267,776300
4516974,776400
4518221,776500
4519281,776600
4520439,776700
4521510,776800
4522749,776900
4523989,777000
4526491,777100
4527736,777200
4528866,777300
4530362,777400
4531305,777500
4532536,777600
4533732,777700
4535093,777800
4536319,777900
4537481,778000
4540579,778100
4542655,778200
4544374,778300
4546694,778400
4548098,778500
4549562,778600
4550932,778700
4552387,778800
4553544,778900
4554609,779000
4557564,779100
4559180,779200
4560668,779300
4562032,779400
4563953,779500
4565733,779600
4567412,779700
4568809,779800
4569917,779900
4571216,780000
4574473,780100
4576127,780200
4577068,780300
4578118,780400
4578917,780500
4580404,780600
4581889,780700
4583422,780800
4584976,780900
4586954,781000
4589733,781100
4591312,781200
4592764,781300
4594124,781400
4595103,781500
4596551,781600
4597936,781700
4599157,781800
4600596,781900
4601847,782000
4604650,782100
4605982,782200
4607479,782300
4608992,782400
4610475,782500
4611664,782600
4613138,782700
4614280,782800
4615645,782900
4616883,783000
4619769,783100
4621200,783200
4622971,783300
4624958,783400
4626289,783500
4627358,783600
4628572,783700
4630042,783800
4631375,783900
4632767,784000
4636224,784100
4637986,784200
4639688,784300
4645013,784400
4646031,784500
4647251,784600
4648297,784700
4649800,784800
4651293,784900
4652919,785000
4655777,785100
4657163,785200
4658564,785300
4659848,785400
4660992,785500
4662098,785600
4663502,785700
4664615,785800
4665852,785900
4667010,786000
4669887,786100
4671662,786200
4673347,786300
4675366,786400
4676882,786500
4678103,786600
4679162,786700
4680412,786800
4681563,786900
4682817,787000
4686209,787100
4688030,787200
4689651,787300
4691557,787400
4692814,787500
4693849,787600
4694973,787700
4695991,787800
4697211,787900
4698305,788000
4701349,788100
4703012,788200
4704515,788300
4705986,788400
4706962,788500
4708089,788600
4709017,788700
4709956,788800
4710899,788900
4712004,789000
4714742,789100
4715913,789200
4717226,789300
4718344,789400
4719630,789500
4720763,789600
4721619,789700
4722791,789800
4723893,789900
4725042,790000
4728224,790100
4729885,790200
4731682,790300
4733379,790400
4734745,790500
4736125,790600
4737036,790700
4738105,790800
4739166,790900
4740321,791000
4743481,791100
4745010,791200
4746522,791300
4748293,791400
4749558,791500
4750716,791600
4751828,791700
4752946,791800
4754103,791900
4755472,792000
4758684,792100
4760299,792200
4761732,792300
4763158,792400
4764650,792500
4765844,792600
4767097,792700
4768418,792800
4769763,792900
4771056,793000
4773772,793100
4775922,793200
4777493,793300
4778767,793400
4780059,793500
4781754,793600
4783337,793700
4784864,793800
4785935,793900
4787122,794000
4790432,794100
4792459,794200
4794331,794300
4796056,794400
4797768,794500
4798936,794600
4800363,794700
4801442,794800
4802514,794900
4803797,795000
4807962,795100
4809747,795200
4811347,795300
4813038,795400
4814605,795500
4816015,795600
4817370,795700
4818581,795800
4819879,795900
4821082,796000
4823791,796100
4825621,796200
4827476,796300
4829008,796400
4830386,796500
4831830,796600
4833138,796700
4834450,796800
4835678,796900
4837221,797000
4840499,797100
4842588,797200
4844035,797300
4845347,797400
4846820,797500
4848133,797600
4849302,797700
4850413,797800
4851405,797900
4852415,798000
4855390,798100
4857302,798200
4859374,798300
4861424,798400
4863241,798500
4865080,798600
4866800,798700
4868219,798800
4869373,798900
4870808,799000
4874249,799100
4876148,799200
4878201,799300
4880169,799400
4882071,799500
4883651,799600
4885166,799700
4886255,799800
4887606,799900
4888780,800000
4891806,800100
4893672,800200
4895401,800300
4896956,800400
4902490,800500
4903943,800600
4905248,800700
4906460,800800
4907582,800900
4908714,801000
4911854,801100
4913551,801200
4915247,801300
4916628,801400
4917798,801500
4919123,801600
4920913,801700
4922030,801800
4923043,801900
4924172,802000
4927428,802100
4929197,802200
4930963,802300
4932609,802400
4933874,802500
4935248,802600
4936547,802700
4938269,802800
4939753,802900
4940878,803000
4943794,803100
4945466,803200
4946906,803300
4948777,803400
4950028,803500
4951311,803600
4952675,803700
4954343,803800
4955549,803900
4956670,804000
4959416,804100
4961278,804200
4963136,804300
4964754,804400
4966138,804500
4967536,804600
4968804,804700
4970099,804800
4971364,804900
4972605,805000
4975437,805100
4977593,805200
4978857,805300
4980448,805400
4981916,805500
4983860,805600
4985120,805700
4986376,805800
4987506,805900
4988613,806000
4991599,806100
4993549,806200
4995196,806300
4997226,806400
4998967,806500
5000433,806600
5001890,806700
5003281,806800
5004657,806900
5005717,807000
5008824,807100
5010745,807200
5012772,807300
5014975,807400
5016894,807500
5018226,807600
5020122,807700
5021822,807800
5023660,807900
5024955,808000
5027763,808100
5029566,808200
5031160,808300
5032888,808400
5034380,808500
5035958,808600
5037686,808700
5039609,808800
5041029,808900
5042336,809000
5045959,809100
5047957,809200
5050885,809300
5053118,809400
5055069,809500
5056926,809600
5058560,809700
5060774,809800
5062878,809900
5064900,810000
5070224,810100
5073874,810200
5076465,810300
5079006,810400
5081670,810500
5083920,810600
5086373,810700
5088946,810800
5091460,810900
5094201,811000
5099134,811100
5102563,811200
5105595,811300
5108224,811400
5110424,811500
5113487,811600
5115558,811700
5118189,811800
5120573,811900
5122795,812000
5127162,812100
5130431,812200
5133516,812300
5136174,812400
5138490,812500
5140828,812600
5142966,812700
5145422,812800
5147360,812900
5149331,813000
5153847,813100
5156356,813200
5158170,813300
5160407,813400
5162428,813500
5164471,813600
5167063,813700
5168921,813800
5171095,813900
5173422,814000
5178448,814100
5180633,814200
5182924,814300
5185342,814400
5187130,814500
5189355,814600
5191423,814700
5193271,814800
5195609,814900
5197628,815000
5201226,815100
5203413,815200
5205185,815300
5206903,815400
5208689,815500
5210438,815600
5212518,815700
5215086,815800
5216719,815900
5218686,816000
5222961,816100
5225712,816200
5227797,816300
5234124,816400
5235536,816500
5237224,816600
5238963,816700
5240908,816800
5242463,816900
5244034,817000
5247373,817100
5249375,817200
5251141,817300
5252752,817400
5254159,817500
5255777,817600
5257843,817700
5259393,817800
5261153,817900
5263000,818000
5266403,818100
5269137,818200
5271662,818300
5273875,818400
5275734,818500
5277362,818600
5279269,818700
5281178,818800
5283105,818900
5285056,819000
5288722,819100
5292031,819200
5293693,819300
5296017,819400
5297686,819500
5298970,819600
5300610,819700
5302838,819800
5304439,819900
5306282,820000
5310500,820100
5313146,820200
5315591,820300
5317695,820400
5319599,820500
5321107,820600
5322759,820700
5324770,820800
5326215,820900
5327591,821000
5330543,821100
5332020,821200
5333441,821300
5335232,821400
5336460,821500
5337643,821600
5339001,821700
5340357,821800
5342056,821900
5343484,822000
5346684,822100
5349024,822200
5351237,822300
5353836,822400
5356718,822500
5358635,822600
5360284,822700
5361848,822800
5363423,822900
5365017,823000
5368691,823100
5370648,823200
5372829,823300
5374826,823400
5376661,823500
5378301,823600
5379756,823700
5381221,823800
5382804,823900
5384784,824000
5389435,824100
5392109,824200
5394862,824300
5398244,824400
5400191,824500
5402390,824600
5404646,824700
5406688,824800
5408491,824900
5410627,825000
5415118,825100
5418467,825200
5424845,825300
5427264,825400
5430164,825500
5432223,825600
5433669,825700
5435054,825800
5437066,825900
5439005,826000
5443609,826100
5446633,826200
5449514,826300
5452339,826400
5454684,826500
5456784,826600
5458863,826700
5460761,826800
5463093,826900
5465136,827000
5469769,827100
5473365,827200
5476721,827300
5479974,827400
5482465,827500
5484744,827600
5487213,827700
5489173,827800
5491082,827900
5493295,828000
5497838,828100
5500736,828200
5503803,828300
5506220,828400
5508267,828500
5510128,828600
5511647,828700
5513215,828800
5514899,828900
5516589,829000
5520484,829100
5522413,829200
5524560,829300
5526281,829400
5527950,829500
5529954,829600
5531809,829700
5533836,829800
5536336,829900
5538766,830000
5543416,830100
5546977,830200
5550131,830300
5552061,830400
5554371,830500
5556414,830600
5558568,830700
5560763,830800
5562727,830900
5564925,831000
5568951,831100
5571560,831200
5573831,831300
5575860,831400
5577826,831500
5579725,831600
5581658,831700
5583464,831800
5585193,831900
5587326,832000
5591527,832100
5594799,832200
5597492,832300
5599785,832400
5603042,832500
5605620,832600
5607739,832700
5609748,832800
5611733,832900
5613590,833000
5617981,833100
5621064,833200
5623832,833300
5626571,833400
5628653,833500
5630416,833600
5632190,833700
5634328,833800
5636148,833900
5638158,834000
5643171,834100
5646501,834200
5651957,834300
5655531,834400
5659482,834500
5663135,834600
5666046,834700
5668934,834800
5671584,834900
5673921,835000
5679236,835100
5682271,835200
5684720,835300
5688114,835400
5690144,835500
5693364,835600
5695624,835700
5697439,835800
5701712,835900
5704121,836000
5708132,836100
5711430,836200
5714181,836300
5716647,836400
5718475,836500
5720606,836600
5722382,836700
5724059,836800
5726029,836900
5728017,837000
5731637,837100
5733580,837200
5735879,837300
5742717,837400
5744681,837500
5746601,837600
5748870,837700
5751836,837800
5753844,837900
5755889,838000
5759625,838100
5762145,838200
5765039,838300
5767270,838400
5769348,838500
5771270,838600
5773024,838700
5774720,838800
5776675,838900
5778119,839000
5781906,839100
5783695,839200
5785407,839300
5786924,839400
5788620,839500
5790104,839600
5791510,839700
5793021,839800
5794405,839900
5795953,840000
5798859,840100
5800075,840200
5801443,840300
5802792,840400
5803869,840500
5805292,840600
5807040,840700
5808580,840800
5810395,840900
5812593,841000
5816297,841100
5817974,841200
5819799,841300
5822321,841400
5824143,841500
5825867,841600
5828123,841700
5829704,841800
5831543,841900
5833377,842000
5836651,842100
5838790,842200
5841056,842300
5843920,842400
5846018,842500
5848078,842600
5849929,842700
5851642,842800
5853099,842900
5854147,843000
5858332,843100
5860851,843200
5862952,843300
5864975,843400
5867121,843500
5869868,843600
5872818,843700
5874447,843800
5875881,843900
5877504,844000
5881495,844100
5884446,844200
5886754,844300
5889319,844400
5891654,844500
5894078,844600
5895559,844700
5897226,844800
5898605,844900
5900305,845000
5903155,845100
5904792,845200
5906314,845300
5907943,845400
5909654,845500
5911695,845600
5912855,845700
5914490,845800
5916420,845900
5917574,846000
5920406,846100
5922271,846200
5924157,846300
5926254,846400
5927893,846500
5929569,846600
5931309,846700
5933230,846800
5935363,846900
5937334,847000
5940888,847100
5942703,847200
5944290,847300
5945736,847400
5947496,847500
5949216,847600
5950931,847700
5952349,847800
5953529,847900
5955222,848000
5959597,848100
5962089,848200
5964454,848300
5967120,848400
5969146,848500
5971343,848600
5973301,848700
5975390,848800
5977526,848900
5979432,849000
5983786,849100
5986053,849200
5988857,849300
5991334,849400
5993168,849500
5995578,849600
5999114,849700
6001458,849800
6003432,849900
6005065,850000
6009565,850100
6012543,850200
6015523,850300
6021853,850400
6023989,850500
6026996,850600
6029161,850700
6031060,850800
6034393,850900
6040973,851000
6045523,851100
6049019,851200
6052802,851300
6055264,851400
6058656,851500
6061663,851600
6064190,851700
6066748,851800
6069286,851900
6070843,852000
6075180,852100
6080992,852200
6084641,852300
6087515,852400
6092280,852500
6094208,852600
6097513,852700
6100569,852800
6102658,852900
6105130,853000
6110584,853100
6113652,853200
6118166,853300
6120833,853400
6123581,853500
6126618,853600
6129238,853700
6131768,853800
6135002,853900
6139151,854000
6149363,854100
6155691,854200
6159288,854300
6162186,854400
6165184,854500
6167974,854600
6171063,854700
6173888,854800
6176750,854900
6179900,855000
6185683,855100
6189162,855200
6191952,855300
6194970,855400
6198379,855500
6202030,855600
6205461,855700
6208699,855800
6210696,855900
6213165,856000
6218328,856100
6221276,856200
6227533,856300
6234753,856400
6241673,856500
6246520,856600
6250474,856700
6254680,856800
6259073,856900
6261391,857000
6266120,857100
6267887,857200
6270381,857300
6272460,857400
6275328,857500
6277746,857600
6280140,857700
6282147,857800
6284003,857900
6285792,858000
6289304,858100
6292057,858200
6294118,858300
6295986,858400
6298166,858500
6300312,858600
6302480,858700
6304491,858800
6307567,858900
6310390,859000
6315771,859100
6319759,859200
6321915,859300
6323920,859400
6326254,859500
6328273,859600
6329943,859700
6331465,859800
6333851,859900
6335648,860000
6340133,860100
6342647,860200
6344410,860300
6347213,860400
6348860,860500
6351122,860600
6353380,860700
6356277,860800
6359037,860900
6361528,861000
6367641,861100
6371882,861200
6374184,861300
6377492,861400
6380188,861500
6382840,861600
6384714,861700
6387702,861800
6390307,861900
6392785,862000
6399268,862100
6403369,862200
6406495,862300
6409642,862400
6412068,862500
6415600,862600
6419282,862700
6422897,862800
6426417,862900
6429279,863000
6439615,863100
6442109,863200
6444904,863300
6448109,863400
6450555,863500
6453517,863600
6456204,863700
6459898,863800
6462428,863900
6465413,864000
6473344,864100
6477622,864200
6479885,864300
6482277,864400
6484545,864500
6487242,864600
6489306,864700
6492006,864800
6494076,864900
6495858,865000
6499747,865100
6504957,865200
6507264,865300
6509043,865400
6511509,865500
6513409,865600
6515544,865700
6517453,865800
6519199,865900
6521110,866000
6525934,866100
6528816,866200
6531473,866300
6533396,866400
6535844,866500
6538270,866600
6540111,866700
6542242,866800
6543965,866900
6545608,867000
6551317,867100
6559037,867200
6561288,867300
6563570,867400
6566553,867500
6568876,867600
6571752,867700
6574336,867800
6576901,867900
6580304,868000
6585056,868100
6588601,868200
6591689,868300
6595456,868400
6598338,868500
6601116,868600
6604484,868700
6608426,868800
6612473,868900
6616939,869000
6624787,869100
6629731,869200
6634059,869300
6637114,869400
6639940,869500
6642886,869600
6646983,869700
6651464,869800
6656261,869900
6661847,870000
6669687,870100
6676647,870200
6680749,870300
6685384,870400
6688173,870500
6693012,870600
6696804,870700
6699731,870800
6702644,870900
6704934,871000
6710812,871100
6713681,871200
6716726,871300
6721755,871400
6724820,871500
6728480,871600
6731644,871700
6734599,871800
6737508,871900
6742188,872000
6747377,872100
6750303,872200
6752684,872300
6754957,872400
6757323,872500
6760024,872600
6763159,872700
6765710,872800
6768160,872900
6771681,873000
6777367,873100
6780939,873200
6784590,873300
6789133,873400
6792440,873500
6795735,873600
6800293,873700
6804430,873800
6807992,873900
6811149,874000
6818248,874100
6823121,874200
6826374,874300
6829089,874400
6832661,874500
6835261,874600
6837822,874700
6840308,874800
6843155,874900
6846382,875000
6853566,875100
6857698,875200
6861043,875300
6864020,875400
6867289,875500
6871144,875600
6874410,875700
6877904,875800
6883676,875900
6888878,876000
6894848,876100
6898908,876200
6901874,876300
6904964,876400
6907968,876500
6911099,876600
6914682,876700
6917954,876800
6922215,876900
6924796,877000
6930879,877100
6936250,877200
6940380,877300
6944656,877400
6948798,877500
6951377,877600
6954186,877700
6956854,877800
6959775,877900
6962028,878000
6970137,878100
6974950,878200
6978566,878300
6981216,878400
6983701,878500
6986920,878600
6989659,878700
6993481,878800
6996736,878900
7000357,879000
7005319,879100
7009397,879200
7013214,879300
7017315,879400
7020522,879500
7023495,879600
7027061,879700
7030948,879800
7035195,879900
7038825,880000
7046615,880100
7049478,880200
7052662,880300
7055930,880400
7060269,880500
7063562,880600
7066884,880700
7069898,880800
7074298,880900
7079124,881000
7085423,881100
7089993,881200
7094597,881300
7098343,881400
7102054,881500
7105529,881600
7110158,881700
7116229,881800
7121159,881900
7125272,882000
7136641,882100
7142125,882200
7146792,882300
7150388,882400
7153453,882500
7157197,882600
7160920,882700
7163715,882800
7166726,882900
7171088,883000
7179033,883100
7184366,883200
7188314,883300
7191997,883400
7195739,883500
7199570,883600
7203873,883700
7208223,883800
7212267,883900
7215404,884000
7221376,884100
7225515,884200
7235961,884300
7238472,884400
7241270,884500
7243385,884600
7245338,884700
7247805,884800
7249768,884900
7251393,885000
7254931,885100
7257775,885200
7260983,885300
7263567,885400
7266299,885500
7268726,885600
7271491,885700
7275732,885800
7279692,885900
7281831,886000
7288005,886100
7292313,886200
7297621,886300
7301478,886400
7305052,886500
7308842,886600
7312336,886700
7315830,886800
7318486,886900
7322034,887000
7328142,887100
7335786,887200
7338066,887300
7340319,887400
7342305,887500
7344078,887600
7346531,887700
7348159,887800
7349677,887900
7351587,888000
7356293,888100
7359137,888200
7361834,888300
7364305,888400
7366055,888500
7368760,888600
7371024,888700
7373815,888800
7375584,888900
7377057,889000
7380656,889100
7383125,889200
7385731,889300
7387288,889400
7389002,889500
7391104,889600
7393041,889700
7394591,889800
7396549,889900
7398631,890000
7402656,890100
7405090,890200
7408156,890300
7410406,890400
7413225,890500
7414984,890600
7416693,890700
7418964,890800
7420548,890900
7422073,891000
7425445,891100
7428060,891200
7430555,891300
7435216,891400
7436498,891500
7438933,891600
7441069,891700
7442457,891800
7444180,891900
7445717,892000
7449449,892100
7451153,892200
7453195,892300
7455268,892400
7456706,892500
7458471,892600
7461268,892700
7463079,892800
7464838,892900
7466241,893000
7469913,893100
7471421,893200
7473364,893300
7475721,893400
7478026,893500
7480610,893600
7482694,893700
7484293,893800
7486339,893900
7488043,894000
7492194,894100
7494490,894200
7508672,894300
7511581,894400
7514111,894500
7516531,894600
7519317,894700
7521944,894800
7523908,894900
7527041,895000
7531642,895100
7534493,895200
7537604,895300
7539818,895400
7541907,895500
7544168,895600
7547656,895700
7551186,895800
7554735,895900
7558434,896000
7564818,896100
7569516,896200
7573506,896300
7577576,896400
7580309,896500
7582877,896600
7585860,896700
7588005,896800
7590193,896900
7592379,897000
7597001,897100
7599086,897200
7600500,897300
7602209,897400
7604333,897500
7606162,897600
7608584,897700
7611175,897800
7615040,897900
7617209,898000
7622274,898100
7625575,898200
7628288,898300
7631245,898400
7634485,898500
7636782,898600
7639565,898700
7642341,898800
7644046,898900
7646093,899000
7651011,899100
7654503,899200
7656833,899300
7659653,899400
7661954,899500
7665210,899600
7667845,899700
7670447,899800
7672472,899900
7674755,900000
7679258,900100
7682312,900200
7684147,900300
7686239,900400
7688350,900500
7690871,900600
7693275,900700
7695281,900800
7697278,900900
7699504,901000
7704401,901100
7707290,901200
7709723,901300
7713055,901400
7715331,901500
7717608,901600
7720370,901700
7722427,901800
7724438,901900
7727773,902000
7732952,902100
7735501,902200
7739561,902300
7741809,902400
7748683,902500
7751233,902600
7753864,902700
7755775,902800
7757729,902900
7759936,903000
7764980,903100
7767277,903200
7769339,903300
7771791,903400
7774637,903500
7777410,903600
7779609,903700
7782083,903800
7784332,903900
7786279,904000
7790120,904100
7792365,904200
7794251,904300
7796769,904400
7799342,904500
7801435,904600
7803613,904700
7805726,904800
7807759,904900
7810866,905000
7816438,905100
7818923,905200
7821457,905300
7823435,905400
7826140,905500
7828461,905600
7830213,905700
7832117,905800
7834563,905900
7836538,906000
7842518,906100
7845145,906200
7848526,906300
7850741,906400
7853151,906500
7855408,906600
7858043,906700
7862908,906800
7865334,906900
7867576,907000
7871815,907100
7874351,907200
7876961,907300
7878672,907400
7880791,907500
7883175,907600
7886675,907700
7889063,907800
7891129,907900
7893776,908000
7898300,908100
7901369,908200
7903467,908300
7905024,908400
7906981,908500
7908954,908600
7910559,908700
7912631,908800
7914776,908900
7916570,909000
7920694,909100
7923254,909200
7926202,909300
7928276,909400
7930340,909500
7933279,909600
7935016,909700
7937503,909800
7939584,909900
7941581,910000
7946741,910100
7949808,910200
7953336,910300
7955545,910400
7957500,910500
7959669,910600
7962144,910700
7964210,910800
7966248,910900
7968122,911000
7971869,911100
7974735,911200
7977092,911300
7978942,911400
7980859,911500
7982880,911600
7985429,911700
7987191,911800
7988840,911900
7990937,912000
7994379,912100
7997183,912200
7999434,912300
8000933,912400
8002824,912500
8004645,912600
8006031,912700
8007683,912800
8009177,912900
8010945,913000
8015433,913100
8018063,913200
8020191,913300
8022403,913400
8024215,913500
8025834,913600
8027583,913700
8030291,913800
8032253,913900
8033937,914000
8038044,914100
8044741,914200
8047403,914300
8049932,914400
8052735,914500
8054390,914600
8056263,914700
8057904,914800
8060146,914900
8062092,915000
8066182,915100
8069455,915200
8071505,915300
8073542,915400
8075209,915500
8076524,915600
8078427,915700
8080855,915800
8082712,915900
8084504,916000
8088868,916100
8091084,916200
8093969,916300
8096775,916400
8099074,916500
8101926,916600
8103630,916700
8105565,916800
8107335,916900
8109194,917000
8113490,917100
8115522,917200
8118130,917300
8120502,917400
8123254,917500
8125947,917600
8128142,917700
8130609,917800
8132191,917900
8135178,918000
8141555,918100
8146788,918200
8149672,918300
8152064,918400
8155119,918500
8158037,918600
8159860,918700
8161810,918800
8163669,918900
8165592,919000
8169570,919100
8171968,919200
8173892,919300
8176760,919400
8178627,919500
8180946,919600
8182726,919700
8183891,919800
8186027,919900
8188425,920000
8192878,920100
8195722,920200
8198280,920300
8200533,920400
8202681,920500
8204565,920600
8205894,920700
8207729,920800
8209481,920900
8211213,921000
8214885,921100
8216784,921200
8219113,921300
8221317,921400
8223087,921500
8224815,921600
8226913,921700
8228540,921800
8230026,921900
8231813,922000
8237141,922100
8240869,922200
8244410,922300
8246559,922400
8248586,922500
8251030,922600
8252887,922700
8255481,922800
8256966,922900
8258643,923000
8264212,923100
8267132,923200
8269233,923300
8271669,923400
8273829,923500
8276742,923600
8279052,923700
8280998,923800
8282709,923900
8284456,924000
8289870,924100
8294260,924200
8296390,924300
8298767,924400
8301518,924500
8305053,924600
8307663,924700
8310401,924800
8312638,924900
8314775,925000
8318901,925100
8322015,925200
8324012,925300
8326365,925400
8327994,925500
8329783,925600
8331705,925700
8333657,925800
8335344,925900
8337776,926000
8343741,926100
8346786,926200
8349377,926300
8351602,926400
8355704,926500
8358520,926600
8361026,926700
8362402,926800
8365005,926900
8366648,927000
8370728,927100
8374082,927200
8376545,927300
8378338,927400
8380804,927500
8383071,927600
8384480,927700
8386270,927800
8388006,927900
8389699,928000
8393835,928100
8396898,928200
8399207,928300
8402570,928400
8404688,928500
8406461,928600
8407748,928700
8409303,928800
8411059,928900
8412719,929000
8416126,929100
8417867,929200
8419861,929300
8421757,929400
8423199,929500
8424480,929600
8425895,929700
8427455,929800
8428536,929900
8429850,930000
8433893,930100
8437197,930200
8440479,930300
8443236,930400
8445749,930500
8447886,930600
8449712,930700
8451343,930800
8454431,930900
8455949,931000
8460142,931100
8462661,931200
8465914,931300
8468760,931400
8471472,931500
8474907,931600
8477070,931700
8479794,931800
8482531,931900
8483805,932000
8487515,932100
8494835,932200
8496935,932300
8498702,932400
8501387,932500
8505856,932600
8508241,932700
8510325,932800
8512008,932900
8513511,933000
8517646,933100
8519673,933200
8521893,933300
8523445,933400
8524912,933500
8527101,933600
8528898,933700
8531209,933800
8533466,933900
8534935,934000
8539016,934100
8541905,934200
8545809,934300
8548391,934400
8550449,934500
8553576,934600
8556111,934700
8558428,934800
8560732,934900
8562398,935000
8567487,935100
8573439,935200
8575976,935300
8577567,935400
8579185,935500
8580410,935600
8581641,935700
8583321,935800
8584638,935900
8586074,936000
8590495,936100
8592146,936200
8594345,936300
8596206,936400
8597681,936500
8599259,936600
8600448,936700
8601502,936800
8602644,936900
8603840,937000
8606798,937100
8608862,937200
8610437,937300
8611880,937400
8613176,937500
8614729,937600
8616108,937700
8617453,937800
8618697,937900
8621920,938000
8663717,938100
8668315,938200
8673008,938300
8675859,938400
8679590,938500
8682713,938600
8686104,938700
8689095,938800
8691664,938900
8694158,939000
8699286,939100
8702632,939200
8705943,939300
8708462,939400
8711803,939500
8714229,939600
8716468,939700
8718820,939800
8721048,939900
8722999,940000
8727780,940100
8731020,940200
8733279,940300
8736176,940400
8738645,940500
8741751,940600
8743544,940700
8745263,940800
8747844,940900
8750468,941000
8754953,941100
8757379,941200
8759201,941300
8761513,941400
8763926,941500
8765414,941600
8766835,941700
8768250,941800
8770067,941900
8772134,942000
8776017,942100
8778479,942200
8780606,942300
8782506,942400
8784279,942500
8786341,942600
8787750,942700
8788980,942800
8790608,942900
8792809,943000
8797565,943100
8799461,943200
8801517,943300
8803640,943400
8805190,943500
8807218,943600
8809180,943700
8810619,943800
8812255,943900
8814120,944000
8817547,944100
8820083,944200
8822365,944300
8824384,944400
8826490,944500
8828154,944600
8829419,944700
8831207,944800
8832449,944900
8834119,945000
8838399,945100
8842375,945200
8844758,945300
8847249,945400
8849653,945500
8851627,945600
8853590,945700
8855002,945800
8856463,945900
8859265,946000
8863428,946100
8866379,946200
8869875,946300
8871882,946400
8873967,946500
8876637,946600
8878104,946700
8879573,946800
8881702,946900
8883110,947000
8887728,947100
8890216,947200
8892983,947300
8896191,947400
8899085,947500
8901547,947600
8903968,947700
8906099,947800
8908774,947900
8911029,948000
8926637,948100
8928898,948200
8930925,948300
8933702,948400
8936101,948500
8937785,948600
8939554,948700
8940904,948800
8942534,948900
8944285,949000
8948175,949100
8950083,949200
8952124,949300
8953982,949400
8955632,949500
8957497,949600
8959422,949700
8960812,949800
8962301,949900
8964176,950000
8967736,950100
8970060,950200
8972998,950300
8975579,950400
8977781,950500
8980200,950600
8981794,950700
8983038,950800
8984430,950900
8986174,951000
8989647,951100
8992275,951200
8994262,951300
8995769,951400
8997859,951500
8999617,951600
9001230,951700
9002977,951800
9004462,951900
9006263,952000
9066328,952100
9072486,952200
9077537,952300
9081721,952400
9085640,952500
9089969,952600
9093236,952700
9096456,952800
9099706,952900
9103652,953000
9108498,953100
9111442,953200
9114540,953300
9117393,953400
9120056,953500
9122881,953600
9125301,953700
9128285,953800
9132154,953900
9134264,954000
9139396,954100
9143325,954200
9145994,954300
9147848,954400
9149559,954500
9151558,954600
9152970,954700
9154961,954800
9157248,954900
9158896,955000
9163436,955100
9165668,955200
9167699,955300
9169898,955400
9171848,955500
9173395,955600
9175275,955700
9176883,955800
9178795,955900
9181310,956000
9244217,956100
9251206,956200
9256019,956300
9260732,956400
9264002,956500
9267324,956600
9270153,956700
9272344,956800
9274605,956900
9278564,957000
9283848,957100
9286994,957200
9289804,957300
9292628,957400
9295661,957500
9298243,957600
9300275,957700
9302254,957800
9304866,957900
9307049,958000
9314275,958100
9319083,958200
9322582,958300
9326522,958400
9330305,958500
9333014,958600
9335082,958700
9337495,958800
9340064,958900
9342540,959000
9347830,959100
9350677,959200
9352803,959300
9354677,959400
9357297,959500
9359196,959600
9360705,959700
9362666,959800
9364492,959900
9366583,960000
9370949,960100
9374211,960200
9376708,960300
9382628,960400
9390984,960500
9394551,960600
9398187,960700
9401693,960800
9404846,960900
9407790,961000
11298697,0
11298715,100
11298727,200
11298738,300
11298748,400
11298756,500
11298768,600
11298777,700
11298788,800
11298798,900
11298808,1000
11298820,1100
11298830,1200
11298841,1300
11298851,1400
11298862,1500
11298870,1600
11298881,1700
11298890,1800
11298900,1900
11298911,2000
11298924,2100
11298934,2200
11298945,2300
11298954,2400
11298964,2500
11298974,2600
11298985,2700
11298996,2800
11299005,2900
11299017,3000
11299027,3100
11299039,3200
11299050,3300
11299059,3400
11299070,3500
11299080,3600
11299092,3700
11299101,3800
11299112,3900
11299123,4000
11299138,4100
11299149,4200
11299158,4300
11299168,4400
11299180,4500
11299190,4600
11299201,4700
11299210,4800
11299220,4900
11299231,5000
11299242,5100
11299252,5200
11299263,5300
11299273,5400
11299284,5500
11299292,5600
11299303,5700
11299313,5800
11299324,5900
11299335,6000
11299345,6100
11299357,6200
11299367,6300
11299377,6400
11299388,6500
11299398,6600
11299408,6700
11299418,6800
11299427,6900
11299437,7000
11299447,7100
11299459,7200
11299469,7300
11299480,7400
11299491,7500
11299503,7600
11299512,7700
11299522,7800
11299533,7900
11299543,8000
11299553,8100
11299577,8200
11299587,8300
11299597,8400
11299608,8500
11299618,8600
11299626,8700
11299637,8800
11299646,8900
11299657,9000
11299667,9100
11299678,9200
11299688,9300
11299698,9400
11299706,9500
11299718,9600
11299728,9700
11299738,9800
11299748,9900
11299758,10000
11299947,10100
11299957,10200
11299967,10300
11299976,10400
11299987,10500
11299996,10600
11300006,10700
11300017,10800
11300028,10900
11300038,11000
11300049,11100
11300058,11200
11300069,11300
11300080,11400
11300092,11500
11300102,11600
11300113,11700
11300123,11800
11300133,11900
11300144,12000
11300156,12100
11300167,12200
11300177,12300
11300187,12400
11300197,12500
11300207,12600
11300216,12700
11300227,12800
11300237,12900
11300248,13000
11300259,13100
11300269,13200
11300278,13300
11300289,13400
11300300,13500
11300310,13600
11300320,13700
11300330,13800
11300343,13900
11300353,14000
11300366,14100
11300374,14200
11300385,14300
11300395,14400
11300405,14500
11300414,14600
11300425,14700
11300436,14800
11300447,14900
11300457,15000
11300469,15100
11300480,15200
11300491,15300
11300503,15400
11300514,15500
11300524,15600
11300535,15700
11300545,15800
11300555,15900
11300566,16000
11300577,16100
11300587,16200
11300598,16300
11300607,16400
11300616,16500
11300628,16600
11300639,16700
11300649,16800
11300660,16900
11300962,17000
11300972,17100
11300983,17200
11300992,17300
11301003,17400
11301013,17500
11301024,17600
11301034,17700
11301043,17800
11301055,17900
11301065,18000
11301075,18100
11301095,18200
11301107,18300
11301117,18400
11301127,18500
11301137,18600
11301148,18700
11301159,18800
11301169,18900
11301180,19000
11301193,19100
11301204,19200
11301215,19300
11301226,19400
11301238,19500
11301249,19600
11301261,19700
11301275,19800
11301287,19900
11301298,20000
11301398,20100
11301411,20200
11301423,20300
11301438,20400
11301453,20500
11301464,20600
11301476,20700
11301487,20800
11301498,20900
11301508,21000
11301519,21100
11301531,21200
11301543,21300
11301560,21400
11301579,21500
11301592,21600
11301605,21700
11301617,21800
11301628,21900
11301639,22000
11301652,22100
11301662,22200
11301673,22300
11301684,22400
11301696,22500
11301707,22600
11301720,22700
11301731,22800
11301741,22900
11301754,23000
11301765,23100
11301777,23200
11301788,23300
11301799,23400
11301814,23500
11301825,23600
11301836,23700
11301847,23800
11301858,23900
11301870,24000
11301884,24100
11301896,24200
11301907,24300
11301920,24400
11301932,24500
11301943,24600
11301954,24700
11301964,24800
11301976,24900
11301986,25000
11301998,25100
11302012,25200
11302023,25300
11302034,25400
11302046,25500
11302057,25600
11302069,25700
11302082,25800
11302094,25900
11302105,26000
11302118,26100
11302131,26200
11302145,26300
11302156,26400
11302182,26500
11302194,26600
11302205,26700
11302216,26800
11302235,26900
11302247,27000
11302260,27100
11302271,27200
11302281,27300
11302291,27400
11302301,27500
11302311,27600
11302323,27700
11302334,27800
11302345,27900
11302356,28000
11302367,28100
11302382,28200
11302393,28300
11302406,28400
11302417,28500
11302429,28600
11302441,28700
11302454,28800
11302465,28900
11302475,29000
11302486,29100
11302497,29200
11302508,29300
11302519,29400
11302530,29500
11302541,29600
11302552,29700
11302563,29800
11302575,29900
11302583,30000
11302660,30100
11302675,30200
11302684,30300
11302694,30400
11302703,30500
11302714,30600
11302722,30700
11302732,30800
11302741,30900
11302752,31000
11302762,31100
11302773,31200
11302784,31300
11302793,31400
11302804,31500
11302816,31600
11302826,31700
11302836,31800
11302845,31900
11302856,32000
11302868,32100
11302877,32200
11302888,32300
11302898,32400
11302909,32500
11302918,32600
11302929,32700
11302940,32800
11302949,32900
11302959,33000
11302967,33100
11302978,33200
11302986,33300
11302996,33400
11303006,33500
11303015,33600
11303026,33700
11303037,33800
11303046,33900
11303057,34000
11303067,34100
11303078,34200
11303089,34300
11303098,34400
11303110,34500
11303119,34600
11303130,34700
11303141,34800
11303152,34900
11303161,35000
11303172,35100
11303183,35200
11303194,35300
11303205,35400
11303214,35500
11303225,35600
11303236,35700
11303246,35800
11303257,35900
11303267,36000
11303278,36100
11303289,36200
11303298,36300
11303308,36400
11303317,36500
11303326,36600
11303335,36700
11303345,36800
11303354,36900
11303365,37000
11303375,37100
11303386,37200
11303398,37300
11303409,37400
11303420,37500
11303429,37600
11303441,37700
11303450,37800
11303461,37900
11303470,38000
11303481,38100
11303494,38200
11303504,38300
11303516,38400
11303525,38500
11303535,38600
11303545,38700
11303555,38800
11303564,38900
11303576,39000
11303585,39100
11303596,39200
11303605,39300
11303634,39400
11303644,39500
11303686,39600
11303697,39700
11303706,39800
11303716,39900
11303724,40000
11303809,40100
11303819,40200
11303829,40300
11303839,40400
11303850,40500
11303859,40600
11303870,40700
11303879,40800
11303888,40900
11303899,41000
11303909,41100
11303920,41200
11303929,41300
11303940,41400
11303948,41500
11303959,41600
11303968,41700
11303980,41800
11303989,41900
11303998,42000
11304010,42100
11304019,42200
11304030,42300
11304040,42400
11304052,42500
11304063,42600
11304072,42700
11304083,42800
11304093,42900
11304104,43000
11304115,43100
11304124,43200
11304136,43300
11304145,43400
11304156,43500
11304165,43600
11304176,43700
11304185,43800
11304195,43900
11304205,44000
11304216,44100
11304227,44200
11304236,44300
11304248,44400
11304259,44500
11304268,44600
11304279,44700
11304290,44800
11304300,44900
11304311,45000
11304321,45100
11304333,45200
11304342,45300
11304353,45400
11304364,45500
11304376,45600
11304385,45700
11304396,45800
11304409,45900
11304421,46000
11304430,46100
11304442,46200
11304451,46300
11304463,46400
11304473,46500
11304484,46600
11304494,46700
11304505,46800
11304514,46900
11304526,47000
11304537,47100
11304549,47200
11304558,47300
11304569,47400
11304579,47500
11304588,47600
11304597,47700
11304606,47800
11304617,47900
11304626,48000
11304638,48100
11304650,48200
11304661,48300
11304670,48400
11304682,48500
11304692,48600
11304703,48700
11304715,48800
11304725,48900
11304736,49000
11304746,49100
11304759,49200
11304770,49300
11304780,49400
11304792,49500
11304802,49600
11304813,49700
11304823,49800
11304835,49900
11304846,50000
11304934,50100
11304943,50200
11304954,50300
11304964,50400
11304975,50500
11304985,50600
11304995,50700
11305006,50800
11305018,50900
11305027,51000
11305040,51100
11305052,51200
11305063,51300
11305075,51400
11305086,51500
11305099,51600
11305110,51700
11305126,51800
11305137,51900
11305147,52000
11305160,52100
11305171,52200
11305183,52300
11305194,52400
11305206,52500
11305219,52600
11305230,52700
11305242,52800
11305252,52900
11305265,53000
11305277,53100
11305289,53200
11305303,53300
11305313,53400
11305325,53500
11305338,53600
11305348,53700
11305359,53800
11305371,53900
11305381,54000
11305394,54100
11305404,54200
11305416,54300
11305428,54400
11305439,54500
11305452,54600
11305464,54700
11305477,54800
11305488,54900
11305499,55000
11305512,55100
11305523,55200
11305536,55300
11305548,55400
11305560,55500
11305573,55600
11305583,55700
11305595,55800
11305609,55900
11305622,56000
11305633,56100
11305646,56200
11305657,56300
11305670,56400
11305682,56500
11305693,56600
11305704,56700
11305716,56800
11305729,56900
11305739,57000
11305752,57100
11305762,57200
11305772,57300
11305784,57400
11305797,57500
11305807,57600
11305818,57700
11305831,57800
11305843,57900
11305856,58000
11305868,58100
11305884,58200
11305895,58300
11305907,58400
11305919,58500
11305932,58600
11305946,58700
11305957,58800
11305971,58900
11305984,59000
11305997,59100
11306008,59200
11306021,59300
11306035,59400
11306047,59500
11306059,59600
11306073,59700
11306084,59800
11306097,59900
11306111,60000
11306210,60100
11306222,60200
11306234,60300
11306246,60400
11306260,60500
11306272,60600
11306285,60700
11306298,60800
11306310,60900
11306324,61000
11306337,61100
11306349,61200
11306363,61300
11306374,61400
11306386,61500
11306399,61600
11306410,61700
11306422,61800
11306434,61900
11306446,62000
11306460,62100
11306471,62200
11306483,62300
11306495,62400
11306507,62500
11306521,62600
11306788,62700
11306801,62800
11306815,62900
11306825,63000
11306838,63100
11306851,63200
11306864,63300
11306879,63400
11306890,63500
11306904,63600
11306914,63700
11306927,63800
11306938,63900
11306952,64000
11306965,64100
11306977,64200
11306989,64300
11307003,64400
11307016,64500
11307027,64600
11307040,64700
11307051,64800
11307065,64900
11307077,65000
11307089,65100
11307102,65200
11307112,65300
11307125,65400
11307136,65500
11307154,65600
11307170,65700
11307185,65800
11307200,65900
11307217,66000
11307233,66100
11307248,66200
11307265,66300
11307279,66400
11307293,66500
11307307,66600
11307321,66700
11307335,66800
11307352,66900
11307367,67000
11307381,67100
11307394,67200
11307414,67300
11307433,67400
11307449,67500
11307462,67600
11307476,67700
11307489,67800
11307505,67900
11307520,68000
11307535,68100
11307555,68200
11307568,68300
11307582,68400
11307596,68500
11307612,68600
11307627,68700
11307645,68800
11307659,68900
11307675,69000
11307691,69100
11307707,69200
11307723,69300
11307740,69400
11307754,69500
11307770,69600
11307787,69700
11307802,69800
11307818,69900
11307832,70000
11307937,70100
11307951,70200
11307966,70300
11307981,70400
11307994,70500
11308012,70600
11308027,70700
11308042,70800
11308059,70900
11308072,71000
11308088,71100
11308101,71200
11308117,71300
11308129,71400
11308144,71500
11308156,71600
11308170,71700
11308183,71800
11308196,71900
11308211,72000
11308227,72100
11308243,72200
11308256,72300
11308272,72400
11308285,72500
11308299,72600
11308315,72700
11308331,72800
11308345,72900
11308358,73000
11308371,73100
11308387,73200
11308404,73300
11308418,73400
11308433,73500
11308445,73600
11308458,73700
11308473,73800
11308485,73900
11308501,74000
11308514,74100
11308529,74200
11308541,74300
11308554,74400
11308569,74500
11308582,74600
11308598,74700
11308614,74800
11308628,74900
11308646,75000
11308664,75100
11308681,75200
11308695,75300
11308710,75400
11308723,75500
11308738,75600
11308750,75700
11308765,75800
11308778,75900
11308792,76000
11308806,76100
11308822,76200
11308834,76300
11308848,76400
11308862,76500
11308876,76600
11308891,76700
11308906,76800
11308920,76900
11308936,77000
11308949,77100
11308964,77200
11308982,77300
11308996,77400
11309012,77500
11309026,77600
11309042,77700
11309057,77800
11309071,77900
11309085,78000
11309098,78100
11309117,78200
11309132,78300
11309146,78400
11309161,78500
11309176,78600
11309190,78700
11309206,78800
11309222,78900
11309236,79000
11309251,79100
11309265,79200
11309280,79300
11309294,79400
11309311,79500
11309327,79600
11309340,79700
11309356,79800
11309369,79900
11309386,80000
11309483,80100
11309496,80200
11309508,80300
11309524,80400
11309537,80500
11309550,80600
11309564,80700
11309576,80800
11309591,80900
11309606,81000
11309623,81100
11309641,81200
11309658,81300
11309677,81400
11309691,81500
11309706,81600
11309721,81700
11309736,81800
11309751,81900
11309767,82000
11309783,82100
11309796,82200
11309813,82300
11309828,82400
11309844,82500
11309858,82600
11309875,82700
11309893,82800
11309910,82900
11309927,83000
11309942,83100
11309961,83200
11309979,83300
11309998,83400
11310015,83500
11310033,83600
11310050,83700
11310066,83800
11310083,83900
11310100,84000
11310119,84100
11310135,84200
11310152,84300
11310165,84400
11310181,84500
11310195,84600
11310211,84700
11310227,84800
11310242,84900
11310259,85000
11310274,85100
11310288,85200
11310302,85300
11310317,85400
11310329,85500
11310343,85600
11310358,85700
11310372,85800
11310386,85900
11310399,86000
11310416,86100
11310434,86200
11310451,86300
11310469,86400
11310487,86500
11310502,86600
11310519,86700
11310534,86800
11310552,86900
11310570,87000
11310587,87100
11310603,87200
11310619,87300
11310634,87400
11310650,87500
11310666,87600
11310681,87700
11310696,87800
11310713,87900
11310729,88000
11310743,88100
11310763,88200
11310779,88300
11310793,88400
11310809,88500
11310823,88600
11310836,88700
11310851,88800
11310868,88900
11310881,89000
11310896,89100
11310910,89200
11310925,89300
11310938,89400
11310952,89500
11310966,89600
11310980,89700
11310994,89800
11311010,89900
11311023,90000
11311216,90100
11311230,90200
11311243,90300
11311258,90400
11311273,90500
11311290,90600
11311303,90700
11311317,90800
11311332,90900
11311346,91000
11311362,91100
11311377,91200
11311393,91300
11311408,91400
11311422,91500
11311435,91600
11311451,91700
11311465,91800
11311480,91900
11311494,92000
11311523,92100
11311545,92200
11311561,92300
11311574,92400
11311588,92500
11311604,92600
11311617,92700
11311634,92800
11311654,92900
11311678,93000
11311700,93100
11311719,93200
11311733,93300
11311750,93400
11311767,93500
11311783,93600
11311807,93700
11311827,93800
11311847,93900
11311865,94000
11311885,94100
11311901,94200
11311919,94300
11311935,94400
11311950,94500
11311967,94600
11311982,94700
11311998,94800
11312015,94900
11312032,95000
11312047,95100
11312065,95200
11312080,95300
11312097,95400
11312111,95500
11312127,95600
11312141,95700
11312156,95800
11312171,95900
11312186,96000
11312201,96100
11312217,96200
11312234,96300
11312251,96400
11312267,96500
11312585,96600
11312599,96700
11312616,96800
11312633,96900
11312651,97000
11312671,97100
11312688,97200
11312708,97300
11312727,97400
11312747,97500
11312768,97600
11312784,97700
11312803,97800
11312819,97900
11312837,98000
11312853,98100
11312876,98200
11312895,98300
11312910,98400
11312929,98500
11312946,98600
11312964,98700
11312981,98800
11313000,98900
11313018,99000
11313036,99100
11313055,99200
11313074,99300
11313091,99400
11313110,99500
11313129,99600
11313145,99700
11313163,99800
11313178,99900
11313195,100000
11313301,100100
11313318,100200
11313336,100300
11313351,100400
11313366,100500
11313385,100600
11313400,100700
11313417,100800
11313435,100900
11313455,101000
11313476,101100
11313494,101200
11313513,101300
11313532,101400
11313549,101500
11313568,101600
11313588,101700
11313606,101800
11313625,101900
11313643,102000
11313663,102100
11313685,102200
11313703,102300
11313721,102400
11313738,102500
11313758,102600
11313775,102700
11313794,102800
11313815,102900
11313832,103000
11313852,103100
11313869,103200
11313890,103300
11313910,103400
11313926,103500
11313945,103600
11313962,103700
11313981,103800
11314000,103900
11314022,104000
11314045,104100
11314065,104200
11314086,104300
11314105,104400
11314131,104500
11314150,104600
11314167,104700
11314188,104800
11314207,104900
11314255,105000
11314275,105100
11314295,105200
11314315,105300
11314337,105400
11314358,105500
11314378,105600
11314396,105700
11314416,105800
11314437,105900
11314453,106000
11314471,106100
11314486,106200
11314505,106300
11314522,106400
11314540,106500
11314558,106600
11314576,106700
11314592,106800
11314611,106900
11314629,107000
11314646,107100
11314667,107200
11314687,107300
11314710,107400
11314730,107500
11314752,107600
11314772,107700
11314792,107800
11314811,107900
11314832,108000
11314852,108100
11314878,108200
11314896,108300
11314917,108400
11314936,108500
11314956,108600
11314977,108700
11314997,108800
11315018,108900
11315037,109000
11315060,109100
11315081,109200
11315100,109300
11315121,109400
11315140,109500
11315162,109600
11315181,109700
11315204,109800
11315223,109900
11315243,110000
11315361,110100
11315380,110200
11315401,110300
11315419,110400
11315440,110500
11315459,110600
11315477,110700
11315497,110800
11315516,110900
11315539,111000
11315561,111100
11315585,111200
11315608,111300
11315628,111400
11315651,111500
11315671,111600
11315693,111700
11315713,111800
11315735,111900
11315754,112000
11315774,112100
11315795,112200
11315814,112300
11315836,112400
11315855,112500
11315875,112600
11315897,112700
11315919,112800
11315938,112900
11315960,113000
11315982,113100
11316004,113200
11316024,113300
11316046,113400
11316070,113500
11316094,113600
11316119,113700
11316141,113800
11316164,113900
11316187,114000
11316211,114100
11316234,114200
11316256,114300
11316281,114400
11316302,114500
11316325,114600
11316346,114700
11316370,114800
11316393,114900
11316414,115000
11316436,115100
11316458,115200
11316482,115300
11316506,115400
11316528,115500
11316551,115600
11316572,115700
11316592,115800
11316615,115900
11316635,116000
11316657,116100
11316678,116200
11316701,116300
11316724,116400
11316744,116500
11316768,116600
11316789,116700
11316813,116800
11316832,116900
11316855,117000
11316876,117100
11316897,117200
11316919,117300
11316939,117400
11316962,117500
11316984,117600
11317004,117700
11317026,117800
11317048,117900
11317069,118000
11317091,118100
11317116,118200
11317139,118300
11317159,118400
11317183,118500
11317206,118600
11317226,118700
11317249,118800
11317271,118900
11317296,119000
11317322,119100
11317345,119200
11317370,119300
11317392,119400
11317415,119500
11317435,119600
11317459,119700
11317479,119800
11317504,119900
11317524,120000
11317685,120100
11317708,120200
11317728,120300
11317751,120400
11317771,120500
11317796,120600
11317816,120700
11317838,120800
11317861,120900
11317885,121000
11317910,121100
11317935,121200
11317958,121300
11317981,121400
11318004,121500
11318028,121600
11318053,121700
11318076,121800
11318408,121900
11318429,122000
11318454,122100
11318480,122200
11318504,122300
11318529,122400
11318554,122500
11318576,122600
11318598,122700
11318620,122800
11318640,122900
11318661,123000
11318686,123100
11318710,123200
11318732,123300
11318755,123400
11318777,123500
11318802,123600
11318823,123700
11318848,123800
11318869,123900
11318894,124000
11318918,124100
11318940,124200
11318963,124300
11318986,124400
11319010,124500
11319032,124600
11319055,124700
11319078,124800
11319099,124900
11319122,125000
11319149,125100
11319175,125200
11319197,125300
11319222,125400
11319244,125500
11319267,125600
11319291,125700
11319314,125800
11319339,125900
11319361,126000
11319383,126100
11319405,126200
11319426,126300
11319448,126400
11319474,126500
11319496,126600
11319517,126700
11319542,126800
11319564,126900
11319587,127000
11319612,127100
11319635,127200
11319661,127300
11319686,127400
11319711,127500
11319738,127600
11319764,127700
11319793,127800
11319821,127900
11319846,128000
11319873,128100
11319903,128200
11319931,128300
11319960,128400
11319988,128500
11320015,128600
11320044,128700
11320068,128800
11320096,128900
11320119,129000
11320148,129100
11320177,129200
11320210,129300
11320239,129400
11320276,129500
11320305,129600
11320338,129700
11320364,129800
11320396,129900
11320424,130000
11320579,130100
11320608,130200
11320634,130300
11320669,130400
11320697,130500
11320725,130600
11320757,130700
11320784,130800
11320813,130900
11320839,131000
11320870,131100
11320902,131200
11320937,131300
11320973,131400
11321005,131500
11321035,131600
11321066,131700
11321097,131800
11321125,131900
11321153,132000
11321181,132100
11321211,132200
11321236,132300
11321263,132400
11321291,132500
11321318,132600
11321346,132700
11321372,132800
11321399,132900
11321426,133000
11321454,133100
11321485,133200
11321519,133300
11321550,133400
11321588,133500
11321623,133600
11321654,133700
11321689,133800
11321717,133900
11321747,134000
11321776,134100
11321806,134200
11321840,134300
11321869,134400
11321899,134500
11321929,134600
11321961,134700
11321994,134800
11322025,134900
11322060,135000
11322096,135100
11322127,135200
11322160,135300
11322193,135400
11322224,135500
11322258,135600
11322294,135700
11322323,135800
11322357,135900
11322389,136000
11322415,136100
11322447,136200
11322476,136300
11322507,136400
11322540,136500
11322568,136600
11322600,136700
11322631,136800
11322665,136900
11322697,137000
11322728,137100
11322761,137200
11322793,137300
11322829,137400
11322869,137500
11322904,137600
11322934,137700
11322963,137800
11322994,137900
11323025,138000
11323057,138100
11323089,138200
11323117,138300
11323148,138400
11323178,138500
11323211,138600
11323238,138700
11323266,138800
11323294,138900
11323324,139000
11323353,139100
11323384,139200
11323418,139300
11323450,139400
11323482,139500
11323514,139600
11323548,139700
11323583,139800
11323616,139900
11323646,140000
11324273,140100
11324307,140200
11324389,140300
11324419,140400
11324450,140500
11324479,140600
11324507,140700
11324537,140800
11324569,140900
11324601,141000
11324635,141100
11324669,141200
11324702,141300
11324734,141400
11324766,141500
11324799,141600
11324833,141700
11324864,141800
11324894,141900
11324924,142000
11324953,142100
11324986,142200
11325014,142300
11325045,142400
11325075,142500
11325108,142600
11325140,142700
11325174,142800
11325203,142900
11325237,143000
11325269,143100
11325297,143200
11325329,143300
11325356,143400
11325387,143500
11325413,143600
11325445,143700
11325471,143800
11325510,143900
11325543,144000
11325576,144100
11325606,144200
11325638,144300
11325667,144400
11325696,144500
11325727,144600
11325760,144700
11325790,144800
11325817,144900
11325850,145000
11325880,145100
11325909,145200
11325937,145300
11325965,145400
11325990,145500
11326022,145600
11326051,145700
11326078,145800
11326102,145900
11326131,146000
11326164,146100
11326200,146200
11326236,146300
11326268,146400
11326297,146500
11326327,146600
11326357,146700
11326386,146800
11326414,146900
11326443,147000
11326473,147100
11326503,147200
11326530,147300
11326558,147400
11326586,147500
11326616,147600
11326641,147700
11326669,147800
11326697,147900
11326734,148000
11326765,148100
11326796,148200
11326826,148300
11326856,148400
11326885,148500
11326914,148600
11326942,148700
11326972,148800
11327005,148900
11327039,149000
11327071,149100
11327103,149200
11327132,149300
11327160,149400
11327189,149500
11327219,149600
11327252,149700
11327279,149800
11327307,149900
11327335,150000
11327659,150100
11327688,150200
11327719,150300
11327752,150400
11327777,150500
11327805,150600
11327834,150700
11327863,150800
11327895,150900
11327924,151000
11327959,151100
11327988,151200
11328013,151300
11328041,151400
11328070,151500
11328095,151600
11328125,151700
11328152,151800
11328181,151900
11328208,152000
11328236,152100
11328264,152200
11328291,152300
11328319,152400
11328348,152500
11328373,152600
11328402,152700
11328432,152800
11328461,152900
11328485,153000
11328509,153100
11328537,153200
11328563,153300
11328592,153400
11328622,153500
11328652,153600
11328682,153700
11328712,153800
11328739,153900
11328764,154000
11328795,154100
11328823,154200
11328851,154300
11328878,154400
11328907,154500
11328935,154600
11328962,154700
11328992,154800
11329019,154900
11329050,155000
11329079,155100
11329109,155200
11329142,155300
11329169,155400
11329199,155500
11329224,155600
11329252,155700
11329281,155800
11329309,155900
11329337,156000
11329369,156100
11329397,156200
11329425,156300
11329457,156400
11329487,156500
11329514,156600
11329543,156700
11329569,156800
11329596,156900
11329625,157000
11329651,157100
11329682,157200
11329713,157300
11329742,157400
11330085,157500
11330120,157600
11330193,157700
11330223,157800
11330248,157900
11330275,158000
11330303,158100
11330335,158200
11330370,158300
11330400,158400
11330426,158500
11330454,158600
11330482,158700
11330510,158800
11330538,158900
11330565,159000
11330590,159100
11330615,159200
11330641,159300
11330667,159400
11330696,159500
11330721,159600
11330748,159700
11330776,159800
11330803,159900
11330830,160000
11331134,160100
11331164,160200
11331191,160300
11331219,160400
11331248,160500
11331274,160600
11331306,160700
11331338,160800
11331365,160900
11331395,161000
11331422,161100
11331453,161200
11331485,161300
11331515,161400
11331545,161500
11331577,161600
11331612,161700
11331645,161800
11331673,161900
11331706,162000
11331736,162100
11331762,162200
11331792,162300
11331823,162400
11331852,162500
11331879,162600
11331910,162700
11331939,162800
11331971,162900
11332003,163000
11332032,163100
11332060,163200
11332087,163300
11332112,163400
11332140,163500
11332168,163600
11332198,163700
11332230,163800
11332263,163900
11332291,164000
11332322,164100
11332349,164200
11332380,164300
11332408,164400
11332439,164500
11332465,164600
11332496,164700
11332527,164800
11332554,164900
11332584,165000
11332614,165100
11332643,165200
11332674,165300
11332706,165400
11332734,165500
11332763,165600
11332793,165700
11332821,165800
11332850,165900
11332887,166000
11332914,166100
11332946,166200
11332978,166300
11333008,166400
11333035,166500
11333066,166600
11333100,166700
11333134,166800
11333169,166900
11333207,167000
11333243,167100
11333276,167200
11333306,167300
11333332,167400
11333360,167500
11333388,167600
11333416,167700
11333448,167800
11333480,167900
11333507,168000
11333538,168100
11333575,168200
11333604,168300
11333633,168400
11333661,168500
11333687,168600
11333718,168700
11333750,168800
11333777,168900
11333807,169000
11333832,169100
11333862,169200
11333895,169300
11333928,169400
11333962,169500
11333994,169600
11334026,169700
11334058,169800
11334089,169900
11334119,170000
11334427,170100
11334454,170200
11334486,170300
11334511,170400
11334538,170500
11334566,170600
11334592,170700
11334618,170800
11334646,170900
11334671,171000
11334708,171100
11334743,171200
11334774,171300
11334804,171400
11334836,171500
11334862,171600
11334889,171700
11334916,171800
11334943,171900
11334971,172000
11335001,172100
11335027,172200
11335059,172300
11335087,172400
11335117,172500
11335144,172600
11335169,172700
11335198,172800
11335229,172900
11335256,173000
11335285,173100
11335314,173200
11335342,173300
11335372,173400
11335402,173500
11335430,173600
11335458,173700
11335484,173800
11335516,173900
11335548,174000
11335905,174100
11335939,174200
11335967,174300
11336043,174400
11336079,174500
11336112,174600
11336140,174700
11336169,174800
11336196,174900
11336224,175000
11336256,175100
11336292,175200
11336328,175300
11336363,175400
11336398,175500
11336434,175600
11336466,175700
11336501,175800
11336532,175900
11336566,176000
11336602,176100
11336637,176200
11336669,176300
11336699,176400
11336730,176500
11336762,176600
11336792,176700
11336821,176800
11336851,176900
11336884,177000
11336919,177100
11336949,177200
11336982,177300
11337017,177400
11337045,177500
11337075,177600
11337109,177700
11337140,177800
11337173,177900
11337207,178000
11337241,178100
11337278,178200
11337310,178300
11337344,178400
11337412,178500
11337449,178600
11337485,178700
11337518,178800
11337555,178900
11337589,179000
11337624,179100
11337661,179200
11337694,179300
11337732,179400
11337775,179500
11337812,179600
11337857,179700
11337898,179800
11337941,179900
11337979,180000
11338360,180100
11338404,180200
11338447,180300
11338488,180400
11338530,180500
11338574,180600
11338616,180700
11338663,180800
11338707,180900
11338754,181000
11338802,181100
11338849,181200
11338898,181300
11338942,181400
11338990,181500
11339038,181600
11339077,181700
11339114,181800
11339160,181900
11339206,182000
11339252,182100
11339300,182200
11339345,182300
11339384,182400
11339427,182500
11339471,182600
11339502,182700
11339538,182800
11339588,182900
11339637,183000
11339693,183100
11339743,183200
11339775,183300
11339821,183400
11339867,183500
11339905,183600
11339945,183700
11340001,183800
11340047,183900
11340090,184000
11340136,184100
11340176,184200
11340220,184300
11340274,184400
11340330,184500
11340384,184600
11340437,184700
11340496,184800
11340544,184900
11340594,185000
11340643,185100
11340685,185200
11340729,185300
11340783,185400
11340825,185500
11340869,185600
11340917,185700
11340959,185800
11340999,185900
11341040,186000
11341081,186100
11341121,186200
11341166,186300
11341210,186400
11341254,186500
11341306,186600
11341359,186700
11341721,186800
11341766,186900
11341858,187000
11341898,187100
11341936,187200
11342030,187300
11342072,187400
11342115,187500
11342165,187600
11342227,187700
11342270,187800
11342314,187900
11342351,188000
11342396,188100
11342443,188200
11342483,188300
11342529,188400
11342578,188500
11342622,188600
11342668,188700
11342714,188800
11342756,188900
11342804,189000
11342841,189100
11342884,189200
11342928,189300
11342980,189400
11343031,189500
11343080,189600
11343127,189700
11343174,189800
11343225,189900
11343270,190000
11343766,190100
11343814,190200
11343862,190300
11343912,190400
11343960,190500
11344003,190600
11344048,190700
11344088,190800
11344128,190900
11344173,191000
11344208,191100
11344252,191200
11344299,191300
11344344,191400
11344387,191500
11344432,191600
11344484,191700
11344537,191800
11344583,191900
11344622,192000
11344670,192100
11344715,192200
11344758,192300
11344808,192400
11344858,192500
11344901,192600
11344948,192700
11344995,192800
11345039,192900
11345085,193000
11345128,193100
11345173,193200
11345222,193300
11345258,193400
11345302,193500
11345342,193600
11345393,193700
11345444,193800
11345487,193900
11345540,194000
11345595,194100
11345650,194200
11345706,194300
11345761,194400
11345811,194500
11345860,194600
11345906,194700
11345955,194800
11345999,194900
11346044,195000
11346096,195100
11346143,195200
11346185,195300
11346232,195400
11346274,195500
11346325,195600
11346372,195700
11346412,195800
11346459,195900
11346506,196000
11346557,196100
11346617,196200
11346663,196300
11346704,196400
11346755,196500
11346801,196600
11346847,196700
11346895,196800
11346938,196900
11346987,197000
11347033,197100
11347082,197200
11347124,197300
11347171,197400
11347222,197500
11347272,197600
11347644,197700
11347694,197800
11347790,197900
11347837,198000
11347884,198100
11347946,198200
11347996,198300
11348047,198400
11348090,198500
11348138,198600
11348183,198700
11348230,198800
11348276,198900
11348326,199000
11348371,199100
11348414,199200
11348457,199300
11348498,199400
11348550,199500
11348606,199600
11348651,199700
11348697,199800
11348738,199900
11348780,200000
11349306,200100
11349349,200200
11349392,200300
11349435,200400
11349475,200500
11349522,200600
11349573,200700
11349615,200800
11349662,200900
11349715,201000
11349754,201100
11349797,201200
11349840,201300
11349884,201400
11349933,201500
11349988,201600
11350038,201700
11350096,201800
11350150,201900
11350203,202000
11350248,202100
11350296,202200
11350349,202300
11350391,202400
11350447,202500
11350497,202600
11350543,202700
11350592,202800
11350639,202900
11350683,203000
11350732,203100
11350778,203200
11350834,203300
11350877,203400
11350925,203500
11350974,203600
11351023,203700
11351078,203800
11351126,203900
11351174,204000
11351224,204100
11351268,204200
11351316,204300
11351365,204400
11351408,204500
11351463,204600
11351663,204700
11351705,204800
11351754,204900
11351801,205000
11351843,205100
11351880,205200
11351916,205300
11351953,205400
11351993,205500
11352034,205600
11352080,205700
11352129,205800
11352172,205900
11352217,206000
11352261,206100
11352308,206200
11352353,206300
11352395,206400
11352438,206500
11352484,206600
11352532,206700
11352583,206800
11352626,206900
11352684,207000
11352729,207100
11352774,207200
11352817,207300
11352858,207400
11352899,207500
11352944,207600
11352992,207700
11353034,207800
11353080,207900
11353128,208000
11353178,208100
11353234,208200
11353287,208300
11353658,208400
11353705,208500
11353809,208600
11353863,208700
11353909,208800
11353962,208900
11354014,209000
11354060,209100
11354106,209200
11354150,209300
11354191,209400
11354236,209500
11354284,209600
11354330,209700
11354379,209800
11354426,209900
11354470,210000
11355024,210100
11355067,210200
11355115,210300
11355163,210400
11355205,210500
11355243,210600
11355283,210700
11355325,210800
11355377,210900
11355431,211000
11355484,211100
11355535,211200
11355579,211300
11355626,211400
11355675,211500
11355728,211600
11355773,211700
11355822,211800
11355873,211900
11355926,212000
11355981,212100
11356041,212200
11356094,212300
11356142,212400
11356195,212500
11356247,212600
11356302,212700
11356358,212800
11356410,212900
11356468,213000
11356523,213100
11356572,213200
11356620,213300
11356671,213400
11356737,213500
11356781,213600
11356830,213700
11356877,213800
11356928,213900
11356976,214000
11357029,214100
11357077,214200
11357129,214300
11357173,214400
11357219,214500
11357261,214600
11357302,214700
11357352,214800
11357403,214900
11357446,215000
11357501,215100
11357554,215200
11357603,215300
11357653,215400
11357702,215500
11357749,215600
11357799,215700
11357860,215800
11357910,215900
11357965,216000
11358036,216100
11358096,216200
11358152,216300
11358206,216400
11358256,216500
11358308,216600
11358366,216700
11358427,216800
11358488,216900
11358549,217000
11358612,217100
11358664,217200
11358719,217300
11358771,217400
11358825,217500
11358878,217600
11358939,217700
11359002,217800
11359055,217900
11359114,218000
11359170,218100
11359226,218200
11359283,218300
11359658,218400
11359712,218500
11359812,218600
11359867,218700
11359916,218800
11359967,218900
11360019,219000
11360080,219100
11360140,219200
11360195,219300
11360251,219400
11360305,219500
11360358,219600
11360416,219700
11360468,219800
11360518,219900
11360573,220000
11361085,220100
11361147,220200
11361203,220300
11361258,220400
11361313,220500
11361369,220600
11361419,220700
11361475,220800
11361530,220900
11361583,221000
11361639,221100
11361696,221200
11361747,221300
11361797,221400
11361842,221500
11361893,221600
11361937,221700
11361988,221800
11362040,221900
11362092,222000
11362149,222100
11362198,222200
11362250,222300
11362298,222400
11362355,222500
11362407,222600
11362462,222700
11362523,222800
11362573,222900
11362625,223000
11362674,223100
11362729,223200
11362780,223300
11362831,223400
11362881,223500
11362934,223600
11362992,223700
11363049,223800
11363108,223900
11363161,224000
11363211,224100
11363266,224200
11363323,224300
11363388,224400
11363453,224500
11363516,224600
11363574,224700
11363635,224800
11363689,224900
11363740,225000
11363795,225100
11363849,225200
11363907,225300
11363960,225400
11364023,225500
11364087,225600
11364143,225700
11364197,225800
11364250,225900
11364306,226000
11364364,226100
11364409,226200
11364458,226300
11364502,226400
11364550,226500
11364598,226600
11364652,226700
11364703,226800
11364756,226900
11364804,227000
11364857,227100
11364907,227200
11364964,227300
11365012,227400
11365070,227500
11365121,227600
11365174,227700
11365223,227800
11365290,227900
11365677,228000
11365739,228100
11365855,228200
11365922,228300
11365985,228400
11366075,228500
11366137,228600
11366200,228700
11366261,228800
11366330,228900
11366391,229000
11366442,229100
11366504,229200
11366569,229300
11366639,229400
11366707,229500
11366780,229600
11366850,229700
11366920,229800
11366994,229900
11367055,230000
11367613,230100
11367677,230200
11367743,230300
11367812,230400
11367879,230500
11367950,230600
11368020,230700
11368096,230800
11368172,230900
11368232,231000
11368300,231100
11368358,231200
11368417,231300
11368482,231400
11368543,231500
11368606,231600
11368678,231700
11368738,231800
11368806,231900
11368862,232000
11368939,232100
11369008,232200
11369064,232300
11369119,232400
11369177,232500
11369241,232600
11369302,232700
11369365,232800
11369430,232900
11369504,233000
11369566,233100
11369631,233200
11369689,233300
11369751,233400
11369819,233500
11369875,233600
11369938,233700
11369998,233800
11370065,233900
11370134,234000
11370197,234100
11370265,234200
11370334,234300
11370402,234400
11370462,234500
11370530,234600
11370592,234700
11370656,234800
11370727,234900
11370786,235000
11370851,235100
11370913,235200
11370977,235300
11371043,235400
11371108,235500
11371172,235600
11371239,235700
11371301,235800
11371368,235900
11371752,236000
11371818,236100
11371926,236200
11371995,236300
11372067,236400
11372132,236500
11372193,236600
11372260,236700
11372323,236800
11372380,236900
11372442,237000
11372506,237100
11372572,237200
11372638,237300
11372695,237400
11372759,237500
11372825,237600
11372887,237700
11372990,237800
11373049,237900
11373111,238000
11373173,238100
11373231,238200
11373292,238300
11373355,238400
11373418,238500
11373484,238600
11373544,238700
11373608,238800
11373662,238900
11373720,239000
11373773,239100
11373827,239200
11373880,239300
11373937,239400
11373988,239500
11374049,239600
11374103,239700
11374178,239800
11374234,239900
11374297,240000
11375063,240100
11375127,240200
11375192,240300
11375257,240400
11375316,240500
11375377,240600
11375430,240700
11375479,240800
11375535,240900
11375588,241000
11375642,241100
11375692,241200
11375743,241300
11375799,241400
11375853,241500
11375910,241600
11375958,241700
11376006,241800
11376057,241900
11376110,242000
11376170,242100
11376226,242200
11376293,242300
11376358,242400
11376420,242500
11376476,242600
11376526,242700
11376573,242800
11376625,242900
11376671,243000
11376723,243100
11376779,243200
11376833,243300
11376880,243400
11376934,243500
11376987,243600
11377041,243700
11377094,243800
11377148,243900
11377197,244000
11377245,244100
11377297,244200
11377355,244300
11377419,244400
11377792,244500
11377841,244600
11377938,244700
11378001,244800
11378048,244900
11378100,245000
11378150,245100
11378200,245200
11378245,245300
11378290,245400
11378337,245500
11378391,245600
11378437,245700
11378489,245800
11378540,245900
11378590,246000
11378643,246100
11378702,246200
11378764,246300
11378811,246400
11378864,246500
11378921,246600
11378970,246700
11379020,246800
11379073,246900
11379128,247000
11379179,247100
11379232,247200
11379287,247300
11379336,247400
11379386,247500
11379437,247600
11379487,247700
11379534,247800
11379581,247900
11379636,248000
11379689,248100
11379751,248200
11379806,248300
11379864,248400
11379918,248500
11379970,248600
11380020,248700
11380071,248800
11380118,248900
11380177,249000
11380231,249100
11380281,249200
11380331,249300
11380386,249400
11380443,249500
11380518,249600
11380581,249700
11380636,249800
11380694,249900
11380744,250000
11381359,250100
11381412,250200
11381467,250300
11381517,250400
11381576,250500
11381629,250600
11381684,250700
11381737,250800
11381785,250900
11381840,251000
11381890,251100
11381941,251200
11381995,251300
11382041,251400
11382087,251500
11382135,251600
11382185,251700
11382240,251800
11382309,251900
11382363,252000
11382432,252100
11382493,252200
11382555,252300
11382615,252400
11382680,252500
11382735,252600
11382790,252700
11382839,252800
11382893,252900
11382951,253000
11383012,253100
11383067,253200
11383127,253300
11383180,253400
11383240,253500
11383289,253600
11383344,253700
11383399,253800
11383462,253900
11383841,254000
11383900,254100
11384007,254200
11384070,254300
11384132,254400
11384193,254500
11384260,254600
11384321,254700
11384383,254800
11384437,254900
11384496,255000
11384556,255100
11384610,255200
11384656,255300
11384704,255400
11384755,255500
11384806,255600
11384856,255700
11384914,255800
11384970,255900
11385028,256000
11385085,256100
11385148,256200
11385208,256300
11385267,256400
11385324,256500
11385386,256600
11385443,256700
11385504,256800
11385559,256900
11385616,257000
11385671,257100
11385727,257200
11385779,257300
11385834,257400
11385890,257500
11385950,257600
11386003,257700
11386052,257800
11386102,257900
11386152,258000
11386208,258100
11386270,258200
11386327,258300
11386402,258400
11386458,258500
11386527,258600
11386586,258700
11386640,258800
11386702,258900
11386755,259000
11386811,259100
11386870,259200
11386926,259300
11386981,259400
11387035,259500
11387090,259600
11387150,259700
11387209,259800
11387266,259900
11387350,260000
11388035,260100
11388094,260200
11388161,260300
11388211,260400
11388277,260500
11388331,260600
11388386,260700
11388442,260800
11388497,260900
11388566,261000
11388623,261100
11388687,261200
11388748,261300
11388814,261400
11388874,261500
11388934,261600
11388990,261700
11389047,261800
11389097,261900
11389146,262000
11389204,262100
11389265,262200
11389327,262300
11389382,262400
11389440,262500
11389497,262600
11389559,262700
11389930,262800
11390033,262900
11390093,263000
11390149,263100
11390202,263200
11390258,263300
11390314,263400
11390371,263500
11390423,263600
11390480,263700
11390528,263800
11390580,263900
11390638,264000
11390693,264100
11390759,264200
11390817,264300
11390880,264400
11390940,264500
11390993,264600
11391057,264700
11391115,264800
11391164,264900
11391224,265000
11391287,265100
11391349,265200
11391409,265300
11391471,265400
11391531,265500
11391595,265600
11391665,265700
11391732,265800
11391790,265900
11391850,266000
11391907,266100
11391962,266200
11392022,266300
11392074,266400
11392129,266500
11392192,266600
11392253,266700
11392320,266800
11392379,266900
11392441,267000
11392496,267100
11392564,267200
11392618,267300
11392672,267400
11392726,267500
11392782,267600
11392832,267700
11392893,267800
11392947,267900
11393014,268000
11393078,268100
11393179,268200
11393256,268300
11393333,268400
11393416,268500
11393503,268600
11393584,268700
11393663,268800
11393731,268900
11393793,269000
11393868,269100
11393929,269200
11393994,269300
11394058,269400
11394139,269500
11394204,269600
11394277,269700
11394348,269800
11394405,269900
11394466,270000
11395377,270100
11395448,270200
11395529,270300
11395638,270400
11396115,270500
11396199,270600
11396282,270700
11396379,270800
11396461,270900
11396544,271000
11396621,271100
11396693,271200
11396762,271300
11396831,271400
11396906,271500
11396984,271600
11397083,271700
11397163,271800
11397253,271900
11397341,272000
11397422,272100
11397514,272200
11397597,272300
11397667,272400
11397737,272500
11397815,272600
11397896,272700
11397983,272800
11398056,272900
11398131,273000
11398217,273100
11398303,273200
11398385,273300
11398447,273400
11398549,273500
11398623,273600
11398690,273700
11398749,273800
11398809,273900
11398878,274000
11398954,274100
11399025,274200
11399109,274300
11399187,274400
11399254,274500
11399327,274600
11399400,274700
11399473,274800
11399541,274900
11399617,275000
11399694,275100
11399766,275200
11399844,275300
11399922,275400
11399990,275500
11400068,275600
11400149,275700
11400215,275800
11400282,275900
11400353,276000
11400420,276100
11400500,276200
11400575,276300
11400638,276400
11400709,276500
11400782,276600
11400852,276700
11400922,276800
11400991,276900
11401059,277000
11401123,277100
11401195,277200
11401257,277300
11401321,277400
11401402,277500
11401471,277600
11401546,277700
11401618,277800
11401692,277900
11402078,278000
11402127,278100
11402282,278200
11402365,278300
11402446,278400
11402526,278500
11402594,278600
11402669,278700
11402738,278800
11402820,278900
11402908,279000
11402977,279100
11403055,279200
11403119,279300
11403214,279400
11403279,279500
11403343,279600
11403404,279700
11403479,279800
11403542,279900
11403615,280000
11404621,280100
11404682,280200
11404754,280300
11404832,280400
11404900,280500
11404971,280600
11405038,280700
11405101,280800
11405173,280900
11405238,281000
11405308,281100
11405373,281200
11405437,281300
11405505,281400
11405571,281500
11405653,281600
11405725,281700
11405803,281800
11405868,281900
11405939,282000
11406010,282100
11406082,282200
11406150,282300
11406222,282400
11406294,282500
11406363,282600
11406435,282700
11406507,282800
11406588,282900
11406667,283000
11406738,283100
11406811,283200
11406884,283300
11406950,283400
11407025,283500
11407085,283600
11407161,283700
11407228,283800
11407292,283900
11407369,284000
11407449,284100
11407531,284200
11407605,284300
11407692,284400
11407769,284500
11408168,284600
11408330,284700
11408401,284800
11408473,284900
11408549,285000
11408631,285100
11408713,285200
11408784,285300
11408871,285400
11408969,285500
11409049,285600
11409128,285700
11409206,285800
11409286,285900
11409355,286000
11409424,286100
11409489,286200
11409563,286300
11409643,286400
11409722,286500
11409801,286600
11409874,286700
11409956,286800
11410035,286900
11410117,287000
11410203,287100
11410275,287200
11410349,287300
11410425,287400
11410503,287500
11410580,287600
11410680,287700
11410773,287800
11410860,287900
11410942,288000
11411019,288100
11411102,288200
11411175,288300
11411316,288400
11411397,288500
11411480,288600
11411574,288700
11411675,288800
11411782,288900
11411880,289000
11411972,289100
11412056,289200
11412136,289300
11412220,289400
11412300,289500
11412373,289600
11412474,289700
11412550,289800
11412641,289900
11412731,290000
11414379,290100
11414470,290200
11414556,290300
11414637,290400
11414734,290500
11414827,290600
11414897,290700
11414973,290800
11415044,290900
11415115,291000
11415200,291100
11415269,291200
11415347,291300
11415431,291400
11415501,291500
11415589,291600
11415666,291700
11415740,291800
11415827,291900
11415890,292000
11415955,292100
11416030,292200
11416100,292300
11416181,292400
11416267,292500
11416346,292600
11416436,292700
11416516,292800
11416591,292900
11416670,293000
11416739,293100
11416813,293200
11416895,293300
11416967,293400
11417047,293500
11417140,293600
11417221,293700
11417293,293800
11417365,293900
11417438,294000
11417515,294100
11417589,294200
11417662,294300
11417738,294400
11417813,294500
11417896,294600
11417980,294700
11418065,294800
11418152,294900
11418236,295000
11418317,295100
11418416,295200
11418490,295300
11418568,295400
11418635,295500
11418698,295600
11418775,295700
11418850,295800
11418935,295900
11419011,296000
11419104,296100
11419189,296200
11419269,296300
11419355,296400
11419425,296500
11419504,296600
11419578,296700
11419647,296800
11419723,296900
11419797,297000
11419878,297100
11420335,297200
11420458,297300
11420548,297400
11420627,297500
11420719,297600
11420799,297700
11420866,297800
11420942,297900
11421014,298000
11421087,298100
11421177,298200
11421256,298300
11421340,298400
11421428,298500
11421509,298600
11421584,298700
11421654,298800
11421732,298900
11421807,299000
11421881,299100
11421965,299200
11422054,299300
11422124,299400
11422206,299500
11422285,299600
11422394,299700
11422485,299800
11422566,299900
11422640,300000
11424057,300100
11424127,300200
11424220,300300
11424300,300400
11424387,300500
11424466,300600
11424550,300700
11424636,300800
11424719,300900
11424798,301000
11424877,301100
11424946,301200
11425030,301300
11425104,301400
11425185,301500
11425266,301600
11425346,301700
11425439,301800
11425524,301900
11425612,302000
11425691,302100
11425780,302200
11425868,302300
11425940,302400
11426019,302500
11426433,302600
11426562,302700
11426650,302800
11426741,302900
11426821,303000
11426912,303100
11427005,303200
11427081,303300
11427160,303400
11427270,303500
11427346,303600
11427428,303700
11427508,303800
11427583,303900
11427665,304000
11427755,304100
11427822,304200
11427916,304300
11428002,304400
11428088,304500
11428178,304600
11428249,304700
11428321,304800
11428410,304900
11428495,305000
11428571,305100
11428667,305200
11428747,305300
11428829,305400
11428913,305500
11428998,305600
11429072,305700
11429145,305800
11429209,305900
11429284,306000
11429362,306100
11429436,306200
11429518,306300
11429594,306400
11429672,306500
11429757,306600
11429843,306700
11429922,306800
11429994,306900
11430069,307000
11430176,307100
11430241,307200
11430328,307300
11430399,307400
11430480,307500
11430552,307600
11430629,307700
11430708,307800
11430785,307900
11430864,308000
11430935,308100
11431013,308200
11431086,308300
11431158,308400
11431239,308500
11431327,308600
11431438,308700
11431537,308800
11431629,308900
11431722,309000
11431812,309100
11431887,309200
11431956,309300
11432035,309400
11432121,309500
11432519,309600
11432664,309700
11432756,309800
11432846,309900
11432962,310000
11435607,310100
11435686,310200
11435767,310300
11435838,310400
11435911,310500
11435994,310600
11436076,310700
11436167,310800
11436254,310900
11436325,311000
11436415,311100
11436486,311200
11436570,311300
11436648,311400
11436716,311500
11436804,311600
11436879,311700
11436962,311800
11437046,311900
11437130,312000
11437214,312100
11437297,312200
11437383,312300
11437462,312400
11437553,312500
11437633,312600
11437707,312700
11437801,312800
11437884,312900
11437958,313000
11438043,313100
11438143,313200
11438227,313300
11438636,313400
11438767,313500
11438855,313600
11438925,313700
11438993,313800
11439083,313900
11439175,314000
11439274,314100
11439371,314200
11439458,314300
11439541,314400
11439628,314500
11439715,314600
11439788,314700
11439860,314800
11439933,314900
11440024,315000
11440109,315100
11440189,315200
11440277,315300
11440361,315400
11440462,315500
11440547,315600
11440637,315700
11440719,315800
11440834,315900
11440921,316000
11441000,316100
11441080,316200
11441161,316300
11441281,316400
11441359,316500
11441445,316600
11441533,316700
11441620,316800
11441703,316900
11441795,317000
11441871,317100
11441950,317200
11442031,317300
11442120,317400
11442216,317500
11442299,317600
11442380,317700
11442468,317800
11442540,317900
11442636,318000
11442716,318100
11442804,318200
11442876,318300
11442942,318400
11443030,318500
11443110,318600
11443209,318700
11443298,318800
11443380,318900
11443466,319000
11443552,319100
11443634,319200
11443740,319300
11443806,319400
11443887,319500
11443989,319600
11444071,319700
11444171,319800
11444290,319900
11444774,320000
11446307,320100
11446382,320200
11446455,320300
11446541,320400
11446604,320500
11446680,320600
11446778,320700
11446876,320800
11446963,320900
11447063,321000
11447143,321100
11447215,321200
11447299,321300
11447381,321400
11447465,321500
11447548,321600
11447620,321700
11447696,321800
11447780,321900
11447864,322000
11447952,322100
11448041,322200
11448141,322300
11448236,322400
11448323,322500
11448415,322600
11448505,322700
11448604,322800
11448696,322900
11448835,323000
11448939,323100
11449031,323200
11449128,323300
11449218,323400
11449306,323500
11449394,323600
11449492,323700
11449587,323800
11449666,323900
11449767,324000
11449854,324100
11449961,324200
11450050,324300
11450142,324400
11450246,324500
11450345,324600
11450747,324700
11450884,324800
11450970,324900
11451054,325000
11451154,325100
11451251,325200
11451358,325300
11451453,325400
11451552,325500
11451637,325600
11451739,325700
11451867,325800
11451940,325900
11452021,326000
11452143,326100
11452243,326200
11452339,326300
11452434,326400
11452523,326500
11452624,326600
11452722,326700
11452805,326800
11452897,326900
11452985,327000
11453086,327100
11453177,327200
11453283,327300
11453380,327400
11453478,327500
11453575,327600
11453661,327700
11453752,327800
11453836,327900
11453924,328000
11454014,328100
11454103,328200
11454232,328300
11454332,328400
11454428,328500
11454526,328600
11454619,328700
11454717,328800
11454835,328900
11454944,329000
11455035,329100
11455132,329200
11455243,329300
11455339,329400
11455455,329500
11455558,329600
11455660,329700
11455788,329800
11455897,329900
11456001,330000
11457552,330100
11457641,330200
11457745,330300
11457843,330400
11457951,330500
11458045,330600
11458142,330700
11458248,330800
11458338,330900
11458442,331000
11458531,331100
11458625,331200
11458729,331300
11458826,331400
11458936,331500
11459038,331600
11459131,331700
11459232,331800
11459340,331900
11459421,332000
11459530,332100
11459616,332200
11459712,332300
11459857,332400
11459983,332500
11460078,332600
11460205,332700
11460315,332800
11460416,332900
11460512,333000
11460615,333100
11460715,333200
11460830,333300
11460932,333400
11461046,333500
11461149,333600
11461245,333700
11461357,333800
11461448,333900
11461547,334000
11461655,334100
11461741,334200
11461847,334300
11461960,334400
11462079,334500
11462224,334600
11462344,334700
11462474,334800
11462911,334900
11463069,335000
11463169,335100
11463273,335200
11463389,335300
11463502,335400
11463609,335500
11463718,335600
11463816,335700
11463901,335800
11463997,335900
11464089,336000
11464180,336100
11464285,336200
11464365,336300
11464472,336400
11464557,336500
11464658,336600
11464749,336700
11464837,336800
11464915,336900
11464985,337000
11465068,337100
11465169,337200
11465260,337300
11465356,337400
11465455,337500
11465551,337600
11465662,337700
11465747,337800
11465849,337900
11465959,338000
11466060,338100
11466170,338200
11466280,338300
11466396,338400
11466490,338500
11466601,338600
11466702,338700
11466843,338800
11466960,338900
11467076,339000
11467188,339100
11467291,339200
11467489,339300
11467610,339400
11467698,339500
11467810,339600
11467924,339700
11468049,339800
11468159,339900
11468252,340000
11469694,340100
11469797,340200
11469910,340300
11470013,340400
11470155,340500
11470275,340600
11470380,340700
11470474,340800
11470560,340900
11470654,341000
11470755,341100
11470849,341200
11470941,341300
11471049,341400
11471121,341500
11471243,341600
11471339,341700
11471456,341800
11471544,341900
11471647,342000
11471744,342100
11471859,342200
11471941,342300
11472033,342400
11472126,342500
11472246,342600
11472344,342700
11472452,342800
11472554,342900
11472653,343000
11472766,343100
11472883,343200
11473002,343300
11473130,343400
11473246,343500
11473390,343600
11473506,343700
11473618,343800
11473735,343900
11473847,344000
11473955,344100
11474045,344200
11474145,344300
11474234,344400
11474385,344500
11474511,344600
11474613,344700
11475060,344800
11475235,344900
11475360,345000
11475454,345100
11475564,345200
11475673,345300
11475773,345400
11475881,345500
11476007,345600
11476108,345700
11476243,345800
11476362,345900
11476475,346000
11476595,346100
11476709,346200
11476840,346300
11476964,346400
11477076,346500
11477188,346600
11477284,346700
11477401,346800
11477531,346900
11477661,347000
11477771,347100
11477887,347200
11478024,347300
11478165,347400
11478276,347500
11478396,347600
11478491,347700
11478613,347800
11478740,347900
11478846,348000
11478963,348100
11479082,348200
11479203,348300
11479321,348400
11479441,348500
11479546,348600
11479652,348700
11479773,348800
11479950,348900
11480029,349000
11480130,349100
11480227,349200
11480331,349300
11480453,349400
11480539,349500
11480640,349600
11480750,349700
11481152,349800
11481322,349900
11481440,350000
11482701,350100
11482819,350200
11482945,350300
11483048,350400
11483154,350500
11483267,350600
11483375,350700
11483470,350800
11483583,350900
11483711,351000
11483819,351100
11483944,351200
11484063,351300
11484165,351400
11484286,351500
11484391,351600
11484512,351700
11484616,351800
11484742,351900
11484878,352000
11484985,352100
11485101,352200
11485215,352300
11485321,352400
11485432,352500
11485543,352600
11485662,352700
11485768,352800
11485885,352900
11485998,353000
11486097,353100
11486215,353200
11486327,353300
11486443,353400
11486578,353500
11486698,353600
11486816,353700
11487226,353800
11487395,353900
11487524,354000
11487651,354100
11487777,354200
11487914,354300
11488036,354400
11488138,354500
11488240,354600
11488364,354700
11488466,354800
11488592,354900
11488730,355000
11488843,355100
11488956,355200
11489073,355300
11489188,355400
11489298,355500
11489433,355600
11489541,355700
11489659,355800
11489772,355900
11489900,356000
11490013,356100
11490128,356200
11490241,356300
11490379,356400
11490491,356500
11490597,356600
11490722,356700
11490814,356800
11490926,356900
11491043,357000
11491154,357100
11491281,357200
11491401,357300
11491498,357400
11491614,357500
11491737,357600
11491855,357700
11491972,357800
11492103,357900
11492228,358000
11492344,358100
11492481,358200
11492621,358300
11492784,358400
11492902,358500
11493374,358600
11493564,358700
11493663,358800
11493787,358900
11493934,359000
11494061,359100
11494197,359200
11494328,359300
11494456,359400
11494566,359500
11494696,359600
11494808,359700
11494894,359800
11495011,359900
11495117,360000
11497336,360100
11497453,360200
11497589,360300
11497711,360400
11497836,360500
11497952,360600
11498072,360700
11498182,360800
11498290,360900
11498414,361000
11498554,361100
11498685,361200
11498844,361300
11498965,361400
11499092,361500
11499582,361600
11499735,361700
11499853,361800
11499961,361900
11500087,362000
11500229,362100
11500368,362200
11500477,362300
11500604,362400
11500710,362500
11500818,362600
11500944,362700
11501083,362800
11501183,362900
11501316,363000
11501453,363100
11501585,363200
11501741,363300
11501885,363400
11502028,363500
11502148,363600
11502270,363700
11502382,363800
11502478,363900
11502611,364000
11502726,364100
11502890,364200
11503043,364300
11503188,364400
11503338,364500
11503500,364600
11503653,364700
11503801,364800
11503967,364900
11504111,365000
11504296,365100
11504435,365200
11504574,365300
11504711,365400
11504844,365500
11504990,365600
11505121,365700
11505574,365800
11505746,365900
11505867,366000
11505998,366100
11506120,366200
11506235,366300
11506373,366400
11506501,366500
11506612,366600
11506729,366700
11506837,366800
11506948,366900
11507057,367000
11507183,367100
11507357,367200
11507525,367300
11507676,367400
11507862,367500
11508059,367600
11508240,367700
11508419,367800
11508608,367900
11508797,368000
11508909,368100
11509042,368200
11509166,368300
11509357,368400
11509552,368500
11509741,368600
11509928,368700
11510078,368800
11510197,368900
11510300,369000
11510418,369100
11510524,369200
11510658,369300
11510767,369400
11510904,369500
11511044,369600
11511152,369700
11511279,369800
11511717,369900
11511891,370000
11514985,370100
11515118,370200
11515239,370300
11515360,370400
11515493,370500
11515608,370600
11515707,370700
11515832,370800
11515942,370900
11516053,371000
11516165,371100
11516289,371200
11516402,371300
11516535,371400
11516664,371500
11516766,371600
11516878,371700
11516993,371800
11517129,371900
11517244,372000
11517356,372100
11517767,372200
11517935,372300
11518048,372400
11518181,372500
11518297,372600
11518454,372700
11518605,372800
11518730,372900
11518830,373000
11518949,373100
11519081,373200
11519183,373300
11519314,373400
11519441,373500
11519590,373600
11519724,373700
11519885,373800
11520024,373900
11520152,374000
11520297,374100
11520439,374200
11520575,374300
11520717,374400
11520854,374500
11521004,374600
11521156,374700
11521290,374800
11521445,374900
11521602,375000
11521746,375100
11521883,375200
11522011,375300
11522166,375400
11522308,375500
11522458,375600
11522597,375700
11522713,375800
11522828,375900
11522958,376000
11523079,376100
11523198,376200
11523338,376300
11523452,376400
11523966,376500
11524102,376600
11524226,376700
11524375,376800
11524513,376900
11524628,377000
11524775,377100
11524924,377200
11525046,377300
11525151,377400
11525321,377500
11525448,377600
11525571,377700
11525721,377800
11525882,377900
11526028,378000
11526172,378100
11526336,378200
11526485,378300
11526614,378400
11526753,378500
11526902,378600
11527042,378700
11527179,378800
11527316,378900
11527453,379000
11527593,379100
11527737,379200
11527917,379300
11528063,379400
11528236,379500
11528359,379600
11528514,379700
11528690,379800
11528835,379900
11528970,380000
11532179,380100
11532316,380200
11532475,380300
11532627,380400
11532743,380500
11532905,380600
11533051,380700
11533189,380800
11533330,380900
11533485,381000
11533633,381100
11533788,381200
11533925,381300
11534066,381400
11534216,381500
11534359,381600
11534503,381700
11534661,381800
11534821,381900
11535005,382000
11535209,382100
11535388,382200
11535558,382300
11535721,382400
11536238,382500
11536385,382600
11536541,382700
11536692,382800
11536859,382900
11537038,383000
11537174,383100
11537314,383200
11537468,383300
11537590,383400
11537741,383500
11537881,383600
11538011,383700
11538152,383800
11538289,383900
11538416,384000
11538600,384100
11538751,384200
11538895,384300
11539045,384400
11539189,384500
11539312,384600
11539438,384700
11539545,384800
11539683,384900
11539819,385000
11539951,385100
11540097,385200
11540247,385300
11540390,385400
11540544,385500
11540690,385600
11540851,385700
11541001,385800
11541127,385900
11541295,386000
11541458,386100
11541631,386200
11541805,386300
11542338,386400
11542518,386500
11542674,386600
11542812,386700
11542969,386800
11543121,386900
11543264,387000
11543434,387100
11543617,387200
11543791,387300
11543943,387400
11544114,387500
11544286,387600
11544424,387700
11544562,387800
11544721,387900
11544900,388000
11545076,388100
11545250,388200
11545431,388300
11545604,388400
11545777,388500
11545942,388600
11546109,388700
11546285,388800
11546449,388900
11546614,389000
11546780,389100
11546963,389200
11547115,389300
11547262,389400
11547438,389500
11547643,389600
11547830,389700
11548001,389800
11548561,389900
11548740,390000
11551964,390100
11552090,390200
11552233,390300
11552360,390400
11552484,390500
11552611,390600
11552773,390700
11552941,390800
11553092,390900
11553230,391000
11553371,391100
11553508,391200
11553637,391300
11553792,391400
11553945,391500
11554125,391600
11554603,391700
11554756,391800
11554914,391900
11555085,392000
11555235,392100
11555400,392200
11555540,392300
11555693,392400
11555877,392500
11556021,392600
11556166,392700
11556318,392800
11556486,392900
11556635,393000
11556828,393100
11556986,393200
11557166,393300
11557356,393400
11557540,393500
11557704,393600
11557888,393700
11558063,393800
11558211,393900
11558386,394000
11558592,394100
11558831,394200
11559038,394300
11559230,394400
11559396,394500
11559558,394600
11559712,394700
11559857,394800
11560024,394900
11560189,395000
11560763,395100
11560935,395200
11561121,395300
11561315,395400
11561550,395500
11561701,395600
11561900,395700
11562054,395800
11562200,395900
11562334,396000
11562500,396100
11562705,396200
11562901,396300
11563104,396400
11563271,396500
11563423,396600
11563591,396700
11563744,396800
11563906,396900
11564091,397000
11564245,397100
11564410,397200
11564574,397300
11564755,397400
11564948,397500
11565122,397600
11565284,397700
11565465,397800
11565617,397900
11565788,398000
11565944,398100
11566120,398200
11566278,398300
11566761,398400
11566989,398500
11567177,398600
11567350,398700
11567559,398800
11567746,398900
11567910,399000
11568083,399100
11568279,399200
11568459,399300
11568636,399400
11568848,399500
11569056,399600
11569271,399700
11569476,399800
11569696,399900
11569891,400000
11572920,400100
11573175,400200
11573332,400300
11573489,400400
11573702,400500
11573921,400600
11574124,400700
11574333,400800
11574531,400900
11574746,401000
11574965,401100
11575142,401200
11575350,401300
11575519,401400
11575702,401500
11575866,401600
11576050,401700
11576217,401800
11576416,401900
11576593,402000
11576769,402100
11576926,402200
11577083,402300
11577261,402400
11577414,402500
11577586,402600
11577768,402700
11577932,402800
11578085,402900
11578256,403000
11578433,403100
11578609,403200
11579157,403300
11579326,403400
11579477,403500
11579668,403600
11579854,403700
11580028,403800
11580211,403900
11580376,404000
11580552,404100
11580708,404200
11580868,404300
11581044,404400
11581201,404500
11581372,404600
11581564,404700
11581721,404800
11581964,404900
11582202,405000
11582383,405100
11582574,405200
11582749,405300
11582975,405400
11583194,405500
11583370,405600
11583530,405700
11583698,405800
11583885,405900
11584051,406000
11584238,406100
11584415,406200
11584582,406300
11584758,406400
11585281,406500
11585421,406600
11585570,406700
11585746,406800
11585938,406900
11586143,407000
11586301,407100
11586487,407200
11586666,407300
11586835,407400
11587023,407500
11587197,407600
11587346,407700
11587524,407800
11587718,407900
11587881,408000
11588070,408100
11588242,408200
11588407,408300
11588607,408400
11588790,408500
11588953,408600
11589123,408700
11589307,408800
11589523,408900
11589714,409000
11589927,409100
11590143,409200
11590342,409300
11590550,409400
11590743,409500
11590937,409600
11591457,409700
11591630,409800
11591811,409900
11591984,410000
11594979,410100
11595153,410200
11595322,410300
11595483,410400
11595632,410500
11595800,410600
11595955,410700
11596104,410800
11596253,410900
11596402,411000
11596562,411100
11596743,411200
11596924,411300
11597128,411400
11597668,411500
11597853,411600
11598040,411700
11598224,411800
11598409,411900
11598587,412000
11598782,412100
11598978,412200
11599168,412300
11599376,412400
11599571,412500
11599741,412600
11599922,412700
11600110,412800
11600247,412900
11600392,413000
11600520,413100
11600748,413200
11600953,413300
11601164,413400
11601348,413500
11601543,413600
11601759,413700
11601959,413800
11602130,413900
11602308,414000
11602523,414100
11602719,414200
11602932,414300
11603124,414400
11603637,414500
11603874,414600
11604070,414700
11604275,414800
11604426,414900
11604595,415000
11604763,415100
11604972,415200
11605159,415300
11605346,415400
11605523,415500
11605703,415600
11605903,415700
11606084,415800
11606252,415900
11606448,416000
11606656,416100
11606876,416200
11607181,416300
11607392,416400
11607623,416500
11607834,416600
11608059,416700
11608289,416800
11608479,416900
11608660,417000
11608833,417100
11609005,417200
11609232,417300
11609771,417400
11610036,417500
11610262,417600
11610473,417700
11610683,417800
11610870,417900
11611066,418000
11611252,418100
11611414,418200
11611611,418300
11611784,418400
11611982,418500
11612158,418600
11612351,418700
11612505,418800
11612705,418900
11612875,419000
11613017,419100
11613192,419200
11613361,419300
11613557,419400
11613736,419500
11613913,419600
11614115,419700
11614321,419800
11614504,419900
11614671,420000
11618863,420100
11619186,420200
11619565,420300
11620273,420400
11620950,420500
11622328,420600
11622732,420700
11623140,420800
11623345,420900
11623503,421000
11623672,421100
11623843,421200
11624020,421300
11624197,421400
11624404,421500
11624582,421600
11624776,421700
11624987,421800
11625187,421900
11625370,422000
11625530,422100
11625713,422200
11625914,422300
11626114,422400
11626313,422500
11626508,422600
11626700,422700
11626879,422800
11627065,422900
11627280,423000
11627469,423100
11627663,423200
11628154,423300
11628420,423400
11628597,423500
11628780,423600
11628953,423700
11629106,423800
11629273,423900
11629418,424000
11629581,424100
11629751,424200
11629957,424300
11630136,424400
11630344,424500
11630525,424600
11630728,424700
11630913,424800
11631118,424900
11631268,425000
11631457,425100
11631614,425200
11631777,425300
11631975,425400
11632191,425500
11632400,425600
11632597,425700
11632786,425800
11632967,425900
11633210,426000
11633396,426100
11633545,426200
11633711,426300
11633917,426400
11634453,426500
11634650,426600
11634837,426700
11635011,426800
11635221,426900
11635416,427000
11635587,427100
11635741,427200
11635889,427300
11636066,427400
11636255,427500
11636447,427600
11636656,427700
11636844,427800
11637031,427900
11637205,428000
11637389,428100
11637566,428200
11637709,428300
11637887,428400
11638095,428500
11638292,428600
11638490,428700
11638668,428800
11638870,428900
11639054,429000
11639230,429100
11639389,429200
11639535,429300
11639686,429400
11639840,429500
11640039,429600
11640572,429700
11640747,429800
11640915,429900
11641093,430000
11645150,430100
11645327,430200
11645493,430300
11645644,430400
11645818,430500
11646013,430600
11646210,430700
11646742,430800
11646896,430900
11647057,431000
11647237,431100
11647429,431200
11647594,431300
11647714,431400
11647868,431500
11648049,431600
11648248,431700
11648434,431800
11648599,431900
11648796,432000
11648983,432100
11649193,432200
11649379,432300
11649541,432400
11649698,432500
11649948,432600
11650152,432700
11650328,432800
11650537,432900
11650707,433000
11650890,433100
11651096,433200
11651300,433300
11651535,433400
11651718,433500
11651873,433600
11652057,433700
11652268,433800
11652836,433900
11653071,434000
11653306,434100
11653511,434200
11653712,434300
11653926,434400
11654112,434500
11654295,434600
11654497,434700
11654787,434800
11654980,434900
11655177,435000
11655414,435100
11655637,435200
11655845,435300
11656006,435400
11656220,435500
11656411,435600
11656648,435700
11656905,435800
11657139,435900
11657421,436000
11657691,436100
11657919,436200
11658123,436300
11658338,436400
11658855,436500
11659070,436600
11659224,436700
11659426,436800
11659621,436900
11659859,437000
11660079,437100
11660275,437200
11660501,437300
11660732,437400
11660932,437500
11661111,437600
11661343,437700
11661556,437800
11661771,437900
11661988,438000
11662216,438100
11662411,438200
11662614,438300
11662802,438400
11662990,438500
11663183,438600
11663376,438700
11663591,438800
11663783,438900
11664001,439000
11664355,439100
11664931,439200
11665234,439300
11665444,439400
11665685,439500
11665925,439600
11666129,439700
11666354,439800
11666592,439900
11666829,440000
11670133,440100
11670351,440200
11670582,440300
11671120,440400
11671397,440500
11671609,440600
11671827,440700
11672025,440800
11672235,440900
11672461,441000
11672691,441100
11672901,441200
11673115,441300
11673321,441400
11673547,441500
11673778,441600
11673992,441700
11674191,441800
11674432,441900
11674661,442000
11674880,442100
11675117,442200
11675327,442300
11675548,442400
11675753,442500
11675970,442600
11676220,442700
11676439,442800
11676626,442900
11676813,443000
11677346,443100
11677573,443200
11677754,443300
11677976,443400
11678192,443500
11678422,443600
11678650,443700
11678935,443800
11679127,443900
11679311,444000
11679531,444100
11679754,444200
11679992,444300
11680205,444400
11680434,444500
11680657,444600
11680877,444700
11681101,444800
11681317,444900
11681510,445000
11681682,445100
11681879,445200
11682092,445300
11682320,445400
11682525,445500
11682761,445600
11682993,445700
11683580,445800
11683794,445900
11683999,446000
11684176,446100
11684373,446200
11684616,446300
11684845,446400
11685083,446500
11685337,446600
11685594,446700
11685834,446800
11686073,446900
11686308,447000
11686568,447100
11686794,447200
11686997,447300
11687229,447400
11687504,447500
11687724,447600
11687957,447700
11688166,447800
11688485,447900
11688695,448000
11688900,448100
11689096,448200
11689600,448300
11689841,448400
11690015,448500
11690240,448600
11690478,448700
11690683,448800
11690921,448900
11691124,449000
11691334,449100
11691516,449200
11691699,449300
11691894,449400
11692069,449500
11692262,449600
11692494,449700
11692753,449800
11693012,449900
11693260,450000
11700091,450100
11700326,450200
11700517,450300
11700742,450400
11701029,450500
11701258,450600
11701492,450700
11702099,450800
11702321,450900
11702575,451000
11702809,451100
11703047,451200
11703291,451300
11703539,451400
11703782,451500
11704020,451600
11704245,451700
11704491,451800
11704765,451900
11705007,452000
11705240,452100
11705468,452200
11705682,452300
11705911,452400
11706175,452500
11706424,452600
11706649,452700
11706881,452800
11707146,452900
11707375,453000
11707947,453100
11708241,453200
11708481,453300
11708721,453400
11708947,453500
11709204,453600
11709468,453700
11709702,453800
11710002,453900
11710248,454000
11710483,454100
11710713,454200
11710942,454300
11711182,454400
11711428,454500
11711662,454600
11711913,454700
11712159,454800
11712394,454900
11712631,455000
11712871,455100
11713113,455200
11713348,455300
11713943,455400
11714225,455500
11714467,455600
11714711,455700
11714961,455800
11715210,455900
11715456,456000
11715714,456100
11715945,456200
11716192,456300
11716442,456400
11716691,456500
11716948,456600
11717246,456700
11717508,456800
11717742,456900
11717993,457000
11718247,457100
11718539,457200
11718791,457300
11719047,457400
11719325,457500
11719907,457600
11720282,457700
11720546,457800
11720808,457900
11721052,458000
11721306,458100
11721575,458200
11721829,458300
11722091,458400
11722355,458500
11722608,458600
11722848,458700
11723082,458800
11723330,458900
11723555,459000
11723743,459100
11723971,459200
11724228,459300
11724475,459400
11724737,459500
11724979,459600
11725226,459700
11725465,459800
11726106,459900
11726347,460000
11735032,460100
11735253,460200
11735484,460300
11735719,460400
11735952,460500
11736179,460600
11736407,460700
11736631,460800
11736862,460900
11737083,461000
11737301,461100
11737875,461200
11738162,461300
11738390,461400
11738613,461500
11738839,461600
11739081,461700
11739341,461800
11739578,461900
11739810,462000
11740051,462100
11740276,462200
11740482,462300
11740715,462400
11740965,462500
11741207,462600
11741448,462700
11741692,462800
11741920,462900
11742153,463000
11742371,463100
11742574,463200
11742791,463300
11743032,463400
11743270,463500
11743834,463600
11744190,463700
11744418,463800
11744664,463900
11744911,464000
11745145,464100
11745392,464200
11745646,464300
11745876,464400
11746142,464500
11746378,464600
11746612,464700
11746856,464800
11747099,464900
11747342,465000
11747582,465100
11747835,465200
11748066,465300
11748321,465400
11748564,465500
11748820,465600
11749075,465700
11749311,465800
11749928,465900
11750166,466000
11750449,466100
11750729,466200
11751000,466300
11751290,466400
11751581,466500
11751831,466600
11752057,466700
11752300,466800
11752545,466900
11752802,467000
11753147,467100
11753411,467200
11753672,467300
11753934,467400
11754195,467500
11754460,467600
11754733,467700
11754985,467800
11755242,467900
11755856,468000
11756122,468100
11756379,468200
11756643,468300
11756891,468400
11757162,468500
11757425,468600
11757676,468700
11757920,468800
11758149,468900
11758399,469000
11758643,469100
11758898,469200
11759155,469300
11759404,469400
11759659,469500
11759905,469600
11760149,469700
11760406,469800
11760644,469900
11760896,470000
11770742,470100
11770983,470200
11771226,470300
11771465,470400
11771710,470500
11771948,470600
11772190,470700
11772441,470800
11772681,470900
11772909,471000
11773157,471100
11773755,471200
11774008,471300
11774262,471400
11774512,471500
11774790,471600
11775031,471700
11775281,471800
11775528,471900
11775803,472000
11776055,472100
11776295,472200
11776528,472300
11776778,472400
11777032,472500
11777257,472600
11777499,472700
11777753,472800
11778006,472900
11778261,473000
11778537,473100
11778830,473200
11779109,473300
11779792,473400
11780032,473500
11780267,473600
11780490,473700
11780702,473800
11780896,473900
11781100,474000
11781328,474100
11781552,474200
11781780,474300
11782018,474400
11782234,474500
11782496,474600
11782747,474700
11782965,474800
11783173,474900
11783390,475000
11783583,475100
11783822,475200
11784050,475300
11784301,475400
11784526,475500
11784769,475600
11785001,475700
11785546,475800
11785942,475900
11786215,476000
11786437,476100
11786706,476200
11786981,476300
11787229,476400
11787495,476500
11787748,476600
11787949,476700
11788230,476800
11788478,476900
11788724,477000
11788967,477100
11789124,477200
11789438,477300
11789670,477400
11789916,477500
11790195,477600
11790438,477700
11790686,477800
11790945,477900
11791499,478000
11791845,478100
11792115,478200
11792349,478300
11792604,478400
11792865,478500
11793040,478600
11793292,478700
11793566,478800
11793817,478900
11794092,479000
11794346,479100
11794574,479200
11794808,479300
11795043,479400
11795288,479500
11795564,479600
11795832,479700
11796097,479800
11796358,479900
11796614,480000
11805863,480100
11806102,480200
11806344,480300
11806586,480400
11806835,480500
11807079,480600
11807303,480700
11807549,480800
11807796,480900
11808031,481000
11808252,481100
11808494,481200
11808738,481300
11808986,481400
11809651,481500
11809931,481600
11810180,481700
11810422,481800
11810696,481900
11810939,482000
11811188,482100
11811453,482200
11811701,482300
11811949,482400
11812203,482500
11812458,482600
11812719,482700
11812978,482800
11813230,482900
11813466,483000
11813705,483100
11813974,483200
11814176,483300
11814385,483400
11814618,483500
11814882,483600
11815105,483700
11815707,483800
11815961,483900
11816164,484000
11816442,484100
11816673,484200
11816895,484300
11817108,484400
11817298,484500
11817538,484600
11817747,484700
11817970,484800
11818179,484900
11818376,485000
11818590,485100
11818762,485200
11819040,485300
11819242,485400
11819500,485500
11819692,485600
11819856,485700
11820064,485800
11820308,485900
11820601,486000
11820902,486100
11821528,486200
11821787,486300
11821987,486400
11822203,486500
11822409,486600
11822587,486700
11822764,486800
11822995,486900
11823264,487000
11823524,487100
11823868,487200
11824166,487300
11824404,487400
11824640,487500
11824850,487600
11825051,487700
11825317,487800
11825591,487900
11825857,488000
11826094,488100
11826338,488200
11826548,488300
11826817,488400
11827399,488500
11827728,488600
11827948,488700
11828164,488800
11828355,488900
11828591,489000
11828832,489100
11829096,489200
11829360,489300
11829631,489400
11829893,489500
11830171,489600
11830443,489700
11830717,489800
11830976,489900
11831187,490000
11840523,490100
11840769,490200
11841015,490300
11841271,490400
11841503,490500
11841763,490600
11842028,490700
11842252,490800
11842524,490900
11842772,491000
11842992,491100
11843235,491200
11843490,491300
11843770,491400
11844050,491500
11844316,491600
11844600,491700
11844839,491800
11845323,491900
11845705,492000
11845970,492100
11846231,492200
11846511,492300
11846782,492400
11847053,492500
11847327,492600
11847633,492700
11847916,492800
11848192,492900
11848483,493000
11848760,493100
11849072,493200
11849362,493300
11849670,493400
11849945,493500
11850231,493600
11850522,493700
11850900,493800
11851597,493900
11851899,494000
11852208,494100
11852500,494200
11852795,494300
11853092,494400
11853379,494500
11853671,494600
11853944,494700
11854219,494800
11854500,494900
11854804,495000
11855083,495100
11855393,495200
11855677,495300
11855937,495400
11856207,495500
11856481,495600
11856776,495700
11857466,495800
11857742,495900
11858031,496000
11858320,496100
11858611,496200
11859104,496300
11859401,496400
11859714,496500
11860017,496600
11860304,496700
11860610,496800
11860905,496900
11861222,497000
11861500,497100
11861772,497200
11862050,497300
11862300,497400
11862595,497500
11863214,497600
11863577,497700
11863871,497800
11864163,497900
11864464,498000
11864758,498100
11865083,498200
11865403,498300
11865716,498400
11866033,498500
11866342,498600
11866910,498700
11867263,498800
11867573,498900
11867880,499000
11868173,499100
11868477,499200
11868787,499300
11869550,499400
11869852,499500
11870166,499600
11870475,499700
11870784,499800
11871103,499900
11871413,500000
11881887,500100
11882184,500200
11882450,500300
11882754,500400
11883057,500500
11883340,500600
11883632,500700
11883916,500800
11884229,500900
11884524,501000
11884832,501100
11885139,501200
11885442,501300
11885772,501400
11886066,501500
11886355,501600
11886648,501700
11887359,501800
11887653,501900
11887943,502000
11888244,502100
11888548,502200
11888869,502300
11889159,502400
11889464,502500
11889780,502600
11890142,502700
11890520,502800
11890829,502900
11891132,503000
11891424,503100
11891711,503200
11891995,503300
11892285,503400
11892579,503500
11893286,503600
11893579,503700
11893876,503800
11894183,503900
11894476,504000
11894769,504100
11895067,504200
11895353,504300
11895644,504400
11895918,504500
11896223,504600
11896523,504700
11896836,504800
11897126,504900
11897433,505000
11897742,505100
11898019,505200
11898331,505300
11898623,505400
11899299,505500
11899595,505600
11899910,505700
11900450,505800
11900761,505900
11901065,506000
11901376,506100
11901672,506200
11901974,506300
11902286,506400
11902574,506500
11902878,506600
11903164,506700
11903444,506800
11903741,506900
11904021,507000
11904348,507100
11904662,507200
11905322,507300
11905612,507400
11905886,507500
11906123,507600
11906404,507700
11906677,507800
11907036,507900
11907368,508000
11907716,508100
11908070,508200
11908438,508300
11908823,508400
11909182,508500
11909520,508600
11909900,508700
11910286,508800
11910678,508900
11911453,509000
11911826,509100
11912189,509200
11912567,509300
11912917,509400
11913258,509500
11913712,509600
11914079,509700
11914410,509800
11914745,509900
11915103,510000
11927014,510100
11927587,510200
11928311,510300
11929301,510400
11929661,510500
11929954,510600
11930237,510700
11930495,510800
11930684,510900
11930946,511000
11931237,511100
11931515,511200
11931782,511300
11932134,511400
11932415,511500
11932640,511600
11932913,511700
11933267,511800
11933652,511900
11934020,512000
11934373,512100
11935006,512200
11935412,512300
11935745,512400
11936090,512500
11936474,512600
11936834,512700
11937147,512800
11937476,512900
11937871,513000
11938223,513100
11938622,513200
11938870,513300
11939170,513400
11939401,513500
11939631,513600
11939877,513700
11940072,513800
11940254,513900
11940427,514000
11940594,514100
11941189,514200
11941401,514300
11941622,514400
11941816,514500
11942044,514600
11942259,514700
11942511,514800
11942718,514900
11942896,515000
11943059,515100
11943243,515200
11943460,515300
11943686,515400
11943895,515500
11944132,515600
11944321,515700
11944514,515800
11944713,515900
11944901,516000
11945059,516100
11945227,516200
11945406,516300
11945593,516400
11945831,516500
11946028,516600
11946222,516700
11946414,516800
11946634,516900
11947228,517000
11947382,517100
11947529,517200
11947688,517300
11947862,517400
11948097,517500
11948299,517600
11948456,517700
11948675,517800
11948896,517900
11949088,518000
11949312,518100
11949491,518200
11949690,518300
11949902,518400
11950189,518500
11950415,518600
11950641,518700
11950827,518800
11951019,518900
11951235,519000
11951427,519100
11951699,519200
11951920,519300
11952076,519400
11952293,519500
11952517,519600
11953126,519700
11953536,519800
11953885,519900
11954139,520000
11960371,520100
11960616,520200
11960864,520300
11961026,520400
11961234,520500
11961436,520600
11961642,520700
11961846,520800
11962061,520900
11962285,521000
11962539,521100
11962789,521200
11963050,521300
11963279,521400
11963470,521500
11963672,521600
11963934,521700
11964182,521800
11964384,521900
11964608,522000
11965172,522100
11965422,522200
11965703,522300
11965884,522400
11966055,522500
11966261,522600
11966502,522700
11966733,522800
11966945,522900
11967154,523000
11967344,523100
11967640,523200
11967872,523300
11968043,523400
11968223,523500
11968416,523600
11968635,523700
11968833,523800
11969043,523900
11969268,524000
11969477,524100
11969690,524200
11969839,524300
11970040,524400
11970219,524500
11970345,524600
11970498,524700
11970982,524800
11971304,524900
11971528,525000
11971729,525100
11971918,525200
11972122,525300
11972318,525400
11972550,525500
11972707,525600
11972900,525700
11973084,525800
11973401,525900
11973675,526000
11973868,526100
11974138,526200
11974386,526300
11974709,526400
11974983,526500
11975225,526600
11975423,526700
11975634,526800
11975845,526900
11976052,527000
11976279,527100
11976584,527200
11977209,527300
11977464,527400
11977694,527500
11977919,527600
11978080,527700
11978241,527800
11978383,527900
11978559,528000
11978765,528100
11978961,528200
11979260,528300
11979548,528400
11979772,528500
11979967,528600
11980148,528700
11980373,528800
11980545,528900
11980685,529000
11980852,529100
11981069,529200
11981347,529300
11981625,529400
11981905,529500
11982115,529600
11982329,529700
11982550,529800
11983192,529900
11983444,530000
11989388,530100
11989599,530200
11989897,530300
11990174,530400
11990393,530500
11990615,530600
11990814,530700
11991014,530800
11991170,530900
11991335,531000
11991501,531100
11991743,531200
11992004,531300
11992247,531400
11992523,531500
11992878,531600
11993249,531700
11993565,531800
11993942,531900
11994195,532000
11994392,532100
11994660,532200
11995278,532300
11995537,532400
11995809,532500
11996082,532600
11996284,532700
11996479,532800
11996715,532900
11996923,533000
11997057,533100
11997222,533200
11997422,533300
11997661,533400
11997905,533500
11998138,533600
11998368,533700
11998563,533800
11998807,533900
11999038,534000
11999268,534100
11999433,534200
11999592,534300
11999815,534400
12000048,534500
12000303,534600
12000551,534700
12001188,534800
12001428,534900
12001633,535000
12001853,535100
12002066,535200
12002231,535300
12002400,535400
12002644,535500
12002907,535600
12003152,535700
12003370,535800
12003578,535900
12003844,536000
12004055,536100
12004280,536200
12004461,536300
12004625,536400
12004826,536500
12005058,536600
12005299,536700
12005574,536800
12005777,536900
12005996,537000
12006231,537100
12006449,537200
12006660,537300
12007240,537400
12007408,537500
12007609,537600
12007855,537700
12008055,537800
12008280,537900
12008510,538000
12008684,538100
12008920,538200
12009173,538300
12009368,538400
12009559,538500
12009749,538600
12009932,538700
12010180,538800
12010421,538900
12010672,539000
12010924,539100
12011135,539200
12011377,539300
12011618,539400
12011826,539500
12012030,539600
12012232,539700
12012447,539800
12013011,539900
12013395,540000
12019427,540100
12019635,540200
12019872,540300
12020122,540400
12020299,540500
12020497,540600
12020680,540700
12020868,540800
12021114,540900
12021357,541000
12021549,541100
12021758,541200
12021989,541300
12022203,541400
12022484,541500
12022685,541600
12022858,541700
12023079,541800
12023307,541900
12023541,542000
12023748,542100
12023975,542200
12024188,542300
12024450,542400
12024688,542500
12025234,542600
12025448,542700
12025627,542800
12025843,542900
12026039,543000
12026289,543100
12026510,543200
12026750,543300
12026978,543400
12027219,543500
12027403,543600
12027596,543700
12027776,543800
12027962,543900
12028215,544000
12028471,544100
12028682,544200
12028993,544300
12029226,544400
12029436,544500
12029700,544600
12029920,544700
12030114,544800
12030354,544900
12030620,545000
12031301,545100
12031534,545200
12031766,545300
12032004,545400
12032271,545500
12032501,545600
12032739,545700
12032984,545800
12033241,545900
12033480,546000
12033748,546100
12034023,546200
12034264,546300
12034585,546400
12034851,546500
12035088,546600
12035304,546700
12035511,546800
12035745,546900
12035980,547000
12036255,547100
12036539,547200
12037132,547300
12037500,547400
12037758,547500
12037986,547600
12038206,547700
12038417,547800
12038702,547900
12038955,548000
12039173,548100
12039478,548200
12039702,548300
12039972,548400
12040250,548500
12040483,548600
12040714,548700
12041017,548800
12041285,548900
12041542,549000
12041844,549100
12042128,549200
12042420,549300
12042715,549400
12043375,549500
12043612,549600
12043836,549700
12044078,549800
12044346,549900
12044660,550000
12051327,550100
12051596,550200
12051887,550300
12052130,550400
12052346,550500
12052523,550600
12052773,550700
12053088,550800
12053381,550900
12053662,551000
12053930,551100
12054206,551200
12054448,551300
12054691,551400
12055350,551500
12055622,551600
12055888,551700
12056162,551800
12056469,551900
12056761,552000
12057052,552100
12057289,552200
12057529,552300
12057772,552400
12058053,552500
12058307,552600
12058559,552700
12058845,552800
12059118,552900
12059396,553000
12059643,553100
12059879,553200
12060167,553300
12060431,553400
12060723,553500
12061432,553600
12061689,553700
12061939,553800
12062211,553900
12062442,554000
12062685,554100
12062957,554200
12063218,554300
12063479,554400
12063737,554500
12064008,554600
12064286,554700
12064545,554800
12064748,554900
12064966,555000
12065168,555100
12065366,555200
12065589,555300
12065796,555400
12066031,555500
12066238,555600
12066451,555700
12066692,555800
12067317,555900
12067563,556000
12067772,556100
12067976,556200
12068167,556300
12068372,556400
12068580,556500
12068770,556600
12068975,556700
12069225,556800
12069473,556900
12069695,557000
12069998,557100
12070202,557200
12070403,557300
12070626,557400
12070883,557500
12071081,557600
12071327,557700
12071567,557800
12071783,557900
12072035,558000
12072267,558100
12072480,558200
12072721,558300
12073326,558400
12073557,558500
12073803,558600
12074068,558700
12074328,558800
12074577,558900
12074845,559000
12075099,559100
12075336,559200
12075514,559300
12075732,559400
12075964,559500
12076199,559600
12076454,559700
12076732,559800
12076964,559900
12077193,560000
12084006,560100
12084217,560200
12084405,560300
12084604,560400
12084830,560500
12085492,560600
12085704,560700
12085921,560800
12086158,560900
12086401,561000
12086626,561100
12086830,561200
12087059,561300
12087278,561400
12087487,561500
12087724,561600
12087959,561700
12088181,561800
12088452,561900
12088661,562000
12088868,562100
12089113,562200
12089318,562300
12089561,562400
12089762,562500
12089969,562600
12090321,562700
12090638,562800
12090918,562900
12091139,563000
12091803,563100
12092047,563200
12092295,563300
12092497,563400
12092702,563500
12092937,563600
12093193,563700
12093457,563800
12093740,563900
12094014,564000
12094306,564100
12094554,564200
12094767,564300
12095014,564400
12095243,564500
12095481,564600
12095766,564700
12096029,564800
12096305,564900
12096542,565000
12096812,565100
12097033,565200
12097324,565300
12097969,565400
12098193,565500
12098422,565600
12098715,565700
12098971,565800
12099253,565900
12099524,566000
12099792,566100
12100053,566200
12100305,566300
12100553,566400
12100742,566500
12101017,566600
12101308,566700
12101559,566800
12101892,566900
12102205,567000
12102451,567100
12102698,567200
12102949,567300
12103219,567400
12103386,567500
12103980,567600
12104238,567700
12104454,567800
12104719,567900
12104966,568000
12105227,568100
12105487,568200
12105712,568300
12106001,568400
12106226,568500
12106402,568600
12106651,568700
12106924,568800
12107203,568900
12107491,569000
12107801,569100
12108076,569200
12108345,569300
12108631,569400
12108890,569500
12109154,569600
12109422,569700
12109729,569800
12110415,569900
12110711,570000
12117568,570100
12117834,570200
12118121,570300
12118400,570400
12118650,570500
12118915,570600
12119169,570700
12119454,570800
12119731,570900
12120006,571000
12120285,571100
12120530,571200
12120804,571300
12121091,571400
12121354,571500
12121580,571600
12121865,571700
12122160,571800
12122800,571900
12123094,572000
12123394,572100
12123657,572200
12123918,572300
12124212,572400
12124453,572500
12124742,572600
12124981,572700
12125226,572800
12125569,572900
12125871,573000
12126163,573100
12126435,573200
12126696,573300
12126969,573400
12127206,573500
12127430,573600
12127641,573700
12127917,573800
12128192,573900
12128926,574000
12129199,574100
12129431,574200
12129664,574300
12129923,574400
12130225,574500
12130487,574600
12130758,574700
12131029,574800
12131303,574900
12131597,575000
12131882,575100
12132194,575200
12132480,575300
12132764,575400
12133068,575500
12133379,575600
12133658,575700
12133955,575800
12134249,575900
12134581,576000
12135295,576100
12135641,576200
12135977,576300
12136298,576400
12136650,576500
12136964,576600
12137281,576700
12137542,576800
12137802,576900
12138105,577000
12138395,577100
12138693,577200
12138979,577300
12139277,577400
12139581,577500
12139880,577600
12140171,577700
12140448,577800
12140694,577900
12141361,578000
12141657,578100
12141971,578200
12142304,578300
12142590,578400
12142866,578500
12143176,578600
12143514,578700
12143821,578800
12144133,578900
12144419,579000
12144734,579100
12145063,579200
12145376,579300
12145673,579400
12145976,579500
12146275,579600
12146568,579700
12146867,579800
12147471,579900
12147731,580000
12156225,580100
12156504,580200
12156775,580300
12157070,580400
12157384,580500
12157676,580600
12157982,580700
12158340,580800
12158619,580900
12158893,581000
12159188,581100
12159837,581200
12160244,581300
12160545,581400
12160828,581500
12161102,581600
12161414,581700
12161746,581800
12162060,581900
12162371,582000
12162637,582100
12162916,582200
12163227,582300
12163518,582400
12163840,582500
12164188,582600
12164537,582700
12164871,582800
12165189,582900
12165521,583000
12166146,583100
12166477,583200
12166770,583300
12167097,583400
12167405,583500
12167718,583600
12168022,583700
12168304,583800
12168583,583900
12168871,584000
12169130,584100
12169338,584200
12169559,584300
12169803,584400
12170052,584500
12170350,584600
12170632,584700
12170976,584800
12171302,584900
12171602,585000
12172246,585100
12172655,585200
12172923,585300
12173157,585400
12173436,585500
12173750,585600
12174033,585700
12174313,585800
12174637,585900
12174958,586000
12175282,586100
12175700,586200
12175939,586300
12176149,586400
12176389,586500
12176673,586600
12177055,586700
12177313,586800
12177625,586900
12177924,587000
12178504,587100
12178819,587200
12179036,587300
12179223,587400
12179418,587500
12179613,587600
12179877,587700
12180173,587800
12180459,587900
12180703,588000
12180978,588100
12181275,588200
12181540,588300
12181773,588400
12181980,588500
12182213,588600
12182458,588700
12182800,588800
12183104,588900
12183401,589000
12183723,589100
12184047,589200
12184661,589300
12185084,589400
12185333,589500
12185517,589600
12185737,589700
12185963,589800
12186289,589900
12186585,590000
12194282,590100
12194557,590200
12194827,590300
12195078,590400
12195331,590500
12195581,590600
12195838,590700
12196040,590800
12196315,590900
12196605,591000
12197315,591100
12197642,591200
12197959,591300
12198253,591400
12198514,591500
12198796,591600
12198998,591700
12199228,591800
12199533,591900
12199823,592000
12200073,592100
12200375,592200
12200624,592300
12200892,592400
12201153,592500
12201383,592600
12201576,592700
12201807,592800
12202069,592900
12202379,593000
12202661,593100
12203270,593200
12203681,593300
12203941,593400
12204221,593500
12204555,593600
12204810,593700
12205016,593800
12205217,593900
12205446,594000
12205767,594100
12206032,594200
12206313,594300
12206606,594400
12206836,594500
12207105,594600
12207375,594700
12207659,594800
12207904,594900
12208167,595000
12208354,595100
12208669,595200
12208965,595300
12209676,595400
12210003,595500
12210247,595600
12210548,595700
12210811,595800
12211052,595900
12211293,596000
12211501,596100
12211759,596200
12212107,596300
12212404,596400
12212687,596500
12212971,596600
12213211,596700
12213472,596800
12213783,596900
12213991,597000
12214227,597100
12214561,597200
12214861,597300
12215205,597400
12215893,597500
12216173,597600
12216430,597700
12216724,597800
12217026,597900
12217241,598000
12217495,598100
12217725,598200
12217973,598300
12218255,598400
12218520,598500
12218767,598600
12219090,598700
12219361,598800
12219596,598900
12219878,599000
12220138,599100
12220342,599200
12220599,599300
12220902,599400
12221146,599500
12221463,599600
12222147,599700
12222433,599800
12222665,599900
12222937,600000
12230015,600100
12230233,600200
12230451,600300
12230700,600400
12230917,600500
12231182,600600
12231409,600700
12231671,600800
12231955,600900
12232246,601000
12232567,601100
12232855,601200
12233129,601300
12233447,601400
12233746,601500
12234492,601600
12234785,601700
12235040,601800
12235362,601900
12235670,602000
12235925,602100
12236181,602200
12236443,602300
12236766,602400
12237042,602500
12237375,602600
12237666,602700
12237988,602800
12238277,602900
12238558,603000
12238827,603100
12239065,603200
12239299,603300
12239606,603400
12239846,603500
12240483,603600
12240825,603700
12241087,603800
12241379,603900
12241696,604000
12242006,604100
12242339,604200
12242613,604300
12242897,604400
12243214,604500
12243471,604600
12243736,604700
12244032,604800
12244352,604900
12244635,605000
12244850,605100
12245072,605200
12245344,605300
12245623,605400
12245946,605500
12246274,605600
12246943,605700
12247213,605800
12247463,605900
12247785,606000
12248090,606100
12248303,606200
12248554,606300
12248851,606400
12249102,606500
12249430,606600
12249710,606700
12249978,606800
12250242,606900
12250594,607000
12250814,607100
12251020,607200
12251266,607300
12251532,607400
12251884,607500
12252233,607600
12252891,607700
12253268,607800
12253541,607900
12253833,608000
12254042,608100
12254304,608200
12254626,608300
12254893,608400
12255203,608500
12255532,608600
12255813,608700
12256057,608800
12256341,608900
12256592,609000
12256797,609100
12257029,609200
12257198,609300
12257446,609400
12257725,609500
12258085,609600
12258309,609700
12258559,609800
12259082,609900
12259468,610000
12266686,610100
12266892,610200
12267090,610300
12267325,610400
12267545,610500
12267822,610600
12268065,610700
12268237,610800
12268416,610900
12268703,611000
12268915,611100
12269162,611200
12269369,611300
12269560,611400
12269771,611500
12270032,611600
12270328,611700
12270600,611800
12270842,611900
12271158,612000
12271852,612100
12272099,612200
12272358,612300
12272581,612400
12272790,612500
12273047,612600
12273300,612700
12273620,612800
12273941,612900
12274201,613000
12274484,613100
12274716,613200
12274971,613300
12275250,613400
12275516,613500
12275725,613600
12276008,613700
12276268,613800
12276513,613900
12276805,614000
12277090,614100
12277372,614200
12278031,614300
12278310,614400
12278508,614500
12278722,614600
12278971,614700
12279235,614800
12279565,614900
12279883,615000
12280171,615100
12280394,615200
12280698,615300
12280990,615400
12281235,615500
12281573,615600
12281821,615700
12282098,615800
12282447,615900
12282750,616000
12283015,616100
12283318,616200
12283966,616300
12284403,616400
12284729,616500
12285016,616600
12285309,616700
12285618,616800
12285952,616900
12286277,617000
12286613,617100
12286966,617200
12287291,617300
12287567,617400
12287866,617500
12288135,617600
12288399,617700
12288668,617800
12288908,617900
12289215,618000
12289541,618100
12290179,618200
12290615,618300
12290891,618400
12291147,618500
12291420,618600
12291691,618700
12291962,618800
12292262,618900
12292555,619000
12292851,619100
12293135,619200
12293447,619300
12293712,619400
12293962,619500
12294265,619600
12294482,619700
12294713,619800
12295023,619900
12295308,620000
12303235,620100
12303520,620200
12303738,620300
12304047,620400
12304300,620500
12304577,620600
12304816,620700
12305010,620800
12305302,620900
12305590,621000
12305892,621100
12306195,621200
12306530,621300
12306855,621400
12307237,621500
12307576,621600
12307881,621700
12308187,621800
12308860,621900
12309242,622000
12309566,622100
12309891,622200
12310225,622300
12310529,622400
12310793,622500
12311052,622600
12311345,622700
12311677,622800
12311986,622900
12312298,623000
12312657,623100
12312927,623200
12313170,623300
12313450,623400
12313655,623500
12313902,623600
12314207,623700
12314515,623800
12315193,623900
12315513,624000
12315789,624100
12316102,624200
12316444,624300
12316695,624400
12316933,624500
12317139,624600
12317422,624700
12317749,624800
12318061,624900
12318355,625000
12318624,625100
12318918,625200
12319160,625300
12319424,625400
12319673,625500
12319865,625600
12320117,625700
12320413,625800
12320654,625900
12321370,626000
12321681,626100
12321999,626200
12322269,626300
12322635,626400
12322988,626500
12323374,626600
12323640,626700
12323937,626800
12324264,626900
12324571,627000
12324866,627100
12325149,627200
12325509,627300
12325861,627400
12326188,627500
12326537,627600
12326885,627700
12327588,627800
12327882,627900
12328210,628000
12328527,628100
12328859,628200
12329240,628300
12329603,628400
12329967,628500
12330324,628600
12330659,628700
12330960,628800
12331234,628900
12331575,629000
12331932,629100
12332260,629200
12332614,629300
12332975,629400
12333772,629500
12334139,629600
12334512,629700
12334833,629800
12335165,629900
12335511,630000
12343127,630100
12343469,630200
12343815,630300
12344219,630400
12344583,630500
12344915,630600
12345256,630700
12345630,630800
12346450,630900
12346852,631000
12347235,631100
12347589,631200
12347932,631300
12348286,631400
12348636,631500
12348995,631600
12349350,631700
12349701,631800
12350038,631900
12350411,632000
12350740,632100
12351071,632200
12351417,632300
12351793,632400
12352482,632500
12352798,632600
12353156,632700
12353500,632800
12353844,632900
12354175,633000
12354506,633100
12354759,633200
12355060,633300
12355264,633400
12355527,633500
12355777,633600
12356061,633700
12356433,633800
12356762,633900
12357026,634000
12357355,634100
12357689,634200
12358022,634300
12358738,634400
12359108,634500
12359397,634600
12359632,634700
12359894,634800
12360212,634900
12360548,635000
12360897,635100
12361234,635200
12361633,635300
12361977,635400
12362318,635500
12362606,635600
12362885,635700
12363160,635800
12363489,635900
12363869,636000
12364230,636100
12364992,636200
12365338,636300
12365693,636400
12365990,636500
12366284,636600
12366547,636700
12366857,636800
12367170,636900
12367504,637000
12367880,637100
12368231,637200
12368538,637300
12368897,637400
12369201,637500
12369532,637600
12369803,637700
12370070,637800
12370383,637900
12371026,638000
12371464,638100
12371816,638200
12372161,638300
12372528,638400
12372874,638500
12373188,638600
12373555,638700
12373859,638800
12374183,638900
12374458,639000
12374763,639100
12375130,639200
12375489,639300
12375833,639400
12376200,639500
12376586,639600
12377368,639700
12377698,639800
12378222,639900
12378593,640000
12384972,640100
12385314,640200
12385648,640300
12385998,640400
12386331,640500
12386679,640600
12387014,640700
12387347,640800
12387675,640900
12388020,641000
12388410,641100
12388776,641200
12389135,641300
12389931,641400
12390255,641500
12390622,641600
12390969,641700
12391299,641800
12391650,641900
12392005,642000
12392347,642100
12392715,642200
12393106,642300
12393476,642400
12393822,642500
12394185,642600
12394531,642700
12394889,642800
12395262,642900
12395923,643000
12396410,643100
12396770,643200
12397133,643300
12397460,643400
12397760,643500
12398106,643600
12398425,643700
12398734,643800
12399056,643900
12399365,644000
12399685,644100
12400039,644200
12400388,644300
12400754,644400
12401160,644500
12401508,644600
12402162,644700
12402649,644800
12402993,644900
12403332,645000
12403640,645100
12403969,645200
12404319,645300
12404671,645400
12405025,645500
12405363,645600
12405733,645700
12406081,645800
12406416,645900
12406757,646000
12407073,646100
12407416,646200
12407785,646300
12408506,646400
12408909,646500
12409243,646600
12409590,646700
12409943,646800
12410276,646900
12410633,647000
12411000,647100
12411334,647200
12411641,647300
12411989,647400
12412305,647500
12412662,647600
12413025,647700
12413379,647800
12413736,647900
12414022,648000
12414263,648100
12414953,648200
12415282,648300
12415622,648400
12415988,648500
12416331,648600
12416666,648700
12417010,648800
12417317,648900
12417668,649000
12417999,649100
12418309,649200
12418776,649300
12419133,649400
12419584,649500
12419956,649600
12420312,649700
12421073,649800
12421430,649900
12421768,650000
12436642,650100
12436926,650200
12437202,650300
12437514,650400
12437852,650500
12438198,650600
12438524,650700
12438856,650800
12439595,650900
12439911,651000
12440248,651100
12440608,651200
12440888,651300
12441183,651400
12441519,651500
12441872,651600
12442186,651700
12442489,651800
12442830,651900
12443179,652000
12443504,652100
12443814,652200
12444124,652300
12444470,652400
12444802,652500
12445145,652600
12445865,652700
12446203,652800
12446520,652900
12446834,653000
12447182,653100
12447441,653200
12447722,653300
12448081,653400
12448466,653500
12448781,653600
12449134,653700
12449506,653800
12449869,653900
12450217,654000
12450593,654100
12450964,654200
12451338,654300
12452102,654400
12452486,654500
12452860,654600
12453241,654700
12453641,654800
12454077,654900
12454457,655000
12454827,655100
12455194,655200
12455574,655300
12455932,655400
12456298,655500
12456668,655600
12457039,655700
12457415,655800
12458229,655900
12458574,656000
12458931,656100
12459286,656200
12459626,656300
12460002,656400
12460365,656500
12460725,656600
12461099,656700
12461452,656800
12461785,656900
12462125,657000
12462478,657100
12462822,657200
12463214,657300
12463592,657400
12463996,657500
12464779,657600
12465156,657700
12465534,657800
12465929,657900
12466256,658000
12466593,658100
12466861,658200
12467194,658300
12467580,658400
12467953,658500
12468352,658600
12468729,658700
12469111,658800
12469492,658900
12469858,659000
12470525,659100
12470955,659200
12471315,659300
12471706,659400
12472094,659500
12472480,659600
12472994,659700
12473574,659800
12473998,659900
12474405,660000
12481505,660100
12481852,660200
12482199,660300
12482510,660400
12483278,660500
12483646,660600
12483981,660700
12484312,660800
12484674,660900
12485038,661000
12485429,661100
12485719,661200
12486018,661300
12486371,661400
12486714,661500
12487058,661600
12487457,661700
12487850,661800
12488235,661900
12488621,662000
12489280,662100
12489790,662200
12490241,662300
12490611,662400
12490985,662500
12491340,662600
12491698,662700
12492068,662800
12492433,662900
12492803,663000
12493178,663100
12493583,663200
12493980,663300
12494352,663400
12494743,663500
12495142,663600
12495959,663700
12496348,663800
12496713,663900
12497078,664000
12497458,664100
12497862,664200
12498267,664300
12498687,664400
12499109,664500
12499567,664600
12499938,664700
12500318,664800
12500717,664900
12501107,665000
12501948,665100
12502367,665200
12502730,665300
12503126,665400
12503568,665500
12503965,665600
12504356,665700
12504744,665800
12505138,665900
12505532,666000
12505918,666100
12506291,666200
12506685,666300
12507074,666400
12507462,666500
12508294,666600
12508670,666700
12509065,666800
12509455,666900
12509857,667000
12510241,667100
12510605,667200
12511024,667300
12511404,667400
12511793,667500
12512172,667600
12512554,667700
12512903,667800
12513281,667900
12513677,668000
12514464,668100
12514855,668200
12515236,668300
12515601,668400
12515977,668500
12516349,668600
12516745,668700
12517149,668800
12517533,668900
12517925,669000
12518302,669100
12518784,669200
12519261,669300
12519702,669400
12520502,669500
12520888,669600
12521271,669700
12521684,669800
12522089,669900
12522495,670000
12531352,670100
12531716,670200
12532530,670300
12532901,670400
12533274,670500
12533662,670600
12534044,670700
12534419,670800
12534802,670900
12535214,671000
12535623,671100
12536013,671200
12536384,671300
12536783,671400
12537166,671500
12537524,671600
12538261,671700
12538798,671800
12539191,671900
12539574,672000
12539973,672100
12540419,672200
12540802,672300
12541215,672400
12541612,672500
12541997,672600
12542391,672700
12542771,672800
12543166,672900
12543570,673000
12543966,673100
12544756,673200
12545138,673300
12545525,673400
12545933,673500
12546306,673600
12546737,673700
12547131,673800
12547533,673900
12547916,674000
12548321,674100
12548715,674200
12549093,674300
12549502,674400
12549915,674500
12550722,674600
12551146,674700
12551541,674800
12551933,674900
12552338,675000
12552808,675100
12553179,675200
12553573,675300
12553966,675400
12554350,675500
12554771,675600
12555273,675700
12555665,675800
12556101,675900
12556906,676000
12557313,676100
12557718,676200
12558206,676300
12558597,676400
12559004,676500
12559388,676600
12559792,676700
12560174,676800
12560560,676900
12560959,677000
12561358,677100
12561761,677200
12562467,677300
12563019,677400
12563574,677500
12563961,677600
12564347,677700
12564728,677800
12565116,677900
12565498,678000
12565889,678100
12566280,678200
12566669,678300
12567066,678400
12567436,678500
12567812,678600
12568215,678700
12569003,678800
12569563,678900
12569962,679000
12570341,679100
12570730,679200
12571135,679300
12571516,679400
12571921,679500
12572342,679600
12572750,679700
12573148,679800
12573558,679900
12573959,680000
12582475,680100
12582807,680200
12583191,680300
12583571,680400
12583961,680500
12584335,680600
12584709,680700
12585087,680800
12585462,680900
12585834,681000
12586220,681100
12586996,681200
12587359,681300
12587726,681400
12588102,681500
12588486,681600
12588878,681700
12589288,681800
12589668,681900
12590101,682000
12590492,682100
12590856,682200
12591226,682300
12591622,682400
12592002,682500
12592450,682600
12593294,682700
12593714,682800
12594155,682900
12594581,683000
12594956,683100
12595344,683200
12595708,683300
12596088,683400
12596468,683500
12596865,683600
12597240,683700
12597637,683800
12598015,683900
12598409,684000
12599196,684100
12599611,684200
12600095,684300
12600477,684400
12600866,684500
12601226,684600
12601595,684700
12601968,684800
12602347,684900
12602743,685000
12603120,685100
12603505,685200
12603870,685300
12604240,685400
12605058,685500
12605513,685600
12605874,685700
12606242,685800
12606612,685900
12606973,686000
12607325,686100
12607722,686200
12608092,686300
12608407,686400
12608681,686500
12608992,686600
12609339,686700
12609686,686800
12610062,686900
12610445,687000
12611252,687100
12611641,687200
12612002,687300
12612369,687400
12612700,687500
12613083,687600
12613469,687700
12613864,687800
12614234,687900
12614631,688000
12614946,688100
12615328,688200
12615719,688300
12616133,688400
12616556,688500
12617362,688600
12617756,688700
12618142,688800
12618587,688900
12619004,689000
12619409,689100
12619980,689200
12620399,689300
12620809,689400
12621219,689500
12621615,689600
12622013,689700
12622376,689800
12623037,689900
12623455,690000
12632290,690100
12632575,690200
12632842,690300
12633124,690400
12633351,690500
12633656,690600
12633982,690700
12634306,690800
12634626,690900
12635164,691000
12635561,691100
12635915,691200
12636179,691300
12636446,691400
12636681,691500
12636869,691600
12637157,691700
12637429,691800
12637789,691900
12638096,692000
12638416,692100
12638673,692200
12639006,692300
12639275,692400
12639547,692500
12639752,692600
12640005,692700
12640373,692800
12640679,692900
12641279,693000
12641722,693100
12642018,693200
12642342,693300
12642589,693400
12642879,693500
12643140,693600
12643329,693700
12643605,693800
12643930,693900
12644182,694000
12644509,694100
12644825,694200
12645096,694300
12645394,694400
12645648,694500
12645940,694600
12646205,694700
12646484,694800
12646717,694900
12647353,695000
12647779,695100
12648071,695200
12648351,695300
12648672,695400
12649002,695500
12649371,695600
12649671,695700
12649924,695800
12650113,695900
12650406,696000
12650739,696100
12651119,696200
12651459,696300
12651790,696400
12652194,696500
12652555,696600
12652844,696700
12653630,696800
12653882,696900
12654112,697000
12654408,697100
12654692,697200
12654964,697300
12655290,697400
12655572,697500
12655888,697600
12656190,697700
12656447,697800
12656801,697900
12657103,698000
12657357,698100
12657646,698200
12657983,698300
12658301,698400
12658667,698500
12659041,698600
12659785,698700
12660138,698800
12660503,698900
12660772,699000
12661093,699100
12661347,699200
12661629,699300
12661977,699400
12662263,699500
12662594,699600
12662964,699700
12663296,699800
12663626,699900
12663987,700000
12672459,700100
12672692,700200
12672975,700300
12673343,700400
12673556,700500
12673905,700600
12674261,700700
12674624,700800
12674999,700900
12675330,701000
12675592,701100
12675867,701200
12676082,701300
12676397,701400
12676769,701500
12677084,701600
12677835,701700
12678131,701800
12678429,701900
12678764,702000
12679068,702100
12679354,702200
12679623,702300
12679896,702400
12680226,702500
12680508,702600
12680852,702700
12681212,702800
12681624,702900
12681915,703000
12682352,703100
12682613,703200
12682920,703300
12683203,703400
12683986,703500
12684327,703600
12684668,703700
12685019,703800
12685416,703900
12685855,704000
12686268,704100
12686651,704200
12686995,704300
12687248,704400
12687553,704500
12687975,704600
12688328,704700
12688689,704800
12689020,704900
12689701,705000
12690242,705100
12690636,705200
12691028,705300
12691312,705400
12691625,705500
12692061,705600
12692465,705700
12692831,705800
12693216,705900
12693647,706000
12694046,706100
12694391,706200
12694695,706300
12695040,706400
12695324,706500
12696019,706600
12696369,706700
12696679,706800
12697068,706900
12697431,707000
12697736,707100
12698105,707200
12698447,707300
12698764,707400
12699112,707500
12699429,707600
12699830,707700
12700254,707800
12700609,707900
12700959,708000
12701351,708100
12702295,708200
12702658,708300
12703028,708400
12703302,708500
12703578,708600
12703900,708700
12704248,708800
12704676,708900
12705080,709000
12705444,709100
12705774,709200
12706155,709300
12706488,709400
12706826,709500
12707140,709600
12707405,709700
12708136,709800
12708519,709900
12708865,710000
12719715,710100
12720473,710200
12720821,710300
12721157,710400
12721551,710500
12721828,710600
12722087,710700
12722418,710800
12722779,710900
12723079,711000
12723413,711100
12723797,711200
12724111,711300
12724484,711400
12724788,711500
12725102,711600
12725373,711700
12725690,711800
12726474,711900
12726828,712000
12727191,712100
12727570,712200
12727969,712300
12728272,712400
12728608,712500
12728888,712600
12729345,712700
12729692,712800
12729982,712900
12730290,713000
12730635,713100
12730906,713200
12731276,713300
12731645,713400
12732360,713500
12732679,713600
12732943,713700
12733193,713800
12733476,713900
12733784,714000
12734105,714100
12734486,714200
12734870,714300
12735243,714400
12735600,714500
12735973,714600
12736297,714700
12736539,714800
12736826,714900
12737171,715000
12737522,715100
12737877,715200
12738685,715300
12738980,715400
12739339,715500
12739696,715600
12740074,715700
12740382,715800
12740706,715900
12741046,716000
12741444,716100
12741867,716200
12742230,716300
12742628,716400
12743057,716500
12743435,716600
12743633,716700
12743880,716800
12744596,716900
12744911,717000
12745321,717100
12745652,717200
12746011,717300
12746402,717400
12746755,717500
12747081,717600
12747453,717700
12747764,717800
12748032,717900
12748326,718000
12748779,718100
12749122,718200
12749439,718300
12749804,718400
12750490,718500
12750780,718600
12751115,718700
12751384,718800
12751667,718900
12751897,719000
12752156,719100
12752478,719200
12752821,719300
12753124,719400
12753413,719500
12753684,719600
12754049,719700
12754435,719800
12754845,719900
12755195,720000
12765154,720100
12765444,720200
12765772,720300
12766085,720400
12766391,720500
12766733,720600
12767074,720700
12767388,720800
12767691,720900
12767967,721000
12768709,721100
12769102,721200
12769511,721300
12769874,721400
12770213,721500
12770516,721600
12770858,721700
12771180,721800
12771578,721900
12771971,722000
12772250,722100
12772562,722200
12772920,722300
12773267,722400
12773669,722500
12774132,722600
12774987,722700
12775396,722800
12775805,722900
12776181,723000
12776430,723100
12776708,723200
12776981,723300
12777287,723400
12777657,723500
12777974,723600
12778297,723700
12778592,723800
12778955,723900
12779299,724000
12779573,724100
12779847,724200
12780189,724300
12780991,724400
12781293,724500
12781560,724600
12781904,724700
12782283,724800
12782633,724900
12782976,725000
12783319,725100
12783606,725200
12783911,725300
12784274,725400
12784662,725500
12785190,725600
12785574,725700
12785934,725800
12786300,725900
12787046,726000
12787399,726100
12787703,726200
12788015,726300
12788384,726400
12788706,726500
12789068,726600
12789436,726700
12789781,726800
12790117,726900
12790403,727000
12790673,727100
12791040,727200
12791301,727300
12791685,727400
12792064,727500
12792402,727600
12793154,727700
12793515,727800
12793862,727900
12794231,728000
12794538,728100
12794787,728200
12795074,728300
12795396,728400
12795685,728500
12796074,728600
12796403,728700
12796715,728800
12797100,728900
12797477,729000
12797743,729100
12798060,729200
12798390,729300
12799156,729400
12799508,729500
12799851,729600
12800237,729700
12800608,729800
12801009,729900
12801379,730000
12811650,730100
12811991,730200
12812311,730300
12812613,730400
12812950,730500
12813301,730600
12813629,730700
12814036,730800
12814430,730900
12814772,731000
12815099,731100
12815390,731200
12815676,731300
12816033,731400
12816406,731500
12816806,731600
12817553,731700
12817923,731800
12818288,731900
12818577,732000
12818885,732100
12819182,732200
12819408,732300
12819663,732400
12820058,732500
12820438,732600
12820760,732700
12821116,732800
12821440,732900
12821756,733000
12822119,733100
12822381,733200
12822675,733300
12822937,733400
12823583,733500
12824048,733600
12824422,733700
12824739,733800
12825120,733900
12825490,734000
12825832,734100
12826241,734200
12826579,734300
12826849,734400
12827140,734500
12827452,734600
12827788,734700
12828145,734800
12828432,734900
12828835,735000
12829275,735100
12830114,735200
12830439,735300
12830774,735400
12831043,735500
12831356,735600
12831797,735700
12832140,735800
12832464,735900
12832928,736000
12833382,736100
12833823,736200
12834233,736300
12834665,736400
12835085,736500
12835594,736600
12836482,736700
12836900,736800
12837305,736900
12837685,737000
12838070,737100
12838498,737200
12838845,737300
12839147,737400
12839504,737500
12839819,737600
12840160,737700
12840557,737800
12840913,737900
12841231,738000
12841627,738100
12842326,738200
12842698,738300
12842994,738400
12843298,738500
12843649,738600
12844033,738700
12844446,738800
12844809,738900
12845204,739000
12845580,739100
12845961,739200
12846251,739300
12846507,739400
12846818,739500
12847208,739600
12847525,739700
12847887,739800
12848170,739900
12849083,740000
12859748,740100
12860011,740200
12860345,740300
12860660,740400
12861231,740500
12861704,740600
12862135,740700
12862528,740800
12862860,740900
12863202,741000
12863570,741100
12863970,741200
12864334,741300
12864645,741400
12864927,741500
12865230,741600
12865543,741700
12865884,741800
12866213,741900
12866513,742000
12866837,742100
12867618,742200
12867855,742300
12868176,742400
12868538,742500
12868915,742600
12869209,742700
12869558,742800
12869890,742900
12870183,743000
12870521,743100
12870942,743200
12871276,743300
12871584,743400
12871861,743500
12872135,743600
12872479,743700
12872885,743800
12873245,743900
12873970,744000
12874302,744100
12874647,744200
12874956,744300
12875193,744400
12875493,744500
12875808,744600
12876119,744700
12876485,744800
12876862,744900
12877250,745000
12877598,745100
12877899,745200
12878211,745300
12878514,745400
12878837,745500
12879222,745600
12879621,745700
12880415,745800
12880773,745900
12881111,746000
12881521,746100
12881784,746200
12882038,746300
12882403,746400
12882738,746500
12883051,746600
12883424,746700
12883761,746800
12884150,746900
12884559,747000
12884894,747100
12885232,747200
12885574,747300
12885884,747400
12886622,747500
12886970,747600
12887314,747700
12887658,747800
12888103,747900
12888522,748000
12888789,748100
12889156,748200
12889444,748300
12889669,748400
12889968,748500
12890333,748600
12890660,748700
12891061,748800
12891437,748900
12891823,749000
12892475,749100
12892997,749200
12893282,749300
12893624,749400
12893939,749500
12894267,749600
12894609,749700
12895030,749800
12895419,749900
12895802,750000
12917681,750100
12917977,750200
12918235,750300
12918542,750400
12918813,750500
12919090,750600
12919404,750700
12919737,750800
12920030,750900
12920371,751000
12920666,751100
12920907,751200
12921238,751300
12921538,751400
12921773,751500
12922092,751600
12922381,751700
12922718,751800
12923063,751900
12923773,752000
12924162,752100
12924496,752200
12924865,752300
12925279,752400
12925551,752500
12925791,752600
12926070,752700
12926430,752800
12926733,752900
12927114,753000
12927486,753100
12927861,753200
12928240,753300
12928613,753400
12928897,753500
12929156,753600
12929487,753700
12930212,753800
12930569,753900
12930967,754000
12931389,754100
12931711,754200
12932087,754300
12932442,754400
12932732,754500
12933024,754600
12933306,754700
12933597,754800
12933963,754900
12934318,755000
12934623,755100
12934981,755200
12935348,755300
12935725,755400
12936425,755500
12936703,755600
12937012,755700
12937375,755800
12937745,755900
12938141,756000
12938424,756100
12938732,756200
12939103,756300
12939407,756400
12939701,756500
12940009,756600
12940287,756700
12940594,756800
12940926,756900
12941218,757000
12941572,757100
12941812,757200
12942578,757300
12942912,757400
12943245,757500
12943608,757600
12943872,757700
12944129,757800
12944375,757900
12944689,758000
12945017,758100
12945309,758200
12945661,758300
12946025,758400
12946443,758500
12946837,758600
12947255,758700
12947587,758800
12947899,758900
12948219,759000
12948941,759100
12949288,759200
12949699,759300
12950085,759400
12950442,759500
12950785,759600
12951096,759700
12951415,759800
12951758,759900
12952026,760000
12961489,760100
12961840,760200
12962203,760300
12962573,760400
12962893,760500
12963268,760600
12963556,760700
12963857,760800
12964176,760900
12964481,761000
12964761,761100
12965099,761200
12965423,761300
12965758,761400
12966117,761500
12966412,761600
12966757,761700
12967458,761800
12967870,761900
12968176,762000
12968488,762100
12968883,762200
12969199,762300
12969533,762400
12969963,762500
12970286,762600
12970679,762700
12971024,762800
12971298,762900
12971678,763000
12972027,763100
12972432,763200
12972851,763300
12973295,763400
12974161,763500
12974571,763600
12975009,763700
12975437,763800
12975834,763900
12976250,764000
12976612,764100
12977027,764200
12977415,764300
12977811,764400
12978299,764500
12978778,764600
12979189,764700
12979957,764800
12980419,764900
12980788,765000
12981142,765100
12981552,765200
12981899,765300
12982321,765400
12982662,765500
12983062,765600
12983479,765700
12983842,765800
12984143,765900
12984531,766000
12984871,766100
12985242,766200
12985534,766300
12986182,766400
12986586,766500
12986886,766600
12987294,766700
12987732,766800
12988048,766900
12988362,767000
12988694,767100
12989045,767200
12989362,767300
12989690,767400
12990150,767500
12990515,767600
12990833,767700
12991214,767800
12991565,767900
12991907,768000
12992712,768100
12993086,768200
12993468,768300
12993800,768400
12994157,768500
12994492,768600
12994933,768700
12995370,768800
12995641,768900
12995921,769000
12996284,769100
12996672,769200
12997048,769300
12997394,769400
12997787,769500
12998195,769600
12998799,769700
12999258,769800
12999509,769900
12999810,770000
13008417,770100
13008718,770200
13009067,770300
13009454,770400
13009734,770500
13010122,770600
13010411,770700
13010675,770800
13011004,770900
13011643,771000
13011946,771100
13012404,771200
13012872,771300
13013205,771400
13013631,771500
13014000,771600
13014370,771700
13014748,771800
13015101,771900
13015430,772000
13015697,772100
13015984,772200
13016376,772300
13016686,772400
13017077,772500
13017909,772600
13018235,772700
13018588,772800
13018997,772900
13019304,773000
13019624,773100
13019929,773200
13020281,773300
13020616,773400
13020966,773500
13021288,773600
13021585,773700
13021943,773800
13022233,773900
13022547,774000
13022864,774100
13023135,774200
13023487,774300
13024383,774400
13024793,774500
13025215,774600
13025598,774700
13025980,774800
13026345,774900
13026759,775000
13027094,775100
13027388,775200
13027728,775300
13028061,775400
13028410,775500
13028768,775600
13029100,775700
13029461,775800
13029784,775900
13030563,776000
13030868,776100
13031138,776200
13031474,776300
13031800,776400
13032096,776500
13032416,776600
13032747,776700
13033089,776800
13033464,776900
13033820,777000
13034217,777100
13034574,777200
13034899,777300
13035257,777400
13035576,777500
13035948,777600
13036755,777700
13037126,777800
13037493,777900
13037864,778000
13038240,778100
13038664,778200
13039048,778300
13039373,778400
13039714,778500
13040119,778600
13040478,778700
13040834,778800
13041187,778900
13041509,779000
13041894,779100
13042312,779200
13043144,779300
13043465,779400
13043813,779500
13044170,779600
13044563,779700
13044915,779800
13045288,779900
13045681,780000
13054134,780100
13054509,780200
13054808,780300
13055409,780400
13055772,780500
13056077,780600
13056463,780700
13056806,780800
13057166,780900
13057535,781000
13057857,781100
13058253,781200
13058632,781300
13058921,781400
13059191,781500
13059535,781600
13059870,781700
13060208,781800
13060577,781900
13060881,782000
13061206,782100
13061902,782200
13062170,782300
13062478,782400
13062792,782500
13063108,782600
13063446,782700
13063808,782800
13064191,782900
13064567,783000
13064920,783100
13065224,783200
13065603,783300
13065984,783400
13066359,783500
13066709,783600
13067084,783700
13067464,783800
13068240,783900
13068595,784000
13068957,784100
13069260,784200
13069610,784300
13069963,784400
13070292,784500
13070615,784600
13070952,784700
13071350,784800
13071772,784900
13072208,785000
13072555,785100
13073008,785200
13073415,785300
13073836,785400
13074620,785500
13075017,785600
13075383,785700
13075757,785800
13076143,785900
13076559,786000
13076938,786100
13077359,786200
13077736,786300
13078136,786400
13078490,786500
13078828,786600
13079123,786700
13079492,786800
13079907,786900
13080726,787000
13081076,787100
13081507,787200
13081884,787300
13082231,787400
13082603,787500
13082946,787600
13083260,787700
13083579,787800
13083915,787900
13084259,788000
13084630,788100
13084988,788200
13085336,788300
13085734,788400
13086060,788500
13086396,788600
13087080,788700
13087382,788800
13087694,788900
13088048,789000
13088365,789100
13088704,789200
13089040,789300
13089374,789400
13089704,789500
13090008,789600
13090315,789700
13090642,789800
13090976,789900
13091331,790000
13100698,790100
13100985,790200
13101318,790300
13101670,790400
13101978,790500
13102325,790600
13102631,790700
13102926,790800
13103251,790900
13103569,791000
13103909,791100
13104242,791200
13104584,791300
13105358,791400
13105703,791500
13106052,791600
13106419,791700
13106728,791800
13107060,791900
13107381,792000
13107719,792100
13108100,792200
13108471,792300
13108868,792400
13109221,792500
13109562,792600
13109912,792700
13110290,792800
13110649,792900
13111428,793000
13111778,793100
13112185,793200
13112587,793300
13112973,793400
13113332,793500
13113688,793600
13114063,793700
13114453,793800
13114786,793900
13115137,794000
13115517,794100
13115892,794200
13116262,794300
13116641,794400
13117291,794500
13117750,794600
13118145,794700
13118464,794800
13118789,794900
13119110,795000
13119466,795100
13119830,795200
13120232,795300
13120670,795400
13121074,795500
13121513,795600
13121903,795700
13122284,795800
13122637,795900
13123039,796000
13123846,796100
13124227,796200
13124631,796300
13125021,796400
13125403,796500
13125874,796600
13126280,796700
13126699,796800
13127107,796900
13127504,797000
13127912,797100
13128307,797200
13128671,797300
13129064,797400
13129875,797500
13130233,797600
13130584,797700
13130906,797800
13131240,797900
13131560,798000
13131900,798100
13132283,798200
13132642,798300
13133014,798400
13133441,798500
13133857,798600
13134241,798700
13134598,798800
13134948,798900
13135588,799000
13136063,799100
13136425,799200
13136781,799300
13137125,799400
13137526,799500
13137939,799600
13138427,799700
13138814,799800
13139155,799900
13139508,800000
13170793,800100
13171111,800200
13171503,800300
13172269,800400
13172629,800500
13172971,800600
13173350,800700
13173663,800800
13174008,800900
13174332,801000
13174674,801100
13175063,801200
13175455,801300
13175830,801400
13176182,801500
13176582,801600
13176976,801700
13177295,801800
13177624,801900
13178376,802000
13178704,802100
13179076,802200
13179476,802300
13179799,802400
13180159,802500
13180531,802600
13180877,802700
13181251,802800
13181594,802900
13181915,803000
13182225,803100
13182594,803200
13182891,803300
13183261,803400
13183623,803500
13184402,803600
13184784,803700
13185165,803800
13185543,803900
13185935,804000
13186243,804100
13186562,804200
13186953,804300
13187340,804400
13187698,804500
13188121,804600
13188470,804700
13188827,804800
13189207,804900
13189577,805000
13189928,805100
13190737,805200
13191069,805300
13191467,805400
13191831,805500
13192216,805600
13192571,805700
13192949,805800
13193396,805900
13193771,806000
13194081,806100
13194395,806200
13194754,806300
13195151,806400
13195498,806500
13195894,806600
13196686,806700
13197089,806800
13197451,806900
13197793,807000
13198149,807100
13198566,807200
13198946,807300
13199362,807400
13199759,807500
13200106,807600
13200471,807700
13200800,807800
13201175,807900
13201508,808000
13201855,808100
13202536,808200
13202962,808300
13203341,808400
13203740,808500
13204119,808600
13204528,808700
13204927,808800
13205315,808900
13205696,809000
13206062,809100
13206459,809200
13206925,809300
13207387,809400
13207815,809500
13208200,809600
13209030,809700
13209469,809800
13209885,809900
13210398,810000
13219641,810100
13220037,810200
13220425,810300
13221274,810400
13221647,810500
13222021,810600
13222427,810700
13222806,810800
13223151,810900
13223577,811000
13223955,811100
13224336,811200
13224708,811300
13225065,811400
13225400,811500
13225776,811600
13226126,811700
13226545,811800
13227358,811900
13227755,812000
13228142,812100
13228502,812200
13228848,812300
13229231,812400
13229647,812500
13230030,812600
13230469,812700
13230892,812800
13231261,812900
13231693,813000
13232121,813100
13232567,813200
13233374,813300
13233764,813400
13234119,813500
13234575,813600
13235063,813700
13235469,813800
13235894,813900
13236328,814000
13236738,814100
13237091,814200
13237464,814300
13237823,814400
13238249,814500
13238690,814600
13239487,814700
13239908,814800
13240342,814900
13240760,815000
13241135,815100
13241556,815200
13241900,815300
13242250,815400
13242642,815500
13243070,815600
13243495,815700
13243991,815800
13244358,815900
13244782,816000
13245618,816100
13246031,816200
13246410,816300
13246799,816400
13247119,816500
13247501,816600
13247949,816700
13248352,816800
13248711,816900
13249077,817000
13249465,817100
13249836,817200
13250181,817300
13250536,817400
13250840,817500
13251599,817600
13252131,817700
13252519,817800
13252988,817900
13253365,818000
13253711,818100
13254174,818200
13254557,818300
13254919,818400
13255350,818500
13255704,818600
13256097,818700
13256522,818800
13256912,818900
13257614,819000
13258152,819100
13258592,819200
13258971,819300
13259391,819400
13259774,819500
13260082,819600
13260451,819700
13260879,819800
13261262,819900
13261667,820000
13272713,820100
13273141,820200
13273502,820300
13273872,820400
13274245,820500
13274594,820600
13274952,820700
13275357,820800
13276142,820900
13276504,821000
13276842,821100
13277180,821200
13277527,821300
13277896,821400
13278200,821500
13278505,821600
13278836,821700
13279159,821800
13279524,821900
13279845,822000
13280175,822100
13280522,822200
13280862,822300
13281211,822400
13281601,822500
13282333,822600
13282661,822700
13282970,822800
13283289,822900
13283632,823000
13284007,823100
13284369,823200
13284806,823300
13285182,823400
13285611,823500
13285980,823600
13286285,823700
13286617,823800
13286954,823900
13287365,824000
13288105,824100
13288586,824200
13288987,824300
13289411,824400
13289769,824500
13290142,824600
13290560,824700
13290980,824800
13291329,824900
13291722,825000
13292137,825100
13292525,825200
13292888,825300
13293312,825400
13293739,825500
13294565,825600
13294853,825700
13295160,825800
13295531,825900
13295881,826000
13296285,826100
13296711,826200
13297069,826300
13297433,826400
13297857,826500
13298234,826600
13298563,826700
13298919,826800
13299308,826900
13299658,827000
13300374,827100
13300895,827200
13301391,827300
13301862,827400
13302259,827500
13302648,827600
13303023,827700
13303380,827800
13303709,827900
13304080,828000
13304449,828100
13304853,828200
13305236,828300
13305647,828400
13306044,828500
13306823,828600
13307181,828700
13307516,828800
13307872,828900
13308258,829000
13308659,829100
13309051,829200
13309490,829300
13309852,829400
13310226,829500
13310691,829600
13311090,829700
13311522,829800
13311958,829900
13312783,830000
13324555,830100
13325419,830200
13325825,830300
13326176,830400
13326579,830500
13326913,830600
13327304,830700
13327712,830800
13328110,830900
13328508,831000
13328907,831100
13329341,831200
13329703,831300
13330040,831400
13330421,831500
13331240,831600
13331610,831700
13332001,831800
13332364,831900
13332736,832000
13333129,832100
13333563,832200
13333987,832300
13334380,832400
13334958,832500
13335414,832600
13335871,832700
13336296,832800
13336730,832900
13337489,833000
13337906,833100
13338408,833200
13338860,833300
13339276,833400
13339698,833500
13340090,833600
13340462,833700
13340840,833800
13341228,833900
13341646,834000
13342045,834100
13342465,834200
13343249,834300
13343815,834400
13344281,834500
13344749,834600
13345206,834700
13345734,834800
13346169,834900
13346604,835000
13347004,835100
13347411,835200
13347842,835300
13348262,835400
13348643,835500
13349380,835600
13349889,835700
13350279,835800
13350715,835900
13351142,836000
13351563,836100
13352028,836200
13352451,836300
13352863,836400
13353201,836500
13353616,836600
13353994,836700
13354410,836800
13354815,836900
13355457,837000
13356049,837100
13356360,837200
13356750,837300
13357138,837400
13357568,837500
13358001,837600
13358486,837700
13358992,837800
13359422,837900
13359811,838000
13360167,838100
13360533,838200
13360922,838300
13361623,838400
13362107,838500
13362470,838600
13362850,838700
13363209,838800
13363586,838900
13363917,839000
13364262,839100
13364609,839200
13364958,839300
13365340,839400
13365700,839500
13366071,839600
13366417,839700
13366794,839800
13367166,839900
13368002,840000
13379433,840100
13380044,840200
13380516,840300
13380838,840400
13381100,840500
13381391,840600
13381755,840700
13382111,840800
13382488,840900
13382859,841000
13383240,841100
13383604,841200
13383990,841300
13384409,841400
13384819,841500
13385208,841600
13385608,841700
13386385,841800
13386782,841900
13387173,842000
13387499,842100
13387815,842200
13388156,842300
13388538,842400
13388908,842500
13389295,842600
13389639,842700
13389982,842800
13390296,842900
13390600,843000
13390971,843100
13391299,843200
13391692,843300
13392485,843400
13392889,843500
13393284,843600
13393714,843700
13394091,843800
13394428,843900
13394790,844000
13395171,844100
13395487,844200
13395829,844300
13396203,844400
13396584,844500
13396989,844600
13397364,844700
13397713,844800
13398045,844900
13398823,845000
13399089,845100
13399404,845200
13399702,845300
13400056,845400
13400428,845500
13400817,845600
13401106,845700
13401478,845800
13401889,845900
13402223,846000
13402537,846100
13402856,846200
13403176,846300
13403524,846400
13403852,846500
13404228,846600
13404889,846700
13405337,846800
13405674,846900
13406008,847000
13406337,847100
13406681,847200
13406994,847300
13407361,847400
13407729,847500
13408100,847600
13408479,847700
13408813,847800
13409125,847900
13409459,848000
13409833,848100
13410202,848200
13410564,848300
13411404,848400
13411780,848500
13412133,848600
13412495,848700
13412853,848800
13413203,848900
13413580,849000
13413927,849100
13414308,849200
13414664,849300
13415068,849400
13415450,849500
13415829,849600
13416305,849700
13416712,849800
13417157,849900
13417958,850000
13428362,850100
13428714,850200
13429099,850300
13429469,850400
13430150,850500
13430677,850600
13431010,850700
13431384,850800
13431773,850900
13432170,851000
13432510,851100
13432883,851200
13433308,851300
13433651,851400
13434025,851500
13434360,851600
13434706,851700
13435063,851800
13435430,851900
13435734,852000
13436093,852100
13436883,852200
13437265,852300
13437679,852400
13438067,852500
13438403,852600
13438823,852700
13439260,852800
13439699,852900
13440064,853000
13440402,853100
13440709,853200
13441033,853300
13441371,853400
13441692,853500
13442041,853600
13442375,853700
13443193,853800
13443530,853900
13443898,854000
13444322,854100
13444785,854200
13445158,854300
13445462,854400
13445812,854500
13446187,854600
13446530,854700
13446870,854800
13447258,854900
13447620,855000
13448035,855100
13448441,855200
13449114,855300
13449609,855400
13449997,855500
13450410,855600
13450856,855700
13451291,855800
13451652,855900
13452030,856000
13452407,856100
13452733,856200
13453072,856300
13453462,856400
13453861,856500
13454266,856600
13454631,856700
13455002,856800
13455768,856900
13456123,857000
13456486,857100
13456785,857200
13457097,857300
13457388,857400
13457746,857500
13458087,857600
13458446,857700
13458780,857800
13459120,857900
13459438,858000
13459747,858100
13460094,858200
13460396,858300
13460709,858400
13461033,858500
13461734,858600
13462194,858700
13462500,858800
13462870,858900
13463261,859000
13463631,859100
13464022,859200
13464346,859300
13464674,859400
13464988,859500
13465318,859600
13465627,859700
13465958,859800
13466366,859900
13466675,860000
13482076,860100
13482408,860200
13482738,860300
13483045,860400
13483307,860500
13483684,860600
13484050,860700
13484405,860800
13484776,860900
13485140,861000
13485524,861100
13485920,861200
13486274,861300
13487059,861400
13487420,861500
13487788,861600
13488129,861700
13488476,861800
13488823,861900
13489210,862000
13489587,862100
13490010,862200
13490340,862300
13490710,862400
13491057,862500
13491464,862600
13491825,862700
13492161,862800
13492857,862900
13493347,863000
13493745,863100
13494083,863200
13494460,863300
13494774,863400
13495141,863500
13495555,863600
13495928,863700
13496254,863800
13496641,863900
13496987,864000
13497350,864100
13497703,864200
13498018,864300
13498358,864400
13498976,864500
13499437,864600
13499780,864700
13500120,864800
13500482,864900
13500845,865000
13501290,865100
13501643,865200
13501976,865300
13502296,865400
13502606,865500
13502965,865600
13503330,865700
13503687,865800
13504042,865900
13504400,866000
13504762,866100
13505555,866200
13505884,866300
13506208,866400
13506535,866500
13506839,866600
13507174,866700
13507526,866800
13507866,866900
13508187,867000
13508593,867100
13508927,867200
13509282,867300
13509669,867400
13510037,867500
13510373,867600
13510722,867700
13511499,867800
13511862,867900
13512287,868000
13512626,868100
13512985,868200
13513365,868300
13513703,868400
13514099,868500
13514454,868600
13514817,868700
13515178,868800
13515570,868900
13515973,869000
13516419,869100
13516863,869200
13517660,869300
13518073,869400
13518501,869500
13518875,869600
13519246,869700
13519666,869800
13520250,869900
13520776,870000
13531195,870100
13531643,870200
13532083,870300
13532496,870400
13532888,870500
13533237,870600
13533596,870700
13533983,870800
13534368,870900
13534700,871000
13535097,871100
13535774,871200
13536286,871300
13536768,871400
13537193,871500
13537639,871600
13538058,871700
13538459,871800
13538855,871900
13539291,872000
13539684,872100
13540116,872200
13540495,872300
13540858,872400
13541268,872500
13542101,872600
13542500,872700
13542846,872800
13543267,872900
13543737,873000
13544127,873100
13544545,873200
13544957,873300
13545403,873400
13545864,873500
13546309,873600
13546690,873700
13547144,873800
13547575,873900
13548385,874000
13548841,874100
13549300,874200
13549715,874300
13550102,874400
13550542,874500
13550898,874600
13551266,874700
13551641,874800
13552022,874900
13552452,875000
13552922,875100
13553316,875200
13553749,875300
13554603,875400
13555059,875500
13555479,875600
13555915,875700
13556311,875800
13556699,875900
13557075,876000
13557509,876100
13557909,876200
13558271,876300
13558684,876400
13559083,876500
13559544,876600
13560261,876700
13560759,876800
13561096,876900
13561488,877000
13561865,877100
13562250,877200
13562642,877300
13563016,877400
13563384,877500
13563772,877600
13564144,877700
13564481,877800
13564846,877900
13565169,878000
13565532,878100
13565965,878200
13566818,878300
13567194,878400
13567533,878500
13567883,878600
13568288,878700
13568598,878800
13568974,878900
13569292,879000
13569686,879100
13570058,879200
13570763,879300
13571259,879400
13571670,879500
13572074,879600
13572935,879700
13573327,879800
13573702,879900
13574132,880000
13584044,880100
13584431,880200
13585284,880300
13585688,880400
13586088,880500
13586487,880600
13586889,880700
13587265,880800
13587605,880900
13587986,881000
13588377,881100
13588724,881200
13589099,881300
13589466,881400
13589802,881500
13590186,881600
13590608,881700
13591332,881800
13591675,881900
13591979,882000
13592424,882100
13592871,882200
13593351,882300
13593761,882400
13594143,882500
13594533,882600
13594891,882700
13595273,882800
13595572,882900
13595927,883000
13596296,883100
13596703,883200
13597506,883300
13597915,883400
13598315,883500
13598655,883600
13599027,883700
13599392,883800
13599734,883900
13600060,884000
13600379,884100
13600745,884200
13601242,884300
13601621,884400
13601992,884500
13602343,884600
13602695,884700
13603590,884800
13603911,884900
13604219,885000
13604537,885100
13604921,885200
13605321,885300
13605713,885400
13606186,885500
13606642,885600
13607061,885700
13607515,885800
13607959,885900
13608321,886000
13608824,886100
13609534,886200
13610133,886300
13610609,886400
13611081,886500
13611495,886600
13611974,886700
13612434,886800
13612836,886900
13613225,887000
13613632,887100
13614034,887200
13614445,887300
13614860,887400
13615229,887500
13616097,887600
13616489,887700
13616877,887800
13617232,887900
13617600,888000
13617964,888100
13618346,888200
13618725,888300
13619121,888400
13619448,888500
13619838,888600
13620262,888700
13620642,888800
13620996,888900
13621346,889000
13622038,889100
13622383,889200
13622797,889300
13623135,889400
13623463,889500
13623862,889600
13624242,889700
13624793,889800
13625236,889900
13625582,890000
13634922,890100
13635228,890200
13635546,890300
13635890,890400
13636246,890500
13636563,890600
13636911,890700
13637277,890800
13637562,890900
13637892,891000
13638172,891100
13638512,891200
13638832,891300
13639229,891400
13639502,891500
13639872,891600
13640643,891700
13640949,891800
13641287,891900
13641628,892000
13641912,892100
13642212,892200
13642469,892300
13642812,892400
13643137,892500
13643485,892600
13643856,892700
13644182,892800
13644507,892900
13644841,893000
13645219,893100
13645515,893200
13645862,893300
13646635,893400
13647012,893500
13647405,893600
13647829,893700
13648180,893800
13648537,893900
13648952,894000
13649318,894100
13649691,894200
13650167,894300
13650618,894400
13650978,894500
13651366,894600
13651754,894700
13652158,894800
13652963,894900
13653353,895000
13653627,895100
13653931,895200
13654243,895300
13654568,895400
13654882,895500
13655302,895600
13655694,895700
13656081,895800
13656513,895900
13656930,896000
13657293,896100
13657658,896200
13657964,896300
13658313,896400
13659076,896500
13659482,896600
13659903,896700
13660247,896800
13660647,896900
13661022,897000
13661459,897100
13661824,897200
13662099,897300
13662429,897400
13662798,897500
13663143,897600
13663549,897700
13663941,897800
13664363,897900
13665151,898000
13665519,898100
13665837,898200
13666113,898300
13666432,898400
13666792,898500
13667132,898600
13667555,898700
13667927,898800
13668263,898900
13668624,899000
13668985,899100
13669364,899200
13669704,899300
13670055,899400
13670475,899500
13671277,899600
13671710,899700
13672095,899800
13672460,899900
13672859,900000
13681256,900100
13681561,900200
13681856,900300
13682160,900400
13682449,900500
13682853,900600
13683621,900700
13683983,900800
13684355,900900
13684730,901000
13685069,901100
13685422,901200
13685732,901300
13686028,901400
13686323,901500
13686728,901600
13687130,901700
13687468,901800
13687856,901900
13688217,902000
13688588,902100
13688923,902200
13689724,902300
13690076,902400
13690545,902500
13690982,902600
13691345,902700
13691709,902800
13692111,902900
13692532,903000
13692838,903100
13693152,903200
13693393,903300
13693760,903400
13694148,903500
13694567,903600
13694917,903700
13695630,903800
13696096,903900
13696403,904000
13696676,904100
13696962,904200
13697255,904300
13697550,904400
13697885,904500
13698269,904600
13698654,904700
13698996,904800
13699347,904900
13699731,905000
13700121,905100
13700562,905200
13700929,905300
13701242,905400
13702025,905500
13702401,905600
13702684,905700
13703026,905800
13703426,905900
13703790,906000
13704170,906100
13704500,906200
13704854,906300
13705136,906400
13705461,906500
13705825,906600
13706128,906700
13706537,906800
13706931,906900
13707242,907000
13708025,907100
13708363,907200
13708656,907300
13708976,907400
13709325,907500
13709641,907600
13710065,907700
13710439,907800
13710833,907900
13711204,908000
13711562,908100
13711974,908200
13712269,908300
13712553,908400
13712853,908500
13713158,908600
13713498,908700
13714314,908800
13714692,908900
13715052,909000
13715553,909100
13715918,909200
13716414,909300
13716753,909400
13717096,909500
13717464,909600
13717799,909700
13718165,909800
13718511,909900
13718813,910000
13728779,910100
13729128,910200
13729475,910300
13729786,910400
13730073,910500
13730372,910600
13730718,910700
13731059,910800
13731392,910900
13731741,911000
13732109,911100
13732899,911200
13733371,911300
13733770,911400
13734097,911500
13734448,911600
13734826,911700
13735151,911800
13735459,911900
13735821,912000
13736132,912100
13736490,912200
13736813,912300
13737130,912400
13737465,912500
13737830,912600
13738155,912700
13738914,912800
13739208,912900
13739579,913000
13739985,913100
13740326,913200
13740753,913300
13741139,913400
13741429,913500
13741725,913600
13742047,913700
13742376,913800
13742712,913900
13743035,914000
13743347,914100
13743678,914200
13744029,914300
13744748,914400
13745256,914500
13745589,914600
13745896,914700
13746211,914800
13746612,914900
13746956,915000
13747293,915100
13747673,915200
13748065,915300
13748422,915400
13748758,915500
13749038,915600
13749396,915700
13749690,915800
13750033,915900
13750400,916000
13751257,916100
13751593,916200
13751955,916300
13752354,916400
13752687,916500
13753006,916600
13753351,916700
13753639,916800
13753968,916900
13754350,917000
13754684,917100
13755031,917200
13755468,917300
13755847,917400
13756268,917500
13757041,917600
13757670,917700
13758070,917800
13758432,917900
13758912,918000
13759381,918100
13759715,918200
13760113,918300
13760474,918400
13760877,918500
13761234,918600
13761514,918700
13761955,918800
13762266,918900
13762594,919000
13763248,919100
13763647,919200
13763991,919300
13764365,919400
13764663,919500
13765043,919600
13765324,919700
13765591,919800
13765925,919900
13766296,920000
13783054,920100
13783386,920200
13783680,920300
13783999,920400
13784330,920500
13784637,920600
13784893,920700
13785162,920800
13785439,920900
13785773,921000
13786208,921100
13786538,921200
13786989,921300
13787392,921400
13788161,921500
13788469,921600
13788811,921700
13789134,921800
13789396,921900
13789707,922000
13790073,922100
13790425,922200
13790805,922300
13791192,922400
13791539,922500
13791923,922600
13792297,922700
13792663,922800
13792930,922900
13793272,923000
13793653,923100
13794378,923200
13794702,923300
13795039,923400
13795367,923500
13795739,923600
13796116,923700
13796470,923800
13796755,923900
13797073,924000
13797509,924100
13797939,924200
13798287,924300
13798691,924400
13799099,924500
13799486,924600
13799850,924700
13800663,924800
13800956,924900
13801273,925000
13801641,925100
13802036,925200
13802351,925300
13802720,925400
13803030,925500
13803368,925600
13803683,925700
13803992,925800
13804263,925900
13804596,926000
13805001,926100
13805399,926200
13805745,926300
13806560,926400
13806948,926500
13807346,926600
13807610,926700
13807907,926800
13808174,926900
13808476,927000
13808826,927100
13809234,927200
13809565,927300
13809884,927400
13810212,927500
13810561,927600
13810856,927700
13811189,927800
13811487,927900
13811854,928000
13812181,928100
13812966,928200
13813285,928300
13813637,928400
13814040,928500
13814375,928600
13814674,928700
13815035,928800
13815327,928900
13815663,929000
13816080,929100
13816460,929200
13816834,929300
13817187,929400
13817556,929500
13817867,929600
13818177,929700
13818910,929800
13819168,929900
13819466,930000
13829115,930100
13829529,930200
13829926,930300
13830236,930400
13830549,930500
13831260,930600
13831559,930700
13831847,930800
13832170,930900
13832467,931000
13832843,931100
13833225,931200
13833538,931300
13833854,931400
13834205,931500
13834518,931600
13834782,931700
13835097,931800
13835395,931900
13835685,932000
13836010,932100
13836380,932200
13836783,932300
13837573,932400
13837925,932500
13838306,932600
13838587,932700
13838868,932800
13839188,932900
13839467,933000
13839764,933100
13840115,933200
13840501,933300
13840764,933400
13841061,933500
13841436,933600
13841776,933700
13842128,933800
13842467,933900
13842797,934000
13843588,934100
13843922,934200
13844311,934300
13844682,934400
13845020,934500
13845434,934600
13845823,934700
13846233,934800
13846588,934900
13846926,935000
13847305,935100
13847790,935200
13848179,935300
13848534,935400
13848918,935500
13849527,935600
13849985,935700
13850295,935800
13850556,935900
13850873,936000
13851189,936100
13851440,936200
13851720,936300
13852049,936400
13852342,936500
13852612,936600
13852844,936700
13853071,936800
13853340,936900
13853618,937000
13853870,937100
13854180,937200
13854454,937300
13854713,937400
13855040,937500
13855644,937600
13856105,937700
13856383,937800
13856717,937900
13857106,938000
13857475,938100
13857820,938200
13858182,938300
13858500,938400
13858884,938500
13859182,938600
13859568,938700
13859909,938800
13860163,938900
13860516,939000
13860940,939100
13861358,939200
13862207,939300
13862497,939400
13862834,939500
13863135,939600
13863486,939700
13863816,939800
13864092,939900
13864386,940000
13874550,940100
13874923,940200
13875262,940300
13875644,940400
13876044,940500
13876418,940600
13876701,940700
13876996,940800
13877333,940900
13877709,941000
13878078,941100
13878413,941200
13878713,941300
13879072,941400
13879471,941500
13879733,941600
13880035,941700
13880731,941800
13881016,941900
13881334,942000
13881657,942100
13881973,942200
13882253,942300
13882625,942400
13882932,942500
13883233,942600
13883505,942700
13883769,942800
13884089,942900
13884454,943000
13884783,943100
13885105,943200
13885459,943300
13885777,943400
13886098,943500
13886899,943600
13887281,943700
13887562,943800
13887852,943900
13888190,944000
13888524,944100
13888877,944200
13889195,944300
13889518,944400
13889874,944500
13890224,944600
13890567,944700
13890859,944800
13891212,944900
13891612,945000
13891982,945100
13892732,945200
13893205,945300
13893550,945400
13893852,945500
13894191,945600
13894495,945700
13894736,945800
13895020,945900
13895467,946000
13895855,946100
13896233,946200
13896689,946300
13897098,946400
13897422,946500
13897733,946600
13898031,946700
13898327,