timestamp_ms,value
4811,0
4816,100
4823,200
4828,300
4832,400
4837,500
4842,600
4846,700
4851,800
4856,900
4861,1000
5040,1100
5045,1200
5049,1300
5053,1400
5058,1500
5062,1600
5065,1700
5069,1800
5073,1900
5077,2000
5255,2100
5263,2200
5270,2300
5276,2400
5282,2500
5288,2600
5294,2700
5300,2800
5305,2900
5311,3000
5456,3100
5461,3200
5465,3300
5470,3400
5475,3500
5480,3600
5484,3700
5489,3800
5494,3900
5499,4000
5662,4100
5669,4200
5676,4300
5682,4400
5687,4500
5693,4600
5698,4700
5703,4800
5709,4900
5714,5000
5893,5100
5899,5200
5904,5300
5909,5400
5914,5500
5919,5600
5923,5700
5928,5800
5932,5900
5938,6000
6094,6100
6101,6200
6107,6300
6113,6400
6118,6500
6122,6600
6128,6700
6133,6800
6138,6900
6144,7000
6265,7100
6272,7200
6278,7300
6284,7400
6289,7500
6295,7600
6299,7700
6304,7800
6310,7900
6315,8000
6442,8100
6448,8200
6454,8300
6459,8400
6465,8500
6470,8600
6476,8700
6481,8800
6485,8900
6491,9000
6673,9100
6677,9200
6681,9300
6685,9400
6689,9500
6693,9600
6697,9700
6700,9800
6704,9900
6709,10000
6841,10100
6848,10200
6853,10300
6859,10400
6864,10500
6868,10600
6873,10700
6877,10800
6882,10900
6886,11000
7037,11100
7043,11200
7049,11300
7068,11400
7073,11500
7079,11600
7084,11700
7089,11800
7093,11900
7098,12000
7245,12100
7253,12200
7261,12300
7268,12400
7274,12500
7280,12600
7286,12700
7291,12800
7297,12900
7302,13000
7494,13100
7498,13200
7503,13300
7508,13400
7513,13500
7517,13600
7521,13700
7525,13800
7529,13900
7533,14000
7719,14100
7727,14200
7735,14300
7742,14400
7748,14500
7754,14600
7759,14700
7764,14800
7770,14900
7775,15000
7921,15100
7928,15200
7935,15300
7941,15400
7946,15500
7952,15600
7957,15700
7961,15800
7967,15900
7970,16000
8089,16100
8096,16200
8102,16300
8108,16400
8112,16500
8118,16600
8124,16700
8129,16800
8134,16900
8139,17000
8278,17100
8282,17200
8287,17300
8291,17400
8296,17500
8300,17600
8304,17700
8309,17800
8313,17900
8336,18000
8467,18100
8474,18200
8481,18300
8486,18400
8492,18500
8497,18600
8502,18700
8508,18800
8513,18900
8518,19000
8688,19100
8696,19200
8703,19300
8710,19400
8715,19500
8721,19600
8726,19700
8731,19800
8736,19900
8741,20000
8852,20100
8858,20200
8864,20300
8869,20400
8873,20500
8877,20600
8881,20700
8886,20800
8891,20900
8896,21000
9102,21100
9107,21200
9110,21300
9114,21400
9118,21500
9123,21600
9127,21700
9131,21800
9136,21900
9140,22000
9289,22100
9295,22200
9300,22300
9305,22400
9311,22500
9316,22600
9321,22700
9326,22800
9330,22900
9335,23000
9462,23100
9469,23200
9475,23300
9482,23400
9487,23500
9493,23600
9498,23700
9503,23800
9508,23900
9513,24000
9665,24100
9673,24200
9681,24300
9686,24400
9693,24500
9699,24600
9705,24700
9710,24800
9716,24900
9722,25000
9924,25100
9927,25200
9930,25300
10003,25400
10008,25500
10012,25600
10016,25700
10020,25800
10025,25900
10030,26000
10168,26100
10175,26200
10180,26300
10184,26400
10190,26500
10195,26600
10200,26700
10206,26800
10211,26900
10215,27000
10347,27100
10353,27200
10359,27300
10364,27400
10370,27500
10374,27600
10378,27700
10382,27800
10387,27900
10391,28000
10560,28100
10568,28200
10574,28300
10580,28400
10587,28500
10593,28600
10598,28700
10603,28800
10608,28900
10613,29000
10757,29100
10761,29200
10765,29300
10769,29400
10773,29500
10777,29600
10781,29700
10784,29800
10788,29900
10792,30000
11081,30100
11086,30200
11091,30300
11095,30400
11099,30500
11103,30600
11108,30700
11112,30800
11116,30900
11121,31000
11289,31100
11294,31200
11300,31300
11305,31400
11310,31500
11316,31600
11321,31700
11325,31800
11331,31900
11335,32000
11485,32100
11494,32200
11503,32300
11510,32400
11517,32500
11523,32600
11529,32700
11535,32800
11541,32900
11546,33000
11742,33100
11746,33200
11751,33300
11755,33400
11760,33500
11765,33600
11770,33700
11774,33800
11779,33900
11784,34000
12025,34100
12029,34200
12033,34300
12037,34400
12041,34500
12045,34600
12049,34700
12054,34800
12058,34900
12063,35000
12201,35100
12208,35200
12214,35300
12219,35400
12225,35500
12230,35600
12236,35700
12241,35800
12246,35900
12251,36000
12402,36100
12410,36200
12417,36300
12423,36400
12429,36500
12435,36600
12441,36700
12446,36800
12452,36900
12457,37000
12613,37100
12618,37200
12622,37300
12627,37400
12631,37500
12636,37600
12640,37700
12645,37800
12649,37900
12653,38000
12833,38100
12837,38200
12842,38300
12923,38400
12927,38500
12932,38600
12937,38700
12942,38800
12947,38900
12952,39000
13106,39100
13113,39200
13119,39300
13126,39400
13132,39500
13138,39600
13143,39700
13148,39800
13153,39900
13158,40000
13312,40100
13319,40200
13326,40300
13332,40400
13338,40500
13344,40600
13349,40700
13354,40800
13359,40900
13364,41000
13527,41100
13531,41200
13535,41300
13540,41400
13544,41500
13548,41600
13552,41700
13557,41800
13562,41900
13566,42000
13830,42100
13834,42200
13838,42300
13853,42400
13857,42500
13862,42600
13866,42700
13870,42800
13875,42900
13879,43000
14064,43100
14074,43200
14083,43300
14091,43400
14097,43500
14103,43600
14108,43700
14113,43800
14118,43900
14123,44000
14296,44100
14304,44200
14311,44300
14317,44400
14324,44500
14330,44600
14336,44700
14340,44800
14346,44900
14350,45000
14523,45100
14528,45200
14532,45300
14536,45400
14541,45500
14545,45600
14550,45700
14554,45800
14559,45900
14563,46000
14772,46100
14844,46200
14848,46300
14853,46400
14858,46500
14863,46600
14868,46700
14873,46800
14878,46900
14882,47000
15043,47100
15050,47200
15057,47300
15063,47400
15070,47500
15075,47600
15081,47700
15086,47800
15091,47900
15095,48000
15250,48100
15257,48200
15263,48300
15270,48400
15276,48500
15281,48600
15286,48700
15291,48800
15297,48900
15302,49000
15480,49100
15485,49200
15489,49300
15494,49400
15499,49500
15504,49600
15509,49700
15515,49800
15520,49900
15526,50000
15739,50100
15744,50200
15799,50300
15804,50400
15809,50500
15814,50600
15819,50700
15824,50800
15829,50900
15834,51000
15989,51100
15997,51200
16005,51300
16012,51400
16019,51500
16024,51600
16031,51700
16041,51800
16047,51900
16053,52000
16182,52100
16188,52200
16193,52300
16198,52400
16203,52500
16209,52600
16214,52700
16220,52800
16225,52900
16231,53000
16415,53100
16421,53200
16426,53300
16431,53400
16436,53500
16441,53600
16447,53700
16453,53800
16458,53900
16463,54000
16608,54100
16613,54200
16618,54300
16623,54400
16700,54500
16705,54600
16710,54700
16716,54800
16721,54900
16726,55000
16870,55100
16877,55200
16883,55300
16889,55400
16896,55500
16902,55600
16908,55700
16913,55800
16920,55900
16926,56000
17063,56100
17071,56200
17079,56300
17086,56400
17093,56500
17098,56600
17104,56700
17110,56800
17116,56900
17121,57000
17288,57100
17294,57200
17300,57300
17306,57400
17312,57500
17317,57600
17323,57700
17330,57800
17336,57900
17342,58000
17499,58100
17592,58200
17601,58300
17607,58400
17612,58500
17618,58600
17624,58700
17629,58800
17635,58900
17641,59000
17790,59100
17800,59200
17808,59300
17816,59400
17822,59500
17829,59600
17835,59700
17841,59800
17847,59900
17853,60000
17992,60100
18001,60200
18009,60300
18015,60400
18022,60500
18029,60600
18035,60700
18041,60800
18048,60900
18055,61000
18218,61100
18223,61200
18229,61300
18235,61400
18240,61500
18246,61600
18253,61700
18259,61800
18265,61900
18271,62000
18433,62100
18439,62200
18445,62300
18518,62400
18525,62500
18532,62600
18539,62700
18544,62800
18550,62900
18556,63000
18707,63100
18716,63200
18725,63300
18733,63400
18740,63500
18747,63600
18753,63700
18759,63800
18765,63900
18772,64000
18908,64100
18916,64200
18922,64300
18930,64400
18936,64500
18943,64600
18949,64700
18955,64800
18962,64900
18968,65000
19107,65100
19113,65200
19119,65300
19124,65400
19132,65500
19142,65600
19152,65700
19161,65800
19170,65900
19180,66000
19363,66100
19450,66200
19461,66300
19471,66400
19480,66500
19488,66600
19496,66700
19503,66800
19512,66900
19521,67000
19668,67100
19678,67200
19694,67300
19709,67400
19717,67500
19724,67600
19731,67700
19739,67800
19747,67900
19756,68000
19920,68100
19932,68200
19942,68300
19951,68400
19959,68500
19969,68600
19977,68700
19987,68800
19995,68900
20005,69000
20165,69100
20174,69200
20185,69300
20193,69400
20202,69500
20211,69600
20219,69700
20226,69800
20234,69900
20242,70000
20392,70100
20401,70200
20408,70300
20497,70400
20505,70500
20514,70600
20523,70700
20530,70800
20542,70900
20549,71000
20688,71100
20699,71200
20706,71300
20715,71400
20722,71500
20729,71600
20736,71700
20743,71800
20752,71900
20759,72000
20917,72100
20928,72200
20936,72300
20945,72400
20954,72500
20962,72600
20971,72700
20980,72800
20988,72900
20995,73000
21136,73100
21144,73200
21154,73300
21161,73400
21168,73500
21174,73600
21181,73700
21187,73800
21195,73900
21203,74000
21355,74100
21362,74200
21368,74300
21375,74400
21380,74500
21456,74600
21464,74700
21473,74800
21481,74900
21490,75000
21648,75100
21655,75200
21662,75300
21669,75400
21676,75500
21684,75600
21690,75700
21697,75800
21705,75900
21711,76000
21837,76100
21846,76200
21854,76300
21861,76400
21868,76500
21875,76600
21882,76700
21888,76800
21896,76900
21904,77000
22064,77100
22071,77200
22081,77300
22089,77400
22097,77500
22106,77600
22115,77700
22123,77800
22130,77900
22136,78000
22289,78100
22297,78200
22406,78300
22414,78400
22422,78500
22429,78600
22438,78700
22446,78800
22455,78900
22462,79000
22608,79100
22619,79200
22628,79300
22638,79400
22647,79500
22656,79600
22664,79700
22672,79800
22681,79900
22690,80000
22838,80100
22845,80200
22852,80300
22860,80400
22868,80500
22874,80600
22881,80700
22888,80800
22895,80900
22902,81000
23050,81100
23062,81200
23071,81300
23084,81400
23092,81500
23102,81600
23110,81700
23119,81800
23126,81900
23135,82000
23380,82100
23413,82200
23420,82300
23428,82400
23435,82500
23442,82600
23451,82700
23463,82800
23471,82900
23479,83000
23605,83100
23616,83200
23626,83300
23635,83400
23644,83500
23652,83600
23660,83700
23669,83800
23676,83900
23684,84000
23846,84100
23857,84200
23868,84300
23876,84400
23883,84500
23890,84600
23897,84700
23905,84800
23913,84900
23922,85000
24062,85100
24067,85200
24073,85300
24079,85400
24085,85500
24093,85600
24099,85700
24106,85800
24113,85900
24121,86000
24289,86100
24297,86200
24306,86300
24397,86400
24406,86500
24414,86600
24422,86700
24431,86800
24441,86900
24450,87000
24593,87100
24602,87200
24613,87300
24622,87400
24632,87500
24640,87600
24650,87700
24658,87800
24667,87900
24676,88000
24818,88100
24830,88200
24839,88300
24847,88400
24855,88500
24863,88600
24871,88700
24878,88800
24886,88900
24894,89000
25031,89100
25040,89200
25047,89300
25054,89400
25060,89500
25068,89600
25076,89700
25084,89800
25093,89900
25100,90000
25275,90100
25282,90200
25349,90300
25389,90400
25395,90500
25403,90600
25410,90700
25418,90800
25425,90900
25433,91000
25575,91100
25584,91200
25593,91300
25601,91400
25607,91500
25614,91600
25620,91700
25627,91800
25634,91900
25640,92000
25804,92100
25822,92200
25829,92300
25836,92400
25844,92500
25850,92600
25857,92700
25868,92800
25885,92900
25906,93000
26073,93100
26085,93200
26093,93300
26101,93400
26110,93500
26118,93600
26137,93700
26154,93800
26165,93900
26177,94000
26357,94100
26426,94200
26434,94300
26465,94400
26474,94500
26484,94600
26493,94700
26502,94800
26512,94900
26522,95000
26662,95100
26675,95200
26685,95300
26693,95400
26700,95500
26710,95600
26718,95700
26726,95800
26733,95900
26740,96000
26896,96100
26907,96200
26916,96300
26926,96400
26934,96500
26942,96600
26951,96700
26960,96800
26969,96900
26978,97000
27157,97100
27166,97200
27177,97300
27189,97400
27198,97500
27210,97600
27219,97700
27229,97800
27238,97900
27247,98000
27757,98100
27765,98200
27775,98300
27783,98400
27792,98500
27803,98600
27811,98700
27820,98800
27829,98900
27838,99000
28308,99100
28318,99200
28328,99300
28337,99400
28347,99500
28357,99600
28366,99700
28375,99800
28385,99900
28394,100000
28591,100100
28604,100200
28615,100300
28625,100400
28634,100500
28644,100600
28653,100700
28663,100800
28674,100900
28686,101000
28835,101100
28848,101200
28858,101300
28869,101400
28881,101500
28892,101600
28904,101700
28915,101800
28926,101900
28939,102000
29099,102100
29113,102200
29155,102300
29194,102400
29207,102500
29218,102600
29229,102700
29240,102800
29252,102900
29261,103000
29435,103100
29448,103200
29462,103300
29476,103400
29487,103500
29499,103600
29510,103700
29522,103800
29535,103900
29549,104000
29718,104100
29732,104200
29746,104300
29759,104400
29772,104500
29784,104600
29795,104700
29807,104800
29819,104900
29830,105000
29988,105100
30000,105200
30011,105300
30028,105400
30041,105500
30052,105600
30063,105700
30075,105800
30086,105900
30095,106000
30239,106100
30248,106200
30258,106300
30265,106400
30310,106500
30349,106600
30358,106700
30368,106800
30378,106900
30389,107000
30549,107100
30594,107200
30610,107300
30625,107400
30639,107500
30654,107600
30667,107700
30681,107800
30693,107900
30706,108000
30861,108100
30876,108200
30888,108300
30898,108400
30909,108500
30921,108600
30934,108700
30947,108800
30960,108900
30973,109000
31160,109100
31173,109200
31184,109300
31197,109400
31211,109500
31225,109600
31238,109700
31252,109800
31266,109900
31278,110000
31453,110100
31466,110200
31514,110300
31554,110400
31567,110500
31579,110600
31591,110700
31604,110800
31616,110900
31631,111000
31797,111100
31841,111200
31860,111300
31874,111400
31890,111500
31906,111600
31920,111700
31934,111800
31947,111900
31959,112000
32141,112100
32156,112200
32169,112300
32183,112400
32195,112500
32211,112600
32228,112700
32241,112800
32254,112900
32269,113000
32467,113100
32483,113200
32499,113300
32514,113400
32531,113500
32548,113600
32564,113700
32580,113800
32597,113900
32612,114000
32792,114100
32848,114200
32887,114300
32908,114400
32925,114500
32941,114600
32959,114700
32976,114800
32991,114900
33006,115000
33188,115100
33244,115200
33263,115300
33280,115400
33297,115500
33315,115600
33331,115700
33344,115800
33358,115900
33372,116000
33550,116100
33565,116200
33579,116300
33594,116400
33607,116500
33623,116600
33640,116700
33658,116800
33670,116900
33684,117000
33854,117100
33872,117200
33887,117300
33903,117400
33917,117500
33932,117600
33945,117700
33959,117800
33973,117900
33988,118000
34160,118100
34177,118200
34231,118300
34277,118400
34292,118500
34306,118600
34320,118700
34334,118800
34348,118900
34364,119000
34546,119100
34564,119200
34620,119300
34636,119400
34651,119500
34666,119600
34682,119700
34698,119800
34715,119900
34744,120000
34920,120100
34939,120200
34954,120300
34971,120400
34990,120500
35010,120600
35028,120700
35044,120800
35059,120900
35076,121000
35259,121100
35279,121200
35298,121300
35313,121400
35329,121500
35342,121600
35359,121700
35375,121800
35390,121900
35404,122000
35580,122100
35630,122200
35645,122300
35657,122400
35705,122500
35718,122600
35732,122700
35747,122800
35762,122900
35777,123000
35939,123100
35956,123200
35970,123300
36024,123400
36039,123500
36057,123600
36073,123700
36089,123800
36103,123900
36120,124000
36307,124100
36324,124200
36340,124300
36356,124400
36372,124500
36387,124600
36402,124700
36417,124800
36432,124900
36450,125000
36649,125100
36668,125200
36684,125300
36704,125400
36722,125500
36739,125600
36756,125700
36773,125800
36790,125900
36807,126000
37055,126100
37069,126200
37084,126300
37133,126400
37149,126500
37167,126600
37183,126700
37202,126800
37219,126900
37236,127000
37435,127100
37454,127200
37473,127300
37541,127400
37559,127500
37579,127600
37600,127700
37622,127800
37644,127900
37665,128000
37945,128100
37967,128200
37989,128300
38013,128400
38035,128500
38058,128600
38079,128700
38101,128800
38123,128900
38143,129000
38340,129100
38365,129200
38391,129300
38417,129400
38448,129500
38475,129600
38500,129700
38522,129800
38547,129900
38569,130000
38822,130100
38844,130200
38892,130300
38919,130400
38943,130500
38967,130600
38995,130700
39020,130800
39045,130900
39066,131000
39281,131100
39306,131200
39335,131300
39393,131400
39421,131500
39446,131600
39475,131700
39499,131800
39524,131900
39549,132000
39771,132100
39797,132200
39817,132300
39841,132400
39862,132500
39884,132600
39908,132700
39930,132800
39956,132900
39976,133000
40196,133100
40222,133200
40251,133300
40277,133400
40310,133500
40339,133600
40367,133700
40393,133800
40420,133900
40448,134000
40717,134100
40745,134200
40775,134300
40830,134400
40855,134500
40881,134600
40909,134700
40935,134800
40961,134900
40992,135000
41214,135100
41243,135200
41271,135300
41297,135400
41356,135500
41388,135600
41419,135700
41447,135800
41479,135900
41507,136000
41739,136100
41773,136200
41809,136300
41839,136400
41871,136500
41914,136600
41944,136700
41974,136800
42005,136900
42035,137000
42290,137100
42321,137200
42352,137300
42382,137400
42411,137500
42442,137600
42471,137700
42496,137800
42527,137900
42561,138000
42817,138100
42843,138200
42867,138300
42895,138400
42948,138500
42977,138600
43004,138700
43029,138800
43052,138900
43078,139000
43284,139100
43314,139200
43341,139300
43369,139400
43394,139500
43421,139600
43483,139700
43514,139800
43542,139900
43569,140000
43784,140100
43817,140200
43849,140300
43873,140400
43902,140500
43929,140600
43955,140700
43981,140800
44011,140900
44043,141000
44255,141100
44286,141200
44311,141300
44339,141400
44364,141500
44392,141600
44421,141700
44450,141800
44476,141900
44501,142000
44762,142100
44790,142200
44817,142300
44844,142400
44873,142500
44943,142600
44968,142700
44995,142800
45021,142900
45050,143000
45282,143100
45305,143200
45331,143300
45355,143400
45381,143500
45404,143600
45429,143700
45451,143800
45518,143900
45544,144000
45769,144100
45795,144200
45820,144300
45846,144400
45871,144500
45898,144600
45925,144700
45950,144800
45972,144900
46000,145000
46186,145100
46210,145200
46232,145300
46255,145400
46275,145500
46302,145600
46325,145700
46345,145800
46365,145900
46389,146000
46650,146100
46682,146200
46709,146300
46735,146400
46759,146500
46784,146600
46839,146700
46865,146800
46892,146900
46918,147000
47129,147100
47156,147200
47179,147300
47201,147400
47224,147500
47250,147600
47271,147700
47293,147800
47315,147900
47339,148000
47576,148100
47600,148200
47626,148300
47650,148400
47672,148500
47696,148600
47719,148700
47743,148800
47770,148900
47798,149000
48010,149100
48033,149200
48057,149300
48079,149400
48100,149500
48125,149600
48150,149700
48171,149800
48191,149900
48214,150000
48502,150100
48524,150200
48548,150300
48574,150400
48597,150500
48620,150600
48644,150700
48696,150800
48720,150900
48743,151000
48941,151100
48965,151200
48985,151300
49007,151400
49029,151500
49049,151600
49072,151700
49096,151800
49120,151900
49142,152000
49341,152100
49419,152200
49441,152300
49465,152400
49488,152500
49509,152600
49532,152700
49558,152800
49581,152900
49601,153000
49810,153100
49832,153200
49854,153300
49874,153400
49895,153500
49917,153600
49938,153700
49961,153800
49982,153900
50004,154000
50248,154100
50269,154200
50289,154300
50310,154400
50331,154500
50352,154600
50374,154700
50398,154800
50421,154900
50444,155000
50695,155100
50724,155200
50750,155300
50773,155400
50796,155500
50818,155600
50839,155700
50864,155800
50885,155900
50905,156000
51099,156100
51174,156200
51198,156300
51224,156400
51252,156500
51273,156600
51296,156700
51318,156800
51341,156900
51362,157000
51567,157100
51592,157200
51618,157300
51641,157400
51661,157500
51682,157600
51703,157700
51726,157800
51744,157900
51766,158000
52001,158100
52021,158200
52049,158300
52075,158400
52096,158500
52118,158600
52142,158700
52165,158800
52185,158900
52206,159000
52424,159100
52447,159200
52472,159300
52494,159400
52519,159500
52539,159600
52560,159700
52582,159800
52602,159900
52625,160000
52837,160100
52864,160200
52939,160300
52964,160400
52988,160500
53009,160600
53037,160700
53064,160800
53086,160900
53112,161000
53301,161100
53325,161200
53349,161300
53373,161400
53399,161500
53431,161600
53463,161700
53491,161800
53515,161900
53541,162000
53818,162100
53840,162200
53865,162300
53890,162400
53913,162500
53935,162600
53961,162700
53989,162800
54012,162900
54040,163000
54282,163100
54309,163200
54334,163300
54356,163400
54377,163500
54402,163600
54438,163700
54466,163800
54493,163900
54518,164000
54789,164100
54860,164200
54883,164300
54906,164400
54929,164500
54949,164600
54973,164700
55000,164800
55025,164900
55049,165000
55280,165100
55305,165200
55330,165300
55356,165400
55379,165500
55402,165600
55428,165700
55451,165800
55475,165900
55503,166000
55781,166100
55807,166200
55836,166300
55860,166400
55882,166500
55908,166600
55938,166700
55969,166800
55999,166900
56031,167000
56300,167100
56329,167200
56356,167300
56379,167400
56401,167500
56424,167600
56448,167700
56475,167800
56501,167900
56524,168000
56809,168100
56843,168200
57015,168300
57042,168400
57067,168500
57088,168600
57112,168700
57139,168800
57162,168900
57185,169000
57433,169100
57461,169200
57488,169300
57517,169400
57542,169500
57567,169600
57595,169700
57624,169800
57655,169900
57681,170000
57975,170100
57998,170200
58021,170300
58041,170400
58066,170500
58088,170600
58110,170700
58132,170800
58156,170900
58178,171000
58510,171100
58573,171200
58600,171300
58626,171400
58651,171500
58675,171600
58697,171700
58720,171800
58744,171900
58768,172000
59015,172100
59038,172200
59060,172300
59084,172400
59106,172500
59129,172600
59203,172700
59224,172800
59249,172900
59272,173000
59512,173100
59536,173200
59560,173300
59586,173400
59612,173500
59637,173600
59660,173700
59681,173800
59702,173900
59725,174000
59995,174100
60021,174200
60081,174300
60110,174400
60139,174500
60167,174600
60191,174700
60213,174800
60236,174900
60262,175000
60541,175100
60569,175200
60635,175300
60663,175400
60691,175500
60722,175600
60750,175700
60780,175800
60807,175900
60842,176000
61150,176100
61187,176200
61217,176300
61300,176400
61332,176500
61363,176600
61389,176700
61415,176800
61441,176900
61469,177000
61766,177100
61794,177200
61825,177300
61854,177400
61880,177500
61904,177600
61930,177700
61955,177800
61979,177900
62007,178000
62362,178100
62390,178200
62421,178300
62452,178400
62487,178500
62517,178600
62549,178700
62579,178800
62612,178900
62642,179000
62970,179100
63006,179200
63038,179300
63074,179400
63112,179500
63145,179600
63182,179700
63222,179800
63261,179900
63296,180000
63679,180100
63724,180200
63769,180300
63815,180400
63858,180500
63902,180600
63956,180700
64014,180800
64063,180900
64110,181000
64471,181100
64520,181200
64573,181300
64619,181400
64672,181500
64725,181600
64768,181700
64803,181800
64851,181900
64904,182000
65256,182100
65313,182200
65361,182300
65403,182400
65448,182500
65496,182600
65530,182700
65563,182800
65621,182900
65702,183000
66095,183100
66152,183200
66181,183300
66232,183400
66282,183500
66326,183600
66370,183700
66424,183800
66476,183900
66575,184000
66943,184100
66983,184200
67031,184300
67099,184400
67175,184500
67241,184600
67312,184700
67387,184800
67438,184900
67495,185000
67892,185100
67942,185200
67989,185300
68055,185400
68107,185500
68158,185600
68207,185700
68248,185800
68290,185900
68332,186000
68698,186100
68746,186200
68800,186300
68851,186400
68903,186500
68958,186600
69009,186700
69054,186800
69100,186900
69148,187000
69537,187100
69580,187200
69636,187300
69679,187400
69723,187500
69766,187600
69813,187700
69855,187800
69904,187900
69944,188000
70400,188100
70439,188200
70480,188300
70532,188400
70587,188500
70637,188600
70690,188700
70736,188800
70774,188900
70823,189000
71173,189100
71217,189200
71265,189300
71323,189400
71375,189500
71437,189600
71490,189700
71544,189800
71602,189900
71656,190000
72058,190100
72109,190200
72162,190300
72217,190400
72271,190500
72320,190600
72367,190700
72411,190800
72457,190900
72503,191000
72879,191100
72961,191200
73012,191300
73059,191400
73107,191500
73177,191600
73241,191700
73304,191800
73356,191900
73403,192000
73768,192100
73852,192200
73896,192300
73952,192400
74004,192500
74058,192600
74111,192700
74164,192800
74218,192900
74271,193000
74630,193100
74674,193200
74721,193300
74765,193400
74816,193500
74862,193600
74930,193700
74990,193800
75040,193900
75102,194000
75483,194100
75552,194200
75621,194300
75691,194400
75758,194500
75820,194600
75885,194700
75944,194800
75996,194900
76057,195000
76476,195100
76532,195200
76583,195300
76633,195400
76683,195500
76744,195600
76794,195700
76838,195800
76893,195900
76945,196000
77289,196100
77338,196200
77431,196300
77476,196400
77534,196500
77595,196600
77649,196700
77706,196800
77757,196900
77808,197000
78238,197100
78300,197200
78351,197300
78408,197400
78466,197500
78527,197600
78575,197700
78626,197800
78676,197900
78729,198000
79168,198100
79219,198200
79274,198300
79340,198400
79388,198500
79443,198600
79501,198700
79558,198800
79610,198900
79662,199000
80066,199100
80112,199200
80162,199300
80215,199400
80309,199500
80368,199600
80429,199700
80481,199800
80533,199900
80580,200000
80959,200100
81003,200200
81055,200300
81165,200400
81212,200500
81265,200600
81327,200700
81374,200800
81421,200900
81479,201000
81933,201100
81976,201200
82022,201300
82072,201400
82131,201500
82192,201600
82256,201700
82316,201800
82384,201900
82447,202000
82895,202100
82960,202200
83028,202300
83084,202400
83149,202500
83211,202600
83266,202700
83321,202800
83375,202900
83430,203000
83865,203100
83933,203200
84003,203300
84062,203400
84157,203500
84222,203600
84282,203700
84349,203800
84400,203900
84464,204000
84902,204100
84952,204200
85012,204300
85121,204400
85170,204500
85238,204600
85295,204700
85346,204800
85399,204900
85452,205000
85783,205100
85823,205200
85863,205300
85901,205400
85941,205500
85987,205600
86038,205700
86098,205800
86153,205900
86202,206000
86757,206100
86807,206200
86858,206300
86902,206400
86952,206500
87006,206600
87066,206700
87127,206800
87184,206900
87239,207000
87665,207100
87724,207200
87786,207300
87832,207400
87882,207500
87936,207600
87994,207700
88086,207800
88143,207900
88199,208000
88616,208100
88680,208200
88742,208300
88816,208400
88926,208500
88989,208600
89049,208700
89106,208800
89177,208900
89236,209000
89638,209100
89694,209200
89746,209300
89795,209400
89850,209500
89919,209600
89974,209700
90031,209800
90087,209900
90138,210000
90559,210100
90615,210200
90674,210300
90733,210400
90779,210500
90824,210600
90873,210700
90919,210800
90991,210900
91062,211000
91385,211100
91462,211200
91534,211300
91599,211400
91675,211500
91759,211600
91825,211700
91920,211800
91984,211900
92058,212000
92515,212100
92603,212200
92667,212300
92796,212400
92863,212500
92930,212600
93003,212700
93084,212800
93150,212900
93230,213000
93693,213100
93758,213200
93817,213300
93885,213400
93950,213500
94006,213600
94065,213700
94122,213800
94189,213900
94246,214000
94704,214100
94766,214200
94830,214300
94882,214400
94937,214500
94982,214600
95031,214700
95091,214800
95155,214900
95214,215000
95656,215100
95737,215200
95818,215300
95887,215400
95962,215500
96032,215600
96108,215700
96207,215800
96325,215900
96403,216000
96867,216100
96957,216200
97037,216300
97181,216400
97243,216500
97310,216600
97390,216700
97479,216800
97559,216900
97656,217000
98094,217100
98166,217200
98236,217300
98309,217400
98382,217500
98452,217600
98542,217700
98630,217800
98699,217900
98776,218000
99223,218100
99296,218200
99372,218300
99452,218400
99536,218500
99618,218600
99699,218700
99770,218800
99838,218900
99910,219000
100381,219100
100475,219200
100561,219300
100647,219400
100723,219500
100804,219600
100925,219700
100993,219800
101057,219900
101133,220000
101606,220100
101691,220200
101771,220300
101882,220400
101950,220500
102026,220600
102097,220700
102171,220800
102248,220900
102316,221000
102793,221100
102872,221200
102941,221300
103011,221400
103069,221500
103136,221600
103193,221700
103260,221800
103334,221900
103400,222000
103852,222100
103927,222200
104010,222300
104086,222400
104172,222500
104254,222600
104339,222700
104427,222800
104505,222900
104590,223000
105016,223100
105113,223200
105203,223300
105282,223400
105367,223500
105454,223600
105574,223700
105704,223800
105799,223900
105875,224000
106345,224100
106424,224200
106508,224300
106640,224400
106726,224500
106815,224600
106904,224700
106992,224800
107062,224900
107128,225000
107569,225100
107642,225200
107728,225300
107808,225400
107892,225500
107970,225600
108052,225700
108122,225800
108192,225900
108264,226000
108791,226100
108853,226200
108916,226300
108973,226400
109040,226500
109113,226600
109192,226700
109270,226800
109345,226900
109411,227000
109846,227100
109929,227200
110022,227300
110096,227400
110194,227500
110277,227600
110358,227700
110433,227800
110540,227900
110647,228000
111138,228100
111243,228200
111351,228300
111439,228400
111583,228500
111668,228600
111758,228700
111840,228800
111946,228900
112025,229000
112515,229100
112608,229200
112694,229300
112794,229400
112889,229500
113001,229600
113100,229700
113199,229800
113286,229900
113360,230000
113799,230100
113904,230200
114006,230300
114111,230400
114202,230500
114309,230600
114421,230700
114536,230800
114658,230900
114741,231000
115251,231100
115339,231200
115425,231300
115525,231400
115615,231500
115711,231600
115813,231700
115935,231800
116034,231900
116105,232000
116661,232100
116757,232200
116839,232300
116909,232400
116986,232500
117120,232600
117206,232700
117296,232800
117383,232900
117490,233000
117988,233100
118074,233200
118152,233300
118228,233400
118314,233500
118396,233600
118481,233700
118560,233800
118668,233900
118745,234000
119477,234100
119566,234200
119660,234300
119747,234400
119822,234500
119906,234600
119985,234700
120068,234800
120151,234900
120232,235000
120691,235100
120782,235200
120880,235300
120977,235400
121078,235500
121181,235600
121293,235700
121381,235800
121475,235900
121567,236000
122088,236100
122185,236200
122286,236300
122389,236400
122485,236500
122574,236600
122722,236700
122809,236800
122880,236900
122957,237000
123540,237100
123625,237200
123717,237300
123794,237400
123879,237500
123974,237600
124054,237700
124145,237800
124221,237900
124293,238000
124791,238100
124864,238200
124946,238300
125038,238400
125113,238500
125200,238600
125284,238700
125362,238800
125434,238900
125506,239000
125968,239100
126054,239200
126137,239300
126224,239400
126308,239500
126398,239600
126494,239700
126579,239800
126665,239900
126763,240000
127186,240100
127293,240200
127396,240300
127487,240400
127565,240500
127710,240600
127783,240700
127854,240800
127933,240900
128005,241000
128429,241100
128592,241200
128655,241300
128729,241400
128802,241500
128874,241600
128940,241700
128992,241800
129058,241900
129134,242000
129612,242100
129705,242200
129806,242300
129887,242400
129988,242500
130060,242600
130131,242700
130202,242800
130267,242900
130326,243000
130758,243100
130842,243200
130931,243300
131003,243400
131112,243500
131196,243600
131272,243700
131355,243800
131435,243900
131505,244000
131918,244100
131993,244200
132078,244300
132164,244400
132234,244500
132300,244600
132369,244700
132447,244800
132506,244900
132585,245000
132986,245100
133049,245200
133104,245300
133172,245400
133236,245500
133351,245600
133417,245700
133483,245800
133548,245900
133608,246000
134076,246100
134200,246200
134285,246300
134345,246400
134402,246500
134457,246600
134512,246700
134570,246800
134635,246900
134702,247000
135117,247100
135187,247200
135263,247300
135323,247400
135384,247500
135438,247600
135494,247700
135548,247800
135598,247900
135673,248000
136117,248100
136205,248200
136288,248300
136372,248400
136449,248500
136522,248600
136586,248700
136649,248800
136705,248900
136792,249000
137242,249100
137319,249200
137401,249300
137489,249400
137592,249500
137726,249600
137834,249700
137911,249800
138020,249900
138088,250000
138557,250100
138631,250200
138696,250300
138768,250400
138891,250500
138958,250600
139025,250700
139094,250800
139158,250900
139247,251000
139641,251100
139710,251200
139783,251300
139841,251400
139891,251500
139951,251600
140002,251700
140078,251800
140182,251900
140260,252000
140716,252100
140817,252200
140906,252300
140997,252400
141105,252500
141179,252600
141261,252700
141330,252800
141404,252900
141490,253000
141956,253100
142044,253200
142137,253300
142226,253400
142376,253500
142450,253600
142533,253700
142610,253800
142697,253900
142766,254000
143206,254100
143287,254200
143379,254300
143469,254400
143560,254500
143700,254600
143784,254700
143851,254800
143922,254900
143992,255000
144454,255100
144524,255200
144585,255300
144647,255400
144715,255500
144771,255600
144830,255700
144901,255800
144988,255900
145062,256000
145517,256100
145619,256200
145698,256300
145773,256400
145852,256500
145934,256600
146009,256700
146087,256800
146150,256900
146225,257000
146634,257100
146720,257200
146792,257300
146869,257400
146948,257500
147039,257600
147111,257700
147184,257800
147314,257900
147379,258000
147777,258100
147858,258200
147934,258300
148035,258400
148110,258500
148214,258600
148302,258700
148377,258800
148468,258900
148599,259000
149030,259100
149096,259200
149168,259300
149231,259400
149299,259500
149366,259600
149447,259700
149522,259800
149606,259900
149671,260000
150157,260100
150233,260200
150328,260300
150390,260400
150482,260500
150550,260600
150617,260700
150694,260800
150764,260900
150846,261000
151278,261100
151377,261200
151462,261300
151570,261400
151665,261500
151757,261600
151846,261700
151988,261800
152050,261900
152105,262000
152562,262100
152645,262200
152737,262300
152809,262400
152889,262500
152967,262600
153051,262700
153129,262800
153215,262900
153329,263000
153782,263100
153856,263200
153927,263300
153994,263400
154062,263500
154131,263600
154207,263700
154265,263800
154330,263900
154401,264000
154809,264100
154899,264200
154974,264300
155060,264400
155145,264500
155214,264600
155298,264700
155373,264800
155443,264900
155523,265000
155938,265100
156027,265200
156121,265300
156243,265400
156339,265500
156448,265600
156575,265700
156690,265800
156795,265900
156892,266000
157337,266100
157414,266200
157516,266300
157584,266400
157661,266500
157751,266600
157832,266700
157931,266800
158008,266900
158097,267000
158598,267100
158733,267200
158801,267300
158862,267400
158930,267500
158996,267600
159051,267700
159120,267800
159185,267900
159280,268000
159695,268100
159807,268200
159913,268300
160021,268400
160140,268500
160272,268600
160395,268700
160504,268800
160594,268900
160669,269000
161157,269100
161240,269200
161338,269300
161426,269400
161552,269500
161667,269600
161795,269700
161911,269800
161987,269900
162086,270000
162559,270100
162671,270200
162826,270300
163027,270400
163235,270500
163392,270600
163575,270700
163704,270800
163842,270900
163974,271000
164696,271100
164856,271200
164958,271300
165047,271400
165158,271500
165285,271600
165430,271700
165555,271800
165700,271900
165849,272000
166387,272100
166524,272200
166640,272300
166731,272400
166836,272500
166951,272600
167066,272700
167170,272800
167272,272900
167391,273000
167994,273100
168117,273200
168244,273300
168327,273400
168451,273500
168557,273600
168650,273700
168730,273800
168807,273900
168911,274000
169424,274100
169517,274200
169644,274300
169753,274400
169842,274500
169964,274600
170070,274700
170170,274800
170273,274900
170374,275000
170891,275100
170986,275200
171100,275300
171215,275400
171303,275500
171482,275600
171590,275700
171668,275800
171759,275900
171850,276000
172270,276100
172388,276200
172485,276300
172564,276400
172649,276500
172757,276600
172846,276700
172942,276800
173037,276900
173127,277000
173576,277100
173675,277200
173757,277300
173840,277400
173955,277500
174044,277600
174152,277700
174245,277800
174333,277900
174413,278000
174855,278100
174935,278200
175049,278300
175158,278400
175269,278500
175372,278600
175480,278700
175581,278800
175694,278900
175820,279000
176264,279100
176408,279200
176536,279300
176636,279400
176719,279500
176808,279600
176901,279700
176990,279800
177113,279900
177198,280000
177643,280100
177716,280200
177796,280300
177895,280400
177988,280500
178093,280600
178196,280700
178271,280800
178365,280900
178455,281000
178909,281100
178992,281200
179070,281300
179160,281400
179250,281500
179368,281600
179483,281700
179597,281800
179695,281900
179795,282000
180274,282100
180380,282200
180481,282300
180577,282400
180674,282500
180781,282600
180903,282700
181016,282800
181129,282900
181246,283000
181769,283100
181887,283200
182003,283300
182148,283400
182252,283500
182332,283600
182436,283700
182539,283800
182625,283900
182791,284000
183406,284100
183528,284200
183628,284300
183744,284400
183854,284500
183954,284600
184069,284700
184156,284800
184254,284900
184375,285000
184884,285100
185010,285200
185111,285300
185252,285400
185405,285500
185520,285600
185629,285700
185737,285800
185849,285900
185949,286000
186390,286100
186480,286200
186580,286300
186700,286400
186821,286500
186943,286600
187054,286700
187177,286800
187294,286900
187437,287000
187958,287100
188068,287200
188185,287300
188367,287400
188482,287500
188592,287600
188748,287700
188881,287800
189008,287900
189112,288000
189914,288100
190013,288200
190109,288300
190250,288400
190361,288500
190465,288600
190591,288700
190760,288800
190927,288900
191062,289000
191630,289100
191751,289200
191876,289300
192014,289400
192132,289500
192240,289600
192359,289700
192478,289800
192627,289900
192754,290000
193355,290100
193478,290200
193612,290300
193740,290400
193911,290500
194082,290600
194178,290700
194293,290800
194406,290900
194507,291000
195071,291100
195190,291200
195333,291300
195487,291400
195654,291500
195791,291600
195903,291700
196021,291800
196166,291900
196255,292000
196696,292100
196802,292200
196957,292300
197075,292400
197210,292500
197322,292600
197451,292700
197561,292800
197672,292900
197796,293000
198315,293100
198429,293200
198561,293300
198663,293400
198783,293500
198891,293600
199015,293700
199117,293800
199211,293900
199313,294000
199829,294100
199967,294200
200081,294300
200200,294400
200311,294500
200442,294600
200572,294700
200705,294800
200843,294900
201005,295000
201536,295100
201719,295200
201841,295300
201969,295400
202075,295500
202153,295600
202344,295700
202446,295800
202569,295900
202673,296000
203194,296100
203329,296200
203445,296300
203632,296400
203739,296500
203848,296600
203944,296700
204081,296800
204179,296900
204291,297000
204772,297100
204913,297200
205021,297300
205170,297400
205296,297500
205437,297600
205563,297700
205669,297800
205793,297900
205901,298000
206428,298100
206576,298200
206693,298300
206835,298400
206996,298500
207129,298600
207246,298700
207355,298800
207485,298900
207615,299000
208122,299100
208306,299200
208499,299300
208633,299400
208800,299500
208953,299600
209169,299700
209310,299800
209442,299900
209552,300000
209989,300100
210077,300200
210205,300300
210327,300400
210455,300500
210574,300600
210740,300700
210865,300800
210989,300900
211100,301000
211590,301100
211690,301200
211826,301300
211927,301400
212042,301500
212164,301600
212277,301700
212417,301800
212536,301900
212672,302000
213156,302100
213308,302200
213464,302300
213567,302400
213691,302500
213827,302600
213957,302700
214092,302800
214256,302900
214390,303000
214973,303100
215126,303200
215247,303300
215381,303400
215526,303500
215647,303600
215791,303700
215965,303800
216082,303900
216204,304000
216724,304100
216827,304200
216986,304300
217135,304400
217284,304500
217426,304600
217537,304700
217742,304800
217869,304900
217998,305000
218526,305100
218662,305200
218785,305300
218911,305400
219047,305500
219175,305600
219278,305700
219391,305800
219476,305900
219596,306000
220178,306100
220311,306200
220459,306300
220606,306400
220739,306500
220883,306600
221021,306700
221158,306800
221282,306900
221391,307000
221899,307100
222000,307200
222159,307300
222317,307400
222482,307500
222687,307600
222817,307700
222955,307800
223078,307900
223214,308000
223664,308100
223791,308200
223900,308300
224008,308400
224123,308500
224270,308600
224469,308700
224639,308800
224787,308900
224955,309000
225522,309100
225647,309200
225754,309300
225881,309400
226022,309500
226148,309600
226318,309700
226478,309800
226647,309900
226818,310000
227341,310100
227547,310200
227734,310300
227919,310400
228057,310500
228212,310600
228361,310700
228518,310800
228698,310900
228826,311000
229473,311100
229606,311200
229753,311300
229914,311400
230029,311500
230151,311600
230267,311700
230403,311800
230625,311900
230763,312000
231281,312100
231421,312200
231562,312300
231683,312400
231829,312500
231951,312600
232111,312700
232246,312800
232383,312900
232490,313000
232993,313100
233097,313200
233225,313300
233363,313400
233476,313500
233597,313600
233697,313700
233793,313800
233923,313900
234067,314000
234664,314100
234862,314200
235025,314300
235158,314400
235306,314500
235452,314600
235563,314700
235684,314800
235810,314900
235962,315000
236518,315100
236675,315200
236879,315300
237054,315400
237264,315500
237437,315600
237644,315700
237818,315800
238067,315900
238213,316000
238716,316100
238864,316200
239017,316300
239180,316400
239316,316500
239452,316600
239646,316700
239770,316800
239892,316900
240033,317000
240612,317100
240764,317200
240911,317300
241088,317400
241282,317500
241459,317600
241628,317700
241830,317800
241990,317900
242186,318000
242731,318100
242912,318200
243143,318300
243264,318400
243412,318500
243564,318600
243763,318700
243967,318800
244128,318900
244296,319000
244884,319100
245057,319200
245286,319300
245424,319400
245607,319500
245860,319600
245991,319700
246177,319800
246395,319900
246581,320000
247095,320100
247239,320200
247380,320300
247533,320400
247709,320500
247821,320600
247960,320700
248122,320800
248278,320900
248444,321000
249001,321100
249138,321200
249285,321300
249455,321400
249589,321500
249718,321600
249825,321700
249937,321800
250077,321900
250216,322000
250806,322100
251001,322200
251185,322300
251388,322400
251570,322500
251750,322600
251952,322700
252161,322800
252321,322900
252533,323000
253199,323100
253415,323200
253682,323300
253863,323400
254030,323500
254191,323600
254365,323700
254536,323800
254667,323900
254840,324000
255355,324100
255539,324200
255725,324300
255904,324400
256090,324500
256319,324600
256438,324700
256576,324800
256706,324900
256831,325000
257410,325100
257617,325200
257832,325300
258030,325400
258274,325500
258445,325600
258664,325700
258880,325800
259034,325900
259209,326000
259866,326100
260101,326200
260296,326300
260474,326400
260652,326500
260816,326600
261022,326700
261184,326800
261337,326900
261485,327000
262448,327100
262626,327200
262856,327300
263067,327400
263315,327500
263520,327600
263720,327700
263896,327800
264057,327900
264224,328000
264768,328100
265022,328200
265176,328300
265351,328400
265494,328500
265652,328600
265805,328700
265968,328800
266151,328900
266328,329000
266852,329100
267035,329200
267208,329300
267358,329400
267550,329500
267726,329600
267899,329700
268124,329800
268309,329900
268477,330000
269126,330100
269280,330200
269441,330300
269620,330400
269842,330500
270011,330600
270212,330700
270408,330800
270586,330900
270785,331000
271920,331100
272170,331200
272364,331300
272551,331400
272750,331500
272940,331600
273118,331700
273288,331800
273467,331900
273625,332000
274186,332100
274350,332200
274521,332300
274738,332400
275019,332500
275189,332600
275434,332700
275613,332800
275791,332900
275953,333000
276695,333100
276869,333200
277077,333300
277262,333400
277470,333500
277694,333600
277894,333700
278117,333800
278312,333900
278509,334000
279182,334100
279372,334200
279675,334300
279900,334400
280155,334500
280400,334600
280616,334700
280847,334800
281056,334900
281264,335000
281963,335100
282197,335200
282515,335300
282738,335400
282960,335500
283210,335600
283413,335700
283608,335800
283758,335900
283927,336000
284533,336100
284705,336200
284835,336300
285026,336400
285203,336500
285379,336600
285534,336700
285680,336800
285798,336900
285914,337000
286452,337100
286652,337200
286827,337300
287049,337400
287261,337500
287450,337600
287714,337700
287903,337800
288119,337900
288355,338000
288999,338100
289297,338200
289511,338300
289741,338400
289918,338500
290132,338600
290320,338700
290577,338800
290841,338900
291076,339000
291978,339100
292156,339200
292390,339300
292607,339400
292773,339500
292996,339600
293203,339700
293421,339800
293597,339900
293763,340000
294389,340100
294646,340200
294834,340300
295012,340400
295235,340500
295469,340600
295649,340700
295804,340800
295937,340900
296069,341000
296694,341100
296864,341200
297031,341300
297247,341400
297374,341500
297578,341600
297784,341700
297996,341800
298154,341900
298348,342000
298959,342100
299125,342200
299281,342300
299460,342400
299632,342500
299863,342600
300050,342700
300248,342800
300448,342900
300622,343000
301280,343100
301542,343200
301824,343300
302118,343400
302349,343500
302612,343600
302822,343700
303036,343800
303271,343900
303509,344000
304165,344100
304336,344200
304567,344300
304715,344400
304915,344500
305119,344600
305283,344700
305457,344800
305661,344900
305864,345000
306517,345100
306746,345200
307005,345300
307234,345400
307465,345500
307765,345600
307998,345700
308259,345800
308558,345900
308762,346000
309463,346100
309685,346200
309954,346300
310190,346400
310406,346500
310637,346600
310810,346700
311019,346800
311267,346900
311500,347000
312223,347100
312439,347200
312679,347300
312901,347400
313097,347500
313291,347600
313441,347700
313622,347800
313844,347900
314021,348000
314643,348100
314833,348200
315043,348300
315302,348400
315472,348500
315640,348600
315796,348700
315981,348800
316163,348900
316274,349000
317019,349100
317204,349200
317402,349300
317651,349400
317806,349500
318012,349600
318264,349700
318448,349800
318701,349900
318948,350000
319749,350100
320117,350200
320418,350300
320678,350400
320917,350500
321185,350600
321413,350700
321632,350800
321864,350900
322137,351000
322920,351100
323256,351200
323505,351300
323701,351400
323959,351500
324175,351600
324394,351700
324589,351800
324838,351900
325094,352000
325812,352100
326143,352200
326412,352300
326643,352400
326871,352500
327110,352600
327340,352700
327588,352800
327770,352900
327965,353000
328657,353100
328926,353200
329197,353300
329467,353400
329765,353500
330019,353600
330273,353700
330472,353800
330724,353900
331018,354000
331665,354100
331959,354200
332325,354300
332720,354400
332922,354500
333141,354600
333376,354700
333576,354800
333802,354900
334050,355000
336036,355100
336270,355200
336501,355300
336727,355400
336987,355500
337279,355600
337504,355700
337804,355800
337985,355900
338233,356000
338897,356100
339121,356200
339376,356300
339574,356400
339783,356500
339995,356600
340252,356700
340425,356800
340670,356900
340854,357000
341588,357100
341854,357200
342081,357300
342255,357400
342480,357500
342728,357600
342973,357700
343212,357800
343487,357900
343765,358000
344623,358100
344934,358200
345265,358300
345541,358400
345812,358500
346149,358600
346445,358700
346660,358800
346897,358900
347267,359000
348066,359100
348318,359200
348591,359300
348840,359400
349047,359500
349299,359600
349505,359700
349652,359800
349868,359900
350080,360000
350767,360100
351033,360200
351390,360300
351618,360400
351830,360500
352080,360600
352299,360700
352507,360800
352672,360900
352897,361000
353666,361100
353978,361200
354399,361300
354702,361400
354956,361500
355239,361600
355579,361700
355865,361800
356139,361900
356447,362000
357350,362100
357647,362200
357847,362300
358092,362400
358311,362500
358519,362600
358774,362700
359093,362800
359285,362900
359643,363000
360436,363100
360736,363200
361140,363300
361489,363400
361759,363500
362055,363600
362341,363700
362637,363800
362853,363900
363108,364000
363851,364100
364164,364200
364490,364300
364810,364400
365161,364500
365466,364600
365734,364700
366051,364800
366494,364900
366778,365000
367806,365100
368144,365200
368469,365300
368760,365400
369095,365500
369424,365600
369677,365700
370022,365800
370292,365900
370597,366000
371612,366100
371919,366200
372166,366300
372506,366400
372789,366500
373003,366600
373247,366700
373457,366800
373682,366900
373904,367000
374713,367100
375031,367200
375279,367300
375618,367400
376031,367500
376536,367600
376943,367700
377392,367800
377876,367900
378282,368000
379120,368100
379467,368200
379787,368300
380223,368400
380675,368500
381150,368600
381642,368700
381937,368800
382167,368900
382409,369000
383132,369100
383335,369200
383626,369300
383816,369400
384090,369500
384376,369600
384717,369700
384973,369800
385229,369900
385461,370000
386206,370100
386481,370200
386775,370300
387035,370400
387339,370500
387643,370600
387863,370700
388153,370800
388369,370900
388611,371000
389328,371100
389585,371200
389794,371300
390044,371400
390303,371500
390515,371600
390763,371700
390995,371800
391208,371900
391429,372000
392119,372100
392364,372200
392591,372300
392796,372400
393059,372500
393274,372600
393599,372700
393918,372800
394135,372900
394317,373000
395089,373100
395356,373200
395565,373300
395809,373400
396044,373500
396354,373600
396618,373700
397049,373800
397458,373900
397777,374000
398868,374100
399214,374200
399533,374300
399870,374400
400238,374500
400587,374600
401001,374700
401362,374800
401737,374900
402016,375000
402836,375100
403099,375200
403350,375300
403656,375400
403988,375500
404275,375600
404583,375700
404836,375800
405080,375900
405500,376000
406280,376100
406469,376200
406712,376300
406884,376400
407125,376500
407361,376600
407551,376700
407811,376800
408100,376900
408311,377000
409018,377100
409292,377200
409529,377300
409718,377400
409957,377500
410193,377600
410416,377700
410709,377800
411071,377900
411417,378000
412358,378100
412730,378200
413121,378300
413452,378400
413768,378500
414074,378600
414367,378700
414641,378800
415019,378900
415271,379000
416029,379100
416349,379200
416744,379300
417067,379400
417414,379500
417691,379600
418047,379700
418448,379800
418802,379900
419138,380000
419880,380100
420098,380200
420389,380300
420642,380400
420870,380500
421139,380600
421369,380700
421614,380800
421864,380900
422127,381000
426516,381100
426811,381200
427059,381300
427306,381400
427552,381500
427797,381600
428054,381700
428364,381800
428699,381900
429059,382000
430956,382100
431342,382200
431708,382300
432066,382400
432415,382500
432668,382600
432934,382700
433208,382800
433436,382900
433740,383000
434566,383100
434883,383200
435195,383300
435461,383400
435814,383500
436112,383600
436370,383700
436662,383800
436982,383900
437257,384000
438235,384100
438506,384200
438728,384300
439001,384400
439233,384500
439426,384600
439625,384700
439796,384800
440046,384900
440294,385000
441114,385100
441458,385200
441781,385300
442052,385400
442423,385500
442708,385600
443031,385700
443353,385800
443640,385900
443929,386000
445551,386100
445813,386200
446165,386300
446505,386400
446913,386500
447323,386600
447587,386700
447879,386800
448181,386900
448412,387000
449307,387100
449679,387200
450066,387300
450421,387400
450814,387500
451188,387600
451515,387700
451875,387800
452284,387900
452653,388000
457414,388100
457827,388200
458199,388300
458584,388400
458874,388500
459190,388600
459507,388700
459987,388800
460309,388900
460585,389000
461419,389100
461809,389200
462113,389300
462465,389400
462812,389500
463244,389600
463650,389700
463953,389800
464328,389900
464692,390000
465792,390100
466073,390200
466377,390300
466656,390400
466951,390500
467218,390600
467582,390700
467886,390800
468337,390900
468584,391000
469419,391100
469750,391200
470137,391300
470525,391400
470895,391500
471380,391600
471645,391700
472024,391800
472413,391900
472769,392000
473618,392100
474074,392200
474461,392300
474807,392400
475145,392500
475421,392600
475711,392700
475999,392800
476363,392900
476741,393000
477644,393100
478018,393200
478421,393300
478911,393400
479457,393500
479831,393600
480265,393700
480639,393800
480977,393900
481357,394000
482760,394100
483305,394200
483728,394300
484190,394400
484523,394500
484885,394600
485187,394700
485450,394800
485737,394900
486015,395000
486981,395100
487420,395200
487989,395300
488438,395400
488872,395500
489272,395600
489706,395700
490060,395800
490465,395900
490796,396000
492437,396100
493134,396200
493716,396300
494130,396400
494431,396500
494728,396600
495067,396700
495375,396800
495657,396900
495971,397000
496865,397100
497183,397200
497566,397300
497920,397400
498289,397500
498658,397600
499089,397700
499455,397800
499717,397900
500035,398000
501039,398100
501446,398200
501797,398300
502220,398400
502631,398500
503095,398600
503502,398700
504077,398800
504544,398900
504821,399000
506215,399100
506656,399200
507059,399300
507489,399400
507929,399500
508370,399600
508802,399700
509212,399800
509572,399900
510009,400000
510870,400100
511285,400200
511606,400300
511957,400400
512388,400500
512832,400600
513302,400700
513774,400800
514124,400900
514489,401000
515600,401100
515980,401200
516442,401300
516861,401400
517252,401500
517590,401600
517992,401700
518336,401800
518759,401900
519098,402000
519987,402100
520349,402200
520647,402300
521131,402400
521460,402500
521841,402600
522250,402700
522674,402800
522997,402900
523318,403000
524200,403100
524540,403200
524975,403300
525352,403400
525661,403500
526050,403600
526455,403700
526900,403800
527187,403900
527469,404000
528331,404100
528625,404200
528924,404300
529277,404400
529593,404500
529906,404600
530293,404700
530593,404800
531088,404900
531472,405000
532511,405100
532917,405200
533289,405300
533691,405400
534109,405500
534472,405600
534809,405700
535126,405800
535489,405900
535744,406000
536757,406100
537179,406200
537505,406300
537906,406400
538226,406500
538553,406600
538928,406700
539359,406800
539692,406900
540018,407000
540875,407100
541244,407200
541598,407300
541905,407400
542293,407500
542655,407600
542944,407700
543333,407800
543702,407900
544000,408000
544871,408100
545198,408200
545482,408300
545853,408400
546185,408500
546472,408600
546768,408700
547158,408800
547564,408900
547928,409000
548982,409100
549437,409200
549894,409300
550363,409400
550750,409500
551111,409600
551466,409700
551765,409800
552088,409900
552459,410000
553357,410100
553758,410200
554107,410300
554494,410400
554803,410500
555179,410600
555482,410700
555779,410800
556136,410900
556479,411000
557324,411100
557777,411200
558197,411300
558658,411400
559056,411500
559373,411600
559744,411700
560271,411800
560569,411900
560867,412000
561943,412100
562319,412200
562672,412300
563073,412400
563467,412500
563820,412600
564208,412700
564578,412800
564842,412900
565109,413000
566030,413100
566475,413200
566910,413300
567413,413400
567837,413500
568256,413600
568780,413700
569176,413800
569493,413900
569862,414000
570905,414100
571477,414200
571983,414300
572431,414400
572847,414500
573270,414600
573751,414700
574222,414800
574496,414900
574809,415000
575788,415100
576261,415200
576675,415300
577190,415400
577516,415500
577910,415600
578336,415700
578732,415800
579065,415900
579497,416000
589570,416100
590171,416200
590660,416300
591072,416400
591507,416500
591917,416600
592359,416700
592751,416800
593095,416900
593575,417000
594615,417100
595032,417200
595610,417300
596176,417400
596670,417500
597255,417600
597816,417700
598260,417800
598644,417900
599273,418000
600408,418100
600831,418200
601401,418300
601851,418400
602334,418500
602736,418600
603219,418700
603556,418800
603949,418900
604282,419000
605284,419100
605764,419200
606212,419300
606756,419400
607151,419500
607534,419600
607974,419700
608459,419800
608855,419900
609197,420000
610234,420100
610600,420200
610966,420300
611358,420400
611786,420500
612237,420600
612635,420700
612995,420800
613343,420900
613629,421000
614579,421100
615119,421200
615539,421300
616127,421400
616582,421500
617062,421600
617582,421700
618024,421800
618480,421900
618803,422000
619827,422100
620287,422200
620809,422300
621440,422400
621915,422500
622370,422600
622832,422700
623221,422800
623577,422900
623924,423000
624934,423100
625396,423200
625774,423300
626263,423400
626669,423500
627190,423600
627566,423700
627942,423800
628294,423900
628586,424000
629489,424100
629912,424200
630332,424300
630730,424400
631217,424500
631636,424600
632092,424700
632590,424800
632947,424900
633264,425000
634218,425100
634601,425200
635041,425300
635514,425400
636042,425500
636556,425600
637009,425700
637451,425800
637959,425900
638291,426000
639332,426100
639747,426200
640234,426300
640794,426400
641199,426500
641632,426600
642060,426700
642510,426800
642903,426900
643257,427000
644401,427100
644782,427200
645193,427300
645606,427400
646038,427500
646455,427600
646911,427700
647384,427800
647801,427900
648198,428000
649269,428100
649654,428200
650002,428300
650385,428400
650874,428500
651304,428600
651756,428700
652120,428800
652461,428900
652763,429000
653646,429100
654046,429200
654435,429300
654949,429400
655339,429500
655756,429600
656180,429700
656634,429800
657109,429900
657535,430000
658601,430100
659133,430200
659703,430300
660288,430400
660692,430500
661079,430600
661467,430700
661873,430800
662233,430900
662603,431000
663774,431100
664285,431200
664651,431300
664913,431400
665256,431500
665615,431600
666177,431700
666604,431800
666974,431900
667400,432000
668912,432100
669455,432200
669974,432300
670422,432400
670843,432500
671523,432600
671985,432700
672379,432800
672780,432900
673115,433000
674193,433100
674696,433200
675173,433300
675684,433400
676185,433500
676613,433600
677331,433700
677785,433800
678271,433900
678761,434000
680040,434100
680682,434200
681299,434300
681848,434400
682313,434500
682945,434600
683557,434700
684052,434800
684470,434900
684875,435000
687309,435100
687862,435200
688494,435300
688891,435400
689455,435500
689864,435600
690384,435700
690916,435800
691360,435900
691938,436000
693145,436100
693728,436200
694153,436300
694560,436400
694988,436500
695345,436600
695769,436700
696156,436800
696509,436900
697047,437000
698218,437100
698691,437200
699341,437300
699863,437400
700359,437500
700777,437600
701245,437700
701679,437800
702096,437900
702540,438000
703921,438100
704532,438200
705314,438300
705839,438400
706385,438500
706969,438600
707414,438700
707862,438800
708304,438900
708800,439000
710006,439100
710737,439200
711349,439300
711898,439400
712540,439500
713177,439600
713743,439700
714341,439800
714907,439900
715438,440000
716885,440100
717488,440200
718059,440300
718581,440400
719145,440500
719737,440600
720234,440700
720649,440800
721074,440900
721607,441000
722792,441100
723319,441200
723874,441300
724348,441400
724872,441500
725461,441600
725941,441700
726404,441800
726948,441900
727408,442000
728550,442100
729146,442200
729760,442300
730373,442400
730980,442500
731530,442600
732089,442700
732635,442800
732995,442900
733344,443000
734428,443100
734994,443200
735468,443300
736003,443400
736628,443500
737294,443600
737790,443700
738415,443800
738813,443900
739180,444000
740560,444100
741103,444200
741771,444300
742338,444400
742980,444500
743770,444600
744220,444700
744778,444800
745227,444900
745626,445000
746788,445100
747339,445200
747953,445300
748631,445400
749353,445500
750000,445600
750609,445700
751054,445800
751501,445900
751914,446000
756998,446100
757482,446200
758037,446300
758536,446400
758996,446500
759486,446600
759940,446700
760509,446800
760943,446900
761402,447000
769210,447100
769952,447200
770694,447300
771423,447400
772056,447500
772635,447600
773178,447700
773652,447800
774068,447900
774581,448000
775921,448100
776518,448200
777326,448300
777935,448400
778431,448500
779085,448600
779792,448700
780266,448800
780801,448900
781267,449000
782733,449100
783269,449200
783777,449300
784353,449400
784797,449500
785317,449600
785974,449700
786736,449800
787581,449900
788268,450000
789590,450100
790281,450200
790862,450300
791590,450400
792355,450500
792813,450600
793487,450700
793965,450800
794399,450900
794865,451000
796174,451100
796864,451200
797687,451300
798297,451400
799101,451500
799713,451600
800321,451700
800885,451800
801435,451900
801954,452000
815090,452100
816124,452200
816899,452300
817677,452400
818287,452500
818915,452600
819428,452700
820094,452800
820627,452900
821345,453000
822861,453100
823502,453200
824201,453300
824874,453400
825610,453500
826388,453600
827408,453700
827995,453800
828510,453900
829043,454000
830513,454100
831606,454200
832564,454300
833272,454400
834042,454500
834713,454600
835332,454700
835809,454800
836326,454900
836828,455000
838311,455100
838982,455200
839760,455300
840518,455400
841234,455500
841926,455600
842573,455700
843133,455800
843842,455900
844420,456000
845985,456100
846711,456200
847603,456300
848399,456400
849438,456500
850113,456600
850892,456700
851538,456800
852225,456900
852991,457000
854560,457100
855382,457200
856206,457300
857014,457400
857848,457500
858638,457600
859373,457700
860331,457800
861028,457900
861624,458000
873334,458100
874274,458200
875119,458300
875844,458400
876535,458500
877362,458600
878014,458700
878677,458800
879313,458900
879927,459000
881247,459100
882005,459200
883130,459300
883873,459400
884533,459500
885210,459600
885871,459700
886555,459800
887154,459900
887912,460000
889431,460100
890364,460200
890922,460300
891693,460400
892319,460500
892958,460600
893661,460700
894215,460800
894822,460900
895373,461000
896594,461100
897376,461200
898092,461300
898709,461400
899509,461500
900092,461600
900638,461700
901082,461800
901631,461900
902136,462000
903647,462100
904289,462200
905042,462300
905686,462400
906371,462500
907112,462600
907661,462700
908193,462800
908855,462900
909408,463000
910902,463100
911536,463200
912180,463300
912870,463400
913566,463500
914162,463600
914775,463700
915261,463800
915997,463900
916659,464000
918077,464100
918736,464200
919491,464300
920183,464400
920754,464500
921490,464600
922061,464700
922607,464800
923204,464900
923754,465000
925106,465100
925693,465200
926420,465300
927127,465400
927720,465500
928496,465600
929115,465700
929656,465800
930168,465900
930701,466000
932070,466100
932745,466200
933224,466300
933737,466400
934332,466500
934846,466600
935370,466700
935873,466800
936391,466900
936894,467000
938559,467100
939326,467200
940036,467300
940785,467400
941588,467500
942354,467600
943052,467700
943891,467800
944647,467900
945297,468000
946824,468100
947478,468200
948103,468300
948719,468400
949427,468500
950090,468600
950634,468700
951135,468800
951592,468900
952076,469000
953328,469100
954014,469200
954763,469300
955338,469400
955882,469500
956425,469600
956902,469700
957480,469800
958004,469900
958555,470000
960241,470100
960954,470200
961632,470300
962251,470400
962866,470500
963435,470600
963989,470700
964515,470800
965052,470900
965698,471000
967116,471100
967798,471200
968438,471300
969088,471400
969685,471500
970277,471600
970846,471700
971618,471800
972259,471900
972838,472000
974182,472100
974784,472200
975358,472300
975913,472400
976498,472500
977216,472600
977757,472700
978337,472800
978871,472900
979347,473000
980568,473100
981124,473200
981641,473300
982313,473400
982859,473500
983423,473600
983936,473700
984368,473800
984786,473900
985203,474000
986455,474100
987006,474200
987550,474300
988233,474400
988757,474500
989341,474600
989846,474700
990226,474800
990613,474900
991066,475000
992255,475100
993018,475200
993703,475300
994335,475400
994814,475500
995353,475600
995894,475700
996333,475800
996865,475900
997403,476000
998703,476100
999481,476200
1000132,476300
1000718,476400
1001260,476500
1001831,476600
1002324,476700
1002802,476800
1003259,476900
1003782,477000
1005210,477100
1005630,477200
1006256,477300
1006766,477400
1007269,477500
1007804,477600
1008337,477700
1008812,477800
1009284,477900
1009698,478000
1013110,478100
1013762,478200
1014242,478300
1014765,478400
1015255,478500
1015595,478600
1016143,478700
1016627,478800
1017033,478900
1017516,479000
1018874,479100
1019450,479200
1020043,479300
1020576,479400
1021092,479500
1021773,479600
1022325,479700
1022812,479800
1023270,479900
1023768,480000
1024845,480100
1025390,480200
1025963,480300
1026516,480400
1027173,480500
1027759,480600
1028257,480700
1028679,480800
1029148,480900
1029615,481000
1030844,481100
1031400,481200
1031956,481300
1032613,481400
1033179,481500
1033735,481600
1034267,481700
1034791,481800
1035280,481900
1035796,482000
1037402,482100
1038301,482200
1038981,482300
1039487,482400
1040055,482500
1040588,482600
1041114,482700
1041634,482800
1042072,482900
1042511,483000
1044102,483100
1044699,483200
1045165,483300
1045684,483400
1046234,483500
1046836,483600
1047367,483700
1047870,483800
1048469,483900
1048874,484000
1050142,484100
1050665,484200
1051062,484300
1051490,484400
1051844,484500
1052315,484600
1052746,484700
1053184,484800
1053603,484900
1053991,485000
1055407,485100
1055855,485200
1056533,485300
1057073,485400
1057722,485500
1058243,485600
1058644,485700
1059137,485800
1059613,485900
1060128,486000
1061692,486100
1062369,486200
1062922,486300
1063438,486400
1063955,486500
1064470,486600
1064948,486700
1065282,486800
1065681,486900
1066262,487000
1067673,487100
1068225,487200
1068783,487300
1069259,487400
1069722,487500
1070181,487600
1070618,487700
1071092,487800
1071722,487900
1072188,488000
1073421,488100
1074009,488200
1074557,488300
1075264,488400
1075762,488500
1076272,488600
1076664,488700
1077035,488800
1077504,488900
1077946,489000
1079260,489100
1079952,489200
1080658,489300
1081380,489400
1082020,489500
1082840,489600
1083384,489700
1083936,489800
1084467,489900
1084920,490000
1086390,490100
1087124,490200
1087870,490300
1088724,490400
1089385,490500
1089978,490600
1090545,490700
1091167,490800
1091691,490900
1092174,491000
1093929,491100
1094552,491200
1095183,491300
1095882,491400
1096551,491500
1097229,491600
1097775,491700
1098242,491800
1098621,491900
1099173,492000
1100653,492100
1101229,492200
1101834,492300
1102412,492400
1102971,492500
1103530,492600
1104087,492700
1104650,492800
1105358,492900
1106019,493000
1107651,493100
1108361,493200
1109165,493300
1109945,493400
1110866,493500
1111573,493600
1112110,493700
1112633,493800
1113203,493900
1113833,494000
1147180,494100
1149486,494200
1151242,494300
1152512,494400
1154079,494500
1155842,494600
1157247,494700
1159101,494800
1160282,494900
1162549,495000
1165252,495100
1167264,495200
1168730,495300
1169738,495400
1170878,495500
1172129,495600
1172946,495700
1174044,495800
1175017,495900
1175945,496000
1178231,496100
1179400,496200
1180518,496300
1181466,496400
1182483,496500
1183540,496600
1184552,496700
1185465,496800
1186461,496900
1187480,497000
1189512,497100
1190821,497200
1191929,497300
1192815,497400
1193954,497500
1194797,497600
1195770,497700
1196715,497800
1197657,497900
1198540,498000
1200507,498100
1201561,498200
1202793,498300
1203779,498400
1204766,498500
1205757,498600
1206534,498700
1207299,498800
1208039,498900
1208810,499000
1210750,499100
1211677,499200
1212677,499300
1213652,499400
1214602,499500
1215476,499600
1216521,499700
1217386,499800
1218159,499900
1218897,500000
1220722,500100
1221849,500200
1222787,500300
1223639,500400
1224395,500500
1225141,500600
1225859,500700
1226563,500800
1227471,500900
1228076,501000
1229786,501100
1230692,501200
1231566,501300
1232491,501400
1233541,501500
1234274,501600
1235028,501700
1235811,501800
1236725,501900
1237469,502000
1239505,502100
1240294,502200
1241369,502300
1242285,502400
1243379,502500
1244353,502600
1245267,502700
1245994,502800
1246802,502900
1247514,503000
1249601,503100
1250473,503200
1251337,503300
1252188,503400
1252989,503500
1253703,503600
1254365,503700
1255136,503800
1255813,503900
1256407,504000
1257956,504100
1258654,504200
1259420,504300
1260125,504400
1260981,504500
1261610,504600
1262179,504700
1262785,504800
1263390,504900
1264021,505000
1265751,505100
1267023,505200
1268215,505300
1269055,505400
1269789,505500
1270755,505600
1271932,505700
1272600,505800
1273327,505900
1274111,506000
1276137,506100
1277322,506200
1278335,506300
1279415,506400
1280205,506500
1281032,506600
1281768,506700
1282457,506800
1283297,506900
1283941,507000
1285480,507100
1286305,507200
1287048,507300
1287801,507400
1288677,507500
1289362,507600
1290271,507700
1291050,507800
1291837,507900
1292697,508000
1294628,508100
1295664,508200
1296732,508300
1297697,508400
1298564,508500
1299814,508600
1300687,508700
1301529,508800
1302251,508900
1302967,509000
1304837,509100
1306071,509200
1307048,509300
1307988,509400
1308826,509500
1309753,509600
1310708,509700
1311496,509800
1312354,509900
1313060,510000
1314948,510100
1315919,510200
1317033,510300
1317886,510400
1318598,510500
1319200,510600
1319662,510700
1320206,510800
1320624,510900
1321169,511000
1322879,511100
1323655,511200
1324532,511300
1325545,511400
1326161,511500
1326678,511600
1327484,511700
1328266,511800
1328945,511900
1329572,512000
1331295,512100
1331990,512200
1332980,512300
1333716,512400
1334493,512500
1335145,512600
1335878,512700
1336507,512800
1337063,512900
1337706,513000
1339384,513100
1340198,513200
1340689,513300
1341415,513400
1341833,513500
1342267,513600
1342724,513700
1343087,513800
1343452,513900
1343759,514000
1345047,514100
1345539,514200
1346107,514300
1346649,514400
1347153,514500
1347696,514600
1348121,514700
1348512,514800
1348855,514900
1349125,515000
1350224,515100
1350691,515200
1351238,515300
1351667,515400
1352129,515500
1352758,515600
1353265,515700
1353762,515800
1354221,515900
1354657,516000
1355792,516100
1356199,516200
1356628,516300
1357053,516400
1357571,516500
1358071,516600
1358491,516700
1358910,516800
1359374,516900
1359803,517000
1361191,517100
1361563,517200
1361990,517300
1362436,517400
1362950,517500
1363481,517600
1363924,517700
1364434,517800
1364900,517900
1365297,518000
1366826,518100
1367382,518200
1367964,518300
1368568,518400
1369288,518500
1369915,518600
1370472,518700
1370843,518800
1371250,518900
1371699,519000
1372836,519100
1373550,519200
1374094,519300
1374442,519400
1374895,519500
1375408,519600
1375939,519700
1376570,519800
1377208,519900
1377898,520000
1379269,520100
1380228,520200
1381109,520300
1381508,520400
1382016,520500
1382504,520600
1382981,520700
1383588,520800
1384013,520900
1384465,521000
1385881,521100
1386506,521200
1387085,521300
1387585,521400
1388100,521500
1388493,521600
1389044,521700
1389631,521800
1390019,521900
1390405,522000
1391810,522100
1392446,522200
1393195,522300
1393681,522400
1394158,522500
1394780,522600
1395400,522700
1395816,522800
1396279,522900
1396712,523000
1397778,523100
1398568,523200
1399173,523300
1399600,523400
1400110,523500
1400525,523600
1401013,523700
1401424,523800
1401890,523900
1402360,524000
1403571,524100
1404082,524200
1404384,524300
1404820,524400
1405208,524500
1405460,524600
1405967,524700
1406286,524800
1406691,524900
1407129,525000
1408301,525100
1408786,525200
1409241,525300
1409689,525400
1410345,525500
1410686,525600
1411265,525700
1411895,525800
1412998,525900
1413801,526000
1415494,526100
1416286,526200
1417126,526300
1417886,526400
1418707,526500
1419140,526600
1419482,526700
1419833,526800
1420278,526900
1420687,527000
1421975,527100
1422921,527200
1423435,527300
1423990,527400
1424532,527500
1425121,527600
1425503,527700
1425854,527800
1426142,527900
1426531,528000
1427970,528100
1428404,528200
1429190,528300
1429842,528400
1430298,528500
1430776,528600
1431085,528700
1431475,528800
1431786,528900
1432064,529000
1433315,529100
1434194,529200
1435122,529300
1435940,529400
1436668,529500
1437184,529600
1437587,529700
1438064,529800
1438586,529900
1439216,530000
1441739,530100
1442387,530200
1443221,530300
1443964,530400
1444466,530500
1444986,530600
1445358,530700
1445793,530800
1446095,530900
1446383,531000
1447495,531100
1448092,531200
1448786,531300
1449348,531400
1450004,531500
1451098,531600
1451844,531700
1452545,531800
1453383,531900
1453967,532000
1455146,532100
1455844,532200
1456412,532300
1457028,532400
1457619,532500
1458162,532600
1458528,532700
1458908,532800
1459323,532900
1459688,533000
1460764,533100
1461240,533200
1461738,533300
1462383,533400
1463049,533500
1463710,533600
1464391,533700
1464936,533800
1465450,533900
1465996,534000
1471775,534100
1472129,534200
1472776,534300
1473340,534400
1473873,534500
1474530,534600
1475008,534700
1475468,534800
1475939,534900
1476356,535000
1478042,535100
1478559,535200
1478985,535300
1479695,535400
1480731,535500
1481540,535600
1482272,535700
1482830,535800
1483470,535900
1484023,536000
1485327,536100
1485952,536200
1486440,536300
1486919,536400
1487656,536500
1488251,536600
1488983,536700
1489690,536800
1490176,536900
1490698,537000
1501610,537100
1502279,537200
1502812,537300
1503300,537400
1503777,537500
1504365,537600
1505038,537700
1505694,537800
1506251,537900
1506852,538000
1508305,538100
1509096,538200
1509787,538300
1510451,538400
1511290,538500
1511870,538600
1512380,538700
1513000,538800
1513566,538900
1514181,539000
1515603,539100
1516167,539200
1517002,539300
1517692,539400
1518277,539500
1518874,539600
1519526,539700
1520026,539800
1520763,539900
1521569,540000
1523109,540100
1523842,540200
1524542,540300
1525496,540400
1526114,540500
1526573,540600
1526983,540700
1527419,540800
1528188,540900
1528823,541000
1530204,541100
1530796,541200
1531535,541300
1532252,541400
1532986,541500
1533762,541600
1534228,541700
1534834,541800
1535476,541900
1536194,542000
1537658,542100
1538385,542200
1539296,542300
1540187,542400
1540884,542500
1541411,542600
1541936,542700
1542376,542800
1543025,542900
1543514,543000
1544988,543100
1545624,543200
1546280,543300
1546850,543400
1547611,543500
1548155,543600
1548698,543700
1549176,543800
1549562,543900
1550264,544000
1551810,544100
1552437,544200
1553124,544300
1553758,544400
1554458,544500
1555300,544600
1555987,544700
1556488,544800
1557057,544900
1557927,545000
1559600,545100
1560524,545200
1561499,545300
1562263,545400
1563047,545500
1563720,545600
1564344,545700
1565038,545800
1565781,545900
1566567,546000
1591251,546100
1592324,546200
1593214,546300
1594167,546400
1595192,546500
1595951,546600
1596515,546700
1597161,546800
1597825,546900
1598527,547000
1600481,547100
1601565,547200
1602612,547300
1603598,547400
1604516,547500
1605661,547600
1606577,547700
1607297,547800
1608146,547900
1608889,548000
1610332,548100
1611187,548200
1611867,548300
1612857,548400
1613690,548500
1614401,548600
1614962,548700
1615868,548800
1616581,548900
1617366,549000
1619180,549100
1620148,549200
1621069,549300
1622095,549400
1623034,549500
1623657,549600
1624306,549700
1624972,549800
1625719,549900
1626549,550000
1628721,550100
1629938,550200
1630922,550300
1631676,550400
1632482,550500
1632994,550600
1633834,550700
1634702,550800
1635727,550900
1636659,551000
1638693,551100
1639802,551200
1641202,551300
1642421,551400
1643551,551500
1644891,551600
1645820,551700
1646671,551800
1647666,551900
1648508,552000
1651682,552100
1652991,552200
1654391,552300
1655282,552400
1656287,552500
1657128,552600
1657951,552700
1658897,552800
1659895,552900
1660695,553000
1662920,553100
1664124,553200
1665197,553300
1666211,553400
1667238,553500
1668134,553600
1669000,553700
1669777,553800
1670628,553900
1671409,554000
1673460,554100
1674690,554200
1675794,554300
1676841,554400
1678016,554500
1678820,554600
1679586,554700
1680338,554800
1681383,554900
1682166,555000
1683868,555100
1684740,555200
1685522,555300
1686575,555400
1687377,555500
1688110,555600
1688872,555700
1689705,555800
1690293,555900
1690966,556000
1692514,556100
1693160,556200
1693829,556300
1694816,556400
1695473,556500
1696173,556600
1696909,556700
1697711,556800
1698455,556900
1699232,557000
1701144,557100
1701876,557200
1702552,557300
1703226,557400
1703992,557500
1704601,557600
1705224,557700
1705928,557800
1706420,557900
1707046,558000
1708606,558100
1709322,558200
1710062,558300
1710773,558400
1711586,558500
1712231,558600
1712981,558700
1713567,558800
1714140,558900
1714785,559000
1716343,559100
1717191,559200
1717746,559300
1718371,559400
1719045,559500
1719682,559600
1720399,559700
1721054,559800
1721667,559900
1722423,560000
1724081,560100
1724728,560200
1725325,560300
1726018,560400
1726840,560500
1727552,560600
1728259,560700
1728808,560800
1729369,560900
1729963,561000
1731547,561100
1732182,561200
1732935,561300
1733756,561400
1734439,561500
1735314,561600
1736103,561700
1736715,561800
1737396,561900
1738008,562000
1739862,562100
1740766,562200
1741400,562300
1742106,562400
1742782,562500
1743616,562600
1744804,562700
1745499,562800
1746142,562900
1746646,563000
1748363,563100
1749106,563200
1750098,563300
1750565,563400
1751213,563500
1751841,563600
1752704,563700
1753378,563800
1754174,563900
1755009,564000
1756902,564100
1757688,564200
1758359,564300
1759159,564400
1759871,564500
1760559,564600
1761446,564700
1762169,564800
1762936,564900
1763501,565000
1765197,565100
1765919,565200
1767039,565300
1767840,565400
1768580,565500
1769409,565600
1770246,565700
1770911,565800
1771775,565900
1772630,566000
1774322,566100
1775138,566200
1776058,566300
1776873,566400
1777596,566500
1778710,566600
1779675,566700
1780477,566800
1781194,566900
1782084,567000
1784048,567100
1784843,567200
1785590,567300
1786323,567400
1786883,567500
1787747,567600
1788501,567700
1789217,567800
1789978,567900
1790636,568000
1792395,568100
1793348,568200
1794126,568300
1794935,568400
1795584,568500
1796105,568600
1796889,568700
1797712,568800
1798366,568900
1799185,569000
1801131,569100
1802011,569200
1802886,569300
1803791,569400
1804604,569500
1805375,569600
1806257,569700
1807033,569800
1807830,569900
1808609,570000
1811886,570100
1812942,570200
1813893,570300
1814804,570400
1815562,570500
1816219,570600
1817034,570700
1817867,570800
1818740,570900
1819464,571000
1853136,571100
1855199,571200
1856993,571300
1858658,571400
1859837,571500
1861038,571600
1862424,571700
1863626,571800
1864574,571900
1865743,572000
1868610,572100
1870036,572200
1871554,572300
1872967,572400
1873934,572500
1875166,572600
1876260,572700
1877195,572800
1878573,572900
1879914,573000
1883547,573100
1884725,573200
1886016,573300
1887302,573400
1888870,573500
1889916,573600
1890680,573700
1892021,573800
1893016,573900
1893985,574000
1896397,574100
1897678,574200
1898782,574300
1899815,574400
1901102,574500
1902077,574600
1902989,574700
1903919,574800
1904784,574900
1905965,575000
1908152,575100
1909470,575200
1910886,575300
1912329,575400
1913527,575500
1914728,575600
1916081,575700
1917754,575800
1919247,575900
1920452,576000
1922985,576100
1924232,576200
1925609,576300
1926680,576400
1928013,576500
1929018,576600
1930270,576700
1931257,576800
1932288,576900
1933304,577000
1935572,577100
1936870,577200
1938135,577300
1939475,577400
1940507,577500
1941505,577600
1942488,577700
1943405,577800
1944376,577900
1945431,578000
1947867,578100
1949051,578200
1950387,578300
1951235,578400
1952060,578500
1952923,578600
1953847,578700
1954828,578800
1955981,578900
1956867,579000
1959303,579100
1960393,579200
1961790,579300
1962857,579400
1963718,579500
1964614,579600
1965536,579700
1966540,579800
1967399,579900
1968171,580000
1969989,580100
1971044,580200
1972214,580300
1973321,580400
1974237,580500
1975057,580600
1975956,580700
1977187,580800
1978179,580900
1979019,581000
1981081,581100
1982431,581200
1983766,581300
1984945,581400
1986003,581500
1986890,581600
1987970,581700
1989243,581800
1990538,581900
1991706,582000
1994380,582100
1995668,582200
1996828,582300
1997879,582400
1999036,582500
2000544,582600
2001768,582700
2002864,582800
2003896,582900
2005095,583000
2007188,583100
2008256,583200
2009313,583300
2010374,583400
2011462,583500
2012580,583600
2013521,583700
2014240,583800
2014965,583900
2015896,584000
2017755,584100
2018482,584200
2019266,584300
2020160,584400
2021071,584500
2022276,584600
2023153,584700
2024179,584800
2025070,584900
2025986,585000
2028349,585100
2029506,585200
2030430,585300
2031295,585400
2032177,585500
2033439,585600
2034410,585700
2035367,585800
2036475,585900
2037472,586000
2039775,586100
2041403,586200
2042265,586300
2042978,586400
2043985,586500
2045157,586600
2046182,586700
2046965,586800
2047789,586900
2048627,587000
2050583,587100
2051539,587200
2052413,587300
2053063,587400
2053856,587500
2054721,587600
2055768,587700
2056905,587800
2057677,587900
2058375,588000
2069712,588100
2070733,588200
2071669,588300
2072515,588400
2073166,588500
2074001,588600
2074682,588700
2075807,588800
2076778,588900
2078063,589000
2081077,589100
2082473,589200
2083894,589300
2085157,589400
2086090,589500
2086751,589600
2087590,589700
2088402,589800
2089655,589900
2090643,590000
2092984,590100
2094162,590200
2095436,590300
2096353,590400
2097246,590500
2098073,590600
2098902,590700
2099576,590800
2100552,590900
2101426,591000
2103654,591100
2105283,591200
2106764,591300
2107986,591400
2109340,591500
2110486,591600
2111440,591700
2112308,591800
2113514,591900
2114622,592000
2116895,592100
2118098,592200
2118930,592300
2119805,592400
2120633,592500
2121361,592600
2121923,592700
2122803,592800
2123604,592900
2124511,593000
2126626,593100
2127990,593200
2129213,593300
2130337,593400
2131253,593500
2132496,593600
2133381,593700
2133862,593800
2134542,593900
2135223,594000
2137523,594100
2139197,594200
2140102,594300
2141134,594400
2141834,594500
2142627,594600
2143326,594700
2144051,594800
2144844,594900
2145781,595000
2147351,595100
2148882,595200
2150412,595300
2151550,595400
2152728,595500
2153586,595600
2154371,595700
2155134,595800
2155924,595900
2156671,596000
2158359,596100
2159286,596200
2160322,596300
2161486,596400
2162393,596500
2163162,596600
2163883,596700
2164594,596800
2165458,596900
2166068,597000
2167878,597100
2168827,597200
2169960,597300
2171062,597400
2172077,597500
2173044,597600
2173811,597700
2174549,597800
2175475,597900
2175980,598000
2177873,598100
2178856,598200
2179649,598300
2180610,598400
2181509,598500
2182268,598600
2183019,598700
2183869,598800
2184474,598900
2185196,599000
2186977,599100
2187669,599200
2188585,599300
2189817,599400
2190745,599500
2191743,599600
2192686,599700
2193536,599800
2194171,599900
2195155,600000
2197034,600100
2197799,600200
2198469,600300
2199450,600400
2200369,600500
2201245,600600
2201875,600700
2202622,600800
2203431,600900
2204268,601000
2206642,601100
2207773,601200
2208981,601300
2210058,601400
2211215,601500
2212170,601600
2213076,601700
2213860,601800
2214795,601900
2215593,602000
2217885,602100
2218910,602200
2219936,602300
2221152,602400
2222316,602500
2223466,602600
2224405,602700
2225324,602800
2226153,602900
2226954,603000
2229006,603100
2229889,603200
2230732,603300
2231648,603400
2232345,603500
2233469,603600
2234191,603700
2234889,603800
2236138,603900
2237328,604000
2271168,604100
2275360,604200
2277877,604300
2279426,604400
2281055,604500
2282341,604600
2283788,604700
2285079,604800
2286497,604900
2287881,605000
2289982,605100
2291261,605200
2292739,605300
2294073,605400
2295659,605500
2297018,605600
2297877,605700
2298885,605800
2299853,605900
2301223,606000
2303928,606100
2305340,606200
2307096,606300
2308620,606400
2309876,606500
2311408,606600
2312827,606700
2313795,606800
2314708,606900
2315824,607000
2318489,607100
2319504,607200
2320864,607300
2322312,607400
2323493,607500
2324763,607600
2326026,607700
2326983,607800
2328068,607900
2328992,608000
2330543,608100
2331380,608200
2332268,608300
2333424,608400
2334407,608500
2335771,608600
2336766,608700
2337691,608800
2338634,608900
2339539,609000
2341299,609100
2342218,609200
2342979,609300
2344067,609400
2345483,609500
2346645,609600
2347482,609700
2348565,609800
2350304,609900
2351297,610000
2356635,610100
2357518,610200
2359619,610300
2360737,610400
2362033,610500
2363089,610600
2363815,610700
2364329,610800
2364899,610900
2365777,611000
2367684,611100
2368884,611200
2370029,611300
2370796,611400
2371665,611500
2372910,611600
2374048,611700
2375031,611800
2376016,611900
2377097,612000
2379179,612100
2379919,612200
2380783,612300
2381487,612400
2382040,612500
2382891,612600
2383814,612700
2384895,612800
2385927,612900
2386788,613000
2388810,613100
2389947,613200
2391368,613300
2392406,613400
2393274,613500
2394046,613600
2394947,613700
2395727,613800
2396489,613900
2397423,614000
2399789,614100
2401223,614200
2402532,614300
2403819,614400
2404537,614500
2405221,614600
2406095,614700
2406895,614800
2407935,614900
2408897,615000
2411350,615100
2412198,615200
2413463,615300
2414481,615400
2415341,615500
2416426,615600
2417521,615700
2418456,615800
2419503,615900
2420642,616000
2422802,616100
2423834,616200
2424957,616300
2426201,616400
2427307,616500
2428352,616600
2429263,616700
2430129,616800
2431084,616900
2432113,617000
2434628,617100
2436121,617200
2437370,617300
2438228,617400
2439206,617500
2440042,617600
2440752,617700
2441523,617800
2442185,617900
2443126,618000
2445478,618100
2446806,618200
2448229,618300
2449197,618400
2450013,618500
2450943,618600
2451719,618700
2452411,618800
2453173,618900
2454064,619000
2456355,619100
2457400,619200
2458470,619300
2459472,619400
2460373,619500
2461646,619600
2462447,619700
2463225,619800
2464236,619900
2465237,620000
2468212,620100
2470055,620200
2471119,620300
2471986,620400
2472848,620500
2473526,620600
2474168,620700
2474666,620800
2475540,620900
2476494,621000
2479064,621100
2480318,621200
2481816,621300
2483436,621400
2484959,621500
2486121,621600
2487183,621700
2488206,621800
2489361,621900
2490379,622000
2493130,622100
2494338,622200
2495572,622300
2496531,622400
2497246,622500
2497906,622600
2498704,622700
2499785,622800
2500854,622900
2501679,623000
2503793,623100
2504705,623200
2505577,623300
2506756,623400
2507545,623500
2508362,623600
2509195,623700
2509998,623800
2510896,623900
2511985,624000
2513713,624100
2514673,624200
2516037,624300
2517511,624400
2518251,624500
2518910,624600
2519832,624700
2520633,624800
2521500,624900
2522433,625000
2524410,625100
2525483,625200
2526332,625300
2527250,625400
2528313,625500
2529276,625600
2530188,625700
2531162,625800
2532054,625900
2532961,626000
2535848,626100
2537147,626200
2538370,626300
2539722,626400
2540892,626500
2541803,626600
2542645,626700
2543647,626800
2544724,626900
2545805,627000
2547677,627100
2548683,627200
2549929,627300
2551289,627400
2552407,627500
2553739,627600
2554953,627700
2556055,627800
2556918,627900
2557840,628000
2559752,628100
2560786,628200
2562008,628300
2562932,628400
2563878,628500
2565011,628600
2566074,628700
2567161,628800
2567893,628900
2568827,629000
2571331,629100
2572690,629200
2574093,629300
2575531,629400
2576944,629500
2578371,629600
2579473,629700
2580471,629800
2581384,629900
2582364,630000
2585002,630100
2586392,630200
2587878,630300
2589943,630400
2591232,630500
2592332,630600
2593443,630700
2594792,630800
2596045,630900
2597048,631000
2599518,631100
2600856,631200
2602009,631300
2603334,631400
2604772,631500
2606124,631600
2607096,631700
2608106,631800
2609058,631900
2610210,632000
2612404,632100
2613589,632200
2614971,632300
2615836,632400
2616519,632500
2617488,632600
2618441,632700
2619485,632800
2620440,632900
2621183,633000
2623524,633100
2624387,633200
2625364,633300
2626098,633400
2626910,633500
2627646,633600
2628652,633700
2629643,633800
2630571,633900
2631337,634000
2693346,634100
2700812,634200
2704442,634300
2706832,634400
2708914,634500
2710557,634600
2711794,634700
2713031,634800
2714581,634900
2716080,635000
2719222,635100
2721726,635200
2723862,635300
2725485,635400
2726896,635500
2728215,635600
2729362,635700
2730515,635800
2731949,635900
2733840,636000
2736764,636100
2739253,636200
2740808,636300
2742520,636400
2743742,636500
2745076,636600
2746047,636700
2747206,636800
2748520,636900
2749760,637000
2752431,637100
2753920,637200
2755057,637300
2756520,637400
2757508,637500
2758489,637600
2759538,637700
2760286,637800
2763098,637900
2764128,638000
2766600,638100
2768439,638200
2770208,638300
2771428,638400
2773209,638500
2774278,638600
2775379,638700
2776367,638800
2777373,638900
2778490,639000
2780564,639100
2781982,639200
2783408,639300
2785122,639400
2786781,639500
2787945,639600
2789246,639700
2790318,639800
2791478,639900
2792731,640000
2795255,640100
2796449,640200
2797610,640300
2798856,640400
2799960,640500
2801318,640600
2802420,640700
2803486,640800
2804569,640900
2805907,641000
2808233,641100
2809850,641200
2811363,641300
2812662,641400
2813881,641500
2815274,641600
2816420,641700
2817745,641800
2818909,641900
2820053,642000
2822794,642100
2824213,642200
2825493,642300
2826767,642400
2827998,642500
2829092,642600
2830115,642700
2831173,642800
2832311,642900
2833318,643000
2835782,643100
2837272,643200
2838571,643300
2840168,643400
2841382,643500
2842445,643600
2843429,643700
2844414,643800
2845815,643900
2846750,644000
2848996,644100
2850148,644200
2851432,644300
2852589,644400
2853536,644500
2854520,644600
2855606,644700
2856693,644800
2857672,644900
2858607,645000
2863306,645100
2864539,645200
2865835,645300
2867117,645400
2868372,645500
2869375,645600
2870453,645700
2871375,645800
2872314,645900
2873735,646000
2876833,646100
2878381,646200
2879952,646300
2881582,646400
2883224,646500
2884740,646600
2885827,646700
2886938,646800
2887956,646900
2889068,647000
2891804,647100
2893231,647200
2894639,647300
2896461,647400
2897826,647500
2898932,647600
2899824,647700
2901087,647800
2901981,647900
2902865,648000
2904985,648100
2905792,648200
2906851,648300
2907683,648400
2908605,648500
2909612,648600
2910556,648700
2911509,648800
2912586,648900
2913590,649000
2917293,649100
2918680,649200
2919980,649300
2921291,649400
2922426,649500
2923656,649600
2924717,649700
2925762,649800
2926859,649900
2927801,650000
2930390,650100
2931749,650200
2933224,650300
2934870,650400
2936462,650500
2937791,650600
2938778,650700
2940007,650800
2941090,650900
2942240,651000
2944912,651100
2946776,651200
2948090,651300
2949361,651400
2951007,651500
2952432,651600
2953769,651700
2955018,651800
2956175,651900
2957391,652000
2960105,652100
2961985,652200
2964071,652300
2965542,652400
2966870,652500
2968240,652600
2969313,652700
2970571,652800
2971613,652900
2972668,653000
2975281,653100
2976240,653200
2977337,653300
2978556,653400
2979650,653500
2980788,653600
2981989,653700
2983218,653800
2984606,653900
2985666,654000
2988401,654100
2990188,654200
2991617,654300
2992875,654400
2994118,654500
2995532,654600
2996685,654700
2997830,654800
2998926,654900
2999953,655000
3002710,655100
3004178,655200
3005687,655300
3007335,655400
3008722,655500
3010205,655600
3012161,655700
3013556,655800
3014786,655900
3016342,656000
3019400,656100
3021096,656200
3022488,656300
3023995,656400
3025362,656500
3026647,656600
3028321,656700
3029706,656800
3031032,656900
3032325,657000
3035609,657100
3036864,657200
3038047,657300
3039467,657400
3041146,657500
3042375,657600
3043530,657700
3044754,657800
3046208,657900
3047348,658000
3050355,658100
3051778,658200
3053216,658300
3054442,658400
3055803,658500
3057113,658600
3058512,658700
3059961,658800
3061240,658900
3062398,659000
3064996,659100
3066458,659200
3068146,659300
3069773,659400
3071355,659500
3072758,659600
3074086,659700
3075260,659800
3076569,659900
3077672,660000
3080370,660100
3081901,660200
3083364,660300
3084693,660400
3085903,660500
3087012,660600
3088133,660700
3089237,660800
3090440,660900
3091424,661000
3093986,661100
3095277,661200
3096631,661300
3098068,661400
3099340,661500
3100721,661600
3102452,661700
3104010,661800
3105301,661900
3107055,662000
3110058,662100
3111993,662200
3113697,662300
3114754,662400
3115950,662500
3117062,662600
3118360,662700
3119656,662800
3120904,662900
3122014,663000
3124964,663100
3127137,663200
3129382,663300
3130898,663400
3132379,663500
3133989,663600
3135543,663700
3136838,663800
3138072,663900
3139345,664000
3142408,664100
3144230,664200
3146527,664300
3148271,664400
3149716,664500
3151263,664600
3152511,664700
3153844,664800
3155271,664900
3156835,665000
3160218,665100
3162458,665200
3164303,665300
3165971,665400
3167563,665500
3169193,665600
3170458,665700
3171659,665800
3173776,665900
3175056,666000
3177856,666100
3179431,666200
3180967,666300
3182683,666400
3184676,666500
3186354,666600
3187604,666700
3188810,666800
3190296,666900
3191544,667000
3194137,667100
3195782,667200
3197176,667300
3198919,667400
3200107,667500
3201408,667600
3202564,667700
3203671,667800
3204863,667900
3206057,668000
3211483,668100
3213138,668200
3214543,668300
3215718,668400
3216931,668500
3218259,668600
3219492,668700
3220700,668800
3221833,668900
3223063,669000
3225894,669100
3227497,669200
3229216,669300
3231126,669400
3232747,669500
3234091,669600
3235532,669700
3237080,669800
3238677,669900
3240566,670000
3243938,670100
3246990,670200
3248650,670300
3250113,670400
3251733,670500
3253307,670600
3254810,670700
3256214,670800
3257752,670900
3259230,671000
3284799,671100
3286721,671200
3288522,671300
3290654,671400
3292803,671500
3294702,671600
3297037,671700
3298946,671800
3300664,671900
3302429,672000
3306901,672100
3309360,672200
3311162,672300
3313438,672400
3315654,672500
3317888,672600
3319477,672700
3321011,672800
3322532,672900
3324639,673000
3327553,673100
3329778,673200
3331519,673300
3333492,673400
3335534,673500
3337014,673600
3338652,673700
3340276,673800
3341718,673900
3343892,674000
3347521,674100
3349302,674200
3351208,674300
3352800,674400
3354306,674500
3356662,674600
3358252,674700
3359641,674800
3360880,674900
3362354,675000
3365188,675100
3366765,675200
3368341,675300
3369705,675400
3371391,675500
3372747,675600
3374297,675700
3375609,675800
3376838,675900
3378077,676000
3381068,676100
3382463,676200
3383849,676300
3385271,676400
3386471,676500
3387618,676600
3388809,676700
3390011,676800
3391357,676900
3392607,677000
3395558,677100
3397350,677200
3398785,677300
3400077,677400
3401522,677500
3402824,677600
3404428,677700
3405753,677800
3407257,677900
3408513,678000
3411425,678100
3413301,678200
3414971,678300
3416497,678400
3417874,678500
3419061,678600
3420373,678700
3421815,678800
3423352,678900
3424568,679000
3431307,679100
3432728,679200
3434049,679300
3435368,679400
3436580,679500
3437905,679600
3439129,679700
3440526,679800
3441672,679900
3442814,680000
3445524,680100
3446665,680200
3448013,680300
3449237,680400
3450385,680500
3451759,680600
3452964,680700
3454207,680800
3455322,680900
3456778,681000
3459420,681100
3460874,681200
3462899,681300
3464602,681400
3466418,681500
3468416,681600
3470072,681700
3471702,681800
3473739,681900
3475137,682000
3478907,682100
3480903,682200
3482859,682300
3485254,682400
3486479,682500
3487707,682600
3488883,682700
3490846,682800
3492348,682900
3493539,683000
3496754,683100
3498755,683200
3500641,683300
3502503,683400
3503864,683500
3505429,683600
3506786,683700
3508247,683800
3509571,683900
3511018,684000
3514084,684100
3516111,684200
3518070,684300
3519340,684400
3520624,684500
3521750,684600
3522983,684700
3524359,684800
3525621,684900
3526662,685000
3529443,685100
3530898,685200
3532266,685300
3533352,685400
3535127,685500
3536848,685600
3538371,685700
3539468,685800
3540694,685900
3542085,686000
3569301,686100
3571364,686200
3573249,686300
3575145,686400
3576523,686500
3577939,686600
3580145,686700
3581896,686800
3584366,686900
3585997,687000
3589009,687100
3591090,687200
3592712,687300
3594902,687400
3596862,687500
3598355,687600
3599678,687700
3601478,687800
3603190,687900
3604532,688000
3607372,688100
3610325,688200
3611534,688300
3613041,688400
3614977,688500
3616315,688600
3617603,688700
3619077,688800
3620720,688900
3622023,689000
3625453,689100
3627617,689200
3629575,689300
3631130,689400
3632567,689500
3633991,689600
3636055,689700
3637318,689800
3640089,689900
3641600,690000
3644900,690100
3646670,690200
3647876,690300
3648973,690400
3649907,690500
3651193,690600
3652504,690700
3653688,690800
3655051,690900
3656023,691000
3658449,691100
3660273,691200
3661627,691300
3662966,691400
3663882,691500
3664555,691600
3665447,691700
3666379,691800
3668609,691900
3669672,692000
3671949,692100
3673003,692200
3674260,692300
3675227,692400
3676171,692500
3676986,692600
3677792,692700
3678996,692800
3680048,692900
3681035,693000
3683268,693100
3684795,693200
3685947,693300
3686862,693400
3687877,693500
3688958,693600
3689632,693700
3690789,693800
3691972,693900
3692784,694000
3695017,694100
3696550,694200
3697956,694300
3699225,694400
3700282,694500
3701617,694600
3702584,694700
3703671,694800
3704493,694900
3705727,695000
3708804,695100
3710228,695200
3712152,695300
3713802,695400
3714898,695500
3716121,695600
3717142,695700
3718353,695800
3719187,695900
3720414,696000
3723263,696100
3726629,696200
3728179,696300
3729677,696400
3731219,696500
3732558,696600
3733827,696700
3735210,696800
3736097,696900
3736760,697000
3739030,697100
3740718,697200
3742026,697300
3743120,697400
3744235,697500
3745364,697600
3746429,697700
3747186,697800
3748385,697900
3749257,698000
3754078,698100
3755679,698200
3757412,698300
3758839,698400
3760580,698500
3762138,698600
3763767,698700
3765069,698800
3766329,698900
3767254,699000
3769933,699100
3771635,699200
3772765,699300
3774460,699400
3775521,699500
3776681,699600
3778044,699700
3779173,699800
3780418,699900
3781551,700000
3817566,700100
3820372,700200
3822930,700300
3825690,700400
3829200,700500
3831905,700600
3834031,700700
3836457,700800
3838493,700900
3840427,701000
3843445,701100
3845678,701200
3847910,701300
3849369,701400
3852099,701500
3854023,701600
3855878,701700
3857431,701800
3859324,701900
3860787,702000
3863523,702100
3865167,702200
3866916,702300
3868468,702400
3870265,702500
3871545,702600
3872902,702700
3874882,702800
3876624,702900
3877852,703000
3881502,703100
3882804,703200
3884139,703300
3885622,703400
3887224,703500
3888998,703600
3890308,703700
3892013,703800
3894035,703900
3895993,704000
3899468,704100
3901846,704200
3903800,704300
3905333,704400
3907333,704500
3909272,704600
3910876,704700
3912436,704800
3914005,704900
3915623,705000
3920427,705100
3922624,705200
3925460,705300
3926880,705400
3927978,705500
3930006,705600
3931849,705700
3933199,705800
3934982,705900
3936988,706000
3940231,706100
3942637,706200
3944447,706300
3946214,706400
3947802,706500
3948647,706600
3950120,706700
3951207,706800
3952770,706900
3954161,707000
3956430,707100
3958278,707200
3959859,707300
3960976,707400
3962332,707500
3963494,707600
3964885,707700
3966400,707800
3967638,707900
3968813,708000
3972136,708100
3973712,708200
3975391,708300
3976995,708400
3977971,708500
3978867,708600
3979870,708700
3981275,708800
3982928,708900
3984716,709000
3989992,709100
3992139,709200
3994119,709300
3995647,709400
3996894,709500
3998149,709600
3999059,709700
4000162,709800
4001570,709900
4002720,710000
4006303,710100
4007892,710200
4009592,710300
4011134,710400
4013121,710500
4014557,710600
4015449,710700
4016635,710800
4017999,710900
4019090,711000
4022022,711100
4023716,711200
4025304,711300
4026996,711400
4028044,711500
4029063,711600
4029982,711700
4031233,711800
4032484,711900
4033807,712000
4036194,712100
4037969,712200
4039664,712300
4040930,712400
4042162,712500
4043215,712600
4045052,712700
4046333,712800
4047380,712900
4048600,713000
4050974,713100
4052710,713200
4054217,713300
4055430,713400
4056570,713500
4058199,713600
4059451,713700
4060387,713800
4061444,713900
4062480,714000
4065483,714100
4067261,714200
4069039,714300
4071157,714400
4072608,714500
4073871,714600
4074965,714700
4076043,714800
4077273,714900
4078407,715000
4081850,715100
4083249,715200
4084583,715300
4085683,715400
4087179,715500
4088193,715600
4089080,715700
4090103,715800
4091144,715900
4092118,716000
4096485,716100
4098202,716200
4099632,716300
4101012,716400
4102674,716500
4104106,716600
4104747,716700
4105482,716800
4106214,716900
4107027,717000
4109932,717100
4111982,717200
4113838,717300
4115512,717400
4116879,717500
4117973,717600
4119018,717700
4120023,717800
4121020,717900
4121887,718000
4125150,718100
4126941,718200
4128162,718300
4129535,718400
4130463,718500
4131803,718600
4132843,718700
4133805,718800
4134700,718900
4135434,719000
4137855,719100
4139197,719200
4140652,719300
4141998,719400
4143288,719500
4144101,719600
4145310,719700
4146633,719800
4148557,719900
4149691,720000
4152087,720100
4153582,720200
4155050,720300
4156289,720400
4157395,720500
4158592,720600
4160307,720700
4161637,720800
4162555,720900
4163455,721000
4166030,721100
4167791,721200
4169557,721300
4171268,721400
4172602,721500
4173737,721600
4175022,721700
4176263,721800
4178503,721900
4179979,722000
4182622,722100
4184051,722200
4186238,722300
4189763,722400
4194116,722500
4201518,722600
4203740,722700
4205771,722800
4207640,722900
4208803,723000
4210953,723100
4212067,723200
4213338,723300
4214804,723400
4216557,723500
4217484,723600
4218681,723700
4219704,723800
4221009,723900
4222131,724000
4224365,724100
4225601,724200
4227215,724300
4229019,724400
4230162,724500
4231060,724600
4232261,724700
4233673,724800
4234954,724900
4236021,725000
4238519,725100
4239793,725200
4241089,725300
4242507,725400
4245011,725500
4246824,725600
4248072,725700
4249422,725800
4250444,725900
4251460,726000
4253955,726100
4255278,726200
4256613,726300
4258076,726400
4259576,726500
4261070,726600
4262463,726700
4263637,726800
4264768,726900
4265822,727000
4267760,727100
4268894,727200
4269984,727300
4271811,727400
4273509,727500
4274830,727600
4275912,727700
4277244,727800
4278247,727900
4279415,728000
4281822,728100
4282827,728200
4283864,728300
4285068,728400
4285939,728500
4287331,728600
4288735,728700
4289623,728800
4290842,728900
4292054,729000
4295473,729100
4296888,729200
4298325,729300
4300234,729400
4301869,729500
4303735,729600
4305474,729700
4306884,729800
4308403,729900
4309957,730000
4313315,730100
4315022,730200
4316436,730300
4317365,730400
4318702,730500
4320279,730600
4321245,730700
4322281,730800
4323485,730900
4324618,731000
4327348,731100
4328355,731200
4329435,731300
4330798,731400
4332438,731500
4333739,731600
4334884,731700
4336158,731800
4337754,731900
4338761,732000
4340939,732100
4342440,732200
4344680,732300
4346479,732400
4348694,732500
4350531,732600
4351728,732700
4352948,732800
4354130,732900
4355195,733000
4358663,733100
4359707,733200
4360937,733300
4361914,733400
4363002,733500
4364472,733600
4366153,733700
4367385,733800
4368550,733900
4370028,734000
4372729,734100
4374922,734200
4376321,734300
4377643,734400
4379066,734500
4380975,734600
4382327,734700
4383670,734800
4384759,734900
4386368,735000
4389262,735100
4391282,735200
4392656,735300
4393998,735400
4395152,735500
4396229,735600
4398475,735700
4399725,735800
4400654,735900
4402469,736000
4405872,736100
4407788,736200
4409394,736300
4410759,736400
4412227,736500
4413775,736600
4415097,736700
4416304,736800
4417589,736900
4419082,737000
4422036,737100
4424367,737200
4425692,737300
4427587,737400
4428778,737500
4429985,737600
4431019,737700
4432319,737800
4433575,737900
4434730,738000
4437454,738100
4438809,738200
4440081,738300
4441229,738400
4442425,738500
4443783,738600
4445093,738700
4446744,738800
4448161,738900
4449386,739000
4452546,739100
4454321,739200
4455396,739300
4456522,739400
4457724,739500
4459416,739600
4460376,739700
4461743,739800
4462552,739900
4463449,740000
4465827,740100
4467214,740200
4468635,740300
4470514,740400
4472050,740500
4474144,740600
4476114,740700
4478152,740800
4479687,740900
4481110,741000
4484661,741100
4486516,741200
4488092,741300
4489775,741400
4491006,741500
4492022,741600
4493048,741700
4494389,741800
4495915,741900
4496974,742000
4499933,742100
4501870,742200
4505394,742300
4509873,742400
4513532,742500
4516182,742600
4517685,742700
4519041,742800
4520154,742900
4521084,743000
4523689,743100
4525205,743200
4526483,743300
4527663,743400
4528519,743500
4529340,743600
4530314,743700
4531620,743800
4533032,743900
4534084,744000
4536522,744100
4539032,744200
4540144,744300
4540827,744400
4541734,744500
4542738,744600
4544473,744700
4545818,744800
4547610,744900
4549317,745000
4552290,745100
4553651,745200
4554984,745300
4556204,745400
4557396,745500
4558862,745600
4560389,745700
4562090,745800
4563271,745900
4564376,746000
4568253,746100
4569272,746200
4570362,746300
4571296,746400
4572985,746500
4574200,746600
4575815,746700
4576805,746800
4578060,746900
4579447,747000
4582201,747100
4583589,747200
4585080,747300
4586463,747400
4587820,747500
4589011,747600
4590481,747700
4591544,747800
4593318,747900
4594607,748000
4596810,748100
4598453,748200
4599458,748300
4600245,748400
4601216,748500
4602636,748600
4603953,748700
4605513,748800
4606979,748900
4608427,749000
4610853,749100
4612652,749200
4614104,749300
4615588,749400
4616829,749500
4618060,749600
4619349,749700
4620912,749800
4622224,749900
4623732,750000
4626348,750100
4627727,750200
4628911,750300
4630453,750400
4631761,750500
4632786,750600
4633860,750700
4635417,750800
4636671,750900
4637864,751000
4640344,751100
4641629,751200
4643425,751300
4644762,751400
4645584,751500
4646972,751600
4647980,751700
4649069,751800
4650227,751900
4651369,752000
4654374,752100
4655840,752200
4657426,752300
4658845,752400
4659783,752500
4660614,752600
4661399,752700
4663055,752800
4664396,752900
4665599,753000
4668833,753100
4671083,753200
4672778,753300
4674316,753400
4675594,753500
4676375,753600
4677309,753700
4678438,753800
4680059,753900
4682521,754000
4685647,754100
4687445,754200
4689319,754300
4691451,754400
4692466,754500
4693381,754600
4694443,754700
4695807,754800
4697109,754900
4698246,755000
4700630,755100
4702491,755200
4704060,755300
4705531,755400
4706838,755500
4707730,755600
4708788,755700
4709871,755800
4711118,755900
4712467,756000
4714809,756100
4716016,756200
4717689,756300
4718726,756400
4719623,756500
4720506,756600
4721260,756700
4722113,756800
4723296,756900
4724163,757000
4799150,757100
4801740,757200
4804616,757300
4807930,757400
4814174,757500
4816414,757600
4817973,757700
4819271,757800
4820835,757900
4822301,758000
4825803,758100
4827859,758200
4830029,758300
4832537,758400
4839721,758500
4847600,758600
4854035,758700
4856846,758800
4858851,758900
4860474,759000
4863669,759100
4869007,759200
4874732,759300
4883037,759400
4884683,759500
4885993,759600
4888004,759700
4889690,759800
4890926,759900
4891939,760000
4894649,760100
4896349,760200
4898031,760300
4900083,760400
4901529,760500
4902904,760600
4903954,760700
4905013,760800
4906235,760900
4907268,761000
4909572,761100
4911280,761200
4912782,761300
4914084,761400
4915405,761500
4916544,761600
4917872,761700
4919139,761800
4920269,761900
4921758,762000
4926261,762100
4928730,762200
4930494,762300
4931930,762400
4934308,762500
4935688,762600
4937185,762700
4938373,762800
4939650,762900
4941235,763000
4944357,763100
4946780,763200
4949397,763300
4951489,763400
4953271,763500
4954952,763600
4956696,763700
4958271,763800
4959628,763900
4960725,764000
4963989,764100
4965862,764200
4968094,764300
4970044,764400
4971991,764500
4974107,764600
4975766,764700
4977563,764800
4978964,764900
4980842,765000
4984304,765100
4986470,765200
4987996,765300
4989933,765400
4991302,765500
4992776,765600
4994638,765700
4996570,765800
4997855,765900
4999340,766000
5002901,766100
5005685,766200
5007018,766300
5008073,766400
5009056,766500
5010003,766600
5015992,766700
5023856,766800
5025199,766900
5026193,767000
5028992,767100
5030375,767200
5031859,767300
5033120,767400
5034854,767500
5036526,767600
5037689,767700
5039092,767800
5040477,767900
5041733,768000
5044875,768100
5046441,768200
5047820,768300
5048939,768400
5050109,768500
5051369,768600
5052719,768700
5054065,768800
5054893,768900
5055715,769000
5058614,769100
5060675,769200
5062188,769300
5064077,769400
5065838,769500
5067926,769600
5069121,769700
5070295,769800
5071107,769900
5072238,770000
5075892,770100
5077263,770200
5079196,770300
5081037,770400
5082366,770500
5084713,770600
5085733,770700
5086505,770800
5087416,770900
5088256,771000
5090820,771100
5098052,771200
5102645,771300
5104553,771400
5109281,771500
5111444,771600
5112853,771700
5114068,771800
5115158,771900
5116116,772000
5118842,772100
5119796,772200
5121363,772300
5122475,772400
5123937,772500
5125014,772600
5125973,772700
5127017,772800
5128244,772900
5129506,773000
5132160,773100
5133698,773200
5135169,773300
5136352,773400
5137493,773500
5138608,773600
5139534,773700
5140788,773800
5141705,773900
5142592,774000
5145458,774100
5147096,774200
5148658,774300
5150214,774400
5152141,774500
5153706,774600
5154865,774700
5156291,774800
5157735,774900
5159009,775000
5161845,775100
5163206,775200
5164447,775300
5165399,775400
5166626,775500
5167728,775600
5168971,775700
5170351,775800
5171266,775900
5172624,776000
5175734,776100
5176879,776200
5178487,776300
5180458,776400
5181515,776500
5182593,776600
5183761,776700
5185084,776800
5186339,776900
5187455,777000
5190238,777100
5192042,777200
5193289,777300
5194681,777400
5195706,777500
5197240,777600
5198519,777700
5199760,777800
5201075,777900
5202538,778000
5205710,778100
5208257,778200
5209927,778300
5211869,778400
5213471,778500
5214939,778600
5216298,778700
5217586,778800
5218900,778900
5219954,779000
5222569,779100
5224291,779200
5225742,779300
5227095,779400
5228818,779500
5230636,779600
5232343,779700
5233638,779800
5234879,779900
5236458,780000
5239369,780100
5241309,780200
5242389,780300
5243612,780400
5244541,780500
5245952,780600
5247731,780700
5249428,780800
5250939,780900
5253391,781000
5256299,781100
5258126,781200
5259852,781300
5261286,781400
5262265,781500
5263834,781600
5265327,781700
5266636,781800
5268210,781900
5269562,782000
5275417,782100
5276826,782200
5278353,782300
5280171,782400
5281787,782500
5283134,782600
5284544,782700
5285912,782800
5287309,782900
5288576,783000
5291579,783100
5293163,783200
5295018,783300
5296925,783400
5298425,783500
5299565,783600
5300896,783700
5302560,783800
5304017,783900
5305508,784000
5313161,784100
5314884,784200
5316264,784300
5317592,784400
5318630,784500
5319875,784600
5320985,784700
5322618,784800
5324230,784900
5325962,785000
5328923,785100
5330870,785200
5332478,785300
5334103,785400
5335552,785500
5337062,785600
5338410,785700
5339647,785800
5341061,785900
5342576,786000
5345587,786100
5347850,786200
5349749,786300
5351576,786400
5353127,786500
5354181,786600
5355140,786700
5356229,786800
5357442,786900
5358897,787000
5361674,787100
5363483,787200
5365377,787300
5367046,787400
5368189,787500
5369188,787600
5370475,787700
5371459,787800
5372440,787900
5373479,788000
5376571,788100
5377819,788200
5379080,788300
5380686,788400
5381631,788500
5382572,788600
5383498,788700
5384457,788800
5385413,788900
5386734,789000
5389429,789100
5390799,789200
5392526,789300
5393778,789400
5395041,789500
5396218,789600
5397395,789700
5398686,789800
5399900,789900
5400952,790000
5404328,790100
5406049,790200
5407667,790300
5409540,790400
5411032,790500
5412453,790600
5413405,790700
5414746,790800
5415828,790900
5417048,791000
5420205,791100
5421687,791200
5423423,791300
5425109,791400
5426609,791500
5427841,791600
5429015,791700
5429975,791800
5431366,791900
5432824,792000
5435794,792100
5437645,792200
5439140,792300
5440430,792400
5441620,792500
5442973,792600
5444216,792700
5445589,792800
5446809,792900
5448335,793000
5451763,793100
5454036,793200
5455670,793300
5457080,793400
5458584,793500
5460561,793600
5462296,793700
5463969,793800
5465321,793900
5466443,794000
5470267,794100
5472194,794200
5474599,794300
5476761,794400
5478462,794500
5479834,794600
5481581,794700
5482925,794800
5484172,794900
5485471,795000
5489078,795100
5490817,795200
5493114,795300
5495135,795400
5496819,795500
5498544,795600
5499997,795700
5501411,795800
5502661,795900
5504144,796000
5507429,796100
5509345,796200
5511291,796300
5512930,796400
5514612,796500
5515969,796600
5517377,796700
5518819,796800
5520387,796900
5521825,797000
5525514,797100
5527988,797200
5529621,797300
5531406,797400
5533060,797500
5534279,797600
5535675,797700
5536869,797800
5537930,797900
5539006,798000
5542188,798100
5544143,798200
5545903,798300
5547707,798400
5549284,798500
5550959,798600
5552835,798700
5554340,798800
5555487,798900
5556783,799000
5559924,799100
5561443,799200
5563657,799300
5565530,799400
5567311,799500
5569114,799600
5570609,799700
5571760,799800
5572939,799900
5574276,800000
5577301,800100
5578910,800200
5580882,800300
5582364,800400
5583873,800500
5589022,800600
5590548,800700
5591814,800800
5592946,800900
5594112,801000
5597777,801100
5599500,801200
5601320,801300
5602896,801400
5604207,801500
5605636,801600
5607534,801700
5608727,801800
5609766,801900
5610990,802000
5614284,802100
5616164,802200
5618261,802300
5619940,802400
5621400,802500
5623173,802600
5624657,802700
5626385,802800
5628015,802900
5629378,803000
5634771,803100
5636283,803200
5637517,803300
5639215,803400
5640643,803500
5641912,803600
5643241,803700
5644900,803800
5646115,803900
5647252,804000
5649814,804100
5651587,804200
5653550,804300
5655235,804400
5656641,804500
5658082,804600
5659357,804700
5660701,804800
5662005,804900
5663271,805000
5666217,805100
5668530,805200
5669884,805300
5671811,805400
5673741,805500
5675789,805600
5677268,805700
5678894,805800
5680139,805900
5681168,806000
5684745,806100
5686410,806200
5688263,806300
5690774,806400
5692454,806500
5694239,806600
5695672,806700
5697089,806800
5698340,806900
5699648,807000
5702921,807100
5704594,807200
5706868,807300
5709018,807400
5711514,807500
5713087,807600
5715146,807700
5716939,807800
5719029,807900
5720370,808000
5723435,808100
5725267,808200
5726953,808300
5728744,808400
5730377,808500
5732226,808600
5734080,808700
5736112,808800
5737836,808900
5739205,809000
5742830,809100
5745263,809200
5748789,809300
5751198,809400
5753019,809500
5755257,809600
5756921,809700
5759101,809800
5761484,809900
5763548,810000
5768474,810100
5772018,810200
5774625,810300
5777107,810400
5780173,810500
5783175,810600
5785705,810700
5788419,810800
5791304,810900
5794165,811000
5798977,811100
5802369,811200
5805625,811300
5808721,811400
5811044,811500
5814424,811600
5816584,811700
5819235,811800
5822020,811900
5824337,812000
5829037,812100
5832355,812200
5834729,812300
5837371,812400
5839542,812500
5841509,812600
5843766,812700
5846225,812800
5848269,812900
5850273,813000
5859477,813100
5861637,813200
5863352,813300
5865773,813400
5867517,813500
5869940,813600
5872522,813700
5874521,813800
5876993,813900
5879358,814000
5883866,814100
5886074,814200
5888753,814300
5891454,814400
5893757,814500
5895985,814600
5898493,814700
5900467,814800
5902853,814900
5905191,815000
5930571,815100
5933386,815200
5935790,815300
5937971,815400
5940931,815500
5943660,815600
5946835,815700
5951124,815800
5953855,815900
5956598,816000
5963080,816100
5966703,816200
5968931,816300
5971324,816400
5972990,816500
5975361,816600
5977638,816700
5979880,816800
5981959,816900
5983729,817000
5987699,817100
5990249,817200
5992360,817300
5994296,817400
5995752,817500
5997884,817600
6000288,817700
6002164,817800
6004406,817900
6006393,818000
6010166,818100
6012965,818200
6015742,818300
6017654,818400
6019574,818500
6021270,818600
6023100,818700
6025342,818800
6027449,818900
6029327,819000
6033505,819100
6037439,819200
6039315,819300
6041871,819400
6043617,819500
6044998,819600
6046946,819700
6049161,819800
6050840,819900
6053003,820000
6057307,820100
6059890,820200
6062322,820300
6064731,820400
6066672,820500
6068593,820600
6070476,820700
6072717,820800
6074527,820900
6076001,821000
6079238,821100
6080914,821200
6082507,821300
6084196,821400
6085849,821500
6087169,821600
6088601,821700
6090238,821800
6091850,821900
6093459,822000
6097035,822100
6099153,822200
6101652,822300
6104075,822400
6107634,822500
6109373,822600
6111061,822700
6112830,822800
6114247,822900
6115907,823000
6119571,823100
6121591,823200
6124258,823300
6126461,823400
6128697,823500
6130494,823600
6131810,823700
6133372,823800
6135289,823900
6137490,824000
6142785,824100
6145603,824200
6148199,824300
6151673,824400
6153848,824500
6156288,824600
6158765,824700
6161178,824800
6162911,824900
6165269,825000
6170468,825100
6174051,825200
6176310,825300
6179350,825400
6182417,825500
6184886,825600
6186454,825700
6187969,825800
6190168,825900
6192343,826000
6196863,826100
6200137,826200
6202986,826300
6206443,826400
6208715,826500
6211025,826600
6212981,826700
6214982,826800
6217664,826900
6219668,827000
6224643,827100
6228877,827200
6232090,827300
6235605,827400
6238205,827500
6240529,827600
6242891,827700
6244987,827800
6246922,827900
6249163,828000
6253448,828100
6261143,828200
6263608,828300
6266281,828400
6268441,828500
6270241,828600
6272065,828700
6273713,828800
6275435,828900
6277677,829000
6281992,829100
6284470,829200
6286785,829300
6288706,829400
6290566,829500
6293005,829600
6294914,829700
6297170,829800
6300272,829900
6302727,830000
6307316,830100
6311303,830200
6314845,830300
6317016,830400
6319471,830500
6322106,830600
6324512,830700
6326931,830800
6329184,830900
6331575,831000
6335716,831100
6338829,831200
6341403,831300
6343605,831400
6345767,831500
6348240,831600
6350110,831700
6352039,831800
6354101,831900
6356170,832000
6360787,832100
6364139,832200
6367498,832300
6370177,832400
6373862,832500
6376802,832600
6379150,832700
6381306,832800
6383484,832900
6385725,833000
6390299,833100
6394101,833200
6397592,833300
6400536,833400
6403111,833500
6405093,833600
6406850,833700
6409262,833800
6411015,833900
6413169,834000
6417674,834100
6420623,834200
6426015,834300
6429841,834400
6433753,834500
6437602,834600
6440632,834700
6443538,834800
6446253,834900
6448672,835000
6453840,835100
6456831,835200
6459365,835300
6462882,835400
6465060,835500
6468638,835600
6471049,835700
6473133,835800
6478412,835900
6481174,836000
6485832,836100
6489332,836200
6491867,836300
6494168,836400
6496424,836500
6498462,836600
6500524,836700
6502370,836800
6504249,836900
6506490,837000
6510270,837100
6512695,837200
6515368,837300
6518779,837400
6521113,837500
6523537,837600
6525873,837700
6529491,837800
6531489,837900
6533893,838000
6538109,838100
6540991,838200
6544242,838300
6546520,838400
6548494,838500
6550314,838600
6551980,838700
6553696,838800
6555689,838900
6557115,839000
6560955,839100
6562914,839200
6564796,839300
6566632,839400
6568213,839500
6569767,839600
6571459,839700
6572864,839800
6574369,839900
6576032,840000
6578773,840100
6580182,840200
6581719,840300
6583517,840400
6584660,840500
6585871,840600
6587833,840700
6589551,840800
6591337,840900
6593786,841000
6597581,841100
6599937,841200
6602333,841300
6605273,841400
6607203,841500
6609084,841600
6611660,841700
6613435,841800
6615646,841900
6617507,842000
6621155,842100
6623246,842200
6625349,842300
6627959,842400
6629980,842500
6632349,842600
6634024,842700
6635877,842800
6637573,842900
6638649,843000
6643233,843100
6645625,843200
6647529,843300
6653844,843400
6655997,843500
6659323,843600
6662591,843700
6664640,843800
6666252,843900
6667832,844000
6672027,844100
6674864,844200
6677360,844300
6680121,844400
6683178,844500
6686063,844600
6687741,844700
6689646,844800
6691483,844900
6693395,845000
6696426,845100
6698461,845200
6700371,845300
6702174,845400
6704362,845500
6706479,845600
6707993,845700
6709808,845800
6711877,845900
6713599,846000
6716646,846100
6718263,846200
6720314,846300
6722659,846400
6724383,846500
6726153,846600
6727954,846700
6729821,846800
6732092,846900
6734251,847000
6737877,847100
6739731,847200
6741615,847300
6743258,847400
6745256,847500
6747345,847600
6749053,847700
6750545,847800
6752061,847900
6753603,848000
6758152,848100
6760750,848200
6763432,848300
6765791,848400
6768253,848500
6770570,848600
6772303,848700
6774571,848800
6776602,848900
6778445,849000
6783540,849100
6786752,849200
6789991,849300
6792998,849400
6795114,849500
6797842,849600
6802507,849700
6805499,849800
6808314,849900
6810339,850000
6815145,850100
6818450,850200
6821540,850300
6824507,850400
6826653,850500
6830768,850600
6833151,850700
6835706,850800
6839604,850900
6848168,851000
6853686,851100
6858330,851200
6862670,851300
6865511,851400
6869580,851500
6873226,851600
6876029,851700
6879252,851800
6881921,851900
6883652,852000
6888884,852100
6894401,852200
6898702,852300
6902451,852400
6908055,852500
6910239,852600
6914069,852700
6917406,852800
6919562,852900
6922149,853000
6928503,853100
6931886,853200
6936603,853300
6939718,853400
6942362,853500
6945821,853600
6948427,853700
6951317,853800
6954525,853900
6959175,854000
6969386,854100
6975760,854200
6979522,854300
6982510,854400
6985935,854500
6988959,854600
6992038,854700
6994932,854800
6998240,854900
7001704,855000
7008429,855100
7012189,855200
7014940,855300
7018411,855400
7022238,855500
7026124,855600
7030192,855700
7033832,855800
7036052,855900
7038791,856000
7044700,856100
7047905,856200
7054180,856300
7062429,856400
7070910,856500
7076757,856600
7081310,856700
7085747,856800
7090803,856900
7093362,857000
7098363,857100
7100252,857200
7103112,857300
7105262,857400
7108309,857500
7110969,857600
7113371,857700
7115750,857800
7117799,857900
7119716,858000
7123207,858100
7125904,858200
7128278,858300
7130490,858400
7132873,858500
7135193,858600
7137510,858700
7139647,858800
7143012,858900
7146166,859000
7151755,859100
7156681,859200
7159318,859300
7161774,859400
7168379,859500
7170845,859600
7172465,859700
7174381,859800
7177221,859900
7179240,860000
7308162,860100
7314699,860200
7319432,860300
7325529,860400
7329208,860500
7334941,860600
7338987,860700
7345476,860800
7350282,860900
7354476,861000
7363244,861100
7367615,861200
7370650,861300
7374889,861400
7378167,861500
7381823,861600
7384154,861700
7387935,861800
7391558,861900
7394407,862000
7401271,862100
7406165,862200
7409629,862300
7412669,862400
7415553,862500
7419496,862600
7423238,862700
7427276,862800
7431161,862900
7434251,863000
7445590,863100
7448304,863200
7451310,863300
7454711,863400
7457342,863500
7460527,863600
7463344,863700
7467271,863800
7470092,863900
7473364,864000
7482007,864100
7486675,864200
7489147,864300
7491290,864400
7493902,864500
7496589,864600
7498951,864700
7501641,864800
7504184,864900
7506053,865000
7510572,865100
7516993,865200
7519767,865300
7521916,865400
7524821,865500
7527297,865600
7529440,865700
7531869,865800
7533796,865900
7535710,866000
7540724,866100
7544141,866200
7546479,866300
7548934,866400
7551467,866500
7554288,866600
7556234,866700
7558148,866800
7560260,866900
7562071,867000
7567901,867100
7570740,867200
7573047,867300
7575363,867400
7578630,867500
7581006,867600
7584319,867700
7587370,867800
7590049,867900
7594021,868000
7599725,868100
7603098,868200
7606722,868300
7610944,868400
7613500,868500
7616537,868600
7620087,868700
7624790,868800
7629621,868900
7634256,869000
7642730,869100
7647619,869200
7651885,869300
7655278,869400
7658196,869500
7661286,869600
7665359,869700
7669564,869800
7674752,869900
7683956,870000
7693186,870100
7699871,870200
7704167,870300
7708753,870400
7711608,870500
7716404,870600
7720252,870700
7722944,870800
7726061,870900
7728324,871000
7734389,871100
7737658,871200
7740831,871300
7746424,871400
7750035,871500
7753785,871600
7756613,871700
7760080,871800
7762861,871900
7768906,872000
7776194,872100
7779358,872200
7782436,872300
7784866,872400
7787902,872500
7790789,872600
7794382,872700
7797183,872800
7800217,872900
7804302,873000
7810627,873100
7815139,873200
7818659,873300
7823619,873400
7827410,873500
7830612,873600
7835298,873700
7840151,873800
7844183,873900
7847671,874000
7854506,874100
7859169,874200
7862053,874300
7865119,874400
7869035,874500
7872056,874600
7874424,874700
7877247,874800
7880153,874900
7883827,875000
7891862,875100
7896922,875200
7901177,875300
7904809,875400
7908578,875500
7912454,875600
7916459,875700
7920538,875800
7924172,875900
7927886,876000
7934294,876100
7938784,876200
7942237,876300
7945352,876400
7948963,876500
7952263,876600
7956547,876700
7960227,876800
7965080,876900
7967909,877000
7974634,877100
7980322,877200
7985172,877300
7990025,877400
7994770,877500
7998070,877600
8001034,877700
8004312,877800
8007471,877900
8010305,878000
8018808,878100
8023604,878200
8027489,878300
8030188,878400
8032776,878500
8036346,878600
8038944,878700
8042826,878800
8046246,878900
8049982,879000
8055115,879100
8060015,879200
8064206,879300
8068359,879400
8072082,879500
8075338,879600
8078981,879700
8083382,879800
8088046,879900
8092292,880000
8100163,880100
8103325,880200
8106709,880300
8110330,880400
8115036,880500
8118681,880600
8122326,880700
8125957,880800
8130497,880900
8135203,881000
8142233,881100
8147553,881200
8152895,881300
8161425,881400
8165271,881500
8169246,881600
8174147,881700
8180131,881800
8185999,881900
8190661,882000
8205403,882100
8212110,882200
8218008,882300
8222178,882400
8225584,882500
8229844,882600
8234057,882700
8237065,882800
8240313,882900
8245191,883000
8253270,883100
8258467,883200
8262661,883300
8266607,883400
8270371,883500
8274930,883600
8279967,883700
8284956,883800
8289861,883900
8293483,884000
8300752,884100
8305731,884200
8317283,884300
8320045,884400
8323182,884500
8325450,884600
8327516,884700
8330281,884800
8332445,884900
8334203,885000
8337632,885100
8340788,885200
8345115,885300
8348008,885400
8351603,885500
8354219,885600
8357920,885700
8363349,885800
8368289,885900
8370916,886000
8378310,886100
8383151,886200
8388656,886300
8392767,886400
8396949,886500
8401264,886600
8405339,886700
8409286,886800
8412376,886900
8416998,887000
8423759,887100
8428012,887200
8431082,887300
8433984,887400
8436411,887500
8438765,887600
8441400,887700
8443247,887800
8445157,887900
8447032,888000
8452321,888100
8455434,888200
8458280,888300
8461020,888400
8462872,888500
8465619,888600
8468201,888700
8470989,888800
8473165,888900
8474773,889000
8478360,889100
8480787,889200
8483419,889300
8485184,889400
8487095,889500
8489460,889600
8491756,889700
8493372,889800
8495511,889900
8497735,890000
8501548,890100
8504055,890200
8507493,890300
8510242,890400
8513484,890500
8515339,890600
8517482,890700
8519805,890800
8521526,890900
8523405,891000
8526558,891100
8529571,891200
8532143,891300
8537592,891400
8539301,891500
8541992,891600
8544444,891700
8545994,891800
8547916,891900
8549849,892000
8553782,892100
8555979,892200
8558015,892300
8560214,892400
8562020,892500
8563667,892600
8567125,892700
8568916,892800
8570740,892900
8572537,893000
8576246,893100
8582527,893200
8584806,893300
8586664,893400
8589012,893500
8591239,893600
8593394,893700
8595339,893800
8597211,893900
8598962,894000
8603051,894100
8605537,894200
8620647,894300
8623851,894400
8626309,894500
8629169,894600
8631930,894700
8634996,894800
8637086,894900
8640477,895000
8645748,895100
8648531,895200
8652159,895300
8654823,895400
8657394,895500
8659948,895600
8664279,895700
8668786,895800
8673196,895900
8677718,896000
8684621,896100
8689911,896200
8694787,896300
8699212,896400
8702290,896500
8705434,896600
8708608,896700
8711135,896800
8713461,896900
8715670,897000
8720894,897100
8723968,897200
8725828,897300
8728304,897400
8730702,897500
8733224,897600
8735911,897700
8739368,897800
8743466,897900
8746098,898000
8751130,898100
8754269,898200
8757723,898300
8760880,898400
8764262,898500
8766790,898600
8769791,898700
8772713,898800
8774412,898900
8776459,899000
8781598,899100
8784846,899200
8786985,899300
8789933,899400
8792193,899500
8795670,899600
8798392,899700
8801335,899800
8803365,899900
8805947,900000
8810433,900100
8813392,900200
8815298,900300
8817825,900400
8819923,900500
8823010,900600
8825403,900700
8827835,900800
8829901,900900
8831954,901000
8837076,901100
8840694,901200
8843280,901300
8847231,901400
8849385,901500
8852171,901600
8855259,901700
8857493,901800
8859706,901900
8863646,902000
8869068,902100
8872133,902200
8876207,902300
8878886,902400
8881813,902500
8884765,902600
8887441,902700
8889809,902800
8892097,902900
8894803,903000
8899239,903100
8902198,903200
8904727,903300
8907535,903400
8910989,903500
8913762,903600
8916485,903700
8918973,903800
8921430,903900
8923844,904000
8928354,904100
8930924,904200
8933097,904300
8939955,904400
8942837,904500
8945625,904600
8948352,904700
8951089,904800
8953813,904900
8957726,905000
8964694,905100
8968513,905200
8971321,905300
8974307,905400
8977837,905500
8980827,905600
8983292,905700
8985311,905800
8988490,905900
8990876,906000
9003570,906100
9006208,906200
9009007,906300
9011670,906400
9014594,906500
9017271,906600
9020371,906700
9026230,906800
9029193,906900
9031871,907000
9037324,907100
9040810,907200
9044092,907300
9046355,907400
9049487,907500
9052354,907600
9056976,907700
9059643,907800
9062445,907900
9065445,908000
9070287,908100
9073537,908200
9075692,908300
9077694,908400
9079993,908500
9082057,908600
9084175,908700
9086467,908800
9088862,908900
9090770,909000
9095232,909100
9098219,909200
9101718,909300
9104065,909400
9106706,909500
9109891,909600
9112084,909700
9114612,909800
9117246,909900
9119193,910000
9124578,910100
9127944,910200
9131977,910300
9134619,910400
9136655,910500
9139095,910600
9141733,910700
9143992,910800
9146197,910900
9148163,911000
9153104,911100
9156468,911200
9159198,911300
9161831,911400
9163908,911500
9166619,911600
9169264,911700
9171573,911800
9173407,911900
9175534,912000
9179650,912100
9182764,912200
9185414,912300
9187398,912400
9189638,912500
9191706,912600
9193261,912700
9195200,912800
9196972,912900
9198978,913000
9204008,913100
9207113,913200
9209339,913300
9211862,913400
9213484,913500
9215117,913600
9217177,913700
9219839,913800
9222142,913900
9223905,914000
9228291,914100
9230618,914200
9233729,914300
9236773,914400
9240105,914500
9242011,914600
9244256,914700
9246016,914800
9248443,914900
9250645,915000
9255143,915100
9258129,915200
9260539,915300
9262380,915400
9264158,915500
9265571,915600
9267681,915700
9270448,915800
9272778,915900
9274562,916000
9279376,916100
9282057,916200
9289777,916300
9292593,916400
9295261,916500
9298276,916600
9300407,916700
9302321,916800
9304292,916900
9306616,917000
9311244,917100
9313631,917200
9316980,917300
9319949,917400
9323404,917500
9326700,917600
9329508,917700
9333233,917800
9335483,917900
9339443,918000
9347164,918100
9353554,918200
9357245,918300
9360432,918400
9363794,918500
9367511,918600
9369361,918700
9371895,918800
9373985,918900
9375936,919000
9380400,919100
9382993,919200
9385023,919300
9388268,919400
9390312,919500
9392785,919600
9394660,919700
9395896,919800
9398188,919900
9400823,920000
9405523,920100
9408764,920200
9411247,920300
9413173,920400
9415245,920500
9417292,920600
9418638,920700
9420561,920800
9422413,920900
9424292,921000
9433828,921100
9436061,921200
9438823,921300
9441265,921400
9443969,921500
9446173,921600
9448638,921700
9451110,921800
9452857,921900
9455496,922000
9462033,922100
9467310,922200
9472055,922300
9475366,922400
9478251,922500
9481689,922600
9484562,922700
9488033,922800
9490162,922900
9492503,923000
9498171,923100
9501825,923200
9504233,923300
9507103,923400
9509560,923500
9513025,923600
9515969,923700
9518048,923800
9519821,923900
9522311,924000
9527984,924100
9532748,924200
9535066,924300
9537553,924400
9541051,924500
9545241,924600
9548508,924700
9551695,924800
9553610,924900
9555872,925000
9560336,925100
9563792,925200
9566436,925300
9568830,925400
9570718,925500
9573044,925600
9575034,925700
9577456,925800
9579312,925900
9581758,926000
9588381,926100
9591842,926200
9595275,926300
9598148,926400
9603036,926500
9606506,926600
9609089,926700
9610904,926800
9613559,926900
9615667,927000
9619679,927100
9623504,927200
9625890,927300
9628207,927400
9630873,927500
9633451,927600
9634978,927700
9636958,927800
9638948,927900
9640871,928000
9644954,928100
9648438,928200
9651344,928300
9655637,928400
9657807,928500
9662394,928600
9665920,928700
9667872,928800
9669814,928900
9672128,929000
9676030,929100
9678580,929200
9681017,929300
9683327,929400
9685005,929500
9686549,929600
9688445,929700
9690079,929800
9691353,929900
9692909,930000
9698195,930100
9702551,930200
9706944,930300
9710316,930400
9713232,930500
9715944,930600
9717874,930700
9719799,930800
9723778,930900
9725575,931000
9729988,931100
9732782,931200
9735441,931300
9738292,931400
9741017,931500
9744895,931600
9746962,931700
9750305,931800
9753105,931900
9755074,932000
9759285,932100
9762552,932200
9765768,932300
9767995,932400
9771425,932500
9776797,932600
9779611,932700
9781869,932800
9784020,932900
9785733,933000
9790276,933100
9794004,933200
9797333,933300
9799666,933400
9801540,933500
9803982,933600
9806559,933700
9809438,933800
9812324,933900
9814040,934000
9818433,934100
9822357,934200
9826888,934300
9829816,934400
9831932,934500
9835879,934600
9838664,934700
9841169,934800
9843856,934900
9845631,935000
9851306,935100
9859072,935200
9862312,935300
9863757,935400
9865742,935500
9867063,935600
9868408,935700
9870069,935800
9871795,935900
9873384,936000
9878379,936100
9880076,936200
9882225,936300
9884041,936400
9885525,936500
9887265,936600
9888574,936700
9889799,936800
9891070,936900
9892452,937000
9895564,937100
9897631,937200
9899418,937300
9900584,937400
9902071,937500
9903893,937600
9905781,937700
9907093,937800
9908540,937900
9912653,938000
9917691,938100
9920180,938200
9923120,938300
9924816,938400
9927129,938500
9928922,938600
9930840,938700
9932999,938800
9934452,938900
9936072,939000
9940187,939100
9942692,939200
9945673,939300
9947835,939400
9951144,939500
9952926,939600
9958881,939700
9960852,939800
9962648,939900
9964334,940000
9968741,940100
9971278,940200
9972953,940300
9975109,940400
9977394,940500
9979776,940600
9981296,940700
9983083,940800
9985225,940900
9988144,941000
9993164,941100
9995351,941200
9997210,941300
9999823,941400
10001850,941500
10003298,941600
10005024,941700
10006541,941800
10008294,941900
10010860,942000
10014814,942100
10017450,942200
10019224,942300
10021772,942400
10023899,942500
10025682,942600
10027315,942700
10028569,942800
10030196,942900
10032423,943000
10036950,943100
10039436,943200
10041946,943300
10044508,943400
10046115,943500
10048263,943600
10050309,943700
10051778,943800
10053467,943900
10055331,944000
10058875,944100
10061344,944200
10063518,944300
10066008,944400
10068043,944500
10070378,944600
10072114,944700
10073876,944800
10075258,944900
10077310,945000
10081475,945100
10085672,945200
10088358,945300
10090732,945400
10093121,945500
10095263,945600
10097042,945700
10098721,945800
10100209,945900
10102774,946000
10107693,946100
10110804,946200
10114809,946300
10118003,946400
10120296,946500
10123082,946600
10124603,946700
10126145,946800
10128416,946900
10129871,947000
10135077,947100
10137675,947200
10140291,947300
10144860,947400
10147967,947500
10151177,947600
10153709,947700
10156480,947800
10159373,947900
10162346,948000
10174619,948100
10177793,948200
10180060,948300
10183849,948400
10186599,948500
10192652,948600
10195248,948700
10196946,948800
10198911,948900
10201106,949000
10205841,949100
10207957,949200
10210986,949300
10212915,949400
10214908,949500
10217400,949600
10219347,949700
10221366,949800
10223123,949900
10224966,950000
10228743,950100
10231199,950200
10235202,950300
10237975,950400
10240442,950500
10242679,950600
10244743,950700
10246081,950800
10247626,950900
10249471,951000
10253419,951100
10256309,951200
10259007,951300
10261133,951400
10263472,951500
10265953,951600
10267832,951700
10269683,951800
10272029,951900
10274552,952000
10326995,952100
10335305,952200
10343093,952300
10348673,952400
10354612,952500
10360523,952600
10364255,952700
10368154,952800
10372140,952900
10376725,953000
10382568,953100
10385972,953200
10389370,953300
10393044,953400
10395728,953500
10399257,953600
10401705,953700
10405263,953800
10409454,953900
10411743,954000
10416194,954100
10419967,954200
10422562,954300
10424400,954400
10426418,954500
10428137,954600
10429524,954700
10431820,954800
10433886,954900
10435536,955000
10444509,955100
10446444,955200
10448780,955300
10450761,955400
10452754,955500
10454647,955600
10456249,955700
10457943,955800
10460261,955900
10462651,956000
10557742,956100
10565798,956200
10571330,956300
10576736,956400
10580858,956500
10584586,956600
10587967,956700
10590034,956800
10592564,956900
10596727,957000
10602814,957100
10606782,957200
10609377,957300
10612404,957400
10615634,957500
10618265,957600
10620000,957700
10622230,957800
10624442,957900
10626881,958000
10634025,958100
10638668,958200
10641867,958300
10646192,958400
10650142,958500
10652705,958600
10655187,958700
10657661,958800
10660797,958900
10665779,959000
10672128,959100
10675393,959200
10678197,959300
10680356,959400
10683174,959500
10685211,959600
10686873,959700
10689037,959800
10691123,959900
10693790,960000
10698433,960100
10702580,960200
10705724,960300
10714054,960400
10728287,960500
10736195,960600
