timestamp_ms,bytes_read,bytes_written
0,1544192,9379840
5351,1622016,49012736
10693,137986048,94404608
16176,139071488,165498880
21663,140058624,234033152
27086,141287424,311230464
32457,142422016,397778944
37909,143618048,494206976
43344,144801792,605614080
48900,146280448,723922944
54266,282423296,870158336
59729,420003840,1144250368
65126,691060736,1468604416
70504,828915712,1862180864
75895,967073792,2370203648
81261,1240330240,2866135040
86658,1511239680,3439497216
92206,2052288512,4017676288
97783,2595131392,4753436672
103363,3136634880,5551165440
108933,3678572544,6405865472
114451,4220510208,7182237696
119968,4899966976,8109129728
125549,5570781184,9024880640
131059,6240948224,9846779904
136581,6911594496,10727186432
142211,7582257152,11743756288
147733,8387592192,12778545152
153267,9058844672,14046400512
158814,9595711488,15260758016
164384,10309677056,16204652544
169927,11158630400,17118756864
175527,12166717440,18088955904
181092,13034512384,19017019392
186687,14040506368,20005851136
192212,14957432832,20755021824
197806,16035147776,21731647488
203351,17011097600,22584631296
208965,18186829824,23534411776
214533,19255197696,24996204544
220099,20267278336,25891373056
225632,21468930048,26918211584
231215,22566682624,27859333120
236793,23519940608,28955668480
242413,24679034880,30156701696
247959,25902518272,31464005632
253501,26841284608,32524292096
259050,28154408960,33728593920
264638,29206208512,34863505408
270208,30394265600,36280033280
275808,31653187584,37429317632
281390,32876204032,38588321792
287026,34282135552,40129642496
292583,35496685568,41187848192
298225,36854214656,42746490880
303781,38484168704,44029366272
309370,39698989056,45100244992
314938,41017352192,46319185920
320520,42355597312,47508135936
326105,43853455360,48818794496
331681,45335236608,49989791744
337268,46786850816,50844151808
342858,48091021312,52294549504
348481,49579773952,53574369280
354030,51046891520,54859964416
359639,52792156160,56247005184
365273,54367031296,57570844672
370848,55738032128,58583203840
376515,57383194624,59650523136
382133,59169112064,60940644352
387712,60664279040,62523437056
393303,62637584384,63414439936
398864,64008015872,65042841600
404462,65867710464,66186076160
410023,67260493824,67476291584
415605,68927647744,68771876864
421236,70617960448,69676843008
426794,71871262720,71465271296
432375,73776771072,72546697216
437990,75210113024,75064569856
443583,77064970240,76077735936
449137,78874263552,77101129728
454690,80426070016,79205822464
460274,82135822336,80164642816
465840,83856052224,81069338624
471389,85714956288,82707169280
476975,87248396288,83645091840
482576,89037680640,84885553152
488146,90931191808,86261342208
493743,92641964032,87271968768
499328,94393614336,88647028736
504938,96240025600,89707638784
510540,98030116864,90594525184
516134,99622330368,91975012352
521695,101398118400,93297393664
527256,103358246912,94025199616
532853,104960937984,95652118528
538459,106923614208,97128136704
544040,108890898432,98051620864
549609,110637658112,99864936448
555175,112983539712,100912123904
560725,115306487808,101784002560
566284,117012426752,103710920704
571904,119259250688,105002287104
577505,121564307456,106153512960
583046,123441766400,107459133440
588615,125678354432,109204545536
594205,128041091072,110155866112
599761,130310004736,111531511808
605363,132405792768,112923820032
610976,134443540480,114058518528
616489,137118908416,115595317248
622091,138701475840,116958883840
627712,141151772672,118323372032
633294,143246721024,119782920192
638868,145440051200,121171804160
644452,147834150912,122623811584
650024,150409547776,123955453952
655612,152661856256,125362118656
661166,155707621376,126806028288
666773,157963554816,127992213504
672375,159693565952,129490690048
677993,161946472448,130860838912
683593,164790181888,132413874176
689161,166942306304,134249119744
694729,169788653568,135509770240
700376,172056346624,136890621952
705983,174943981568,138398699520
711532,177172639744,139684003840
717084,179909832704,141052030976
722686,182436380672,142333218816
728267,185036992512,143673081856
733873,187927048192,146539929600
739445,190100103168,147669180416
744971,192988897280,148925345792
750560,195812986880,150243696640
756126,198957940736,151354232832
761688,202202550272,152745689088
767261,204667346944,153529724928
772813,207919239168,154751811584
778351,210139422720,155976142848
783899,213303881728,157334024192
789515,215656333312,158552100864
795094,218592059392,159787200512
800570,221899001856,160527654912
806141,224931209216,162097836032
811726,228185792512,163495215104
817306,231432511488,164325007360
822846,234472574976,165152215040
828402,237229314048,166126579712
833952,240178561024,167342161920
839541,243457552384,168606826496
845103,245548392448,169289953280
850730,247977365504,169987485696
856395,250645991424,170988634112
862048,253270306816,171561385984
867678,255400816640,172259946496
873302,257684221952,173586788352
878868,259673235456,174377144320
884409,261975506944,175296024576
890018,263887335424,176101609472
895602,266076430336,177280208896
901162,267792621568,178271985664
906763,270115803136,179402067968
912364,272025022464,180159225856
917930,273930801152,181259055104
923513,275568209920,182328664064
929030,278263320576,183267897344
934622,279603449856,184256856064
940133,281339088896,185643855872
945697,282851713024,186714419200
951268,284937920512,187804532736
956902,286810124288,189228371968
962507,288846020608,190361264128
968099,290502123520,191451246592
973640,292812046336,192490381312
979204,294411198464,193359941632
984797,296298659840,194575900672
990372,298008211456,195736219648
995947,300327211008,196769325056
1001538,302134210560,198263132160
1007198,303986302976,199317024768
1012770,306225541120,200483651584
1018332,308147027968,201973243904
1023930,310624251904,202938839040
1029613,312280010752,204284776448
1035194,314220191744,204834422784
1040771,316700139520,206185299968
1046399,318533496832,207384379392
1051996,320175104000,208489103360
1057571,322149937152,209838182400
1063136,323830071296,210692468736
1068717,326052974592,212101914624
1074313,327991734272,213476511744
1079871,330624753664,214550790144
1085459,332173279232,215462821888
1091016,334701498368,217040924672
1096602,336520331264,218311860224
1102176,339734720512,219031248896
1107815,341336838144,219901272064
1113379,343495659520,221299945472
1118957,346216165376,222691975168
1124570,349140963328,223361105920
1130108,351376248832,224470589440
1135687,353236623360,225249054720
1141321,355351879680,226626367488
1146869,358430752768,227821703168
1152454,359502266368,228711309312
1158022,361303285760,229246480384
1163678,362926899200,230238859264
1169379,365131431936,231718039552
1174958,367319703552,233076744192
1180529,369253900288,234276765696
1186069,372179873792,235729489920
1191625,374354223104,237006106624
1197246,376459001856,238314577920
1202799,378387386368,239358287872
1208363,380707221504,240335749120
1213927,382789144576,241510440960
1219512,384412618752,243088093184
1225128,387111587840,244365312000
1230698,390145695744,245256392704
1236294,392867688448,246309810176
1241852,395236216832,247636578304
1247402,397468626944,248644980736
1252990,399974588416,249744052224
1258570,403042455552,251393982464
1264122,405582073856,252863053824
1269708,407578710016,253953150976
1275257,409777680384,256035033088
1280782,412971741184,256522215424
1286346,417023160320,257248415744
1291894,420639318016,258456244224
1297419,424465461248,259559518208
1302981,427020562432,260583841792
1308528,430377910272,261443792896
1314106,432411648000,264619294720
1319662,436188409856,264622243840
1325255,438727159808,266067865600
1330801,442270539776,267137191936
1336353,445166526464,267999739904
1341883,448626192384,268731715584
1347430,452653666304,269501956096
1352938,455096729600,270936252416
1358536,458361827328,272093102080
1364121,461512753152,273305878528
1369644,464939356160,274248458240
1375256,468639870976,274995752960
1380792,471587360768,276264181760
1386342,474172129280,276774502400
1391914,476544995328,281278431232
1397477,480789454848,281278431232
1403014,484990345216,282573414400
1408551,488961478656,283296395264
1414110,492866732032,283795038208
1419720,496655687680,284906844160
1425308,500618993664,285006147584
1430945,504017457152,286568894464
1436484,507856420864,287390760960
1442034,511832444928,288530227200
1447584,515850924032,288896139264
1453100,519385616384,290505408512
1458624,523276779520,291185905664
1464093,527494270976,291923140608
1469678,531191111680,292871221248
1475223,535807696896,293576757248
1480760,539719446528,294697406464
1486335,543301242880,295508955136
1491894,547986665472,296053731328
1497425,551907540992,297369419776
1502980,555541905408,298426290176
1508513,559218966528,299607580672
1514101,562794311680,300887781376
1519672,565674319872,302242402304
1525268,569706049536,303356297216
1530856,573627527168,303946375168
1536382,577368858624,305515831296
1541942,580855640064,306624233472
1547501,584627073024,307575083008
1553184,588401790976,309173936128
1558763,591725043712,310418378752
1564317,595905036288,311101743104
1569928,599716274176,312551182336
1575501,603315220480,313715884032
1581076,607830798336,314978590720
1586693,611422400512,316501872640
1592247,614721773568,317671677952
1597884,618883088384,317825908736
1603447,622732636160,319397498880
1609009,626845978624,320105914368
1614676,630546305024,321508835328
1620272,633747603456,322434998272
1625885,637997445120,322755358720
1631445,642091487232,324069322752
1636995,645742092288,325216428032
1642589,649436422144,326282608640
1648175,653199654912,327677808640
1653725,658045624320,328365944832
1659250,661073866752,330030194688
1664853,664317665280,330720141312
1670487,668286676992,332088045568
1676030,672210911232,333554266112
1681603,676595183616,334632337408
1687146,680915697664,335758557184
1692783,684961538048,336180940800
1698318,688469168128,337685590016
1703960,693273960448,337977511936
1709517,696755625984,339643748352
1715088,701319888896,340226129920
1720648,705073217536,341811789824
1726246,709730709504,341811789824
1731777,713660092416,343156678656
1737354,717375246336,344221184000
1742945,720956080128,345628880896
1748511,725345816576,346664337408
1754023,729470722048,347895562240
1759642,733243998208,349326843904
1765198,737639821312,350166269952
1770703,741461721088,351671402496
1776292,745286184960,352988057600
1781893,749344796672,353854394368
1787435,753729679360,355338371072
1792995,757936467968,356006060032
1798496,761697484800,357589520384
1804121,765608402944,358726938624
1809669,770299146240,359661182976
1815229,773952356352,360674922496
1820825,778448224256,360986443776
1826386,782511112192,362479362048
1831913,785969078272,363481759744
1837431,790160023552,364349829120
1843005,794434211840,365512658944
1848596,798522015744,366384123904
1854128,802658656256,367921434624
1859669,806490038272,369077035008
1865194,811392782336,369922269184
1870730,814929207296,371126497280
1876296,819208699904,371933077504
1881863,823297257472,373241712640
1887472,827228028928,374373908480
1893034,832373391360,374913949696
1898565,835986026496,376492421120
1904177,840330731520,377060851712
1909775,845243305984,378280177664
1915377,849033076736,379136405504
1920961,853516824576,379891085312
1926529,858157129728,380912070656
1932094,863120736256,381573124096
1937671,867217993728,382597058560
1943268,871568470016,383270596608
1948810,875452768256,384812470272
1954443,879041392640,386081529856
1959947,883892592640,386995122176
1965474,887318253568,388006694912
1971113,891989311488,389001621504
1976618,895322578944,390500110336
1982206,899602034688,391284940800
1987801,903958605824,392593416192
1993316,908163801088,393773056000
1998909,912785092608,395011891200
2004470,916564811776,396252110848
2010070,921338839040,396883791872
2015680,925742653440,397296836608
2021243,929419939840,398508408832
2026790,934534082560,399022149632
2032334,938506285056,400252895232
2037909,942474072064,401088303104
2043520,947036618752,402411917312
2049046,951627501568,403156393984
2054711,956371742720,404156694528
2060303,960371712000,404905914368
2065886,964943073280,405808144384
2071428,968731963392,406860828672
2076995,973442506752,407801544704
2082510,978245537792,409110147072
2088115,982980935680,409563398144
2093682,987319590912,410912432128
2099248,992281432064,411463049216
2104814,996646551552,412598689792
2110426,1000892395520,413215600640
2116026,1004921098240,414350229504
2121627,1009491419136,414962999296
2127175,1013011951616,416318894080
2132722,1017521643520,416927334400
2138388,1022168129536,418206261248
2143942,1026307219456,419415506944
2149520,1030818557952,420769820672
2155079,1035131101184,422098010112
2160650,1040029962240,423260602368
2166156,1044542074880,424089362432
2171721,1049335021568,424409354240
2177258,1053590106112,425163911168
2182792,1058089463808,426244628480
2188335,1062784757760,426671398912
2193885,1066903121920,428076077056
2199479,1072262160384,428229099520
2205006,1075876814848,429872713728
2210555,1080107274240,430983991296
2216183,1083809447936,432057331712
2221777,1088386916352,432187842560
2227354,1092370763776,433124208640
2232946,1096792268800,434209701888
2238464,1100147380224,435473989632
2244021,1105022238720,436175351808
2249566,1108910178304,437202563072
2255126,1113192669184,438319509504
2260675,1116970377216,439448055808
2266262,1121355218944,439985610752
2271819,1125369131008,441193017344
2277355,1130060869632,442496380928
2282896,1133951184896,443832795136
2288499,1139072184320,444167495680
2294056,1143120408576,445279727616
2299628,1147855593472,446471303168
2305150,1152374394880,447568248832
2310762,1156484440064,448384487424
2316341,1160921604096,449247350784
2321868,1165898768384,450594553856
2327405,1171480752128,451386130432
2332961,1175518973952,452890480640
2338523,1180804538368,453247619072
2344072,1185260466176,454520946688
2349603,1190183321600,455028568064
2355138,1194794758144,456071708672
2360644,1198920065024,457346199552
2366196,1203349729280,457570304000
2371788,1207715323904,460089655296
2377350,1213272739840,460651982848
2382901,1217350873088,461603418112
2388445,1222694879232,462836391936
2394020,1227910152192,462869028864
2399551,1231917948928,464381325312
2405138,1237593255936,464557023232
2410705,1241476603904,466123247616
2416222,1246169747456,466660241408
2421813,1251271102464,468097372160
2427369,1255695278080,468982636544
2432936,1259499724800,469815050240
2438459,1264371154944,471110950912
2444072,1269137592320,471454806016
2449649,1273611632640,472963457024
2455187,1278591217664,473836703744
2460746,1283108626432,475169271808
2466294,1288240558080,475566755840
2471843,1292386111488,476666716160
2477420,1297361866752,477931814912
2482958,1302431916032,478244573184
2488569,1306102300672,479964995584
2494113,1312023748608,480426811392
2499632,1316048580608,481581854720
2505260,1321240162304,482327572480
2510764,1326751309824,482327572480
2516312,1330054459392,483992047616
2521840,1336289419264,484192911360
2527411,1340809273344,485087092736
2532916,1345568423936,486476185600
2538460,1350483947520,487773540352
2544007,1355312480256,488696807424
2549615,1360230637568,489183694848
2555195,1366439632896,489183694848
2560734,1370372489216,490551803904
2566297,1375520714752,490938318848
2571878,1379965288448,492027355136
2577394,1385761976320,493062356992
2582969,1391007477760,493425557504
2588529,1394874343424,495147888640
2594076,1399983841280,496575582208
2599591,1405767282688,496835579904
2605101,1410245996544,498601451520
2610672,1415596384256,499324358656
2616252,1420273164288,500112351232
2621852,1425887137792,500518494208
2627380,1431529115648,500518494208
2632898,1435394179072,501769302016
2638407,1441082171392,502406582272
2643908,1447173410816,502406582272
2649465,1452279603200,503730298880
2654990,1457362911232,505193349120
2660579,1463439949824,505399742464
2666087,1468042113024,506414829568
2671585,1473173880832,507837431808
2677174,1479214854144,507997184000
2682754,1483692146688,509128679424
2688329,1489027424256,509946494976
2693903,1494088122368,510296223744
2699521,1498877145088,511212126208
2705104,1504506490880,511212126208
2710625,1508813877248,512877404160
2716164,1514225418240,513811574784
2721640,1520373559296,513898889216
2727203,1524375609344,515740848128
2732716,1529331838976,516321062912
2738263,1534858375168,516321062912
2743752,1539043700736,518032900096
2749321,1544379072512,518492626944
2754920,1549925330944,518548795392
2760493,1554131365888,520218836992
2766097,1559443480576,520400265216
2771704,1563987210240,521352089600
2777274,1569355575296,522093232128
2782805,1574143983616,522093240320
2788330,1578573156352,523501056000
2793896,1583511502848,524518498304
2799453,1588590845952,524553252864
2804972,1593513390080,525852319744
2810532,1598657970176,526315565056
2816125,1602783834112,527115341824
2821645,1608087662592,527778226176
2827172,1613307850752,527778226176
2832694,1617285308416,529289101312
2838269,1622407561216,530037944320
2843843,1627011117056,530763567104
2849412,1631500419072,532244316160
2854962,1636510863360,532621381632
2860535,1640653459456,533744836608
2866008,1645811220480,534753759232
2871615,1650464899072,534825611264
2877179,1654323253248,536142905344
2882683,1659043868672,536865808384
2888215,1664099823616,536932814848
2893811,1668527857664,538591473664
2899341,1674012430336,538757971968
2904891,1678137589760,539552804864
2910448,1683379978240,540935557120
2916035,1688621207552,541301055488
2921637,1693380681728,542080536576
2927166,1698411704320,542956810240
2932750,1703924912128,543051288576
2938301,1707996397568,544121475072
2943853,1713485672448,544443441152
2949459,1717766397952,544625950720
2955028,1722218635264,546237739008
2960582,1727741800448,546829496320
2966121,1731596935168,547627094016
2971700,1734958854144,548599664640
2977153,1738021736448,548599664640
2982748,1739932647424,554297823232
2988306,1740514091008,557058281472
2993867,1744252891136,557058281472
2999390,1748005326848,557058281472
3004946,1751954907136,557058281472
3010488,1756261404672,557058281472
3016034,1760190935040,557058281472
3021548,1764246863872,558150541312
3027067,1769668808704,559507767296
3032680,1774240604160,559759212544
3038259,1779165241344,559759212544
3043814,1783345745920,560987435008
3049438,1787988824064,561138720768
3055031,1793638727680,561138720768
3060611,1797205426176,561878470656
3066268,1802859450368,562377089024
3071910,1806924775424,562377089024
3077509,1810534522880,563094036480
3083093,1815057608704,564576546816
3088644,1820342538240,565002911744
3094209,1824742137856,565991075840
3099807,1829554540544,566093549568
3105376,1833873014784,567045427200
3110923,1838474625024,568130883584
3116526,1843002294272,569009430528
3122126,1847816626176,569073258496
3127731,1851436249088,570256015360
3133367,1856551395328,571116843008
3138914,1860802883584,572052520960
3144460,1866291806208,573266452480
3149992,1871279448064,573601738752
3155527,1874949517312,575160377344
3161059,1880395083776,575330963456
3166607,1884676771840,575920017408
3172179,1889930067968,576956731392
3177786,1894394896384,577097596928
3183426,1898342301696,579132518400
3189019,1903317168128,579132518400
3194602,1907748061184,579856924672
3200143,1912708890624,580712730624
3205763,1916960808960,581200683008
3211420,1919695245312,582385192960
3217000,1921913942016,582385192960
3222571,1924146282496,582385192960
3228123,1925315137536,582385192960
3233671,1926052466688,586282029056
3239217,1929007681536,586282029056
3244724,1932718321664,586282029056
3250305,1936477761536,586282029056
3255822,1940599660544,586282029056
3261380,1945191956480,586282029056
3266915,1949123047424,587742732288
3272511,1953587527680,588258013184
3278103,1958737842176,588258013184
3283634,1962373787648,589198667776
3289229,1967139164160,590233772032
3294801,1972037332992,590330568704
3300346,1976295571456,591581319168
3305921,1981550080000,592393097216
3311530,1986535546880,592393097216
3317088,1990747504640,593515712512
3322648,1995195543552,594284150784
3328192,1999673757696,594324172800
3333748,2003626434560,595126304768
3339255,2008589307904,596015378432
3344818,2013384777728,596015378432
3350389,2018743926784,596015378432
3355917,2022322552832,597648584704
3361483,2027268513792,598281359360
3367050,2032282583040,598281359360
3372611,2036917702656,599746174976
3378149,2041351630848,600662351872
3383715,2045492506624,601344835584
3389316,2050759958528,602032726016
3394917,2055665836032,602032726016
3400459,2060361474048,603228409856
3406052,2065176895488,603390631936
3411666,2070150062080,603538157568
3417302,2073630941184,605181939712
3422917,2078264410112,605576388608
3428531,2082451062784,606401015808
3434100,2086933151744,607443116032
3439707,2091743379456,607443116032
3445291,2095325696000,608862617600
3450877,2100100046848,609643356160
3456490,2104801857536,610239627264
3462083,2109291155456,611074850816
3467664,2113973960704,611148632064
3473279,2117052223488,612882587648
3478920,2121178861568,613361819648
3484460,2125297287168,614389387264
3490064,2129301024768,615650377728
3495614,2133980991488,615817318400
3501198,2137787928576,617417412608
3506797,2143124660224,617897549824
3512412,2146860490752,618671636480
3517962,2151581159424,619879424000
3523573,2156026933248,620172742656
3529165,2159610064896,621648756736
3534726,2164185346048,621868388352
3540305,2167912534016,622796746752
3545904,2172402323456,623308804096
3551499,2176426676224,623716474880
3557127,2180313403392,624935710720
3562738,2185169108992,625035358208
3568281,2188927434752,626328309760
3573889,2193928036352,626710794240
3579417,2197867053056,627364372480
3585090,2201792192512,628836634624
3590698,2206014623744,629349998592
3596274,2210792869888,629349998592
3601889,2215876489216,629349998592
3607458,2219164909568,630729154560
3613108,2223666495488,630981976064
3618688,2228322603008,632035786752
3624268,2232166137856,632771055616
3629862,2235409334272,633799262208
3635428,2240732909568,634537713664
3640982,2245640744960,634644496384
3646523,2249204334592,636293603328
3652089,2253794418688,636903661568
3657663,2257935503360,637959880704
3663274,2262104018944,639486267392
3668903,2266146500608,639960936448
3674474,2270561136640,641236860928
3680065,2275262251008,641256595456
3685614,2278895874048,642749648896
3691204,2283680608256,643400921088
3696805,2287107198976,644305936384
3702363,2291510235136,645392363520
3707983,2296037785600,645533364224
3713544,2300024139776,647100170240
3719152,2304851017728,647436435456
3724743,2308370173952,648760082432
3730337,2313526165504,649700364288
3735908,2317158862848,650776723456
3741500,2321958678528,651133595648
3747049,2325990150144,652155744256
3752614,2330418896896,653201911808
3758215,2334616453120,653743738880
3763973,2339591413760,654810841088
3769534,2344238710784,654872166400
3775074,2348425314304,656222785536
3780654,2353529712640,656834318336
3786246,2357477658624,657522159616
3791997,2362313211904,658624524288
3797612,2367123369984,659002978304
3803221,2370220982272,660612354048
3808821,2375171477504,660970745856
3814406,2378974642176,662017400832
3819987,2383750242304,663308562432
3825582,2387091857408,664452202496
3831114,2391927078912,665582690304
3836710,2396473450496,665582690304
3842255,2400037711872,666876239872
3847829,2404437549056,667640762368
3853445,2408171257856,668292247552
3858975,2413579284480,669658505216
3864474,2420509696000,670153785344
3869967,2427317211136,670153785344
3875530,2431779844096,670915825664
3881128,2436098093056,671702515712
3886757,2440723886080,671980634112
3892358,2444401958912,673374973952
3898003,2448526962688,673732833280
3903588,2452129566720,675004911616
3909164,2456863334400,675562643456
3914734,2461558861824,676179230720
3920336,2465300193280,678169997312
3925959,2469818560512,678427009024
3931484,2473789730816,679886565376
3937071,2478486929408,680342650880
3942629,2482568675328,681336709120
3948188,2486788612096,682171412480
3953816,2490715836416,682816622592
3959428,2495888924672,683907018752
3964963,2500237873152,684381986816
3970537,2503242747904,685922131968
3976103,2507751026688,686617165824
3981644,2511732568064,687544242176
3987232,2517014016000,688976490496
3992832,2521708716032,689224667136
3998412,2526716346368,690712944640
4003976,2531166236672,691073818624
4009556,2535899422720,692366532608
4015183,2540119281664,692640210944
4020813,2543669977088,693562941440
4026401,2548951519232,694826991616
4031997,2553024843776,695181963264
4037563,2556368728064,696593444864
4043116,2561399558144,696853991424
4048680,2564780634112,698192936960
4054296,2569897664512,699016540160
4059873,2573915869184,700133568512
4065423,2579166318592,701418201088
4071045,2583296888832,702095949824
4076664,2588142886912,703530790912
4082255,2591788187648,703608074240
4087886,2595766886400,703608074240
4093434,2600170536960,704116629504
4099041,2604479176704,705263398912
4104603,2608564793344,705658101760
4110194,2612809809920,705658101760
4115746,2616709267456,706550960128
4121285,2621409751040,707058118656
4126856,2627219329024,707058118656
4132410,2630996697088,708461019136
4137986,2635643097088,708610011136
4143543,2640218566656,709889814528
4149046,2644865277952,711113433088
4154621,2649554522112,711219384320
4160172,2654301523968,712610840576
4165760,2660388425728,713525407744
4171384,2665793159168,713525407744
4176978,2669910949888,714592403456
4182592,2675348590592,715556298752
4188141,2680530018304,715968745472
4193703,2685050671104,716245663744
4199287,2689812844544,717779668992
4204834,2696033562624,718125649920
4210365,2700468240384,718697922560
4215984,2704661585920,720348745728
4221592,2708862078976,720748519424
4227166,2712962936832,720748519424
4232759,2718712463360,720748519424
4238234,2722625118208,722351517696
4243831,2727335505920,723304280064
4249367,2731760488448,724020826112
4255001,2737177182208,724721500160
4260575,2742361919488,724790054912
4266118,2746422435840,726538985472
4271659,2751262990336,726893338624
4277275,2755045117952,728028958720
4282897,2759348170752,729394900992
4288493,2764686082048,729523441664
4294086,2768193847296,731129290752
4299775,2773113008128,731543314432
4305285,2778763612160,731543314432
4310820,2784166596608,731543314432
4316422,2788193726464,732263174144
4321972,2792894574592,733371944960
4327545,2797967175680,733467930624
4333141,2802527916032,734301290496
4338713,2806599094272,734540574720
4344345,2810517143552,736218877952
4349905,2815257788416,736563494912
4355454,2819521306624,737582080000
4360974,2823519801344,738834706432
4366547,2828900716544,738834706432
4372043,2833439588352,740379803648
4377666,2837759877120,741087051776
4383271,2841734692864,741870444544
4388920,2847983218688,743024996352
4394540,2852896178176,743165915136
4400120,2856608768000,744621920256
4405640,2861452316672,745247182848
4411197,2866221768704,745247182848
4416742,2870326120448,746711728128
4422368,2876048355328,747419066368
4427895,2879663476736,748062003200
4433537,2884241690624,748936187904
4439024,2889336545280,748936187904
4444595,2893425520640,749854670848
4450143,2898886938624,751066001408
4455783,2904237740032,751123116032
4461344,2907828019200,752458391552
4466919,2913340145664,753771372544
4472524,2918280572928,754047537152
4478056,2922635317248,755498184704
4483549,2927638867968,755646930944
4489160,2932130574336,756054417408
4494675,2937135235072,757149728768
4500313,2941403193344,757456412672
4505902,2945272205312,758437875712
4511489,2951140331520,758906822656
4517042,2955949453312,758906822656
4522609,2959512653824,760346345472
4528175,2964879101952,761474142208
4533780,2969109819392,761636102144
4539331,2973150740480,763505221632
4544972,2978106929152,764774240256
4550559,2981731057664,765754249216
4556151,2986822742016,766576746496
4561779,2991306964992,766691323904
4567354,2994799083520,768461160448
4572935,2999529623552,768977874944
4578475,3003627225088,770379485184
4584056,3007716171776,771831169024
4589656,3011843436544,771954610176
4595198,3015435255808,773738999808
4600828,3020265938944,774131589120
4606364,3023647703040,774957854720
4611935,3028844863488,776253952000
4617579,3033615360000,776287051776
4623147,3037835153408,777454108672
4628703,3042724900864,777891549184
4634243,3047153872896,777891549184
4639829,3051443888128,779234234368
4645485,3053089042432,780344066048
4651106,3057659691008,781334593536
4656674,3062617853952,781680590848
4662222,3066195140608,783635636224
4667771,3070903230464,784267747328
4673325,3075947147264,784267747328
4678880,3079358447616,785768751104
4684394,3084145344512,786423574528
4689889,3089291530240,786423574528
4695424,3092956672000,787623903232
4700932,3097385873408,788606144512
4706514,3102009335808,788801720320
4712130,3105154813952,790031917056
4717621,3108919869440,791426891776
4723154,3114029490176,791586201600
4728685,3117272965120,792182030336
4734338,3121766260736,793898553344
4739904,3126451679232,794650288128
4745517,3130188738560,795013414912
4751105,3134138249216,796568899584
4756728,3138499579904,796626485248
4762282,3142080274432,797540876288
4767854,3146449317888,798434615296
4773403,3151729057792,798564483072
4778963,3155421655040,799715827712
4784541,3160337022976,800990539776
4790109,3165246689280,801450115072
4795656,3169270321152,802439327744
4801248,3173448622080,803557801984
4806808,3178296545280,803557801984
4812384,3181938659328,804950769664
4817943,3186739200000,806074937344
4823514,3191715606528,806437679104
4829099,3195488186368,808052572160
4834639,3200384614400,808545792000
4840251,3205275303936,808545792000
4845842,3208378011648,810300989440
4851426,3213433126912,811240140800
4857066,3217331027968,811240140800
4862611,3221064056832,813046083584
4868159,3225899114496,814043676672
4873761,3229400588288,814043676672
4879333,3231973408768,815585832960
4884910,3235680739328,816091643904
4890509,3240657121280,816091643904
4896044,3243916943360,817292926976
4901580,3248808091648,818320207872
4907202,3252916928512,819000369152
4912815,3257349726208,819013689344
4918432,3260976283648,820305641472
4924061,3265444405248,821697945600
4929644,3271259672576,821797027840
4935249,3275713179648,821797027840
4940836,3280092901376,821797027840
4946392,3283478405120,823081472000
4951923,3288205160448,824416804864
4957514,3292172259328,824655581184
4963125,3296422023168,824655581184
4968710,3300285956096,824655581184
4974340,3303544459264,825677111296
4979911,3307648184320,826935201792
4985528,3311180976128,826997047296
4991178,3314910855168,826997047296
4996805,3318521626624,826997047296
5002343,3321748615168,828321124352
5008024,3323133558784,829339774976
5013604,3327350173696,829429354496
5019178,3331720495104,829429354496
5024753,3335422988288,829429354496
5030328,3338409193472,830922678272
5035928,3342117003264,831967449088
5041528,3346187214848,832095379456
5047169,3350687858688,832095379456
5052685,3354218950656,833242931200
5058339,3357877395456,833987493888
5063919,3362005012480,833987493888
5069536,3365911134208,833987567616
5075097,3369080229888,835769614336
5080646,3372701405184,836530323456
5086261,3376555683840,836606046208
5091820,3379487432704,837737160704
5097463,3383598022656,838337200128
5103082,3387608162304,838337200128
5108699,3390870929408,839011471360
5114445,3395150385152,840506273792
5120049,3398499508224,840865783808
5125635,3402328915968,840865783808
5131198,3405863120896,842211115008
5136782,3410281648128,843047571456
5142400,3414790758400,843162673152
5147999,3419464019968,843162673152
5153569,3423180312576,844780531712
5159179,3428215963648,845540892672
5164707,3432158265344,845550936064
5170326,3436325564416,845550936064
5175887,3439937490944,847115104256
5181469,3443901263872,847115104256
5187070,3447496278016,847480033280
5192765,3451380215808,849178042368
5198383,3455521878016,850230464512
5203967,3459310575616,850230464512
5209581,3462589845504,851524005888
5215174,3466637185024,852539076608
5220789,3470461157376,852707033088
5226318,3474494717952,852822831104
5231972,3478163120128,854491172864
5237595,3482679422976,855222591488
5243133,3486606618624,855222591488
5248714,3490551414784,855222591488
5254274,3494549733376,856493559808
5259912,3498958921728,857644875776
5265476,3503330168832,858241830912
5271065,3507666071552,858258948096
5276610,3511218130944,858258948096
5282173,3514372800512,859857072128
5287796,3518350798848,861113200640
5293376,3522441633792,861431398400
5298965,3526137802752,861431398400
5304566,3529868271616,861431500800
5310245,3533726535680,863126654976
5315831,3538578337792,863339089920
5321438,3542986096640,863339089920
5327004,3546607304704,863339089920
5332622,3548848386048,864260124672
5338197,3552656285696,865600200704
5343820,3557003558912,866429943808
5349416,3560804216832,866429947904
5355017,3564718870528,866760003584
5360603,3568642539520,868148445184
5366232,3573073178624,868255481856
5371849,3578026008576,868255481856
5377426,3581910740992,868556075008
5383061,3586497712128,870227210240
5388656,3590985023488,870960529408
5394231,3595873193984,870960529408
5399795,3600664113152,870960529408
5405392,3604428120064,872039464960
5411042,3609018732544,872534880256
5416609,3613526974464,872534880256
5422281,3614885081088,872534880256
5427880,3619489087488,872534880256
5433429,3622880260096,874277691392
5439021,3627842932736,875376070656
5444561,3633007325184,875711610880
5450101,3638506115072,875736547328
5455678,3643769643008,875736547328
5461244,3647313375232,877230297088
5466770,3652617629696,877458903040
5472339,3657784377344,877458903040
5477915,3662877249536,877458903040
5483494,3666351517696,878425624576
5489074,3671054151680,879700484096
5494669,3676365770752,880774733824
5500182,3681006018560,881261608960
5505724,3685795106816,881575698432
5511282,3690859839488,881575698432
5516869,3694760353792,882506346496
5522463,3699557126144,883899580416
5528050,3704933359616,883935428608
5533620,3709461798912,883935428608
5539193,3713898967040,883935428608
5544818,3718211121152,884076310528
5550462,3722070142976,885838602240
5556092,3726956261376,886712635392
5561680,3732423041024,887008956416
5567176,3737428070400,887008956416
5572761,3740964327424,888406458368
5578381,3745881403392,889047519232
5583936,3750402760704,889078493184
5589553,3755076141056,889078493184
5595114,3759551139840,890097475584
5600717,3763510284288,891350208512
5606336,3768212357120,891532574720
5611969,3772902531072,891532574720
5617562,3776449740800,892839092224
5623227,3780592873472,893591941120
5628796,3785330696192,893684535296
5634376,3788908810240,894716784640
5639979,3792804163584,895860101120
5645586,3797469270016,896191991808
5651117,3801553649664,897251082240
5656706,3805776666624,898306449408
5662304,3810081042432,898409598976
5667870,3814474702848,898409598976
5673453,3818028019712,899805384704
5679055,3822650220544,901027352576
5684636,3827385782272,901407272960
5690236,3831337598976,901776744448
5695886,3835419906048,902970548224
5701484,3839897636864,902970548224
5707095,3844154732544,902970548224
5712685,3848087482368,903469744128
5718268,3852643778560,904826781696
5723860,3857234739200,905751592960
5729462,3862016880640,906072686592
5735089,3865743212544,906360029184
5740757,3870051102720,907127582720
5746337,3874525736960,907127582720
5751968,3877995692032,908053393408
5757535,3882154921984,909447344128
5763133,3887005147136,910459416576
5768715,3892543127552,910459416576
5774289,3896707747840,911620407296
5779892,3901501493248,912359854080
5785496,3906552152064,912359854080
5791061,3910179041280,913277308928
5796675,3914492444672,914564382720
5802217,3918782214144,915279958016
5807790,3923248697344,915279958016
5813399,3927592529920,915575529472
5819029,3932199682048,917061341184
5824576,3936832598016,917298298880
5830099,3942324559872,917298298880
5835637,3946885021696,917298298880
5841206,3950132871168,918838259712
5846801,3954495291392,920055762944
5852449,3955866271744,920331788288
5858020,3961031127040,920331788288
5863563,3965604409344,920331788288
5869172,3968888963072,920331788288
5874792,3971385962496,920842850304
5880467,3974942130176,922122002432
5886076,3979856814080,922140930048
5891690,3984390680576,922140930048
5897283,3988260569088,922140930048
5902837,3992272179200,922140930048
5908409,3995470774272,923904135168
5914013,3999829749760,924575813632
5919588,4004191928320,924575813632
5925185,4008171352064,924575813632
5930814,4012667748352,924575813632
5936434,4017439039488,924575813632
5942033,4021009055744,925976649728
5947637,4024674496512,926884880384
5953148,4029454389248,927291043840
5958752,4033758990336,927291043840
5964351,4037993422848,927291043840
5969891,4043059843072,927291043840
5975474,4047591559168,928839589888
5981053,4053156708352,930109091840
5986674,4058899259392,930395344896
5992233,4063064244224,930395344896
5997755,4067929014272,930395344896
6003338,4072428175360,930395344896
6008921,4077075128320,930395344896
6014550,4080636915712,932057903104
6020204,4084551675904,932376526848
6025782,4089426137088,932376526848
6031356,4094589067264,932376526848
6036951,4098893856768,932376526848
6042526,4102635421696,932602929152
6048120,4106843582464,933970141184
6053686,4111159947264,935054266368
6059339,4114200436736,935097581568
6064948,4118492385280,935097581568
6070522,4122020528128,935097581568
6076080,4125682749440,935097581568
6081662,4129695449088,935097581568
6087244,4133591228416,935097581568
6092819,4136752943104,936486993920
6098427,4141475954688,936487006208
6104009,4146149859328,936487006208
6109591,4150043930624,936487006208
6115192,4153319067648,938209660928
6120818,4157500063744,939140861952
6126398,4162230161408,939140861952
6131996,4167109521408,939140861952
6137548,4170446925824,940320731136
6143132,4174580441088,941608316928
6148721,4178638147584,941701484544
6154307,4182714359808,941701484544
6159848,4188072292352,941701484544
6165442,4191375478784,943513071616
6171022,4196140007424,943831371776
6176641,4200806903808,943831371776
6182265,4205504299008,943831371776
6187844,4209766559744,944411607040
6193587,4214611537920,945992351744
6199201,4219388055552,946898591744
6204787,4223330185216,947142197248
6210368,4227673849856,947142197248
6215894,4232345411584,947142197248
6221492,4236036239360,948085645312
6227079,4240709386240,949443883008
6232668,4246058418176,949995339776
6238287,4251049906176,949995339776
6243900,4255929249792,949995339776
6249438,4261780348928,949995339776
6254987,4266629632000,949995339776
6260589,4269990195200,951481147392
6266169,4273705508864,953681166336
6271696,4278582452224,953681166336
6277284,4283538595840,953681166336
6282861,4288456937472,953681166336
6288386,4293796974592,953681166336
6294000,4296744120320,954500517888
6299539,4301839667200,955794116608
6305171,4303538188288,956558716928
6310763,4309075943424,956558716928
6316378,4314054328320,956558716928
6321946,4318232743936,956558716928
6327516,4321519034368,957605933056
6333112,4325521014784,958055944192
6338728,4329969946624,958055944192
6344292,4334676369408,958055944192
6349836,4338899984384,958162186240
6355463,4342343942144,959958376448
6361061,4346525409280,960973889536
6366651,4351270068224,960973889536
6372244,4355502239744,960973889536
6377844,4359337525248,962531430400
6383475,4363976278016,963242856448
6389026,4369541087232,963242856448
6394618,4375000535040,963242856448
6400249,4379370512384,963242856448
6405798,4382766141440,964594503680
6411375,4387264024576,965607612416
6416959,4392941723648,965832261632
6422592,4397767700480,965832261632
6428257,4402674302976,965832261632
6433786,4408610910208,965832261632
6439377,4412363087872,967008636928
6444999,4416898646016,967901417472
6450608,4421909975040,967969484800
6456275,4426945093632,967969484800
6461894,4432185753600,967969484800
6467503,4436130504704,967969484800
6473058,4440143921152,967969484800
6478638,4443735756800,968377593856
6484231,4447691472896,969968181248
6489829,4451884109824,971217690624
6495441,4456313774080,971433783296
6501010,4460504547328,971433783296
6506601,4464571424768,971433783296
6512198,4469413236736,971433783296
6517751,4474440318976,971433783296
6523345,4477793337344,973131341824
6528950,4482594430976,973622046720
6534533,4487647358976,973622046720
6540095,4492814024704,973622046720
6545674,4498079158272,973622046720
6551216,4503460970496,973622046720
6556791,4506724343808,974824574976
6562365,4511440031744,975941836800
6567907,4516168335360,975941836800
6573478,4521258156032,975941836800
6579038,4526468784128,975941836800
6584576,4531782131712,976067899392
6590220,4535753416704,977718779904
6595830,4540565024768,977733554176
6601372,4545696055296,977733554176
6606924,4551094042624,977733554176
6612495,4556666875904,977733554176
6618077,4561298051072,977733554176
6623653,4564826681344,979083767808
6629227,4569400074240,980335575040
6634833,4573942513664,980802641920
6640413,4578722836480,980802641920
6645975,4583235301376,980802641920
6651601,4588192768000,980869152768
6657205,4592176377856,982463922176
6662808,4597574574080,983398236160
6668391,4602210181120,983419211776
6673951,4606494842880,983419211776
6679489,4611147403264,983419211776
6685043,4615736614912,983419211776
6690594,4619538235392,984523399168
6696227,4624147152896,985589313536
6701806,4628867264512,985959510016
6707321,4634194894848,985959510016
6712814,4640031293440,985959510016
6718381,4645986648064,985959510016
6723912,4651815440384,985959510016
6729535,4656127864832,987348135936
6735127,4661397983232,987700662272
6740704,4666922332160,987700662272
6746315,4672907431936,987700662272
6751953,4678003105792,987700662272
6757568,4683048845312,987700662272
6763163,4687197024256,988762284032
6768761,4692472107008,989823385600
6774388,4696817786880,990218731520
6779983,4701455319040,990218731520
6785558,4706626584576,990218731520
6791155,4711675621376,990218731520
6796723,4716065087488,991143211008
6802319,4721152114688,992133996544
6807819,4725904056320,992670593024
6813405,4730746118144,992762056704
6818945,4735958745088,992762056704
6824485,4741633961984,992762056704
6829974,4747485642752,992762056704
6835501,4750988890112,994039099392
6841089,4755359723520,995191234560
6846628,4760170225664,995484377088
6852157,4765388673024,995484377088
6857691,4770986172416,995484377088
6863255,4776138432512,995484377088
6868814,4781959802880,995484377088
6874373,4786570215424,996332228608
6879955,4791462043648,997760774144
6885519,4796745654272,998063226880
6891092,4801683075072,998063226880
6896657,4807421300736,998063226880
6902246,4812619739136,998063226880
6907725,4818145824768,998063226880
6913345,4822742409216,998063226880
6918893,4826825150464,998160904192
6924578,4829982650368,999724568576
6930156,4833378418688,1000909291520
6935808,4834754707456,1001028284416
6941409,4838867968000,1001028284416
6946953,4843102400512,1001028284416
6952514,4847234039808,1001028284416
6958023,4851476324352,1001028284416
6963597,4857540513792,1001028284416
6969187,4861472645120,1002077888512
6974764,4866244435968,1003150610432
6980346,4871263404032,1003150610432
6985939,4875576717312,1003150610432
6991511,4880475619328,1003150610432
6997063,4885806661632,1003150610432
7002665,4891078053888,1003150610432
7008237,4896179810304,1003150610432
7013825,4900096413696,1004751912960
7019415,4904935665664,1005260386304
7025031,4907326287872,1005260386304
7030632,4911155150848,1005260386304
7036226,4915667730432,1005260386304
7041826,4919711363072,1005260386304
7047407,4923208708096,1006345760768
7052992,4927426617344,1007345106944
7058614,4932142460928,1007476654080
7064230,4936746663936,1007476654080
7069819,4941527822336,1007476654080
7075389,4945028272128,1008353705984
7080943,4949378416640,1009545035776
7086509,4953928732672,1010533224448
7092120,4959286194176,1010548281344
7097729,4964035145728,1010548281344
7103311,4968040148992,1010548281344
7108848,4972416974848,1010548281344
7114411,4976000397312,1011407310848
7120022,4980372500480,1012542324736
7125644,4984743153664,1012605411328
7131237,4988862636032,1012605411328
7136878,4992340570112,1013263663104
7142648,4996067192832,1014407708672
7148240,5000082550784,1014819315712
7153845,5004498034688,1014819315712
7159455,5009104519168,1014819315712
7165029,5012331626496,1016121880576
7170661,5016402157568,1016781762560
7176239,5021252288512,1016944259072
7181808,5026328584192,1016944259072
7187360,5029915533312,1018622537728
7193005,5035151126528,1019656916992
7198532,5040312066048,1019923656704
7204092,5045429841920,1019923656704
7209635,5049495351296,1021280960512
7215269,5053807652864,1021745688576
7220862,5058322325504,1021745688576
7226470,5063372824576,1021745688576
7232061,5066798637056,1023061184512
7237650,5070867861504,1024353300480
7243270,5075429064704,1024507686912
7248897,5079973060608,1024606121984
7254499,5084120236032,1026251448320
7260132,5088722735104,1027443519488
7265768,5093953536000,1027851956224
7271365,5097922519040,1028760432640
7276990,5102520475648,1029886291968
7282634,5105395245056,1031082082304
7288270,5108449058816,1031277948928
7293908,5113155293184,1031277948928
7299514,5118568095744,1031277948928
7305064,5124103036928,1031277948928
7310607,5128171925504,1032213110784
7316189,5133817008128,1033662734336
7321793,5138552258560,1034074255360
7327464,5143637520384,1034074255360
7333034,5149466763264,1034074255360
7338566,5154716372992,1034074255360
7344121,5158666465280,1035151437824
7349695,5163971796992,1036447854592
7355265,5170010316800,1036823982080
7360853,5175093395456,1036823982080
7366419,5180137566208,1036823982080
7371943,5185301245952,1036823982080
7377519,5190264045568,1036823982080
7383059,5194114703360,1037955645440
7388737,5195660595200,1037955645440
7394336,5200570380288,1037955645440
7399929,5205520764928,1037955645440
7405515,5210345811968,1037955645440
7411085,5213998178304,1039570305024
7416696,5218415923200,1040697569280
7422298,5223563669504,1040934088704
7427901,5228702347264,1040934088704
7433501,5233147314176,1041177640960
7439111,5237529477120,1042754576384
7444660,5242241576960,1043628306432
7450220,5246728142848,1044242681856
7455752,5251496247296,1044257009664
7461325,5256863662080,1044257009664
7466923,5261031120896,1045699260416
7472527,5266500636672,1046304710656
7478112,5271883993088,1046304710656
7483712,5277483581440,1046304710656
7489276,5281977184256,1047310893056
7494877,5287602360320,1048373673984
7500413,5292522561536,1048824279040
7505973,5297679265792,1048824279040
7511503,5302879055872,1048824279040
7517053,5306383446016,1050127179776
7522675,5311041052672,1051401195520
7528271,5316269154304,1051873062912
7533871,5321550643200,1051999412224
7539432,5326748667904,1051999412224
7545006,5330543550464,1053522849792
7550630,5335394263040,1054379278336
7556188,5340579344384,1054379278336
7561780,5345993584640,1054379278336
7567371,5350550798336,1055519334400
7572967,5354987479040,1056651309056
7578555,5360087298048,1056863002624
7584167,5365387075584,1056863002624
7589772,5369496571904,1057733091328
7595371,5374067281920,1058864377856
7600974,5379071909888,1059057971200
7606553,5382818267136,1059057971200
7612107,5388050624512,1059057971200
7617665,5392148520960,1059800432640
7623311,5395602558976,1062402564096
7628951,5399960743936,1062811369472
7634529,5404938121216,1062811369472
7640104,5409763545088,1062811369472
7645721,5413226586112,1062811369472
7651279,5418468786176,1062816878592
7656894,5422740070400,1064581169152
7662469,5427390205952,1064796069888
7668051,5432147656704,1064796069888
7673600,5436999901184,1064796069888
7679161,5441108213760,1065701085184
7684761,5445515431936,1066239664128
7690392,5450264567808,1066239664128
7695974,5455291875328,1066239664128
7701570,5459371225088,1066989686784
7707180,5464487739392,1068147154944
7712770,5469335216128,1068746555392
7718311,5474637864960,1068746555392
7723883,5480511139840,1068746555392
7729453,5484729626624,1070178062336
7735010,5490152660992,1071505330176
7740611,5495746973696,1071997378560
7746138,5501072412672,1072351117312
7751697,5506790567936,1072351117312
7757284,5511017578496,1073542828032
7762838,5516194508800,1074183299072
7768427,5521454211072,1074183299072
7774017,5526772314112,1074415960064
7779670,5531037949952,1076122234880
7785317,5535998521344,1076909539328
7790976,5537359618048,1076909539328
7796577,5542828384256,1076909539328
7802168,5547126947840,1078226243584
7807768,5551923830784,1079602028544
7813351,5557171675136,1079652917248
7818882,5562467049472,1079652917248
7824444,5566478872576,1080863285248
7830040,5571455148032,1082157826048
7835595,5576672759808,1082828967936
7841195,5582180364288,1083028369408
7846758,5586623909888,1083846230016
7852333,5591996968960,1084958285824
7857914,5597253025792,1085008728064
7863480,5602477867008,1085008728064
7869026,5606729129984,1085912748032
7874577,5611681525760,1087230595072
7880174,5616872505344,1087797657600
7885732,5622571175936,1087797657600
7891306,5628056723456,1087797854208
7897013,5631786688512,1089175662592
7902636,5637323227136,1089243934720
7908231,5642688675840,1089243934720
7913799,5648017002496,1089243934720
7919364,5651822583808,1090307469312
7924972,5656375324672,1091687378944
7930496,5661797085184,1092078764032
7936055,5667317223424,1092078764032
7941560,5672839979008,1092078764032
7947144,5677690830848,1092350058496
7952715,5682055172096,1093955051520
7958340,5687232487424,1094541946880
7963900,5692615954432,1094742110208
7969409,5698300170240,1094742110208
7974963,5702934028288,1096298799104
7980543,5708156305408,1097580077056
7986090,5713717743616,1097697210368
7991667,5719341076480,1097697210368
7997275,5723615166464,1099015315456
8002833,5728797388800,1099023568896
8008446,5734268506112,1099023568896
8014048,5738136715264,1099892563968
8019669,5742922989568,1101268860928
8025286,5748105576448,1101748260864
8030894,5753207296000,1101748260864
8036442,5758755311616,1101748260864
8042050,5762309279744,1103729061888
8047607,5767036747776,1104586678272
8053199,5772183252992,1104607625216
8058754,5777281282048,1104607625216
8064339,5781064654848,1105981415424
8069956,5785587703808,1107458412544
8075601,5790966349824,1107503689728
8081187,5796483690496,1107503689728
8086764,5800935768064,1107503689728
8092309,5805180301312,1108600782848
8097936,5809784512512,1108919902208
8103558,5815129948160,1108919902208
8109219,5820607832064,1108919902208
8114782,5824697360384,1110410215424
8120311,5830009724928,1111604023296
8125938,5835225153536,1111749795840
8131538,5840896765952,1111749795840
8137120,5846972125184,1111749795840
8142699,5851327709184,1113314119680
8148275,5856112463872,1114263732224
8153973,5857446559744,1114263736320
8159571,5862323449856,1114263736320
8165193,5867265863680,1114263736320
8170762,5871094968320,1115912912896
8176381,5875631960064,1116811112448
8181975,5880342560768,1116968321024
8187610,5885268758528,1116968321024
8193178,5889382395904,1118640025600
8198780,5894551719936,1118711554048
8204358,5899223126016,1118711554048
8209970,5902648532992,1120375300096
8215521,5907391995904,1121647611904
8221130,5911604613120,1122367762432
8226716,5916022546432,1122652712960
8232334,5920620761088,1122652712960
8237921,5925108494336,1124066934784
8243495,5931157426176,1124891152384
8249066,5937514594304,1124902481920
8254661,5943854456832,1124902498304
8260256,5949837258752,1124902498304
8265873,5954204094464,1126519697408
8271483,5959273566208,1127294595072
8277044,5964044857344,1127294595072
8282631,5968303194112,1127294595072
8288211,5972618874880,1128352669696
8293825,5977537482752,1129207996416
8299403,5982762086400,1129243840512
8304990,5988379492352,1129243840512
8310590,5992596758528,1130506391552
8316131,5997595078656,1131767996416
8321750,6002755534848,1132619665408
8327308,6007833382912,1132619665408
8332858,6013267300352,1132619665408
8338405,6017294745600,1134159953920
8344015,6022375596032,1134785028096
8349618,6027498659840,1134910017536
8355200,6032443027456,1134910087168
8360814,6036643233792,1136539459584
8366364,6041357111296,1137923739648
8371998,6046131204096,1138059337728
8377595,6049951309824,1139693690880
8383257,6054851592192,1139984670720
8388866,6059892166656,1139984670720
8394533,6063283744768,1141204242432
8400214,6066377916416,1142198874112
8405885,6068790980608,1142279458816
8411547,6070627262464,1142279458816
8417206,6071598567424,1142279458816
8422805,6074047217664,1142279458816
8428409,6076504780800,1142279458816
8434014,6078953177088,1142279458816
8439691,6080366112768,1147010797568
8445365,6081917366272,1147010797568
8450928,6085277573120,1147010797568
8456480,6089094344704,1147010797568
8462080,6093256224768,1147010797568
8467663,6097415589888,1147010797568
8473279,6101859680256,1147010797568
8478885,6105313280000,1147964686336
8484459,6110151602176,1148954710016
8490085,6114447728640,1149165682688
8495676,6118700331008,1149165682688
8501267,6123076837376,1149165682688
8506871,6126550786048,1150279921664
8512451,6130966302720,1151674638336
8518065,6135488659456,1151674638336
8523708,6140128215040,1151674638336
8529287,6144643600384,1151674638336
8534925,6148510117888,1152803704832
8540531,6153288638464,1153411579904
8546132,6157986738176,1153841967104
8551738,6162807521280,1153841967104
8557330,6166866231296,1155355217920
8562911,6171895554048,1156658049024
8568465,6177174806528,1157293895680
8574067,6181888479232,1157356113920
8579612,6185954332672,1158808440832
8585211,6191305441280,1159944478720
8590801,6196334362624,1160237191168
8596377,6201595559936,1160237191168
8601919,6205893234688,1161845481472
8607510,6211174653952,1162946850816
8613119,6216151982080,1163044872192
8618714,6220293693440,1163911475200
8624250,6224740433920,1164326821888
8629862,6229631602688,1164326821888
8635441,6234332475392,1164326821888
8641043,6238144225280,1165530058752
8646599,6242925494272,1166870482944
8652213,6247980425216,1167448088576
8657824,6252474888192,1167448088576
8663372,6256369020928,1168688553984
8668956,6261521399808,1169947193344
8674573,6266676207616,1170318290944
8680178,6271930654720,1170340564992
8685764,6277567983616,1170340564992
8691356,6281768312832,1171378511872
8696946,6285239828480,1173970804736
8702514,6290130669568,1174203674624
8708103,6295572840448,1174203674624
8713686,6299949641728,1174203674624
8719235,6303437901824,1175005257728
8724811,6307981963264,1175157604352
8730385,6312642220032,1175157604352
8735986,6317214474240,1175157604352
8741594,6320605425664,1176910340096
8747238,6325084217344,1177746448384
8752877,6330071322624,1177754939392
8758507,6334146670592,1177982963712
8764161,6338194571264,1179598766080
8769831,6342725763072,1180407693312
8775428,6347266105344,1180534931456
8781039,6350539030528,1181153894400
8786660,6353727176704,1182431653888
8792334,6354741784576,1182431670272
8797874,6356595847168,1182431670272
8803526,6358423199744,1182431670272
8809173,6359501787136,1182431670272
8814816,6359832883200,1186286137344
8820461,6362813448192,1186286137344
8826156,6366073483264,1186286137344
8831808,6369522929664,1186286137344
8837423,6373110538240,1186286137344
8843060,6376977694720,1186286137344
8848747,6380954451968,1186286137344
8854375,6384607920128,1186286137344
8860021,6387633225728,1187463184384
8865723,6392263843840,1188582420480
8871387,6396535865344,1189365567488
8877091,6400701124608,1189837361152
8882725,6404713476096,1189837361152
8888365,6408709320704,1189837361152
8894048,6412325408768,1191599607808
8899698,6417029357568,1192425779200
8905314,6421275066368,1192425779200
8910931,6425914253312,1192425779200
8916606,6429585670144,1193534160896
8922313,6434085318656,1193893912576
8927977,6438854803456,1193893912576
8933606,6443413508096,1193893912576
8939270,6446876221440,1194852450304
8944950,6449962758144,1196251410432
8950672,6452256075776,1196313944064
8956281,6453627482112,1196313944064
8961897,6455040811008,1196313944064
8967595,6457080242176,1196313944064
8973222,6459389358080,1196313944064
8978863,6461495824384,1199442108416
8984480,6463102353408,1204898750464
8990149,6464054996992,1204898750464
8995840,6466397974528,1207149600768
9001493,6469644083200,1207149600768
9007200,6472808284160,1207149600768
9012859,6476433362944,1207149600768
9018488,6480236716032,1207149600768
9024110,6484129460224,1207149600768
9029768,6488169086976,1207149600768
9035391,6491722264576,1207199006720
9041149,6495830188032,1209313521664
9046803,6500343185408,1209680998400
9052512,6504790114304,1209680998400
9058160,6509134684160,1209680998400
9063825,6512717361152,1210871746560
9069504,6517128896512,1212438376448
9075217,6521181990912,1212742246400
9080876,6524954443776,1212742246400
9086543,6528764239872,1212742246400
9092206,6532307320832,1212742246400
9097881,6535501828096,1213656158208
9103655,6540139614208,1215085457408
9109354,6544493838336,1215609884672
9115010,6548662943744,1215609884672
9120684,6552943108096,1215609884672
9126295,6556838793216,1217394012160
9132000,6561613848576,1218766118912
9137723,6565230026752,1218791165952
9143430,6569561985024,1218791165952
9149079,6573898633216,1218791165952
9154754,6578657304576,1218791165952
9160399,6583517728768,1218791165952
9166006,6587252060160,1219492708352
9171783,6590394085376,1220881829888
9178402,6593004568576,1221963964416
9184312,6595064299520,1223523655680
9190147,6598004224000,1224614789120
9196103,6600337862656,1224614789120
9201960,6602118561792,1224614789120
9207893,6604030947328,1224614789120
9213776,6605940256768,1224614789120
9219651,6607976734720,1224614789120
9225499,6610112393216,1224614789120
9231347,6612121747456,1224614789120
9237322,6613918470144,1224614789120
9243192,6615673200640,1224614789120
9249003,6617391915008,1224614789120
9254861,6618998444032,1224614789120
9260758,6621555654656,1224614789120
9266692,6623545290752,1224614789120
9272565,6625561055232,1224614789120
9278403,6628358455296,1224614789120
9284427,6630526754816,1224614789120
9290327,6633261993984,1224614789120
9296198,6635402461184,1224614789120
9302029,6638244921344,1224614789120
9307867,6640690003968,1224614789120
9313677,6643155726336,1224614789120
9319555,6644934987776,1224614789120
9325510,6647673950208,1224614789120
9331358,6649975730176,1224614789120
9337211,6652804386816,1224614789120
9343161,6653918388224,1224614789120
9349101,6656434765824,1224614789120
9354952,6658237825024,1224614789120
9360812,6659657773056,1224614789120
9366719,6661626834944,1224614789120
9372663,6662176186368,1224614789120
9378571,6663265349632,1224614789120
9384470,6663545384960,1224614789120
9390444,6664710135808,1224614789120
9396364,6665200967680,1224614789120
9402305,6665993326592,1224614789120
9408214,6667184807936,1224614789120
9414151,6667465748480,1224614789120
9420099,6668517584896,1224614789120
9425993,6669672140800,1224614789120
9431934,6669854695424,1224614789120
9437863,6670841335808,1224614789120
9443776,6672025939968,1224614789120
9449725,6672583557120,1224614789120
9455599,6673267441664,1224614789120
9461525,6674516598784,1224614789120
9467411,6675846377472,1224614789120
9473337,6676122583040,1224614789120
9479178,6677419479040,1224614789120
9485073,6677853306880,1224614789120
9491006,6678804377600,1224614789120
9496881,6679730847744,1224614789120
9502735,6680534245376,1224614789120
9508592,6681381494784,1224614789120
9514471,6682120134656,1224614789120
9520325,6683089371136,1224614789120
9526221,6683878535168,1224614789120
9532060,6684735787008,1224614789120
9537995,6685709930496,1224614789120
9543895,6686448893952,1224614789120
9549789,6687464665088,1224614789120
9555698,6688175394816,1224614789120
9561556,6689518530560,1224614789120
9567490,6689783255040,1224614789120
9573434,6690722078720,1224614789120
9579349,6691857534976,1224614789120
9585276,6693662175232,1224614789120
9591194,6696210546688,1224614789120
9597102,6698941509632,1224614789120
9603032,6700794347520,1224614789120
9608977,6702084702208,1224614789120
9614857,6703866683392,1224614789120
9620781,6705116516352,1224614789120
9626638,6706859335680,1224614789120
9632490,6709058191360,1224614789120
9638427,6710534189056,1224614789120
9644309,6710590705664,1224614789120
9650169,6710688215040,1224614789120
9656079,6710812016640,1224614789120
9661959,6710941646848,1224614789120
9667867,6711049789440,1224614789120
9673775,6711139774464,1224614789120
9679657,6712388362240,1224614789120
9685585,6717432721408,1224676851712
9691502,6721001410560,1224676851712
9697378,6724170727424,1224676851712
9703272,6727004082176,1224676851712
9709147,6730086891520,1224676851712
9714948,6733394173952,1224676851712
9720840,6736184569856,1224676851712
9726716,6739439124480,1224676851712
9732576,6742697050112,1224676851712
9738529,6745645436928,1224676851712
9744386,6748178243584,1224676851712
9750314,6751257690112,1224676851712
9756233,6753357410304,1224676851712
9762093,6756207513600,1224676851712
9768020,6758108823552,1224676851712
9773932,6760667504640,1224676851712
9779787,6762587889664,1224676851712
9785743,6764216598528,1224676851712
9791700,6764610105344,1224676851712
9797648,6766012825600,1224676851712
9803933,6766981038080,1224676851712
9809827,6767542263808,1224676851712
9815795,6768483475456,1224676851712
9821729,6769606021120,1224676851712
9827641,6769957134336,1224676851712
9833568,6770794696704,1229871448064
9839541,6771234689024,1236546240512
9845403,6773069893632,1242394787840
9851372,6775684161536,1253123309568
9857304,6779108278272,1253123309568
9863293,6780804161536,1257337372672
9869226,6782241939456,1262080884736
9875154,6785636401152,1269016739840
9881030,6787456512000,1275049197568
9886900,6791055683584,1275049197568
9892843,6791778660352,1275049197568
9898733,6796609904640,1280133447680
9904619,6797968695296,1280133447680
9910583,6802992979968,1285559451648
9916561,6804664422400,1285559451648
9922505,6806837825536,1289916006400
9928513,6809580314624,1292012142592
9934469,6810852696064,1296423305216
9940403,6814693543936,1296423305216
9946336,6817292816384,1296423305216
9952281,6820275490816,1296423305216
9958167,6822953594880,1301714534400
9964145,6826182275072,1301714534400
9970074,6828693782528,1305891930112
9975953,6829916016640,1305977241600
9981849,6830638731264,1305977241600
9987798,6831017689088,1309052338176
9993741,6831457513472,1317493669888
9999689,6831912771584,1322043965440
10005656,6832173658112,1326151335936
10011682,6832945422336,1327247572992
10017587,6833504780288,1338269057024
10023522,6834329382912,1341988356096
10029483,6834775277568,1349054414848
10035432,6835125764096,1353434480640
10041356,6835432955904,1361873993728
10047340,6835700580352,1369733857280
10053214,6836059095040,1374489149440
10059227,6836333432832,1378836594688
10065159,6836677005312,1379741384704
10071150,6836888432640,1386040295424
10077114,6837177634816,1390278082560
10083086,6837627613184,1393544888320
10089027,6838057340928,1402349371392
10094949,6838541471744,1402349371392
10100951,6839232499712,1404675031040
10106849,6839728463872,1409843527680
10112787,6840484229120,1414423232512
10118767,6841646305280,1415320158208
10124707,6842368483328,1423591587840
10130598,6842643406848,1427072614400
10136547,6843278663680,1427072614400
10142432,6844005953536,1432625479680
10148405,6845526798336,1434934034432
10154362,6846231150592,1442764554240
10160274,6847396515840,1444309762048
10166248,6848017182720,1448796782592
10172184,6848728608768,1452033081344
10178159,6849799626752,1458374361088
10184101,6850889379840,1458374361088
10190033,6851609542656,1464370495488
10195901,6854003277824,1464370495488
10201879,6854772056064,1471057084416
10207887,6856096161792,1471057084416
10213809,6857292886016,1471057084416
10219734,6858123644928,1473698086912
10225659,6859328364544,1476685086720
10231647,6859902164992,1483443339264
10237590,6861202915328,1483443339264
10243509,6862186475520,1485385449472
10249472,6863062994944,1489769594880
10255452,6865073082368,1491145785344
10261403,6865950547968,1497763659776
10267328,6867315077120,1498088587264
10273288,6867992576000,1501289660416
10279186,6868597948416,1507733848064
10285120,6869728083968,1507893084160
10291093,6870864003072,1509344346112
10296971,6871733919744,1512303263744
10302921,6873033097216,1513751953408
10308852,6873541890048,1520408805376
10314738,6874939756544,1520408805376
10320693,6876109987840,1522258837504
10326694,6876844630016,1526951723008
10332676,6878231437312,1526951723008
10338614,6879231127552,1526951723008
10344504,6880287526912,1528686968832
10350494,6881468485632,1528686968832
10356619,6882303574016,1533516005376
10362541,6883370786816,1538441117696
10368531,6884810571776,1538441117696
10374447,6885767757824,1540727357440
10380369,6886756110336,1543064420352
10386270,6887749619712,1548793282560
10392187,6888715415552,1551458910208
10398159,6889301528576,1552853499904
10404115,6889804828672,1556758855680
10410026,6890298994688,1556758855680
10415946,6890755919872,1556758855680
10421960,6891074252800,1556758855680
10427885,6891383898112,1556758855680
10433776,6891730952192,1556758855680
10439747,6892107497472,1556758855680
10445601,6893154967552,1556758855680
10451514,6893439094784,1556758855680
10457419,6893693526016,1556758855680
10463341,6894068707328,1556758855680
10469217,6894465167360,1556758855680
10475107,6894742990848,1556758855680
10481069,6894967427072,1556758855680
10487034,6895225647104,1556758855680
10493044,6895477100544,1556758855680
10498981,6896368447488,1556758855680
10504971,6896615325696,1556758855680
10510893,6896950239232,1556758855680
10516818,6897303994368,1556758855680
10522765,6897728163840,1556758855680
10528668,6898083278848,1556758855680
10534565,6898498056192,1556758855680
10540531,6898878816256,1556758855680
10546487,6899151233024,1556758855680
10552386,6899508441088,1556758855680
10558335,6899847553024,1556758855680
10564266,6900178100224,1556758855680
10570167,6900463337472,1556758855680
10576100,6900707504128,1556758855680
10582018,6900935446528,1556758855680
10588006,6901146112000,1556758855680
10593958,6901302165504,1556758855680
10599934,6901467750400,1556758855680
10605955,6901718417408,1556758855680
10611883,6901980884992,1556758855680
10617838,6902263341056,1556758855680
10623799,6902530347008,1556758855680
10629764,6902599344128,1556758855680
10635731,6902599344128,1556758855680
10641706,6902599454720,1556758855680
10647682,6902599680000,1556758855680
10653654,6902599680000,1556758855680
10659614,6902599680000,1556758855680
10665561,6902599680000,1556758855680
10671527,6902599680000,1556758855680
10677499,6902599680000,1556758855680
10683486,6902599708672,1556758855680
10689500,6902599712768,1556758855680
10695471,6902599712768,1556758855680
10701421,6902599712768,1556758855680
10707370,6903253553152,1556758855680
10713266,6905018159104,1556758855680
10719221,6906760933376,1556758855680
10725150,6908402020352,1556758855680
10731013,6910178754560,1556758855680
10736895,6911942393856,1556758855680
10742803,6913672155136,1556758855680
10748693,6915439603712,1556758855680
10754620,6917146615808,1556758855680
10760495,6918956593152,1556758855680
10766386,6920841576448,1556758855680
10772269,6922691997696,1556758855680
10778189,6924442337280,1556758855680
10784086,6926152159232,1556758855680
10789976,6927848935424,1556758855680
10795972,6929736482816,1556758855680
10801902,6931565309952,1556758855680
10807896,6933325746176,1556758855680
10813786,6935112888320,1556758855680
10819660,6936993726464,1556758855680
10825581,6938770169856,1556758855680
10831409,6940616437760,1556758855680
10837283,6942412681216,1556758855680
10843142,6944163205120,1556758855680
10849032,6945897271296,1556758855680
10854880,6947671834624,1556758855680
10860758,6949407100928,1556758855680
10866609,6951204237312,1556758855680
10872456,6952849121280,1556758855680
10878410,6954614841344,1556758855680
10884307,6956452966400,1556758855680
10890269,6958272696320,1556758855680
10896160,6960039915520,1556758855680
10902078,6961621876736,1556758855680
10907966,6963238514688,1556758855680
10913906,6964993196032,1556758855680
10919825,6966703517696,1556758855680
10925720,6968377589760,1556758855680
10931600,6970052894720,1556758855680
10937541,6971645460480,1556758855680
10943474,6973203775488,1556758855680
10949422,6974716887040,1556758855680
10955355,6976213577728,1556758855680
10961348,6976885575680,1556758855680
10967294,6978040590336,1556758855680
10973188,6982128082944,1556758855680
10979139,6985627389952,1556778639360
10985011,6988474871808,1556778639360
10990882,6991083831296,1556778639360
10996762,6993540341760,1556778639360
11002655,6996071989248,1556790018048
11008555,6998429986816,1556790018048
11014394,7000776216576,1556790018048
11020280,7002977841152,1556790018048
11026223,7005155328000,1556790018048
11032043,7006601326592,1556790018048
11037895,7007405621248,1557189414912
11043828,7008605335552,1557514989568
11049745,7010632884224,1557872762880
11055691,7012774531072,1558125289472
11061639,7014867406848,1558449889280
11067640,7016925687808,1558790512640
11073611,7019060690944,1559042576384
11079615,7021063864320,1559289864192
11085583,7022676955136,1559475867648
11091596,7022776401920,1559797837824
11097619,7022900465664,1560152211456
11103650,7023018696704,1560547852288
11109727,7023140597760,1560994594816
11115761,7023251931136,1561464340480
11121829,7023386898432,1561995075584
11127859,7023528914944,1562000293888
11133908,7023691419648,1562568130560
11139987,7023840014336,1563248336896
11146037,7024025378816,1563253235712
11152121,7024185950208,1563996180480
11158181,7024338755584,1564806287360
11164256,7024529055744,1564811223040
11170283,7024684904448,1565718351872
11176343,7024880762880,1565723156480
11182439,7025051250688,1566728900608
11188513,7025262563328,1566733402112
11194584,7025454940160,1567917092864
11200687,7025682149376,1567921369088
11206743,7025835479040,1569107931136
11212848,7026091507712,1569111851008
11218937,7026320314368,1570591948800
11224980,7026594332672,1570596093952
11231118,7026799595520,1572120215552
11237276,7027053027328,1572123897856
11243381,7027355348992,1572127105024
11249470,7027477893120,1573832843264
11255580,7027721924608,1573836406784
11261674,7027994816512,1573839851520
11267775,7028121276416,1575680962560
11273881,7028421586944,1575684009984
11280009,7028721250304,1575686615040
11286111,7028880347136,1577768894464
11292226,7029188366336,1577771626496
11298350,7029484322816,1577774002176
11304484,7029752385536,1577776021504
11310634,7029990445056,1580123033600
11316779,7030297366528,1580125765632
11322927,7030615801856,1580128378880
11329046,7030794379264,1582698348544
11335174,7031105970176,1582700843008
11341294,7031394131968,1582703099904
11347401,7031680602112,1582705356800
11353559,7031768776704,1585509179392
11359634,7031782686720,1585509298176
11365819,7032095576064,1585512030208
11371976,7032395485184,1585514405888
11378131,7032703045632,1585517019136
11384248,7032804073472,1588555010048
11390367,7033122758656,1588557504512
11396502,7033411444736,1588559642624
11402608,7033703727104,1588561899520
11408792,7033851981824,1591921430528
11414944,7034123632640,1591923601408
11421083,7034421989376,1591925739520
11427191,7034694516736,1591927521280
11433315,7034876055552,1591928709120
11439457,7034964815872,1595714191360
11445621,7035276644352,1595716210688
11451795,7035589128192,1595718230016
11457966,7035887370240,1595720130560
11464147,7036106407936,1595721555968
11470283,7036140740608,1600004571136
11476463,7036464173056,1600006709248
11482585,7036770775040,1600008609792
11488716,7037074771968,1600010493952
11494904,7037342900224,1600012271616
11501083,7037376442368,1600012525568
11507223,7037533237248,1604821573632
11513426,7037807493120,1604823891968
11519605,7038071242752,1604826103808
11525809,7038309171200,1604828164096
11531959,7038495965184,1604829818880
11538138,7038521122816,1610291687424
11544338,7038770114560,1610298597376
11550480,7039043792896,1610300846080
11556638,7039307804672,1610303336448
11562784,7039573176320,1610305732608
11568940,7039698284544,1610306736128
11575120,7039758630912,1615776759808
11581266,7040058880000,1615779258368
11587449,7040358334464,1615781982208
11593541,7040642183168,1615784284160
11599674,7040931319808,1615786524672
11605832,7041207226368,1615788695552
11612018,7041209761792,1615788695552
11618165,7041357385728,1621645045760
11624356,7041658200064,1621648027648
11630527,7041952755712,1621650702336
11636681,7042192437248,1621653778432
11642868,7042422435840,1621656879104
11649058,7042604449792,1621659541504
11655283,7042606825472,1621659541504
11661437,7042673741824,1627956371456
11667632,7042890932224,1627960045568
11673818,7043096621056,1627963707392
11679992,7043353812992,1627969474560
11686124,7043609112576,1627974406144
11692302,7043700260864,1633945083904
11698520,7043961733120,1634130800640
11704758,7044221648896,1634136440832
11710954,7044471029760,1634141835264
11717139,7044675813376,1634146299904
11723292,7044800266240,1640085327872
11729464,7045049384960,1640090779648
11735649,7045322956800,1640096296960
11741829,7045591826432,1640101756928
11748002,7045748097024,1640105021440
11754186,7045932986368,1646179426304
11760334,7046217707520,1646185299968
11766538,7046499758080,1646190374912
11772724,7046778392576,1646195499008
11778908,7046948032512,1646198697984
11785035,7047115636736,1652470255616
11791218,7047413669888,1652475797504
11797429,7047708860416,1652481425408
11803598,7047994818560,1652486836224
11809809,7048252715008,1652491722752
11815956,7048350228480,1658919272448
11822114,7048681107456,1658924675072
11828301,7049011212288,1658929827840
11834508,7049300201472,1658934669312
11840704,7049613672448,1658939867136
11846896,7049727827968,1662120607744
11853092,7049997549568,1665480261632
11859291,7050347679744,1665485066240
11865490,7050696105984,1665489518592
11871679,7051012698112,1665493385216
11877852,7051332947968,1665497665536
11884055,7051440517120,1668012208128
11890316,7051678089216,1672456720384
11896501,7051999375360,1672460902400
11902710,7052315254784,1672465174528
11908898,7052619829248,1672470417408
11915105,7052928143360,1672475230208
11921328,7053158612992,1674075574272
11927505,7053160488960,1679699345408
11933605,7053160488960,1679699345408
11939729,7053409902592,1679702659072
11945944,7053757333504,1679708188672
11952119,7054083346432,1679713333248
11958310,7054408007680,1679718920192
11964486,7054667145216,1679723757568
11970706,7054922235904,1687088447488
11976910,7055260872704,1687093624832
11983111,7055566299136,1687098359808
11989315,7055897608192,1687103946752
11995504,7056188436480,1687109279744
12001726,7056423968768,1687113428992
12007963,7056667238400,1694844956672
12014224,7057028259840,1694851092480
12020447,7057360134144,1694856392704
12026656,7057677697024,1694861676544
12032882,7058008526848,1694867025920
12039094,7058199916544,1694870052864
12045268,7058273615872,1702782472192
12051423,7058366541824,1702783598592
12057613,7058711982080,1702789636096
12063803,7059027513344,1702794969088
12070041,7059323355136,1702799978496
12076239,7059631181824,1702804992000
12082432,7059903021056,1702808805376
12088635,7059951484928,1711443869696
12094855,7060251774976,1711449866240
12101088,7060548128768,1711454912512
12107245,7060831330304,1711459553280
12113435,7061119094784,1711464230912
12119661,7061414240256,1711468556288
12125916,7061623590912,1711472078848
12132158,7061911957504,1720414220288
12138371,7062244564992,1720418922496
12144606,7062572687360,1720423174144
12150814,7062887477248,1720427855872
12157044,7063207751680,1720432123904
12163266,7063521210368,1720436830208
12169474,7063989633024,1720439156736
12175802,7064176316416,1729931128832
12182015,7064524136448,1729935814656
12188227,7064865103872,1729940385792
12194450,7065201270784,1729945419776
12200687,7065510948864,1729949351936
12206915,7065834627072,1729953812480
12213119,7066038218752,1729956773888
12219354,7066487615488,1740033982464
12225590,7066900250624,1740039127040
12231800,7067289411584,1740043534336
12238026,7067641573376,1740047630336
12244233,7068004491264,1740052361216
12250483,7068348870656,1740057751552
12256723,7068716445696,1740062765056
12262968,7069023838208,1740064792576
12269257,7069286117376,1751211716608
12275465,7069683458048,1751216963584
12281700,7070065782784,1751222845440
12287940,7070400327680,1751228239872
12294177,7070710124544,1751233290240
12300406,7071028506624,1751238975488
12306617,7071351275520,1751244562432
12312861,7071656554496,1751248609280
12319158,7072116551680,1763004203008
12325383,7072464506880,1763010637824
12331622,7072788844544,1763015974912
12337841,7073130807296,1763022573568
12344080,7073434750976,1763029925888
12350322,7073727238144,1763037364224
12356551,7074024697856,1763047030784
12362782,7074269970432,1763050909696
12369036,7074599510016,1774954348544
12375237,7074890645504,1774963503104
12381489,7075187179520,1774972174336
12387718,7075467350016,1774980259840
12393924,7075749076992,1774988001280
12400157,7076041363456,1774996467712
12406413,7076275773440,1780407242752
12412720,7076477718528,1785923100672
12418936,7076798586880,1785931677696
12425153,7077118492672,1785940324352
12431363,7077427621888,1785948340224
12437611,7077737308160,1785956487168
12443868,7078052712448,1785964683264
12450131,7078147600384,1790060777472
12456421,7078391943168,1797313957888
12462690,7078730248192,1797324001280
12468956,7079038656512,1797332733952
12475217,7079337078784,1797342261248
12481449,7079627255808,1797351829504
12487682,7079922610176,1797361446912
12493936,7080055275520,1797364674560
12500236,7080298479616,1808627245056
12506518,7080625332224,1808636973056
12512796,7080961572864,1808645861376
12519060,7081285713920,1808655777792
12525286,7081605324800,1808665026560
12531540,7081909649408,1808674287616
12537800,7082215211008,1808683618304
12544062,7082443554816,1814336196608
12550309,7082693943296,1820143583232
12556567,7083050000384,1820154585088
12562805,7083388792832,1820164808704
12569079,7083740512256,1820174118912
12575364,7084071907328,1820183519232
12581600,7084396421120,1820193898496
12587896,7084570533888,1820197371904
12594188,7084710985728,1831428481024
12600461,7085082640384,1831439265792
12606717,7085415276544,1831450333184
12612982,7085748281344,1831461892096
12619249,7086061797376,1831472709632
12625528,7086376710144,1831483531264
12631766,7086574792704,1831489839104
12637995,7086958538752,1839599738880
12644289,7087236640768,1842721738752
12650527,7087599841280,1842732609536
12656792,7087953559552,1842743488512
12663033,7088285081600,1842753429504
12669275,7088603090944,1842764201984
12675553,7088958988288,1842773233664
12681825,7089437745152,1850914525184
12688199,7089715089408,1854337187840
12694442,7090151206912,1854348005376
12700730,7090524405760,1854357069824
12706992,7090867904512,1854367158272
12713274,7091223633920,1854378205184
12719574,7091578880000,1854389305344
12725814,7091820236800,1858770423808
12732205,7092113989632,1866336944128
12738456,7092552400896,1866347003904
12744742,7092977610752,1866358030336
12751032,7093376593920,1866369024000
12757319,7093762703360,1866380144640
12763579,7094134726656,1866390446080
12769854,7094515339264,1867501760512
12776232,7094695432192,1878226014208
12782537,7095158706176,1878237290496
12788815,7095572992000,1878248677376
12795100,7095970373632,1878259113984
12801398,7096354230272,1878268690432
12807692,7096791539712,1878280122368
12813942,7097238523904,1878290505728
12820195,7097398476800,1879698563072
12826467,7097570394112,1888011501568
12832715,7097570447360,1889106657280
12838940,7097570447360,1889106657280
12845188,7097924042752,1889114243072
12851477,7098370154496,1889125588992
12857740,7098793472000,1889135153152
12863999,7099218747392,1889146650624
12870265,7099619647488,1889156247552
12876581,7100056735744,1889166802944
12882799,7100482555904,1889991614464
12889181,7100731260928,1901126598656
12895441,7101336436736,1901137113088
12901746,7101850095616,1901148594176
12908008,7102418120704,1901158252544
12914323,7102936109056,1901169860608
12920637,7103414603776,1901179457536
12926961,7103913168896,1901190012928
12933205,7104451354624,1906049331200
12939491,7104799424512,1913154834432
12945809,7105279598592,1913164398592
12952104,7105770516480,1913174933504
12958359,7106339176448,1913183526912
12964601,7106958192640,1913194098688
12970869,7107514114048,1913203822592
12977111,7108031115264,1913213677568
12983384,7108606107648,1918541254656
12989676,7108900282368,1925524115456
12995978,7109519572992,1925535981568
13002218,7110025981952,1925546967040
13008555,7110502703104,1925556965376
13014851,7110959276032,1925569146880
13021151,7111362650112,1925578276864
13027496,7111711047680,1925587451904
13033744,7112078602240,1928393768960
13040067,7112082194432,1934855512064
13046258,7112082210816,1934855512064
13052481,7112323055616,1934860660736
13058797,7112808726528,1934872055808
13065087,7113398722560,1934881427456
13071405,7113891561472,1934891892736
13077701,7114330361856,1934901444608
13084004,7114764947456,1934913196032
13090299,7115245486080,1934923837440
13096651,7115626528768,1938978463744
13103029,7115959885824,1947789578240
13109365,7116532371456,1947802468352
13115605,7117045178368,1947815333888
13121898,7117561733120,1947827294208
13128189,7118103924736,1947841445888
13134460,7118614405120,1947854606336
13140746,7118984908800,1947864555520
13147046,7119187898368,1956514373632
13153295,7119683743744,1959648043008
13159608,7120236707840,1959659061248
13165894,7120739536896,1959671181312
13172205,7121232277504,1959683477504
13178496,7121757786112,1959696371712
13184785,7122284523520,1959709503488
13191050,7122720264192,1962951520256
13197464,7122910523392,1971630637056
13203771,7123418845184,1971644293120
13210069,7123900461056,1971656994816
13216376,7124389330944,1971668537344
13222700,7124909940736,1971681267712
13229059,7125369114624,1971692822528
13235379,7125869711360,1971704467456
13241676,7126200025088,1977882558464
13247939,7126210719744,1983381598208
13254120,7126210719744,1983381598208
13260337,7126210719744,1983381598208
13266927,7126962466816,1983393415168
13273216,7127564189696,1983405445120
13279525,7128122621952,1983417589760
13285889,7128619823104,1983429836800
13292191,7129044160512,1983442173952
13298514,7129526800384,1983455838208
13304826,7129870307328,1983465742336
13311088,7130154557440,1995289976832
13317457,7130579390464,1996396888064
13323790,7131039621120,1996410527744
13330117,7131494907904,1996425408512
13336467,7131965923328,1996439154688
13342811,7132392345600,1996450500608
13349147,7132816068608,1996464422912
13355490,7133275140096,1997598212096
13361915,7133535780864,2008539803648
13368199,7133535801344,2008695533568
13374425,7133791059968,2008703164416
13380755,7134276300800,2008718475264
13387092,7134801022976,2008735088640
13393419,7135237718016,2008747925504
13399760,7135677411328,2008762064896
13406096,7136123654144,2008776253440
13412407,7136404996096,2011774603264
13418798,7136533635072,2020717572096
13425131,7136971554816,2020733169664
13431468,7137402331136,2020748881920
13437778,7137830694912,2020763279360
13444105,7138325274624,2020778246144
13450457,7138794012672,2020793237504
13456782,7139132289024,2020804976640
13463114,7139340873728,2032695615488
13469413,7139841720320,2032722378752
13475749,7140366163968,2032738119680
13482076,7140875264000,2032753901568
13488401,7141357305856,2032769613824
13494756,7141831745536,2032783945728
13501134,7142206111744,2032795590656
13507501,7142343663616,2044508725248
13513803,7142823944192,2044541812736
13520155,7143285207040,2044557291520
13526481,7143711707136,2044571557888
13532806,7144139268096,2044587368448
13539158,7144584261632,2044603412480
13545507,7144998416384,2044618280960
13551860,7145146175488,2056313307136
13558152,7145647640576,2056353353728
13564485,7146121011200,2056370999296
13570835,7146590711808,2056388694016
13577210,7147102302208,2056405286912
13583576,7147585384448,2056423407616
13589896,7147993030656,2059880546304
13596242,7148159623168,2068204036096
13602608,7148650962944,2068223700992
13608968,7149167771648,2068242022400
13615328,7149681364992,2068260311040
13621655,7150145163264,2068278644736
13627992,7150621499392,2068295553024
13634281,7150961631232,2072136306688
13640609,7150963064832,2077765410816
13646869,7150963986432,2077765410816
13653269,7151569690624,2077785489408
13659639,7152096239616,2077804269568
13665996,7152718155776,2077821767680
13672311,7153259159552,2077840859136
13678668,7153844776960,2077858545664
13685014,7154266652672,2081616691200
13691428,7154516897792,2089370517504
13697767,7154747277312,2090704216064
13704101,7154920783872,2096827236352
13710093,7155453923328,2098467569664
13716550,7155463315456,2102210199552
13722832,7155671658496,2102210199552
13729448,7155836592128,2102210199552
13735729,7155908595712,2102210199552
13742021,7156092076032,2102210199552
13748354,7156104822784,2103946002432
13754742,7156116430848,2103946002432
13761132,7156116480000,2103946002432
13767429,7156379889664,2104408555520
13773787,7156545933312,2105593237504
13780112,7156671078400,2105735135232
13786449,7156804599808,2105875693568
13792787,7156920233984,2106024706048
13799142,7157032976384,2106178125824
13805549,7157146058752,2106330238976
13811920,7157259317248,2106477932544
13818295,7157371039744,2106625601536
13824695,7157482590208,2106775003136
13831073,7157593243648,2106922901504
13837446,7157706231808,2107070853120
13843832,7157817065472,2107216834560
13850232,7157926215680,2107361959936
13856605,7158033510400,2107505917952
13863090,7158141894656,2107652300800
13869424,7158245691392,2107795390464
13875745,7158342340608,2107927793664
13882180,7158346076160,2107927793664
13888520,7158351097856,2107927793664
13894904,7158355046400,2108015325184
13901225,7158355046400,2108015325184
13907542,7158355046400,2108015325184
13913859,7158355046400,2108015325184
13920176,7158355046400,2108015325184
13926485,7158355046400,2108015325184
13932799,7158355046400,2108015325184
13939109,7158355046400,2108015325184
13945409,7158355046400,2108015325184
13951681,7159804637184,2108015538176
13958110,7161189867520,2108935208960
13964571,7162363338752,2111279026176
13970848,7162363338752,2111279026176
13977140,7162363338752,2111279026176
13983419,7162363338752,2111279026176
13989746,7162363338752,2111279026176
13996041,7162363338752,2111279026176
14002332,7162363338752,2111279026176
14008684,7162363338752,2111279026176
14014974,7162363338752,2111279026176
14021353,7163875168256,2112861974528
14027849,7164634984448,2113768411136
14034142,7164771422208,2113955692544
14040444,7164771422208,2113955692544
14046760,7164771422208,2113955692544
14053055,7164771422208,2113955692544
14059377,7164771422208,2113955692544
14065702,7164771422208,2113955692544
14072021,7164771422208,2113955692544
14078304,7164791017472,2113957171200
14084593,7164791115776,2113960398848
14090876,7164791115776,2113960398848
14097205,7164791152640,2113960398848
14103484,7164791169024,2113960398848
14109827,7164791169024,2113960398848
14116108,7164791169024,2113960398848
14122376,7164791169024,2113960398848
14128646,7164791169024,2113960398848
14134924,7164791169024,2113960398848
14141243,7164800671744,2113961877504
14147587,7164800753664,2113965105152
14153853,7164800753664,2113965105152
14160136,7164800753664,2113965105152
14166409,7164800753664,2113965105152
14172729,7164800753664,2113965105152
14179024,7164800753664,2113965105152
14185328,7164800753664,2113965105152
14191644,7164800753664,2113965105152
14197945,7164800753664,2113965105152
14204246,7164800753664,2113969811456
14210517,7164800753664,2113969811456
14216838,7164800753664,2113969811456
14223182,7164800753664,2113969811456
14229511,7164800753664,2113969811456
14235845,7164800753664,2113969811456
14242180,7164800753664,2113969811456
14248535,7164800753664,2113969811456
14254834,7164800753664,2113969811456
14261138,7164800753664,2113971290112
14267456,7164800753664,2113974517760
14273752,7164800753664,2113974517760
14280030,7164800753664,2113974517760
14286294,7164800753664,2113974517760
14292627,7164800753664,2113974517760
14298946,7164800753664,2113974517760
14305259,7164800753664,2113974517760
14311547,7164800753664,2113974517760
14317877,7164800753664,2113974517760
14324225,7164800753664,2113975996416
14330554,7164800753664,2113979224064
14336841,7164800753664,2113979224064
14343166,7164800753664,2113979224064
14349421,7164800753664,2113979224064
14355735,7164800753664,2113979224064
14362017,7164800753664,2113979224064
14368314,7164800753664,2113979224064
14374626,7164800753664,2113979224064
14380938,7164800753664,2113980702720
14387248,7164800753664,2113983930368
14393540,7164800753664,2113983930368
14399831,7164800753664,2113983930368
14406148,7164800753664,2113983930368
14412423,7164800753664,2113983930368
14418723,7164800753664,2113983930368
14425071,7164800753664,2113983930368
14431392,7164800753664,2113983930368
14437665,7164800757760,2113983930368
14443988,7164800774144,2113985409024
14450302,7164800872448,2113988636672
14456633,7164800872448,2113988636672
14462952,7164800872448,2113988636672
14469304,7164800872448,2113988636672
14475587,7164800872448,2113988636672
14481903,7164800872448,2113988636672
14488172,7164800872448,2113988636672
14494495,7164800872448,2113988636672
14500854,7164800872448,2113988636672
14507167,7166468087808,2115272175616
14513657,7167736569856,2116949024768
14519998,7167889383424,2117114621952
14526325,7167889383424,2117114621952
14532656,7167889383424,2117114621952
14538972,7167889383424,2117114621952
14545217,7167889383424,2117114621952
14551486,7167889383424,2117114621952
14557780,7167889383424,2117114621952
14564092,7167907917824,2117116100608
14570433,7167907975168,2117120950272
14576721,7167907975168,2117120950272
14583047,7167907975168,2117120950272
14589328,7167907975168,2117120950272
14595592,7167907975168,2117120950272
14601837,7167907975168,2117120950272
14608117,7167907975168,2117120950272
14614394,7167907975168,2117120950272
14620663,7167907975168,2117120950272
14626961,7167907975168,2117122428928
14633253,7167907975168,2117127278592
14639548,7167907975168,2117127278592
14645882,7167907975168,2117127278592
14652192,7167907975168,2117127278592
14658526,7167907975168,2117127278592
14664793,7167907975168,2117127278592
14671062,7167907975168,2117127278592
14677361,7167907975168,2117127278592
14683642,7167907975168,2117127278592
14689961,7167907975168,2117128757248
14696239,7167907975168,2117133606912
14702519,7167907975168,2117133606912
14708788,7167907975168,2117133606912
14715082,7167907975168,2117133606912
14721401,7167907975168,2117133606912
14727701,7167907975168,2117133606912
14733988,7167907975168,2117133606912
14740278,7167907975168,2117133606912
14746584,7167907975168,2117135085568
14752937,7167907975168,2117139935232
14759221,7167907975168,2117139935232
14765524,7167907975168,2117139935232
14771822,7167907975168,2117139935232
14778131,7167907975168,2117139935232
14784378,7167907975168,2117139935232
14790648,7167907975168,2117139935232
14796939,7167907975168,2117139935232
14803232,7167907975168,2117139935232
14809528,7168600952832,2117623123968
14815886,7169239724032,2118657351680
14822222,7169239724032,2118657351680
14828532,7169239724032,2118657351680
14834826,7169239724032,2118657351680
14841102,7169239724032,2118657351680
14847392,7169239724032,2118657351680
14853699,7169239724032,2118657351680
14859971,7169239724032,2118657351680
14866272,7169239724032,2118657351680
14872579,7169239756800,2118658830336
14878899,7169239785472,2118663680000
14885193,7169239785472,2118663680000
14891475,7169239785472,2118663680000
14897758,7169239785472,2118663680000
14904067,7169239785472,2118663680000
14910358,7169239785472,2118663680000
14916679,7169239785472,2118663680000
14922987,7169239785472,2118663680000
14929285,7169239789568,2118665158656
14935617,7169239789568,2118670008320
14941903,7169239789568,2118670008320
14948178,7169239789568,2118670008320
14954471,7169239789568,2118670008320
14960778,7169239789568,2118670008320
14967057,7169239789568,2118670008320
14973310,7169239789568,2118670008320
14979654,7169239789568,2118670008320
14985980,7169239789568,2118670008320
14992238,7169239789568,2118671486976
14998548,7169239789568,2118676336640
15004886,7169239789568,2118676336640
15011181,7169239789568,2118676336640
15017570,7169239814144,2118676336640
15023876,7169239814144,2118676336640
15030145,7169239814144,2118676336640
15036452,7169239814144,2118676336640
15042766,7169239814144,2118676336640
15049035,7169239814144,2118676336640
15055317,7169239814144,2118677815296
15061583,7169239814144,2118682664960
15067838,7169239814144,2118682664960
15074137,7169239814144,2118682664960
15080410,7169239814144,2118682664960
15086670,7169239814144,2118682664960
15092965,7169239814144,2118682664960
15099307,7169239814144,2118682664960
15105635,7169239830528,2118682664960
15111892,7169239846912,2118684143616
15118233,7169239846912,2118688993280
15124519,7169239846912,2118688993280
15130784,7169239846912,2118688993280
15137048,7169239846912,2118688993280
15143399,7169239846912,2118688993280
15149684,7169239846912,2118688993280
15155994,7169239846912,2118688993280
15162251,7169239846912,2118688993280
15168535,7169239846912,2118688993280
15174780,7169239846912,2118690471936
15181072,7169239846912,2118695321600
15187401,7169239846912,2118695321600
15193700,7169239846912,2118695321600
15200023,7169239846912,2118695321600
15206350,7169239846912,2118695321600
15212638,7169239846912,2118695321600
15218917,7169239846912,2118695321600
15225217,7169239855104,2118695321600
15231517,7169239855104,2118695321600
15237823,7169239977984,2118696800256
15244128,7169239977984,2118701649920
15250442,7169239977984,2118701649920
15256727,7169239977984,2118701649920
15262985,7169239977984,2118701649920
15269355,7169239977984,2118701649920
15275663,7169239994368,2118701649920
15281937,7169239994368,2118701649920
15288238,7169239994368,2118701649920
15294539,7169239994368,2118703128576
15300815,7169239994368,2118707978240
15307139,7169239994368,2118707978240
15313431,7169239994368,2118707978240
15319736,7169239994368,2118707978240
15326073,7169239994368,2118707978240
15332363,7169239994368,2118707978240
15338637,7169239994368,2118707978240
15344951,7169239994368,2118707978240
15351242,7169239994368,2118707978240
15357553,7169239994368,2118709456896
15363844,7169239994368,2118714306560
15370074,7169239994368,2118714306560
15376356,7169239994368,2118714306560
15382608,7169239994368,2118714306560
15388937,7169239994368,2118714306560
15395288,7169240018944,2118714306560
15401627,7169240035328,2118714306560
15407976,7169240035328,2118714306560
15414259,7169240084480,2118714306560
15420576,7169240190976,2118720634880
15426911,7169240207360,2118720634880
15433229,7169240207360,2118720634880
15439567,7169240207360,2118720634880
15445857,7169240207360,2118720634880
15452145,7169240223744,2118720634880
15458475,7169240223744,2118720634880
15464797,7169240248320,2118720634880
15471118,7169240264704,2118720634880
15477495,7169240297472,2118722113536
15483876,7169240465408,2118726963200
15490135,7169240465408,2118726963200
15496482,7169240489984,2118726963200
15502769,7169240506368,2118726963200
15509071,7169240506368,2118726963200
15515351,7169240506368,2118726963200
15521674,7169240506368,2118726963200
15527969,7169240506368,2118726963200
15534234,7169240506368,2118726963200
15540551,7169240506368,2118728441856
15546860,7169240506368,2118733291520
15553113,7169240506368,2118733291520
15559426,7169240506368,2118733291520
15565709,7169240506368,2118733291520
15571962,7169240506368,2118733291520
15578271,7169240506368,2118733291520
15584561,7169240506368,2118733291520
15590850,7169240506368,2118733291520
15597195,7169240539136,2118734770176
15603496,7169240539136,2118739619840
15609782,7169240539136,2118739619840
15616085,7169240539136,2118739619840
15622405,7169240539136,2118739619840
15628690,7169240539136,2118739619840
15634946,7169240539136,2118739619840
15641240,7169240539136,2118739619840
15647547,7169240539136,2118739619840
15653835,7169240539136,2118739619840
15660157,7169240539136,2118741098496
15666479,7169240621056,2118745948160
15672746,7169240621056,2118745948160
15679026,7169240621056,2118745948160
15685353,7169240621056,2118745948160
15691662,7169240621056,2118745948160
15697987,7169240621056,2118745948160
15704262,7169240621056,2118745948160
15710556,7169240621056,2118745948160
15716836,7169240621056,2118745948160
15723162,7169240645632,2118747426816
15729447,7169240662016,2118752276480
15735767,7169240662016,2118752276480
15742049,7169240662016,2118752276480
15748345,7169240662016,2118752276480
15754678,7169240662016,2118752276480
15760988,7169240662016,2118752276480
15767296,7169240662016,2118752276480
15773598,7169240662016,2118752276480
15779912,7169240686592,2118753755136
15786207,7169240686592,2118758604800
15792473,7169240686592,2118758604800
15798768,7169240686592,2118758604800
15805061,7169240686592,2118758604800
15811337,7169240686592,2118758604800
15817660,7169240686592,2118758604800
15823960,7169240686592,2118758604800
15830285,7169240686592,2118758604800
15836537,7169240686592,2118758604800
15842861,7169240698880,2118760083456
15849135,7169240698880,2118764933120
15855455,7169240698880,2118764933120
15861760,7169240698880,2118764933120
15868081,7169240698880,2118764933120
15874402,7169240698880,2118764933120
15880702,7169240698880,2118764933120
15886993,7169240698880,2118764933120
15893285,7169240698880,2118764933120
15899595,7169240698880,2118764933120
15905926,7169240727552,2118771261440
15912236,7169240727552,2118771261440
15918593,7169240727552,2118771261440
15924930,7169240727552,2118771261440
15931252,7169240727552,2118771261440
15937534,7169240727552,2118771261440
15943838,7169240727552,2118771261440
15950134,7169240727552,2118771261440
15956409,7169240727552,2118771261440
15962726,7169982713856,2119099146240
15969220,7171219046400,2120871063552
15975544,7171219062784,2120871063552
15981851,7171219062784,2120871063552
15988162,7171219062784,2120871063552
15994484,7171219062784,2120871063552
16000817,7171219062784,2120871063552
16007142,7171219062784,2120871063552
16013467,7171219062784,2120871063552
16019784,7171219062784,2120871063552
16026112,7171219107840,2120872542208
16032442,7171219189760,2120877391872
16038775,7171219189760,2120877391872
16045084,7171219189760,2120877391872
16051383,7171219189760,2120877391872
16057694,7171219189760,2120877391872
16064017,7171219189760,2120877391872
16070367,7171219189760,2120877391872
16076685,7171219189760,2120877391872
16083027,7171219189760,2120877391872
16089381,7171219197952,2120883720192
16095697,7171219197952,2120883720192
16102013,7171219197952,2120883720192
16108332,7171219197952,2120883720192
16114658,7171219197952,2120883720192
16120977,7171219197952,2120883720192
16127260,7171219197952,2120883720192
16133577,7171219197952,2120883720192
16139891,7171219197952,2120883720192
16146258,7171219206144,2120885198848
16152575,7171219206144,2120890048512
16158861,7171219206144,2120890048512
16165158,7171219206144,2120890048512
16171491,7171219206144,2120890048512
16177804,7171219206144,2120890048512
16184111,7171219206144,2120890048512
16190427,7171219206144,2120890048512
16196745,7171219206144,2120890048512
16203059,7171219206144,2120890048512
16209331,7171219206144,2120891527168
16215620,7171219206144,2120896376832
16221880,7171219206144,2120896376832
16228210,7171219206144,2120896376832
16234506,7171219206144,2120896376832
16240793,7171219206144,2120896376832
16247069,7171219206144,2120896376832
16253336,7171219206144,2120896376832
16259596,7171219206144,2120896376832
16265899,7171219214336,2120897855488
16272224,7171219214336,2120902705152
16278527,7171219214336,2120902705152
16284799,7171219214336,2120902705152
16291122,7171219214336,2120902705152
16297428,7171219214336,2120902705152
16303738,7171219214336,2120902705152
16310036,7171219214336,2120902705152
16316312,7171219214336,2120902705152
16322590,7171219214336,2120902705152
16328883,7171948982272,2121297997824
16335276,7172222418944,2122016825344
16341604,7172222418944,2122016825344
16347919,7172222418944,2122016825344
16354229,7172222418944,2122016825344
16360531,7172222418944,2122016825344
16366819,7172222418944,2122016825344
16373113,7172222418944,2122016825344
16379417,7172222418944,2122016825344
16385731,7172222418944,2122016825344
16392061,7172222451712,2122018304000
16398404,7172222468096,2122021531648
16404751,7172222468096,2122021531648
16411028,7172222468096,2122021531648
16417358,7172222468096,2122021531648
16423660,7172222468096,2122021531648
16429985,7172222468096,2122021531648
16436321,7172222468096,2122021531648
16442644,7172222468096,2122021531648
16448945,7172222468096,2122023010304
16455317,7172222468096,2122026237952
16461641,7172222468096,2122026237952
16467960,7172222468096,2122026237952
16474279,7172222468096,2122026237952
16480614,7172222468096,2122026237952
16486912,7172222468096,2122026237952
16493233,7172222468096,2122026237952
16499566,7172222468096,2122026237952
16505884,7172222468096,2122026237952
16512197,7172222468096,2122027716608
16518529,7172222468096,2122030944256
16524789,7172222468096,2122030944256
16531031,7172222468096,2122030944256
16537301,7172222468096,2122030944256
16543605,7172222468096,2122030944256
16549878,7172222468096,2122030944256
16556145,7172222468096,2122030944256
16562408,7172222468096,2122030944256
16568711,7172222468096,2122030944256
16575012,7172222468096,2122032422912
16581293,7172222468096,2122035650560
16587577,7172222468096,2122035650560
16593843,7172222468096,2122035650560
16600065,7172222468096,2122035650560
16606343,7172222468096,2122035650560
16612624,7172222468096,2122035650560
16618918,7172222468096,2122035650560
16625171,7172222468096,2122035650560
16631494,7172222468096,2122037129216
16637734,7172222468096,2122040356864
16644017,7172222468096,2122040356864
16650326,7172222468096,2122040356864
16656633,7172222468096,2122040356864
16662936,7172222468096,2122040356864
16669251,7172222468096,2122040356864
16675559,7172222468096,2122040356864
16681913,7172222468096,2122040356864
16688235,7172222468096,2122040356864
16694560,7172222468096,2122041835520
16700826,7172222468096,2122045063168
16707109,7172222468096,2122045063168
16713409,7172222468096,2122045063168
16719694,7172222468096,2122045063168
16725957,7172222468096,2122045063168
16732235,7172222468096,2122045063168
16738534,7172222468096,2122045063168
16744854,7172222468096,2122045063168
16751147,7172222468096,2122045063168
16757522,7173646012416,2123762798592
16763927,7173823733760,2123948822528
16770214,7173823733760,2123948822528
16776493,7173823733760,2123948822528
16782758,7173823733760,2123948822528
16789008,7173823733760,2123948822528
16795235,7173823733760,2123948822528
16801499,7173823733760,2123948822528
16807763,7173823733760,2123948822528
16814041,7173842239488,2123950301184
16820346,7173842239488,2123955150848
16826679,7173842239488,2123955150848
16832943,7173842239488,2123955150848
16839236,7173842239488,2123955150848
16845516,7173842239488,2123955150848
16851775,7173842239488,2123955150848
16858035,7173842239488,2123955150848
16864268,7173842239488,2123955150848
16870568,7173842239488,2123955150848
16876868,7173842239488,2123956629504
16883108,7173842239488,2123961479168
16889358,7173842239488,2123961479168
16895626,7173842239488,2123961479168
16901934,7173842239488,2123961479168
16908224,7173842239488,2123961479168
16914493,7173842239488,2123961479168
16920791,7173842239488,2123961479168
16927092,7173842239488,2123961479168
16933382,7173842239488,2123961479168
16939674,7173842251776,2123962957824
16945974,7173842251776,2123967807488
16952304,7173842251776,2123967807488
16958592,7173842251776,2123967807488
16964921,7173842251776,2123967807488
16971232,7173842251776,2123967807488
16977557,7173842251776,2123967807488
16983857,7173842251776,2123967807488
16990148,7173842251776,2123967807488
16996463,7173842259968,2123969286144
17002728,7173842259968,2123974135808
17009023,7173842259968,2123974135808
17015287,7173842259968,2123974135808
17021580,7173842259968,2123974135808
17027907,7173842259968,2123974135808
17034197,7173842259968,2123974135808
17040495,7173842259968,2123974135808
17046782,7173842259968,2123974135808
17053059,7173842259968,2123974135808
17059400,7173842268160,2123975614464
17065706,7173842268160,2123980464128
17072029,7173842268160,2123980464128
17078307,7173842268160,2123980464128
17084606,7173842268160,2123980464128
17090912,7173842268160,2123980464128
17097247,7173842268160,2123980464128
17103556,7173842268160,2123980464128
17109889,7173842268160,2123980464128
17116184,7173842268160,2123980464128
17122507,7173842268160,2123986792448
17128855,7173842268160,2123986792448
17135184,7173842268160,2123986792448
17141514,7173842268160,2123986792448
17147855,7173842268160,2123986792448
17154163,7173842268160,2123986792448
17160482,7173842268160,2123986792448
17166798,7173842268160,2123986792448
17173090,7173842268160,2123986792448
17179386,7173842268160,2123988271104
17185687,7173842268160,2123993120768
17191998,7173842268160,2123993120768
17198263,7173842268160,2123993120768
17204576,7173842268160,2123993120768
17210909,7173842268160,2123993120768
17217221,7173842268160,2123993120768
17223517,7173842268160,2123993120768
17229802,7173842268160,2123993120768
17236110,7173842268160,2123993120768
17242369,7173842268160,2123994599424
17248636,7173842268160,2123999449088
17254953,7173842268160,2123999449088
17261287,7173842268160,2123999449088
17267597,7173842268160,2123999449088
17273869,7173842268160,2123999449088
17280204,7173842268160,2123999449088
17286495,7173842268160,2123999449088
17292846,7173842268160,2123999449088
17299161,7173842268160,2124000927744
17305486,7173842268160,2124005777408
17311770,7173842268160,2124005777408
17318053,7173842268160,2124005777408
17324338,7173842268160,2124005777408
17330612,7173842268160,2124005777408
17336912,7173842268160,2124005777408
17343204,7173842268160,2124005777408
17349547,7173842268160,2124005777408
17355886,7173842268160,2124005777408
17362169,7173842268160,2124007256064
17368478,7173842268160,2124012105728
17374773,7173842268160,2124012105728
17381072,7173842268160,2124012105728
17387318,7173842268160,2124012105728
17393637,7173842268160,2124012105728
17399957,7173842268160,2124012105728
17406243,7173842268160,2124012105728
17412537,7173842268160,2124012105728
17418870,7173842268160,2124012105728
17425172,7173842268160,2124013584384
17431494,7173842268160,2124018434048
17437755,7173842268160,2124018434048
17444043,7173842268160,2124018434048
17450336,7173842268160,2124018434048
17456674,7173842268160,2124018434048
17462961,7173842268160,2124018434048
17469278,7173842268160,2124018434048
17475594,7173842268160,2124018434048
17481893,7173842268160,2124019912704
17488161,7173842268160,2124024762368
17494453,7173842268160,2124024762368
17500767,7173842268160,2124024762368
17507036,7173842268160,2124024762368
17513330,7173842268160,2124024762368
17519604,7173842268160,2124024762368
17525925,7173842268160,2124024762368
17532244,7173842268160,2124024762368
17538538,7173842268160,2124024762368
17544844,7174798819328,2124682432512
17551277,7175196499968,2125557420032
17557571,7175196499968,2125557420032
17563862,7175196499968,2125557420032
17570160,7175196499968,2125557420032
17576469,7175196499968,2125557420032
17582740,7175196499968,2125557420032
17589069,7175196499968,2125557420032
17595410,7175196499968,2125557420032
17601731,7175196499968,2125557420032
17608065,7175196532736,2125558898688
17614319,7175196545024,2125563748352
17620649,7175196545024,2125563748352
17626907,7175196545024,2125563748352
17633210,7175196545024,2125563748352
17639510,7175196545024,2125563748352
17645843,7175196545024,2125563748352
17652153,7175196545024,2125563748352
17658447,7175196545024,2125563748352
17664784,7175196553216,2125565227008
17671093,7175196553216,2125570076672
17677406,7175196553216,2125570076672
17683730,7175196553216,2125570076672
17690009,7175196553216,2125570076672
17696313,7175196553216,2125570076672
17702642,7175196553216,2125570076672
17708943,7175196553216,2125570076672
17715193,7175196553216,2125570076672
17721484,7175196553216,2125570076672
17727799,7175196561408,2125571555328
17734106,7175196561408,2125576404992
17740380,7175196561408,2125576404992
17746611,7175196561408,2125576404992
17752937,7175196561408,2125576404992
17759208,7175196561408,2125576404992
17765469,7175196561408,2125576404992
17771744,7175196561408,2125576404992
17778019,7175196561408,2125576404992
17784304,7175196561408,2125576404992
17790619,7175196561408,2125577883648
17796906,7175196561408,2125582733312
17803193,7175196561408,2125582733312
17809463,7175196561408,2125582733312
17815801,7175196561408,2125582733312
17822053,7175196561408,2125582733312
17828343,7175196561408,2125582733312
17834599,7175196561408,2125582733312
17840876,7175196561408,2125582733312
17847145,7175196561408,2125584211968
17853417,7175196561408,2125589061632
17859726,7175196561408,2125589061632
17866034,7175196561408,2125589061632
17872303,7175196561408,2125589061632
17878646,7175196561408,2125589061632
17884932,7175196561408,2125589061632
17891227,7175196561408,2125589061632
17897517,7175196561408,2125589061632
17903825,7175196561408,2125589061632
17910109,7175196561408,2125590540288
17916458,7175196561408,2125595389952
17922752,7175196561408,2125595389952
17929046,7175196561408,2125595389952
17935335,7175196561408,2125595389952
17941625,7175196561408,2125595389952
17947913,7175196561408,2125595389952
17954201,7175196561408,2125595389952
17960508,7175196561408,2125595389952
17966794,7175196561408,2125595389952
17973095,7175196561408,2125601718272
17979360,7175196561408,2125601718272
17985674,7175196561408,2125601718272
17992033,7175196561408,2125601718272
17998281,7175196561408,2125601718272
18004563,7175196561408,2125601718272
18010842,7175196561408,2125601718272
18017186,7175196561408,2125601718272
18023486,7175196561408,2125601718272
18029783,7175196561408,2125603196928
18036048,7175196561408,2125608046592
18042307,7175196561408,2125608046592
18048623,7175196561408,2125608046592
18054924,7175196561408,2125608046592
18061232,7175196561408,2125608046592
18067525,7175196561408,2125608046592
18073855,7175196561408,2125608046592
18080210,7175196561408,2125608046592
18086500,7175196561408,2125608046592
18092799,7175196561408,2125609525248
18099134,7175196561408,2125614374912
18105407,7175196561408,2125614374912
18111715,7175196561408,2125614374912
18118040,7175196561408,2125614374912
18124348,7175196561408,2125614374912
18130635,7175196561408,2125614374912
18136968,7175196561408,2125614374912
18143225,7175196561408,2125614374912
18149565,7175196561408,2125615853568
18155916,7175196561408,2125620703232
18162227,7175196561408,2125620703232
18168532,7175196561408,2125620703232
18174840,7175196561408,2125620703232
18181177,7175196561408,2125620703232
18187510,7175196561408,2125620703232
18193848,7175196561408,2125620703232
18200158,7175196561408,2125620703232
18206475,7175196561408,2125620703232
18212788,7175196561408,2125622181888
18219098,7175196561408,2125627031552
18225431,7175196561408,2125627031552
18231745,7175196561408,2125627031552
18238024,7175196561408,2125627031552
18244358,7175196561408,2125627031552
18250664,7175196561408,2125627031552
18256939,7175196561408,2125627031552
18263231,7175196561408,2125627031552
18269506,7175196561408,2125627031552
18275764,7175196561408,2125628510208
18282075,7175196561408,2125633359872
18288403,7175196561408,2125633359872
18294665,7175196561408,2125633359872
18300974,7175196561408,2125633359872
18307259,7175196561408,2125633359872
18313547,7175196561408,2125633359872
18319851,7175196561408,2125633359872
18326180,7175196561408,2125633359872
18332528,7175196565504,2125634838528
18338790,7175196565504,2125639688192
18345065,7175196565504,2125639688192
18351372,7175196565504,2125639688192
18357646,7175196565504,2125639688192
18363934,7175196565504,2125639688192
18370240,7175196565504,2125639688192
18376555,7175196565504,2125639688192
18382822,7175196565504,2125639688192
18389122,7175196565504,2125639688192
18395472,7175196565504,2125641166848
18401760,7175196565504,2125646016512
18408075,7175196565504,2125646016512
18414379,7175196565504,2125646016512
18420682,7175196565504,2125646016512
18426962,7175196565504,2125646016512
18433282,7175196565504,2125646016512
18439600,7175196565504,2125646016512
18445880,7175196565504,2125646016512
18452188,7175196565504,2125646016512
18458493,7175196565504,2125652344832
18464822,7175196565504,2125652344832
18471142,7175196581888,2125652344832
18477429,7175196581888,2125652344832
18483754,7175196581888,2125652344832
18490043,7175196581888,2125652344832
18496337,7175196581888,2125652344832
18502612,7175196581888,2125652344832
18508896,7175196581888,2125652344832
18515213,7175196598272,2125653823488
18521490,7175196598272,2125658673152
18527779,7175196598272,2125658673152
18534046,7175196598272,2125658673152
18540327,7175196598272,2125658673152
18546609,7175196598272,2125658673152
18552915,7175196598272,2125658673152
18559201,7175196598272,2125658673152
18565477,7175196598272,2125658673152
18571796,7175196598272,2125658673152
18578084,7175196602368,2125660151808
18584370,7175196602368,2125665001472
18590661,7175196602368,2125665001472
18596979,7175196602368,2125665001472
18603281,7175196602368,2125665001472
18609578,7175196602368,2125665001472
18615870,7175196602368,2125665001472
18622157,7175196602368,2125665001472
18628445,7175196602368,2125665001472
18634712,7175196602368,2125666480128
18641112,7175196602368,2125671329792
18647443,7175196602368,2125671329792
18653757,7175196602368,2125671329792
18660045,7175196602368,2125671329792
18666343,7175196602368,2125671329792
18672645,7175196602368,2125671329792
18678957,7175196602368,2125671329792
18685275,7175196602368,2125671329792
18691630,7175196602368,2125671329792
18697956,7175196602368,2125672808448
18704307,7175196680192,2125677658112
18710610,7175196680192,2125677658112
18716963,7175196700672,2125677658112
18723279,7175196721152,2125677658112
18729604,7175196737536,2125677658112
18735906,7175196737536,2125677658112
18742252,7175196737536,2125677658112
18748536,7175196737536,2125677658112
18754836,7175196737536,2125677658112
18761127,7175196835840,2125683986432
18767468,7175196835840,2125683986432
18773803,7175196835840,2125683986432
18780124,7175196835840,2125683986432
18786436,7175196835840,2125683986432
18792760,7175196856320,2125683986432
18799085,7175196872704,2125683986432
18805395,7175196889088,2125683986432
18811722,7175196905472,2125683986432
18818039,7175196942336,2125685465088
18824377,7175197007872,2125688692736
18830684,7175197007872,2125688692736
18836977,7175197007872,2125688692736
18843288,7175197007872,2125688692736
18849602,7175197007872,2125688692736
18855877,7175197007872,2125688692736
18862168,7175197007872,2125688692736
18868477,7175197007872,2125688692736
18874760,7175197007872,2125688692736
18881050,7175197007872,2125690171392
18887392,7175197007872,2125693399040
18893718,7175197007872,2125693399040
18900060,7175197007872,2125693399040
18906376,7175197007872,2125693399040
18912705,7175197007872,2125693399040
18919042,7175197007872,2125693399040
18925370,7175197024256,2125693399040
18931676,7175197024256,2125693399040
18937977,7175197024256,2125694877696
18944344,7175197024256,2125698105344
18950651,7175197024256,2125698105344
18956953,7175197024256,2125698105344
18963253,7175197024256,2125698105344
18969568,7175197024256,2125698105344
18975886,7175197024256,2125698105344
18982206,7175197024256,2125698105344
18988509,7175197024256,2125698105344
18994834,7175197024256,2125698105344
19001137,7175197024256,2125699584000
19007494,7175197024256,2125702811648
19013767,7175197024256,2125702811648
19020075,7175197024256,2125702811648
19026385,7175197024256,2125702811648
19032751,7175197024256,2125702811648
19039054,7175197024256,2125702811648
19045350,7175197024256,2125702811648
19051675,7175197044736,2125702811648
19057982,7175197077504,2125702811648
19064285,7175197192192,2125704290304
19070600,7175197192192,2125707517952
19076886,7175197192192,2125707517952
19083168,7175197192192,2125707517952
19089518,7175197192192,2125707517952
19095833,7175197192192,2125707517952
19102170,7175197192192,2125707517952
19108502,7175197192192,2125707517952
19114780,7175197192192,2125707517952
19121132,7175197192192,2125708996608
19127475,7175197192192,2125712224256
19133796,7175197192192,2125712224256
19140045,7175197192192,2125712224256
19146345,7175197192192,2125712224256
19152687,7175197192192,2125712224256
19159054,7175197192192,2125712224256
19165337,7175197212672,2125712224256
19171665,7175197229056,2125712224256
19177945,7175197245440,2125712224256
19184258,7175197278208,2125713702912
19190593,7175197376512,2125716930560
19196934,7175197396992,2125716930560
19203290,7175197413376,2125716930560
19209656,7175197413376,2125716930560
19215959,7175197413376,2125716930560
19222286,7175197450240,2125716930560
19228572,7175197466624,2125716930560
19234891,7175197466624,2125716930560
19241182,7175197560832,2125718409216
19247557,7175197659136,2125721636864
19253880,7175197659136,2125721636864
19260191,7175197659136,2125721636864
19266490,7175197659136,2125721636864
19272784,7175197659136,2125721636864
19279090,7175197659136,2125721636864
19285390,7175197659136,2125721636864
19291717,7175197659136,2125721636864
19298000,7175197659136,2125721636864
19304331,7176088928256,2126180552704
19310920,7177219092480,2127872794624
19317240,7177219092480,2127872794624
19323560,7177219092480,2127872794624
19329880,7177219141632,2127872794624
19336198,7177219158016,2127872794624
19342507,7177219158016,2127872794624
19348823,7177219158016,2127872794624
19355155,7177219158016,2127872794624
19361448,7177219158016,2127872794624
19367730,7177237680128,2127874273280
19374056,7177237729280,2127879122944
19380356,7177237729280,2127879122944
19386648,7177237729280,2127879122944
19392940,7177237729280,2127879122944
19399215,7177237729280,2127879122944
19405573,7177237729280,2127879122944
19411881,7177237729280,2127879122944
19418189,7177237729280,2127879122944
19424508,7177237729280,2127879122944
19430831,7177237729280,2127885451264
19437106,7177237729280,2127885451264
19443423,7177237729280,2127885451264
19449731,7177237729280,2127885451264
19456006,7177237729280,2127885451264
19462344,7177237729280,2127885451264
19468681,7177237729280,2127885451264
19474989,7177237729280,2127885451264
19481332,7177237729280,2127885451264
19487708,7177237729280,2127886929920
19494006,7177237729280,2127891779584
19500299,7177237729280,2127891779584
19506614,7177237729280,2127891779584
19512889,7177237729280,2127891779584
19519205,7177237729280,2127891779584
19525522,7177237729280,2127891779584
19531839,7177237729280,2127891779584
19538114,7177237729280,2127891779584
19544457,7177237729280,2127891779584
19550709,7177237729280,2127893258240
19557007,7177237729280,2127898107904
19563363,7177237729280,2127898107904
19569685,7177237729280,2127898107904
19576005,7177237729280,2127898107904
19582305,7177237729280,2127898107904
19588598,7177237729280,2127898107904
19594922,7177237729280,2127898107904
19601231,7177237729280,2127898107904
19607552,7177237729280,2127899586560
19613850,7177237803008,2127904436224
19620176,7177237803008,2127904436224
19626513,7177237803008,2127904436224
19632855,7177237803008,2127904436224
19639166,7177237803008,2127904436224
19645519,7177237803008,2127904436224
19651871,7177237852160,2127904436224
19658179,7177237868544,2127904436224
19664476,7177237868544,2127904436224
19670796,7177237868544,2127905914880
19677090,7177237868544,2127910764544
19683400,7177237868544,2127910764544
19689677,7177237868544,2127910764544
19695942,7177237868544,2127910764544
19702232,7177237868544,2127910764544
19708497,7177237868544,2127910764544
19714811,7177237868544,2127910764544
19721060,7177237868544,2127910764544
19727349,7177237868544,2127910764544
19733641,7177237868544,2127917092864
19739872,7177237868544,2127917092864
19746146,7177237868544,2127917092864
19752402,7177237868544,2127917092864
19758692,7177237868544,2127917092864
19764973,7177237868544,2127917092864
19771267,7177237868544,2127917092864
19777509,7177237868544,2127917092864
19783761,7177237868544,2127917092864
19789987,7177237868544,2127918571520
19796310,7177237868544,2127923421184
19802580,7177237868544,2127923421184
19808870,7177237868544,2127923421184
19815188,7177237868544,2127923421184
19821487,7177237868544,2127923421184
19827840,7177237868544,2127923421184
19834170,7177237868544,2127923421184
19840470,7177237868544,2127923421184
19846748,7177237868544,2127923421184
19853027,7177237868544,2127924899840
19859347,7177237868544,2127929749504
19865637,7177237868544,2127929749504
19871965,7177237868544,2127929749504
19878328,7177237868544,2127929749504
19884660,7177237868544,2127929749504
19891028,7177237868544,2127929749504
19897344,7177237868544,2127929749504
19903686,7177237868544,2127929749504
19910028,7177237901312,2127931228160
19916361,7177237966848,2127936077824
19922697,7177237966848,2127936077824
19929046,7177237966848,2127936077824
19935394,7177237966848,2127936077824
19941718,7177237966848,2127936077824
19948061,7177237966848,2127936077824
19954369,7177237966848,2127936077824
19960708,7177237966848,2127936077824
19967019,7177237966848,2127936077824
19973344,7177237966848,2127937556480
19979669,7177237966848,2127942406144
19986010,7177237966848,2127942406144
19992327,7177237966848,2127942406144
19998619,7177237966848,2127942406144
20004960,7177237966848,2127942406144
20011264,7177237966848,2127942406144
20017582,7177237966848,2127942406144
20023919,7177237966848,2127942406144
20030210,7177237966848,2127942406144
20036545,7177238016000,2127948734464
20042860,7177238032384,2127948734464
20049178,7177238032384,2127948734464
20055447,7177238032384,2127948734464
20061749,7177238032384,2127948734464
20068039,7177238032384,2127948734464
20074335,7177238032384,2127948734464
20080660,7177238032384,2127948734464
20086976,7177238032384,2127948734464
20093315,7177238032384,2127950213120
20099610,7177238032384,2127955062784
20105902,7177238032384,2127955062784
20112210,7177238032384,2127955062784
20118530,7177238032384,2127955062784
20124851,7177238032384,2127955062784
20131142,7177238032384,2127955062784
20137453,7177238032384,2127955062784
20143789,7177238032384,2127955062784
20150078,7177238032384,2127955062784
20156367,7177238032384,2127956541440
20162673,7177238032384,2127961391104
20168960,7177238032384,2127961391104
20175202,7177238032384,2127961391104
20181509,7177238032384,2127961391104
20187820,7177238032384,2127961391104
20194116,7177238032384,2127961391104
20200384,7177238032384,2127961391104
20206685,7177238032384,2127961391104
20213001,7177238032384,2127962869760
20219313,7177238032384,2127967719424
20225554,7177238032384,2127967719424
20231861,7177238032384,2127967719424
20238163,7177238032384,2127967719424
20244409,7177238032384,2127967719424
20250656,7177238032384,2127967719424
20256899,7177238032384,2127967719424
20263168,7177238032384,2127967719424
20269423,7177238032384,2127967719424
20275711,7177238032384,2127969198080
20281986,7177238032384,2127974047744
20288239,7177238032384,2127974047744
20294519,7177238032384,2127974047744
20300793,7177238032384,2127974047744
20307050,7177238032384,2127974047744
20313334,7177238032384,2127974047744
20319634,7177238032384,2127974047744
20325917,7177238032384,2127974047744
20332171,7177238032384,2127974047744
20338490,7177238032384,2127975526400
20344797,7177238032384,2127980376064
20351133,7177238032384,2127980376064
20357433,7177238032384,2127980376064
20363750,7177238032384,2127980376064
20370091,7177238032384,2127980376064
20376376,7177238032384,2127980376064
20382693,7177238032384,2127980376064
20389000,7177238032384,2127980376064
20395349,7177238032384,2127981854720
20401724,7177238032384,2127986704384
20408034,7177238032384,2127986704384
20414344,7177238032384,2127986704384
20420652,7177238032384,2127986704384
20426951,7177238032384,2127986704384
20433282,7177238032384,2127986704384
20439616,7177238032384,2127986704384
20445917,7177238032384,2127986704384
20452239,7177238032384,2127986704384
20458559,7177238032384,2127988183040
20464876,7177238032384,2127993032704
20471199,7177238032384,2127993032704
20477550,7177238032384,2127993032704
20483840,7177238032384,2127993032704
20490123,7177238032384,2127993032704
20496441,7177238032384,2127993032704
20502748,7177238032384,2127993032704
20509050,7177238032384,2127993032704
20515375,7177238032384,2127993032704
20521669,7177238032384,2127994511360
20528017,7177238032384,2127999361024
20534327,7177238032384,2127999361024
20540671,7177238032384,2127999361024
20546997,7177238032384,2127999361024
20553297,7177238032384,2127999361024
20559611,7177238032384,2127999361024
20565892,7177238032384,2127999361024
20572144,7177238032384,2127999361024
20578472,7177238032384,2128000839680
20584794,7177238032384,2128005689344
20591110,7177238032384,2128005689344
20597372,7177238032384,2128005689344
20603676,7177238032384,2128005689344
20609919,7177238032384,2128005689344
20616225,7177238032384,2128005689344
20622550,7177238032384,2128005689344
20628860,7177238032384,2128005689344
20635193,7177238032384,2128005689344
20641485,7177238032384,2128007168000
20647777,7177238032384,2128012017664
20654100,7177238032384,2128012017664
20660409,7177238032384,2128012017664
20666720,7177238032384,2128012017664
20672993,7177238032384,2128012017664
20679301,7177238032384,2128012017664
20685560,7177238032384,2128012017664
20691851,7177238032384,2128012017664
20698177,7177238032384,2128013496320
20704674,7177238159360,2128018345984
20710958,7177238159360,2128018345984
20717276,7177238159360,2128018345984
20723609,7177238159360,2128018345984
20729899,7177238159360,2128018345984
20736201,7177238159360,2128018345984
20742533,7177238159360,2128018345984
20748821,7177238159360,2128018345984
20755119,7177238159360,2128018345984
20761444,7177238159360,2128019824640
20767763,7177238159360,2128024674304
20774078,7177238159360,2128024674304
20780384,7177238159360,2128024674304
20786670,7177238159360,2128024674304
20792984,7177238159360,2128024674304
20799267,7177238159360,2128024674304
20805554,7177238159360,2128024674304
20811876,7177238159360,2128024674304
20818169,7177238159360,2128024674304
20824509,7177238159360,2128026152960
20830807,7177238159360,2128031002624
20837084,7177238159360,2128031002624
20843399,7177238159360,2128031002624
20849710,7177238159360,2128031002624
20855999,7177238159360,2128031002624
20862295,7177238159360,2128031002624
20868625,7177238159360,2128031002624
20874932,7177238159360,2128031002624
20881237,7177238159360,2128032481280
20887527,7177238159360,2128037330944
20893810,7177238159360,2128037330944
20900130,7177238159360,2128037330944
20906422,7177238159360,2128037330944
20912725,7177238159360,2128037330944
20919065,7177238159360,2128037330944
20925391,7177238159360,2128037330944
20931707,7177238159360,2128037330944
20938018,7177238159360,2128037330944
20944333,7177238159360,2128038809600
20950642,7177238159360,2128043659264
20956974,7177238159360,2128043659264
20963284,7177238159360,2128043659264
20969611,7177238159360,2128043659264
20975941,7177238159360,2128043659264
20982275,7177238159360,2128043659264
20988581,7177238159360,2128043659264
20994833,7177238159360,2128043659264
21001133,7177238159360,2128043659264
21007437,7177238159360,2128049987584
21013733,7177238159360,2128049987584
21020049,7177238159360,2128049987584
21026349,7177238159360,2128049987584
21032632,7177238159360,2128049987584
21038949,7177238159360,2128049987584
21045257,7177238159360,2128049987584
21051569,7177238159360,2128049987584
21057852,7177238159360,2128049987584
21064157,7177238159360,2128051466240
21070465,7177238159360,2128056315904
21076782,7177238159360,2128056315904
21083074,7177238159360,2128056315904
21089378,7177238159360,2128056315904
21095670,7177238159360,2128056315904
21101957,7177238159360,2128056315904
21108290,7177238159360,2128056315904
21114580,7177238159360,2128056315904
21120865,7177238159360,2128056315904
21127190,7177238159360,2128057794560
21133517,7177238159360,2128062644224
21139830,7177238159360,2128062644224
21146116,7177238159360,2128062644224
21152415,7177238159360,2128062644224
21158733,7177238159360,2128062644224
21165040,7177238159360,2128062644224
21171340,7177238159360,2128062644224
21177648,7177238159360,2128062644224
21183981,7177238159360,2128064122880
21190292,7177238159360,2128068972544
21196580,7177238159360,2128068972544
21202885,7177238159360,2128068972544
21209175,7177238159360,2128068972544
21215458,7177238159360,2128068972544
21221764,7177238159360,2128068972544
21228050,7177238159360,2128068972544
21234315,7177238159360,2128068972544
21240628,7177238159360,2128068972544
21246914,7177238159360,2128070451200
21253223,7177238159360,2128075300864
21259538,7177238159360,2128075300864
21265857,7177238159360,2128075300864
21272172,7177238159360,2128075300864
21278474,7177238159360,2128075300864
21284819,7177238159360,2128075300864
21291147,7177238159360,2128075300864
21297472,7177238159360,2128075300864
21303764,7177238159360,2128075300864
21310107,7177238159360,2128076779520
21316416,7177238159360,2128081629184
21322725,7177238159360,2128081629184
21329039,7177238159360,2128081629184
21335337,7177238159360,2128081629184
21341641,7177238159360,2128081629184
21347894,7177238159360,2128081629184
21354229,7177238159360,2128081629184
21360540,7177238159360,2128081629184
21366831,7177238159360,2128083107840
21373122,7177238159360,2128087957504
21379413,7177238159360,2128087957504
21385724,7177238159360,2128087957504
21392021,7177238159360,2128087957504
21398296,7177238159360,2128087957504
21404630,7177238159360,2128087957504
21410915,7177238159360,2128087957504
21417206,7177238159360,2128087957504
21423505,7177238159360,2128087957504
21429838,7177238159360,2128089436160
21436155,7177238159360,2128094285824
21442454,7177238159360,2128094285824
21448781,7177238159360,2128094285824
21455088,7177238159360,2128094285824
21461403,7177238159360,2128094285824
21467701,7177238159360,2128094285824
21473989,7177238159360,2128094285824
21480288,7177238159360,2128094285824
21486604,7177405206528,2128094392320
21492954,7178360127488,2129204748288
21499267,7178360299520,2129204748288
21505612,7178360299520,2129204748288
21511920,7178360299520,2129204748288
21518208,7178360299520,2129204748288
21524512,7178360299520,2129204748288
21530848,7178360299520,2129204748288
21537154,7178360299520,2129204748288
21543445,7178360299520,2129204748288
21549732,7178360299520,2129206226944
21555966,7178360352768,2129209454592
21562262,7178360352768,2129209454592
21568554,7178360352768,2129209454592
21574892,7178360352768,2129209454592
21581170,7178360352768,2129209454592
21587478,7178360352768,2129209454592
21593803,7178360352768,2129209454592
21600145,7178360352768,2129209454592
21606448,7178360352768,2129209454592
21612737,7178360360960,2129210933248
21619020,7178360360960,2129214160896
21625328,7178360360960,2129214160896
21631627,7178360360960,2129214160896
21637921,7178360360960,2129214160896
21644242,7178360360960,2129214160896
21650553,7178360360960,2129214160896
21656873,7178360360960,2129214160896
21663213,7178360360960,2129214160896
21669536,7178360360960,2129214160896
21675824,7178360365056,2129218867200
21682103,7178360365056,2129218867200
21688434,7178360365056,2129218867200
21694788,7178360365056,2129218867200
21701119,7178360365056,2129218867200
21707419,7178360365056,2129218867200
21713763,7178360365056,2129218867200
21720086,7178360365056,2129218867200
21726402,7178360365056,2129218867200
21732686,7178360397824,2129220345856
21738977,7178360397824,2129223573504
21745293,7178360397824,2129223573504
21751612,7178360397824,2129223573504
21757944,7178360397824,2129223573504
21764226,7178360397824,2129223573504
21770529,7178360397824,2129223573504
21776834,7178360397824,2129223573504
21783154,7178360397824,2129223573504
21789427,7178360397824,2129223573504
21795771,7179586314240,2130167152640
21802202,7179963617280,2130976239616
21808527,7179963617280,2130976239616
21814854,7179963617280,2130976239616
21821191,7179963617280,2130976239616
21827510,7179963617280,2130976239616
21833810,7179963617280,2130976239616
21840127,7179963617280,2130976239616
21846392,7179963617280,2130976239616
21852693,7179963617280,2130976239616
21858977,7179982077952,2130982567936
21865285,7179982077952,2130982567936
21871603,7179982077952,2130982567936
21877940,7179982077952,2130982567936
21884235,7179982077952,2130982567936
21890551,7179982077952,2130982567936
21896870,7179982077952,2130982567936
21903170,7179982077952,2130982567936
21909517,7179982077952,2130982567936
21915834,7179982090240,2130984046592
21922122,7179982090240,2130988896256
21928434,7179982090240,2130988896256
21934726,7179982090240,2130988896256
21941028,7179982090240,2130988896256
21947301,7179982090240,2130988896256
21953578,7179982090240,2130988896256
21959868,7179982090240,2130988896256
21966176,7179982090240,2130988896256
21972480,7179982090240,2130988896256
21978810,7179982090240,2130990374912
21985126,7179982090240,2130995224576
21991413,7179982090240,2130995224576
21997714,7179982090240,2130995224576
22004001,7179982090240,2130995224576
22010290,7179982090240,2130995224576
22016567,7179982090240,2130995224576
22022894,7179982090240,2130995224576
22029224,7179982090240,2130995224576
22035559,7179982090240,2130996703232
22041876,7179982090240,2131001552896
22048117,7179982090240,2131001552896
22054429,7179982090240,2131001552896
22060721,7179982090240,2131001552896
22066984,7179982090240,2131001552896
22073267,7179982090240,2131001552896
22079540,7179982090240,2131001552896
22085829,7179982090240,2131001552896
22092145,7179982090240,2131001552896
22098467,7179982090240,2131003031552
22104800,7179982090240,2131007881216
22111095,7179982090240,2131007881216
22117423,7179982090240,2131007881216
22123746,7179982090240,2131007881216
22130043,7179982090240,2131007881216
22136362,7179982090240,2131007881216
22142658,7179982090240,2131007881216
22148958,7179982090240,2131007881216
22155275,7179982090240,2131007881216
22161601,7179982090240,2131009359872
22167931,7179982090240,2131014209536
22174246,7179982090240,2131014209536
22180546,7179982090240,2131014209536
22186818,7179982090240,2131014209536
22193099,7179982090240,2131014209536
22199374,7179982090240,2131014209536
22205658,7179982090240,2131014209536
22211968,7179982090240,2131014209536
22218301,7179982090240,2131015688192
22224607,7179982090240,2131020537856
22230969,7179982090240,2131020537856
22237281,7179982090240,2131020537856
22243566,7179982090240,2131020537856
22249899,7179982090240,2131020537856
22256207,7179982090240,2131020537856
22262517,7179982090240,2131020537856
22268802,7179982090240,2131020537856
22275095,7179982090240,2131020537856
22281415,7180815663104,2131597516800
22287784,7181016100864,2132227620864
22294133,7181016100864,2132227620864
22300448,7181016100864,2132227620864
22306755,7181016100864,2132227620864
22313075,7181016100864,2132227620864
22319382,7181016100864,2132227620864
22325690,7181016100864,2132227620864
22331980,7181016100864,2132227620864
22338309,7181016100864,2132227620864
22344593,7181016133632,2132229099520
22350900,7181016141824,2132233949184
22357146,7181016141824,2132233949184
22363406,7181016141824,2132233949184
22369708,7181016141824,2132233949184
22375983,7181016141824,2132233949184
22382266,7181016141824,2132233949184
22388517,7181016141824,2132233949184
22394811,7181016141824,2132233949184
22401091,7181016141824,2132235427840
22407398,7181016141824,2132240277504
22413677,7181016141824,2132240277504
22419919,7181016141824,2132240277504
22426246,7181016141824,2132240277504
22432550,7181016141824,2132240277504
22438856,7181016141824,2132240277504
22445109,7181016141824,2132240277504
22451323,7181016141824,2132240277504
22457615,7181016141824,2132240277504
22463924,7181016141824,2132241756160
22470256,7181016141824,2132246605824
22476581,7181016141824,2132246605824
22482863,7181016141824,2132246605824
22489209,7181016141824,2132246605824
22495517,7181016141824,2132246605824
22501822,7181016141824,2132246605824
22508130,7181016141824,2132246605824
22514474,7181016141824,2132246605824
22520784,7181016141824,2132246605824
22527101,7181016145920,2132248084480
22533420,7181016145920,2132252934144
22539755,7181016145920,2132252934144
22546049,7181016145920,2132252934144
22552338,7181016145920,2132252934144
22558647,7181016145920,2132252934144
22564917,7181016145920,2132252934144
22571213,7181016145920,2132252934144
22577528,7181016145920,2132252934144
22583838,7181016158208,2132254412800
22590106,7181016158208,2132259262464
22596426,7181016158208,2132259262464
22602692,7181016158208,2132259262464
22608940,7181016158208,2132259262464
22615222,7181016158208,2132259262464
22621537,7181016158208,2132259262464
22627800,7181016158208,2132259262464
22634080,7181016158208,2132259262464
22640398,7181016158208,2132259262464
22646688,7181016166400,2132260741120
22652980,7181016166400,2132265590784
22659298,7181016166400,2132265590784
22665604,7181016166400,2132265590784
22671928,7181016166400,2132265590784
22678204,7181016166400,2132265590784
22684563,7181016166400,2132265590784
22690886,7181016166400,2132265590784
22697170,7181016166400,2132265590784
22703463,7181016166400,2132265590784
22709778,7181016166400,2132271919104
22716091,7181016166400,2132271919104
22722436,7181016166400,2132271919104
22728762,7181016166400,2132271919104
22735057,7181016166400,2132271919104
22741399,7181016166400,2132271919104
22747729,7181016166400,2132271919104
22754070,7181016166400,2132271919104
22760375,7181016166400,2132271919104
22766715,7181016166400,2132273397760
22773030,7181016166400,2132278247424
22779312,7181016166400,2132278247424
22785599,7181016166400,2132278247424
22791903,7181016166400,2132278247424
22798216,7181016166400,2132278247424
22804530,7181016166400,2132278247424
22810862,7181016166400,2132278247424
22817167,7181016166400,2132278247424
22823492,7181016166400,2132278247424
22829787,7181016166400,2132279726080
22836102,7181016166400,2132284575744
22842393,7181016166400,2132284575744
22848721,7181016166400,2132284575744
22855038,7181016166400,2132284575744
22861339,7181016166400,2132284575744
22867618,7181016166400,2132284575744
22873903,7181016166400,2132284575744
22880144,7181016166400,2132284575744
22886436,7181276303360,2132321632256
22892861,7182550609920,2134045310976
22899148,7182550626304,2134045310976
22905461,7182550626304,2134045310976
22911781,7182550626304,2134045310976
22918119,7182550626304,2134045310976
22924410,7182550626304,2134045310976
22930719,7182550626304,2134045310976
22937014,7182550626304,2134045310976
22943302,7182550626304,2134045310976
22949587,7182569148416,2134046789632
22955868,7182569201664,2134051639296
22962161,7182569201664,2134051639296
22968496,7182569201664,2134051639296
22974786,7182569201664,2134051639296
22981097,7182569201664,2134051639296
22987426,7182569201664,2134051639296
22993746,7182569201664,2134051639296
23000060,7182569201664,2134051639296
23006419,7182569201664,2134051639296
23012754,7182569201664,2134053117952
23019044,7182569201664,2134057967616
23025339,7182569201664,2134057967616
23031670,7182569201664,2134057967616
23037996,7182569201664,2134057967616
23044285,7182569201664,2134057967616
23050610,7182569201664,2134057967616
23056940,7182569201664,2134057967616
23063243,7182569201664,2134057967616
23069571,7182569201664,2134059446272
23075913,7182569201664,2134064295936
23082218,7182569201664,2134064295936
23088490,7182569201664,2134064295936
23094760,7182569201664,2134064295936
23101067,7182569201664,2134064295936
23107381,7182569201664,2134064295936
23113659,7182569201664,2134064295936
23119961,7182569201664,2134064295936
23126286,7182569201664,2134064295936
23132563,7182569201664,2134065774592
23138837,7182569201664,2134070624256
23145103,7182569201664,2134070624256
23151388,7182569201664,2134070624256
23157651,7182569201664,2134070624256
23163918,7182569201664,2134070624256
23170183,7182569201664,2134070624256
23176463,7182569201664,2134070624256
23182776,7182569201664,2134070624256
23189080,7182569201664,2134070624256
23195396,7182569201664,2134072102912
23201714,7182569201664,2134076952576
23208087,7182569201664,2134076952576
23214421,7182569201664,2134076952576
23220694,7182569201664,2134076952576
23227012,7182569201664,2134076952576
23233288,7182569201664,2134076952576
23239615,7182569201664,2134076952576
23245896,7182569201664,2134076952576
23252196,7182569201664,2134078431232
23258473,7182569201664,2134083280896
23264804,7182569201664,2134083280896
23271133,7182569201664,2134083280896
23277441,7182569201664,2134083280896
23283757,7182569201664,2134083280896
23290065,7182569201664,2134083280896
23296396,7182569201664,2134083280896
23302725,7182569201664,2134083280896
23309021,7182569201664,2134083280896
23315356,7182569205760,2134084759552
23321679,7182569205760,2134089609216
23327981,7182569205760,2134089609216
23334295,7182569205760,2134089609216
23340595,7182569205760,2134089609216
23346870,7182569205760,2134089609216
23353148,7182569205760,2134089609216
23359466,7182569205760,2134089609216
23365762,7182569205760,2134089609216
23372029,7182569205760,2134089609216
23378395,7182569205760,2134095937536
23384687,7182569205760,2134095937536
23390978,7182569205760,2134095937536
23397280,7182569205760,2134095937536
23403587,7182569205760,2134095937536
23409886,7182569205760,2134095937536
23416248,7182569205760,2134095937536
23422578,7182569205760,2134095937536
23428894,7182569205760,2134095937536
23435220,7182569205760,2134097416192
23441511,7182569205760,2134102265856
23447815,7182569205760,2134102265856
23454103,7182569205760,2134102265856
23460436,7182569205760,2134102265856
23466760,7182569205760,2134102265856
23473086,7182569205760,2134102265856
23479406,7182569205760,2134102265856
23485708,7182569205760,2134102265856
23492017,7182569205760,2134102265856
23498311,7182569205760,2134103744512
23504658,7182569205760,2134108594176
23510930,7182569205760,2134108594176
23517219,7182569205760,2134108594176
23523531,7182569205760,2134108594176
23529887,7182569205760,2134108594176
23536186,7182569205760,2134108594176
23542486,7182569205760,2134108594176
23548829,7182569205760,2134108594176
23555121,7182569205760,2134110072832
23561426,7182569205760,2134114922496
23567712,7182569205760,2134114922496
23574021,7182569205760,2134114922496
23580302,7182569205760,2134114922496
23586600,7182569205760,2134114922496
23592938,7182569205760,2134114922496
23599244,7182569205760,2134114922496
23605579,7182569205760,2134114922496
23611892,7182569205760,2134114922496
23618211,7182569205760,2134116401152
23624495,7182569205760,2134121250816
23630744,7182569205760,2134121250816
23637010,7182569205760,2134121250816
23643298,7182569205760,2134121250816
23649544,7182569205760,2134121250816
23655854,7182569205760,2134121250816
23662105,7182569205760,2134121250816
23668427,7182569205760,2134121250816
23674702,7182569205760,2134121250816
23681046,7183248097280,2134853410816
23687390,7183249289216,2134978281472
23693710,7183249289216,2134978281472
23699985,7183249289216,2134978281472
23706303,7183249289216,2134978281472
23712585,7183249289216,2134978281472
23718885,7183249289216,2134978281472
23725226,7183249289216,2134978281472
23731530,7183249289216,2134978281472
23737818,7183267794944,2134979760128
23744150,7183267835904,2134982987776
23750486,7183267835904,2134982987776
23756801,7183267885056,2134982987776
23763093,7183267901440,2134982987776
23769401,7183267901440,2134982987776
23775701,7183267901440,2134982987776
23782042,7183267901440,2134982987776
23788325,7183267901440,2134982987776
23794601,7183267901440,2134982987776
23800926,7183276421120,2134984466432
23807248,7183276486656,2134987694080
23813533,7183276486656,2134987694080
23819817,7183276503040,2134987694080
23826175,7183276535808,2134987694080
23832453,7183276552192,2134987694080
23838768,7183276568576,2134987694080
23845058,7183276617728,2134987694080
23851342,7183276634112,2134987694080
23857667,7183276634112,2134987694080
23863969,7183285219328,2134989172736
23870265,7183285219328,2134992400384
23876584,7183285219328,2134992400384
23882910,7183285252096,2134992400384
23889199,7183285268480,2134992400384
23895533,7183285268480,2134992400384
23901878,7183285268480,2134992400384
23908150,7183285268480,2134992400384
23914425,7183285284864,2134992400384
23920752,7183293800448,2134993879040
23926978,7183293865984,2134997106688
23933262,7183293865984,2134997106688
23939555,7183293865984,2134997106688
23945785,7183293865984,2134997106688
23952055,7183293865984,2134997106688
23958351,7183293865984,2134997106688
23964650,7183293865984,2134997106688
23970938,7183293898752,2134997106688
23977208,7183293915136,2134997106688
23983461,7183293915136,2134998585344
23989710,7183293915136,2135001812992
23995992,7183293915136,2135001812992
24002261,7183293915136,2135001812992
24008508,7183293915136,2135001812992
24014785,7183293915136,2135001812992
24021097,7183293915136,2135001812992
24027358,7183293931520,2135001812992
24033674,7183293947904,2135001812992
24039967,7183293980672,2135001812992
24046274,7183294095360,2135006519296
24052499,7183294111744,2135006519296
24058835,7183294128128,2135006519296
24065126,7183294128128,2135006519296
24071418,7183294128128,2135006519296
24077691,7183294128128,2135006519296
24084034,7183294144512,2135006519296
24090297,7183294160896,2135006519296
24096561,7183294177280,2135006519296
24102890,7183294234624,2135007997952
24109215,7183294365696,2135011225600
24115517,7183294398464,2135011225600
24121848,7183294398464,2135011225600
24128145,7183294398464,2135011225600
24134458,7183294398464,2135011225600
24140808,7183294398464,2135011225600
24147090,7183294398464,2135011225600
24153443,7183294398464,2135011225600
24159748,7183294398464,2135011225600
24166023,7183294435328,2135012704256
24172365,7183294435328,2135017553920
24178690,7183294435328,2135017553920
24185016,7183294435328,2135017553920
24191358,7183294435328,2135017553920
24197664,7183294435328,2135017553920
24203983,7183294435328,2135017553920
24210299,7183294435328,2135017553920
24216597,7183294435328,2135017553920
24222861,7183294439424,2135019032576
24229206,7183294521344,2135023882240
24235566,7183294537728,2135023882240
24241883,7183294554112,2135023882240
24248189,7183294554112,2135023882240
24254504,7183294554112,2135023882240
24260807,7183294570496,2135023882240
24267134,7183294570496,2135023882240
24273451,7183294570496,2135023882240
24279766,7183294570496,2135023882240
24286064,7184095920128,2135600586752
24292514,7185552896000,2137548582912
24298864,7185552912384,2137548582912
24305164,7185552912384,2137548582912
24311472,7185552912384,2137548582912
24317780,7185552912384,2137548582912
24324107,7185552912384,2137548582912
24330440,7185552912384,2137548582912
24336775,7185552945152,2137548582912
24343104,7185552961536,2137548582912
24349442,7185571540992,2137550061568
24355830,7185571930112,2137554911232
24362130,7185571930112,2137554911232
24368434,7185571930112,2137554911232
24374747,7185571930112,2137554911232
24381030,7185571930112,2137554911232
24387355,7185571930112,2137554911232
24393671,7185571930112,2137554911232
24400017,7185571930112,2137554911232
24406341,7185571930112,2137556389888
24412701,7185571930112,2137561239552
24419021,7185571930112,2137561239552
24425360,7185571930112,2137561239552
24431646,7185571930112,2137561239552
24437963,7185571930112,2137561239552
24444250,7185571930112,2137561239552
24450554,7185571930112,2137561239552
24456854,7185571930112,2137561239552
24463179,7185571930112,2137561239552
24469483,7186335924224,2138087923712
24475856,7186914979840,2139054764032
24482166,7186914979840,2139054764032
24488504,7186914979840,2139054764032
24494804,7186914979840,2139054764032
24501071,7186914979840,2139054764032
24507381,7186914979840,2139054764032
24513683,7186914979840,2139054764032
24519982,7186914979840,2139054764032
24526279,7186914979840,2139054764032
24532546,7186933485568,2139056242688
24538874,7186933538816,2139061092352
24545181,7186933538816,2139061092352
24551462,7186933538816,2139061092352
24557787,7186933538816,2139061092352
24564080,7186933538816,2139061092352
24570404,7186933538816,2139061092352
24576720,7186933538816,2139061092352
24582995,7186933538816,2139061092352
24589295,7186933542912,2139062571008
24595670,7186933542912,2139067420672
24601998,7186933542912,2139067420672
24608333,7186933542912,2139067420672
24614610,7186933542912,2139067420672
24620895,7186933542912,2139067420672
24627195,7186933542912,2139067420672
24633495,7186933542912,2139067420672
24639786,7186933542912,2139067420672
24646096,7186933542912,2139067420672
24652432,7186933542912,2139068899328
24658745,7186933542912,2139073748992
24665053,7186933542912,2139073748992
24671363,7186933542912,2139073748992
24677683,7186933542912,2139073748992
24683986,7186933542912,2139073748992
24690256,7186933542912,2139073748992
24696570,7186933542912,2139073748992
24702862,7186933542912,2139073748992
24709118,7186933542912,2139073748992
24715453,7186933542912,2139075227648
24721749,7186933542912,2139080077312
24728027,7186933542912,2139080077312
24734324,7186933542912,2139080077312
24740661,7186933542912,2139080077312
24747006,7186933542912,2139080077312
24753336,7186933542912,2139080077312
24759651,7186933542912,2139080077312
24765977,7186933542912,2139080077312
24772286,7186933542912,2139081555968
24778577,7186933542912,2139086405632
24784856,7186933542912,2139086405632
24791169,7186933542912,2139086405632
24797474,7186933542912,2139086405632
24803810,7186933542912,2139086405632
24810125,7186933542912,2139086405632
24816443,7186933542912,2139086405632
24822710,7186933542912,2139086405632
24829037,7186933542912,2139086405632
24835285,7186933542912,2139087884288
24841627,7186933542912,2139092733952
24847928,7186933542912,2139092733952
24854254,7186933542912,2139092733952
24860607,7186933542912,2139092733952
24866922,7186933542912,2139092733952
24873222,7186933542912,2139092733952
24879533,7186933542912,2139092733952
24885895,7186933542912,2139092733952
24892143,7186933542912,2139093544960
24898501,7186933542912,2139099062272
24904820,7186933542912,2139099062272
24911114,7186933542912,2139099062272
24917435,7186933542912,2139099062272
24923712,7186933542912,2139099062272
24929993,7186933542912,2139099062272
24936314,7186933542912,2139099062272
24942584,7186933542912,2139099062272
24948909,7186933542912,2139099062272
24955199,7186933542912,2139100540928
24961483,7186933542912,2139105390592
24967763,7186933542912,2139105390592
24974034,7186933542912,2139105390592
24980341,7186933542912,2139105390592
24986608,7186933542912,2139105390592
24992916,7186933542912,2139105390592
24999205,7186933542912,2139105390592
25005537,7186933542912,2139105390592
25011805,7186933542912,2139105390592
25018120,7186933542912,2139106869248
25024420,7186933542912,2139111718912
25030727,7186933542912,2139111718912
25037029,7186933542912,2139111718912
25043317,7186933542912,2139111718912
25049651,7186933542912,2139111718912
25055967,7186933542912,2139111718912
25062283,7186933542912,2139111718912
25068596,7186933542912,2139111718912
25074862,7187262595072,2139150098432
25081295,7188534771712,2140871139328
25087537,7188534788096,2140871139328
25093836,7188534788096,2140871139328
25100121,7188534788096,2140871139328
25106427,7188534788096,2140871139328
25112750,7188534788096,2140871139328
25119002,7188534788096,2140871139328
25125292,7188534788096,2140871139328
25131600,7188534788096,2140871139328
25137892,7188886319104,2140926197760
25144267,7189247291392,2141649829888
25150559,7189247291392,2141649829888
25156883,7189247291392,2141649829888
25163194,7189247291392,2141649829888
25169471,7189247291392,2141649829888
25175783,7189247291392,2141649829888
25182092,7189247291392,2141649829888
25188416,7189247291392,2141649829888
25194745,7189247291392,2141649829888
25201049,7189247291392,2141651308544
25207367,7189247299584,2141656158208
25213678,7189247299584,2141656158208
25219926,7189247299584,2141656158208
25226233,7189247299584,2141656158208
25232511,7189247299584,2141656158208
25238841,7189247299584,2141656158208
25245132,7189247299584,2141656158208
25251443,7189247299584,2141656158208
25257752,7189247299584,2141656158208
25264048,7189247299584,2141657636864
25270319,7189247299584,2141662486528
25276622,7189247299584,2141662486528
25282901,7189247299584,2141662486528
25289180,7189247299584,2141662486528
25295459,7189247299584,2141662486528
25301761,7189247299584,2141662486528
25308069,7189247299584,2141662486528
25314309,7189247299584,2141662486528
25320565,7189247299584,2141663965184
25326834,7189247299584,2141668814848
25333119,7189247299584,2141668814848
25339424,7189247299584,2141668814848
25345675,7189247299584,2141668814848
25351958,7189247299584,2141668814848
25358251,7189247299584,2141668814848
25364537,7189247299584,2141668814848
25370799,7189247299584,2141668814848
25377082,7189247299584,2141668814848
25383369,7189247299584,2141670293504
25389696,7189247299584,2141675143168
25396006,7189247299584,2141675143168
25402307,7189247299584,2141675143168
25408663,7189247299584,2141675143168
25414956,7189247299584,2141675143168
25421248,7189247299584,2141675143168
25427556,7189247299584,2141675143168
25433875,7189247299584,2141675143168
25440177,7189247299584,2141675143168
25446499,7189247299584,2141681471488
25452795,7189247299584,2141681471488
25459108,7189247299584,2141681471488
25465390,7189247299584,2141681471488
25471646,7189247299584,2141681471488
25477914,7189247299584,2141681471488
25484189,7189247299584,2141681471488
25490472,7189247299584,2141681471488
25496731,7189247299584,2141681471488
25503024,7189247299584,2141682950144
25509301,7189247299584,2141687799808
25515655,7189247299584,2141687799808
25521971,7189247299584,2141687799808
25528261,7189247299584,2141687799808
25534613,7189247299584,2141687799808
25540907,7189247299584,2141687799808
25547179,7189247299584,2141687799808
25553484,7189247299584,2141687799808
25559762,7189247299584,2141687799808
25566111,7189247299584,2141689278464
25572409,7189247365120,2141694128128
25578734,7189247365120,2141694128128
25585066,7189247365120,2141694128128
25591367,7189247365120,2141694128128
25597642,7189247365120,2141694128128
25603967,7189247365120,2141694128128
25610292,7189247365120,2141694128128
25616600,7189247365120,2141694128128
25622900,7189247365120,2141695606784
25629201,7189247365120,2141700456448
25635476,7189247365120,2141700456448
25641753,7189247365120,2141700456448
25648026,7189247365120,2141700456448
25654273,7189247365120,2141700456448
25660601,7189247365120,2141700456448
25666913,7189247365120,2141700456448
25673186,7189247365120,2141700456448
25679434,7189247365120,2141700456448
25685742,7189247365120,2141701935104
25692001,7189247365120,2141706784768
25698251,7189247365120,2141706784768
25704534,7189247365120,2141706784768
25710792,7189247365120,2141706784768
25717142,7189247365120,2141706784768
25723429,7189247365120,2141706784768
25729687,7189247365120,2141706784768
25735959,7189247365120,2141706784768
25742225,7189247365120,2141706784768
25748548,7189247365120,2141708263424
25754816,7189247365120,2141713113088
25761106,7189247365120,2141713113088
25767366,7189247365120,2141713113088
25773700,7189247365120,2141713113088
25780011,7189247365120,2141713113088
25786321,7189247365120,2141713113088
25792646,7189247365120,2141713113088
25798969,7189247365120,2141713113088
25805308,7189247365120,2141714591744
25811649,7189247365120,2141719441408
25817953,7189247365120,2141719441408
25824229,7189247365120,2141719441408
25830516,7189247365120,2141719441408
25836824,7189247365120,2141719441408
25843142,7189247365120,2141719441408
25849459,7189247365120,2141719441408
25855741,7189247365120,2141719441408
25862022,7189247365120,2141719441408
25868325,7189247365120,2141720920064
25874616,7189247365120,2141725769728
25880865,7189247365120,2141725769728
25887099,7189247365120,2141725769728
25893313,7189247365120,2141725769728
25899591,7189247365120,2141725769728
25905886,7189247365120,2141725769728
25912184,7189247365120,2141725769728
25918474,7189247365120,2141725769728
25924724,7189247365120,2141725769728
25931020,7189247365120,2141727248384
25937296,7189247365120,2141732098048
25943603,7189247365120,2141732098048
25949886,7189247365120,2141732098048
25956206,7189247365120,2141732098048
25962512,7189247365120,2141732098048
25968836,7189247365120,2141732098048
25975154,7189247365120,2141732098048
25981446,7189247365120,2141732098048
25987765,7189247365120,2141733576704
25994052,7189247365120,2141736804352
26000381,7189247365120,2141736804352
26006694,7189247365120,2141736804352
26012942,7189247365120,2141736804352
26019267,7189247365120,2141736804352
26025602,7189247365120,2141736804352
26031893,7189247365120,2141736804352
26038201,7189247365120,2141736804352
26044512,7189247365120,2141736804352
26050798,7189247365120,2141738283008
26057127,7189247365120,2141741510656
26063446,7189247365120,2141741510656
26069752,7189247365120,2141741510656
26076066,7189247365120,2141741510656
26082385,7189247365120,2141741510656
26088710,7189247365120,2141741510656
26095028,7189247365120,2141741510656
26101303,7189247365120,2141741510656
26107591,7189247365120,2141741510656
26113898,7189247365120,2141746216960
26120205,7189247365120,2141746216960
26126518,7189247365120,2141746216960
26132818,7189247365120,2141746216960
26139101,7189247365120,2141746216960
26145401,7189247365120,2141746216960
26151718,7189247365120,2141746216960
26158000,7189247365120,2141746216960
26164339,7189247365120,2141746216960
26170683,7189247365120,2141747695616
26176976,7189247365120,2141750923264
26183198,7189247365120,2141750923264
26189459,7189247365120,2141750923264
26195735,7189247365120,2141750923264
26202065,7189247365120,2141750923264
26208383,7189247365120,2141750923264
26214692,7189247365120,2141750923264
26221021,7189247365120,2141750923264
26227357,7189247365120,2141750923264
26233669,7189247369216,2141752401920
26239980,7189247369216,2141755629568
26246286,7189247369216,2141755629568
26252630,7189247369216,2141755629568
26258944,7189247369216,2141755629568
26265242,7189247369216,2141755629568
26271510,7189247369216,2141755629568
26277836,7189247369216,2141755629568
26284135,7189247369216,2141755629568
26290467,7189488246784,2141755842560
26296877,7190702776320,2143078297600
26303267,7190825975808,2143226331136
26309567,7190825975808,2143226331136
26315891,7190825975808,2143226331136
26322216,7190825975808,2143226331136
26328533,7190825975808,2143226331136
26334860,7190825975808,2143226331136
26341174,7190825975808,2143226331136
26347475,7190825975808,2143226331136
26353803,7190844481536,2143227809792
26360073,7190844633088,2143232659456
26366357,7190844633088,2143232659456
26372663,7190844633088,2143232659456
26378938,7190844633088,2143232659456
26385203,7190844633088,2143232659456
26391498,7190844633088,2143232659456
26397779,7190844633088,2143232659456
26404113,7190844633088,2143232659456
26410386,7190844633088,2143232659456
26416698,7190844637184,2143234138112
26422980,7190844637184,2143238987776
26429237,7190844637184,2143238987776
26435528,7190844637184,2143238987776
26441803,7190844637184,2143238987776
26448070,7190844637184,2143238987776
26454343,7190844637184,2143238987776
26460644,7190844637184,2143238987776
26466952,7190844637184,2143238987776
26473251,7190844637184,2143238987776
26479565,7190844637184,2143245316096
26485853,7190844637184,2143245316096
26492145,7190844637184,2143245316096
26498478,7190844637184,2143245316096
26504669,7190844637184,2143245316096
26510865,7190844653568,2143245316096
26517016,7190844653568,2143245316096
26523168,7190844653568,2143245316096
26529332,7190844669952,2143245316096
26535487,7190844743680,2143246794752
26541603,7190844809216,2143251644416
26547743,7190844809216,2143251644416
26553861,7190844841984,2143251644416
26560111,7190844874752,2143251644416
26566286,7190844891136,2143251644416
26572493,7190844923904,2143251644416
26578779,7190844940288,2143251644416
26584909,7190844973056,2143251644416
26591089,7190844973056,2143251644416
26597260,7190864580608,2143253123072
26603429,7190864936960,2143257972736
26609564,7190864936960,2143257972736
26615727,7190864936960,2143257972736
26621840,7190864936960,2143257972736
26628013,7190864936960,2143257972736
26634189,7190864936960,2143257972736
26640348,7190864936960,2143257972736
26646508,7190864936960,2143257972736
26652663,7190864936960,2143257972736
26658815,7190864936960,2143259451392
26664960,7190864936960,2143264301056
26671134,7190864936960,2143264301056
26677305,7190864936960,2143264301056
26683479,7190864936960,2143264301056
26689636,7190864936960,2143264301056
26695866,7190864936960,2143264301056
26702043,7190864936960,2143264301056
26708214,7190864936960,2143264301056
26714384,7190864936960,2143264301056
26720558,7190864936960,2143265779712
26726696,7190864936960,2143270629376
26732868,7190864936960,2143270629376
26739037,7190864936960,2143270629376
26745208,7190864953344,2143270629376
26751435,7190864953344,2143270629376
26757621,7190864953344,2143270629376
26763862,7190864953344,2143270629376
26770031,7190864953344,2143270629376
26776191,7190864953344,2143270629376
26782363,7190865018880,2143276957696
26788616,7190865018880,2143276957696
26794906,7190865035264,2143276957696
26801093,7190865035264,2143276957696
26807258,7190865035264,2143276957696
26813388,7190865035264,2143276957696
26819539,7190865035264,2143276957696
26825676,7190865035264,2143276957696
26831877,7190865035264,2143276957696
26838034,7190884601856,2143278436352
26844221,7190884667392,2143283286016
26850383,7190884667392,2143283286016
26856549,7190884667392,2143283286016
26862701,7190884667392,2143283286016
26868866,7190884667392,2143283286016
26875026,7190884667392,2143283286016
26881189,7190884667392,2143283286016
26887346,7190884667392,2143283286016
26893611,7190884667392,2143283286016
26899798,7190884667392,2143284764672
26905951,7190884667392,2143289614336
26912126,7190884667392,2143289614336
26918277,7190884667392,2143289614336
26924428,7190884667392,2143289614336
26930675,7190884667392,2143289614336
26936912,7190884667392,2143289614336
26943071,7190884667392,2143289614336
26949232,7190884667392,2143289614336
26955386,7190884667392,2143289614336
26961559,7190884667392,2143291092992
26967818,7190884667392,2143295942656
26974014,7190884667392,2143295942656
26980199,7190884667392,2143295942656
26986466,7190884667392,2143295942656
26992671,7190884667392,2143295942656
26998827,7190884667392,2143295942656
27005034,7190884667392,2143295942656
27011287,7190884667392,2143295942656
27017419,7190884667392,2143295942656
27023645,7190904233984,2143297421312
27029915,7190904320000,2143302270976
27036208,7190904320000,2143302270976
27042412,7190904320000,2143302270976
27048656,7190904320000,2143302270976
27054857,7190904320000,2143302270976
27061087,7190904320000,2143302270976
27067316,7190904320000,2143302270976
27073557,7190904320000,2143302270976
27079717,7190904320000,2143302270976
27085866,7190904320000,2143308599296
27092037,7190904320000,2143308599296
27098187,7190904320000,2143308599296
27104339,7190904320000,2143308599296
27110497,7190904320000,2143308599296
27116764,7190904320000,2143308599296
27122914,7190904320000,2143308599296
27129118,7190904320000,2143308599296
27135311,7190904320000,2143308599296
27141573,7190904320000,2143310077952
27147847,7190904320000,2143314927616
27154031,7190904320000,2143314927616
27160256,7190910312448,2143314927616
27166717,7190912548864,2143314927616
27173078,7190914052096,2143314927616
27179420,7190914998272,2143314927616
27185782,7190915915776,2143314927616
27192071,7190916329472,2143314927616
27198435,7190916911104,2143314927616
27204726,7190917222400,2143316406272
27211018,7190917611520,2143321255936
27217418,7190917959680,2143321255936
27223804,7190918221824,2143321255936
27230137,7190918221824,2143321255936
27236372,7190918221824,2143321255936
27242623,7190918221824,2143321255936
27249022,7190918238208,2143321255936
27255218,7190918238208,2143321255936
