timestamp_ms,phys_footprint,phys_footprint_peak
0,10485760,12582912
5351,29360128,29360128
10693,290455552,298844160
16176,312475648,314572800
21663,312475648,314572800
27086,330301440,331350016
32457,348127232,348127232
37909,356515840,356515840
43344,408944640,408944640
48900,464519168,464519168
54266,517996544,524288000
59729,741343232,764411904
65126,908066816,965738496
70504,1043333120,1043333120
75895,1174405120,1174405120
81261,1284505600,1284505600
86658,1550843904,1550843904
92206,2103443456,2194669568
97783,2310012928,2310012928
103363,2555379712,2557476864
108933,2595225600,2756706304
114451,3033530368,3079667712
119968,3621781504,3621781504
125549,3969908736,3969908736
131059,4075814912,4311744512
136581,4679794688,4797235200
142211,5095030784,5281677312
147733,5347737600,5488246784
153267,5361369088,5488246784
158814,5297405952,5488246784
164384,5372903424,5488246784
169927,5334106112,5637144576
175527,5540675584,5676990464
181092,5300551680,5676990464
186687,5162139648,5676990464
192212,5626658816,5676990464
197806,5231345664,5676990464
203351,5369757696,5676990464
208965,5507121152,5676990464
214533,5529141248,5738856448
220099,5409603584,5856296960
225632,5327814656,5856296960
231215,5635047424,5856296960
236793,5254414336,5856296960
242413,5392826368,5856296960
247959,5542772736,5856296960
253501,5533335552,5856296960
259050,5402263552,5856296960
264638,5287968768,5856296960
270208,5201985536,5856296960
275808,5487198208,5856296960
281390,5249171456,6061817856
287026,5775556608,6062866432
292583,5406457856,6062866432
298225,5518655488,6062866432
303781,5877268480,6062866432
309370,5752487936,6062866432
314938,5769265152,6062866432
320520,5538578432,6062866432
326105,5475663872,6062866432
331681,6189744128,6189744128
337268,5728370688,6198132736
342858,5855248384,6202327040
348481,5753536512,6202327040
354030,5813305344,6202327040
359639,5619318784,6202327040
365273,6067060736,6202327040
370848,5796528128,6206521344
376515,6412042240,6412042240
382133,5765070848,7094665216
387712,5572132864,7094665216
393303,6904872960,7219445760
398864,6034554880,7219445760
404462,6527385600,7219445760
410023,6032457728,7219445760
415605,6104809472,7219445760
421236,6860832768,7219445760
426794,5351931904,7219445760
432375,6231687168,7219445760
437990,6167724032,7219445760
443583,6860832768,7219445760
449137,7112491008,7219445760
454690,6239027200,7219445760
460274,5995757568,7219445760
465840,6764363776,7219445760
471389,7045382144,7219445760
476975,5993660416,7287603200
482576,6191841280,7287603200
488146,6378487808,7311720448
493743,6631194624,7311720448
499328,6612320256,7311720448
504938,7136608256,7380926464
510540,6783238144,7380926464
516134,6585057280,7380926464
521695,6430916608,7380926464
527256,6729760768,7380926464
532853,6965690368,7380926464
538459,6692012032,7380926464
544040,6488588288,7380926464
549609,5953814528,7380926464
555175,6330253312,7380926464
560725,7220494336,7380926464
566284,5836374016,7380926464
571904,6546259968,7380926464
577505,6890192896,7380926464
583046,6493831168,7380926464
588615,5982126080,7380926464
594205,6603931648,7380926464
599761,7007633408,7380926464
605363,7379877888,7380926464
610976,6262095872,7380926464
616489,7634681856,7634681856
622091,6491734016,7953448960
627712,6704594944,7953448960
633294,6288310272,7953448960
638868,6525288448,7953448960
644452,6820986880,7953448960
650024,6866075648,7953448960
655612,6709837824,7953448960
661166,8260681728,8331984896
666773,7666139136,8358199296
672375,6370099200,8358199296
677993,6136266752,8358199296
683593,6963593216,8358199296
689161,7162822656,8358199296
694729,7203717120,8358199296
700376,7361003520,8358199296
705983,7845445632,8358199296
711532,7408189440,8358199296
717084,7392460800,8358199296
722686,7388266496,8358199296
728267,6730809344,8358199296
733873,7679770624,8358199296
739445,7097810944,8358199296
744971,7088373760,8358199296
750560,6363807744,8358199296
756126,6557794304,8358199296
761688,7393509376,8358199296
767261,6931087360,8358199296
772813,7816085504,8691646464
778351,6276775936,8691646464
783899,7176454144,8691646464
789515,6242172928,8691646464
795094,6006243328,8691646464
800570,6841958400,8691646464
806141,6812598272,8691646464
811726,6527385600,8691646464
817306,6190792704,8691646464
822846,6271533056,8691646464
828402,6423576576,8691646464
833952,6588203008,8691646464
839541,8025800704,9022996480
845103,7367294976,9022996480
850730,7361003520,9022996480
856395,8112832512,9031385088
862048,8992587776,9031385088
867678,7516192768,9031385088
873302,6945767424,9031385088
878868,7162822656,9031385088
884409,7514095616,9031385088
890018,6754926592,9031385088
895602,7373586432,9031385088
901162,6758072320,9031385088
906763,6631194624,9031385088
912364,6789529600,9031385088
917930,6947864576,9031385088
923513,6613368832,9031385088
929030,8152678400,9031385088
934622,6679429120,9031385088
940133,6750732288,9031385088
945697,6663700480,9031385088
951268,6305087488,9031385088
956902,6651117568,9031385088
962507,6556745728,9031385088
968099,6424625152,9031385088
973640,7279214592,9031385088
979204,6517948416,9031385088
984797,6385827840,9031385088
990372,6398410752,9031385088
995947,7286554624,9031385088
1001538,6674186240,9031385088
1007198,6422528000,9031385088
1012770,6840909824,9031385088
1018332,6521094144,9031385088
1023930,7214202880,9031385088
1029613,6549405696,9031385088
1035194,7915700224,9031385088
1040771,7289700352,9031385088
1046399,7813988352,9031385088
1051996,6430916608,9031385088
1057571,6893338624,9031385088
1063136,6883901440,9031385088
1068717,6247415808,9031385088
1074313,6351224832,9031385088
1079871,7912554496,9407823872
1085459,7032799232,9407823872
1091016,8814329856,9407823872
1096602,6275727360,9407823872
1102176,8278507520,9407823872
1107815,6405750784,9407823872
1113379,5946474496,9407823872
1118957,6674186240,9407823872
1124570,6472859648,9407823872
1130108,6619660288,9407823872
1135687,6423576576,9407823872
1141321,6478102528,9407823872
1146869,7526678528,9407823872
1152454,5848956928,9407823872
1158022,7093616640,9407823872
1163678,5886705664,9407823872
1169379,6595543040,9407823872
1174958,6455033856,9407823872
1180529,5918162944,9407823872
1186069,7180648448,9407823872
1191625,6581911552,9407823872
1197246,6881804288,9407823872
1202799,6274678784,9407823872
1208363,7362052096,9407823872
1213927,6943670272,9407823872
1219512,5859442688,9407823872
1225128,6262095872,9407823872
1230698,6582960128,9407823872
1236294,7266631680,9407823872
1241852,6942621696,9407823872
1247402,6715080704,9407823872
1252990,6287261696,9407823872
1258570,7131365376,9407823872
1264122,7040139264,9407823872
1269708,5743050752,9407823872
1275257,5618270208,9407823872
1280782,6354370560,9407823872
1286346,6943670272,9407823872
1291894,7321157632,9407823872
1297419,7785676800,9407823872
1302981,6082789376,9407823872
1308528,5621415936,9407823872
1314106,5664407552,9407823872
1319662,6684672000,9407823872
1325255,6089080832,9407823872
1330801,6362759168,9407823872
1336353,5972688896,9407823872
1341883,6206521344,9407823872
1347430,7725907968,9407823872
1352938,6502219776,9407823872
1358536,5944377344,9407823872
1364121,6649020416,9407823872
1369644,7348420608,9407823872
1375256,6598688768,9407823872
1380792,6269435904,9407823872
1386342,6284115968,9407823872
1391914,6709837824,9407823872
1397477,6707740672,9407823872
1403014,6781140992,9407823872
1408551,7932477440,9407823872
1414110,6690963456,9407823872
1419720,6489636864,9407823872
1425308,7459569664,9407823872
1430945,6613368832,9407823872
1436484,6338641920,9407823872
1442034,6843006976,9407823872
1447584,6584008704,9407823872
1453100,6770655232,9407823872
1458624,6070206464,9407823872
1464093,7003439104,9407823872
1469678,6037700608,9407823872
1475223,6256852992,9407823872
1480760,5861539840,9407823872
1486335,5747245056,9407823872
1491894,6233784320,9407823872
1497425,6349127680,9407823872
1502980,6755975168,9407823872
1508513,8070889472,9407823872
1514101,8067743744,9407823872
1519672,6409945088,9407823872
1525268,7563378688,9407823872
1530856,7523532800,9407823872
1536382,8411676672,9407823872
1541942,7675576320,9407823872
1547501,8095006720,9407823872
1553184,7743733760,9407823872
1558763,6565134336,9407823872
1564317,7897874432,9407823872
1569928,7250903040,9407823872
1575501,6271533056,9407823872
1581076,8464105472,9407823872
1586693,9008316416,9407823872
1592247,7210008576,9407823872
1597884,7117733888,9407823872
1603447,7005536256,9407823872
1609009,7811891200,9407823872
1614676,7236222976,9407823872
1620272,6290407424,9407823872
1625885,7544504320,9407823872
1631445,8498708480,9407823872
1636995,8069840896,9407823872
1642589,9006219264,9407823872
1648175,8476688384,9407823872
1653725,10078912512,10127147008
1659250,8101298176,10127147008
1664853,7119831040,10127147008
1670487,6379536384,10127147008
1676030,6619660288,10127147008
1681603,6673137664,10127147008
1687146,7614758912,10127147008
1692783,6709837824,10127147008
1698318,6612320256,10127147008
1703960,7756316672,10127147008
1709517,6576668672,10127147008
1715088,7498366976,10127147008
1720648,6613368832,10127147008
1726246,6989807616,10127147008
1731777,6545211392,10127147008
1737354,6265241600,10127147008
1742945,6788481024,10127147008
1748511,6930038784,10127147008
1754023,7266631680,10127147008
1759642,6322913280,10127147008
1765198,6779043840,10127147008
1770703,6599737344,10127147008
1776292,6443499520,10127147008
1781893,6640631808,10127147008
1787435,6954156032,10127147008
1792995,7061110784,10127147008
1798496,6752829440,10127147008
1804121,6800015360,10127147008
1809669,7197425664,10127147008
1815229,6429868032,10127147008
1820825,7164919808,10127147008
1826386,6848249856,10127147008
1831913,5975834624,10127147008
1837431,6532628480,10127147008
1843005,6577717248,10127147008
1848596,6709837824,10127147008
1854128,7245660160,10127147008
1859669,5880414208,10127147008
1865194,7168065536,10127147008
1870730,6243221504,10127147008
1876296,6223298560,10127147008
1881863,6645874688,10127147008
1887472,6424625152,10127147008
1893034,7950303232,10127147008
1898565,6452936704,10127147008
1904177,6925844480,10127147008
1909775,7627341824,10127147008
1915377,5953814528,10127147008
1920961,6366953472,10127147008
1926529,6443499520,10127147008
1932094,7167016960,10127147008
1937671,6388973568,10127147008
1943268,7264534528,10127147008
1948810,6917455872,10127147008
1954443,5838471168,10127147008
1959947,7960788992,10127147008
1965474,6851395584,10127147008
1971113,7140802560,10127147008
1976618,6503268352,10127147008
1982206,6628048896,10127147008
1987801,6890192896,10127147008
1993316,6677331968,10127147008
1998909,6986661888,10127147008
2004470,6448742400,10127147008
2010070,7657750528,10127147008
2015680,6571425792,10127147008
2021243,6366953472,10127147008
2026790,7606370304,10127147008
2032334,6701449216,10127147008
2037909,7582253056,10127147008
2043520,7023362048,10127147008
2049046,7139753984,10127147008
2054711,7478444032,10127147008
2060303,6151995392,10127147008
2065886,6728712192,10127147008
2071428,6255804416,10127147008
2076995,6776946688,10127147008
2082510,7078936576,10127147008
2088115,6536822784,10127147008
2093682,7176454144,10127147008
2099248,7279214592,10127147008
2104814,9025093632,10127147008
2110426,7547650048,10127147008
2116026,6971981824,10127147008
2121627,7310671872,10127147008
2127175,6334447616,10127147008
2132722,7206862848,10127147008
2138388,6744440832,10127147008
2143942,5923405824,10127147008
2149520,6787432448,10127147008
2155079,7091519488,10127147008
2160650,6517948416,10127147008
2166156,6573522944,10127147008
2171721,6761218048,10127147008
2177258,6241124352,10127147008
2182792,7196377088,10127147008
2188335,7110393856,10127147008
2193885,6484393984,10127147008
2199479,7788822528,10127147008
2205006,6273630208,10127147008
2210555,7464812544,10127147008
2216183,7049576448,10127147008
2221777,6639583232,10127147008
2227354,6968836096,10127147008
2232946,7328497664,10127147008
2238464,6174015488,10127147008
2244021,7613710336,10127147008
2249566,6481248256,10127147008
2255126,6848249856,10127147008
2260675,7047479296,10127147008
2266262,7186939904,10127147008
2271819,6308233216,10127147008
2277355,7506755584,10127147008
2282896,6468665344,10127147008
2288499,7522484224,10127147008
2294056,6604980224,10127147008
2299628,6977224704,10127147008
2305150,8244953088,10127147008
2310762,7319060480,10127147008
2316341,6471811072,10127147008
2321868,6644826112,10127147008
2327405,8187281408,10127147008
2332961,6871318528,10127147008
2338523,7620001792,10127147008
2344072,6478102528,10127147008
2349603,7197425664,10127147008
2355138,9646899200,10737418240
2360644,8913944576,10737418240
2366196,7601127424,10737418240
2371788,6882852864,10737418240
2377350,8525971456,10737418240
2382901,6948913152,10737418240
2388445,7590641664,10737418240
2394020,7808745472,10737418240
2399551,6661603328,10737418240
2405138,7914651648,10737418240
2410705,8469348352,10737418240
2416222,7338983424,10737418240
2421813,9412018176,10737418240
2427369,8394899456,10737418240
2432936,6701449216,10737418240
2438459,7693402112,10737418240
2444072,8644460544,10737418240
2449649,7848591360,10737418240
2455187,7181697024,10737418240
2460746,7679770624,10737418240
2466294,7461666816,10737418240
2471843,6483345408,10737418240
2477420,6966738944,10737418240
2482958,8419016704,10737418240
2488569,6770655232,10737418240
2494113,8920236032,10737418240
2499632,7151288320,10737418240
2505260,6741295104,10737418240
2510764,8197767168,10737418240
2516312,6984564736,10737418240
2521840,10020192256,10737418240
2527411,8354004992,10737418240
2532916,7600078848,10737418240
2538460,7217348608,10737418240
2544007,8087666688,10737418240
2549615,7459569664,10737418240
2555195,10162798592,10737418240
2560734,8410628096,10737418240
2566297,7414480896,10737418240
2571878,6895435776,10737418240
2577394,9965666304,10737418240
2582969,8886681600,10737418240
2588529,7202668544,10737418240
2594076,7426015232,10737418240
2599591,7134511104,10737418240
2605101,7088373760,10737418240
2610672,6636437504,10737418240
2616252,6180306944,10737418240
2621852,6397362176,10737418240
2627380,7575961600,10737418240
2632898,6168772608,10737418240
2638407,7243563008,10737418240
2643908,7117733888,10737418240
2649465,6817841152,10737418240
2654990,6598688768,10737418240
2660579,6769606656,10737418240
2666087,6117392384,10737418240
2671585,6386876416,10737418240
2677174,7767851008,10737418240
2682754,6009389056,10737418240
2688329,6564085760,10737418240
2693903,7860125696,10737418240
2699521,6463422464,10737418240
2705104,7167016960,10737418240
2710625,6760169472,10737418240
2716164,7096762368,10737418240
2721640,9610199040,10737418240
2727203,7903117312,10737418240
2732716,7097810944,10737418240
2738263,7649361920,10737418240
2743752,6615465984,10737418240
2749321,6680477696,10737418240
2754920,7536115712,10737418240
2760493,6321864704,10737418240
2766097,6837764096,10737418240
2771704,6388973568,10737418240
2777274,7406092288,10737418240
2782805,7163871232,10737418240
2788330,9849274368,10737418240
2793896,8836349952,10737418240
2799453,7831814144,10737418240
2804972,8637120512,10737418240
2810532,7536115712,10737418240
2816125,6103760896,10737418240
2821645,7017070592,10737418240
2827172,7747928064,10737418240
2832694,7054819328,10737418240
2838269,6699352064,10737418240
2843843,7062159360,10737418240
2849412,7162822656,10737418240
2854962,6805258240,10737418240
2860535,6031409152,10737418240
2866008,7026507776,10737418240
2871615,6818889728,10737418240
2877179,6077546496,10737418240
2882683,6532628480,10737418240
2888215,7264534528,10737418240
2893811,6592397312,10737418240
2899341,7553941504,10737418240
2904891,6264193024,10737418240
2910448,6590300160,10737418240
2916035,6619660288,10737418240
2921637,6532628480,10737418240
2927166,6404702208,10737418240
2932750,7183794176,10737418240
2938301,6056574976,10737418240
2943853,7334789120,10737418240
2949459,6699352064,10737418240
2955028,6914310144,10737418240
2960582,8102346752,10737418240
2966121,7035944960,10737418240
2971700,6890192896,10737418240
2977153,6891241472,10737418240
2982748,6892290048,10737418240
2988306,6710886400,10737418240
2993867,6513754112,10737418240
2999390,6196035584,10737418240
3004946,6061817856,10737418240
3010488,7077888000,10737418240
3016034,6855589888,10737418240
3021548,5937037312,10737418240
3027067,6717177856,10737418240
3032680,6859784192,10737418240
3038259,6513754112,10737418240
3043814,6530531328,10737418240
3049438,6462373888,10737418240
3055031,8061452288,10737418240
3060611,5975834624,10737418240
3066268,9425649664,10737418240
3071910,8264876032,10737418240
3077509,6737100800,10737418240
3083093,7067402240,10737418240
3088644,7334789120,10737418240
3094209,6757023744,10737418240
3099807,6828326912,10737418240
3105376,7732199424,10737418240
3110923,7057965056,10737418240
3116526,7391412224,10737418240
3122126,7407140864,10737418240
3127731,6369050624,10737418240
3133367,7216300032,10737418240
3138914,5874122752,10737418240
3144460,8568963072,10737418240
3149992,7833911296,10737418240
3155527,6448742400,10737418240
3161059,6924795904,10737418240
3166607,5716836352,10737418240
3172179,7171211264,10737418240
3177786,6488588288,10737418240
3183426,6478102528,10737418240
3189019,6499074048,10737418240
3194602,6455033856,10737418240
3200143,6580862976,10737418240
3205763,6749683712,10737418240
3211420,6164578304,10737418240
3217000,6165626880,10737418240
3222571,6166675456,10737418240
3228123,6167724032,10737418240
3233671,5982126080,10737418240
3239217,5922357248,10737418240
3244724,5855248384,10737418240
3250305,6517948416,10737418240
3255822,6414139392,10737418240
3261380,6866075648,10737418240
3266915,5976883200,10737418240
3272511,6239027200,10737418240
3278103,7996440576,10737418240
3283634,7165968384,10737418240
3289229,6455033856,10737418240
3294801,7285506048,10737418240
3300346,6304038912,10737418240
3305921,6655311872,10737418240
3311530,6844055552,10737418240
3317088,6924795904,10737418240
3322648,7085228032,10737418240
3328192,6760169472,10737418240
3333748,6543114240,10737418240
3339255,7143948288,10737418240
3344818,6541017088,10737418240
3350389,7674527744,10737418240
3355917,6751780864,10737418240
3361483,7208960000,10737418240
3367050,7908360192,10737418240
3372611,7818182656,10737418240
3378149,7247757312,10737418240
3383715,5977931776,10737418240
3389316,7107248128,10737418240
3394917,7011827712,10737418240
3400459,7180648448,10737418240
3406052,6492782592,10737418240
3411666,8682209280,10737418240
3417302,7407140864,10737418240
3422917,7259291648,10737418240
3428531,7000293376,10737418240
3434100,6877609984,10737418240
3439707,7871660032,10737418240
3445291,7207911424,10737418240
3450877,6553600000,10737418240
3456490,6917455872,10737418240
3462083,6453985280,10737418240
3467664,9590276096,10737418240
3473279,7930380288,10737418240
3478920,6751780864,10737418240
3484460,7599030272,10737418240
3490064,6920601600,10737418240
3495614,7189037056,10737418240
3501198,6369050624,10737418240
3506797,7335837696,10737418240
3512412,6431965184,10737418240
3517962,6863978496,10737418240
3523573,6803161088,10737418240
3529165,6398410752,10737418240
3534726,6966738944,10737418240
3540305,6111100928,10737418240
3545904,6985613312,10737418240
3551499,7488929792,10737418240
3557127,6462373888,10737418240
3562738,6830424064,10737418240
3568281,6056574976,10737418240
3573889,7176454144,10737418240
3579417,8640266240,10737418240
3585090,9320792064,10737418240
3590698,8617197568,10737418240
3596274,8261730304,10737418240
3601889,7408189440,10737418240
3607458,5948571648,10737418240
3613108,6931087360,10737418240
3618688,8948547584,10737418240
3624268,8295284736,10737418240
3629862,6868172800,10737418240
3635428,7098859520,10737418240
3640982,7126122496,10737418240
3646523,7038042112,10737418240
3652089,7081033728,10737418240
3657663,6858735616,10737418240
3663274,6402605056,10737418240
3668903,6899630080,10737418240
3674474,6983516160,10737418240
3680065,7440695296,10737418240
3685614,6617563136,10737418240
3691204,6969884672,10737418240
3696805,6372196352,10737418240
3702363,6762266624,10737418240
3707983,6879707136,10737418240
3713544,6253707264,10737418240
3719152,7398752256,10737418240
3724743,6278873088,10737418240
3730337,7506755584,10737418240
3735908,5958008832,10737418240
3741500,6658457600,10737418240
3747049,6942621696,10737418240
3752614,6832521216,10737418240
3758215,6622806016,10737418240
3763973,7410286592,10737418240
3769534,6809452544,10737418240
3775074,6186598400,10737418240
3780654,6835666944,10737418240
3786246,6235881472,10737418240
3791997,7235174400,10737418240
3797612,8365539328,10737418240
3803221,7118782464,10737418240
3808821,7380926464,10737418240
3814406,6541017088,10737418240
3819987,8337227776,10737418240
3825582,6665797632,10737418240
3831114,9749659648,10737418240
3836710,8900313088,10737418240
3842255,7030702080,10737418240
3847829,6676283392,10737418240
3853445,6493831168,10737418240
3858975,6033506304,10737418240
3864474,6190792704,10737418240
3869967,6599737344,10737418240
3875530,7892631552,10737418240
3881128,7033847808,10737418240
3886757,9228517376,10737418240
3892358,8263827456,10737418240
3898003,7351566336,10737418240
3903588,6675234816,10737418240
3909164,7268728832,10737418240
3914734,8041529344,10737418240
3920336,7820279808,10737418240
3925959,7574913024,10737418240
3931484,6940524544,10737418240
3937071,7232028672,10737418240
3942629,8225030144,10737418240
3948188,8147435520,10737418240
3953816,6986661888,10737418240
3959428,8315207680,10737418240
3964963,7725907968,10737418240
3970537,6241124352,10737418240
3976103,7514095616,10737418240
3981644,5959057408,10737418240
3987232,7590641664,10737418240
3992832,6817841152,10737418240
3998412,7989100544,10737418240
4003976,6986661888,10737418240
4009556,8989442048,10737418240
4015183,8132755456,10737418240
4020813,6697254912,10737418240
4026401,9471787008,10737418240
4031997,8562671616,10737418240
4037563,7017070592,10737418240
4043116,7794065408,10737418240
4048680,6286213120,10737418240
4054296,6657409024,10737418240
4059873,5916065792,10737418240
4065423,6144655360,10737418240
4071045,6694109184,10737418240
4076664,6856638464,10737418240
4082255,6508511232,10737418240
4087886,6444548096,10737418240
4093434,8767143936,10737418240
4099041,8183087104,10737418240
4104603,7726956544,10737418240
4110194,7011827712,10737418240
4115746,7439646720,10737418240
4121285,6595543040,10737418240
4126856,9794748416,10737418240
4132410,8381267968,10737418240
4137986,7207911424,10737418240
4143543,9294577664,10737418240
4149046,8603566080,10737418240
4154621,7459569664,10737418240
4160172,7818182656,10737418240
4165760,8952741888,10737418240
4171384,8217690112,10737418240
4176978,7344226304,10737418240
4182592,8668577792,10737418240
4188141,8350859264,10737418240
4193703,8694792192,10737418240
4199287,8063549440,10737418240
4204834,9876537344,10737418240
4210365,8621391872,10737418240
4215984,7676624896,10737418240
4221592,6944718848,10737418240
4227166,6741295104,10737418240
4232759,7952400384,10737418240
4238234,7325351936,10737418240
4243831,7895777280,10737418240
4249367,7239368704,10737418240
4255001,7744782336,10737418240
4260575,9365880832,10737418240
4266118,8933867520,10737418240
4271659,8980004864,10737418240
4277275,7891582976,10737418240
4282897,7657750528,10737418240
4288493,7963934720,10737418240
4294086,7137656832,10737418240
4299775,6949961728,10737418240
4305285,7369392128,10737418240
4310820,7960788992,10737418240
4316422,7637827584,10737418240
4321972,7634681856,10737418240
4327545,8660189184,10737418240
4333141,8716812288,10737418240
4338713,9332326400,10737418240
4344345,7796162560,10737418240
4349905,8451522560,10737418240
4355454,8725200896,10737418240
4360974,8189378560,10737418240
4366547,9503244288,10737418240
4372043,11811160064,12884901888
4377666,10019143680,12884901888
4383271,7280263168,12884901888
4388920,10737418240,12884901888
4394540,10737418240,12884901888
4400120,9572450304,12884901888
4405640,10242490368,12884901888
4411197,10071572480,12884901888
4416742,8576303104,12884901888
4422368,10319036416,12884901888
4427895,9381609472,12884901888
4433537,9077522432,12884901888
4439024,10122952704,12884901888
4444595,8851030016,12884901888
4450143,9673113600,12884901888
4455783,10290724864,12884901888
4461344,8374976512,12884901888
4466919,9553575936,12884901888
4472524,8584691712,12884901888
4478056,8796504064,12884901888
4483549,9862905856,12884901888
4489160,10117709824,12884901888
4494675,11811160064,12884901888
4500313,9623830528,12884901888
4505902,7716470784,12884901888
4511489,9928966144,12884901888
4517042,10737418240,12884901888
4522609,10149167104,12884901888
4528175,11811160064,12884901888
4533780,9647947776,12884901888
4539331,7522484224,12884901888
4544972,8685355008,12884901888
4550559,7635730432,12884901888
4556151,8934916096,12884901888
4561779,10196353024,12884901888
4567354,8098152448,12884901888
4572935,9235857408,12884901888
4578475,10261364736,12884901888
4584056,10737418240,12884901888
4589656,9419358208,12884901888
4595198,7495221248,12884901888
4600828,8645509120,12884901888
4606364,7670333440,12884901888
4611935,9262071808,12884901888
4617579,8557428736,12884901888
4623147,8068792320,12884901888
4628703,9403629568,12884901888
4634243,8405385216,12884901888
4639829,8380219392,12884901888
4645485,8396996608,12884901888
4651106,7695499264,12884901888
4656674,8952741888,12884901888
4662222,8352956416,12884901888
4667771,7896825856,12884901888
4673325,9182380032,12884901888
4678880,8236564480,12884901888
4684394,8032092160,12884901888
4689889,9508487168,12884901888
4695424,8639217664,12884901888
4700932,8645509120,12884901888
4706514,9601810432,12884901888
4712130,7656701952,12884901888
4717621,7160725504,12884901888
4723154,9085911040,12884901888
4728685,7668236288,12884901888
4734338,7630487552,12884901888
4739904,8684306432,12884901888
4745517,8489271296,12884901888
4751105,7918845952,12884901888
4756728,8503951360,12884901888
4762282,7366246400,12884901888
4767854,7277117440,12884901888
4773403,8306819072,12884901888
4778963,7680819200,12884901888
4784541,8457814016,12884901888
4790109,9525264384,12884901888
4795656,8259633152,12884901888
4801248,7897874432,12884901888
4806808,8674869248,12884901888
4812384,7912554496,12884901888
4817943,7911505920,12884901888
4823514,9175040000,12884901888
4829099,7859077120,12884901888
4834639,8500805632,12884901888
4840251,9072279552,12884901888
4845842,8044675072,12884901888
4851426,9038725120,12884901888
4857066,8538554368,12884901888
4862611,7778336768,12884901888
4868159,11811160064,12884901888
4873761,11811160064,12884901888
4879333,9419358208,12884901888
4884910,8238661632,12884901888
4890509,10737418240,12884901888
4896044,9084862464,12884901888
4901580,9795796992,12884901888
4907202,9104785408,12884901888
4912815,8500805632,12884901888
4918432,7292846080,12884901888
4924061,7484735488,12884901888
4929644,9266266112,12884901888
4935249,9393143808,12884901888
4940836,9598664704,12884901888
4946392,8261730304,12884901888
4951923,7665090560,12884901888
4957514,7936671744,12884901888
4963125,8635023360,12884901888
4968710,8478785536,12884901888
4974340,7518289920,12884901888
4979911,8411676672,12884901888
4985528,9293529088,12884901888
4991178,9583984640,12884901888
4996805,9228517376,12884901888
5002343,8572108800,12884901888
5008024,8684306432,12884901888
5013604,8356102144,12884901888
5019178,8730443776,12884901888
5024753,9347006464,12884901888
5030328,8040480768,12884901888
5035928,8331984896,12884901888
5041528,8865710080,12884901888
5047169,9573498880,12884901888
5052685,8757706752,12884901888
5058339,9493807104,12884901888
5063919,10737418240,12884901888
5069536,10737418240,12884901888
5075097,10277093376,12884901888
5080646,10475274240,12884901888
5086261,10737418240,12884901888
5091820,8462008320,12884901888
5097463,8163164160,12884901888
5103082,10737418240,12884901888
5108699,10737418240,12884901888
5114445,10255073280,12884901888
5120049,10107224064,12884901888
5125635,9550430208,12884901888
5131198,7756316672,12884901888
5136782,8225030144,12884901888
5142400,9744416768,12884901888
5147999,10737418240,12884901888
5153569,8947499008,12884901888
5159179,9556721664,12884901888
5164707,9466544128,12884901888
5170326,9149874176,12884901888
5175887,8422162432,12884901888
5181469,9941549056,12884901888
5187070,9895411712,12884901888
5192765,9116319744,12884901888
5198383,10737418240,12884901888
5203967,11811160064,12884901888
5209581,10394533888,12884901888
5215174,9576644608,12884901888
5220789,9417261056,12884901888
5226318,11811160064,12884901888
5231972,9772728320,12884901888
5237595,10737418240,12884901888
5243133,10363076608,12884901888
5248714,9674162176,12884901888
5254274,9323937792,12884901888
5259912,10737418240,12884901888
5265476,10737418240,12884901888
5271065,10737418240,12884901888
5276610,11811160064,12884901888
5282173,10737418240,12884901888
5287796,10737418240,12884901888
5293376,10737418240,12884901888
5298965,12884901888,12884901888
5304566,11811160064,12884901888
5310245,10169090048,12884901888
5315831,10737418240,12884901888
5321438,10737418240,12884901888
5327004,11811160064,12884901888
5332622,10286530560,12884901888
5338197,9537847296,12884901888
5343820,8904507392,12884901888
5349416,8017412096,12884901888
5355017,8657043456,12884901888
5360603,7272923136,12884901888
5366232,7840202752,12884901888
5371849,8309964800,12884901888
5377426,8583643136,12884901888
5383061,7998537728,12884901888
5388656,8735686656,12884901888
5394231,8692695040,12884901888
5399795,8905555968,12884901888
5405392,7604273152,12884901888
5411042,7688159232,12884901888
5416609,8820621312,12884901888
5422281,8593080320,12884901888
5427880,9050259456,12884901888
5433429,8414822400,12884901888
5439021,8509194240,12884901888
5444561,7977566208,12884901888
5450101,8108638208,12884901888
5455678,8954839040,12884901888
5461244,7817134080,12884901888
5466770,7867465728,12884901888
5472339,7719616512,12884901888
5477915,8896118784,12884901888
5483494,7810842624,12884901888
5489074,7999586304,12884901888
5494669,10737418240,12884901888
5500182,11811160064,12884901888
5505724,10737418240,12884901888
5511282,10226761728,12884901888
5516869,8286896128,12884901888
5522463,7658799104,12884901888
5528050,11811160064,12884901888
5533620,11811160064,12884901888
5539193,10254024704,12884901888
5544818,9782165504,12884901888
5550462,8017412096,12884901888
5556092,7160725504,12884901888
5561680,8851030016,12884901888
5567176,10027532288,12884901888
5572761,9333374976,12884901888
5578381,8680112128,12884901888
5583936,7850688512,12884901888
5589553,7467958272,12884901888
5595114,8491368448,12884901888
5600717,7939817472,12884901888
5606336,8321499136,12884901888
5611969,9739173888,12884901888
5617562,8947499008,12884901888
5623227,9036627968,12884901888
5628796,10089398272,12884901888
5634376,8901361664,12884901888
5639979,8873050112,12884901888
5645586,9632219136,12884901888
5651117,10737418240,12884901888
5656706,10375659520,12884901888
5662304,9499049984,12884901888
5667870,8420065280,12884901888
5673453,6952058880,12884901888
5679055,8472494080,12884901888
5684636,9574547456,12884901888
5690236,10737418240,12884901888
5695886,8906604544,12884901888
5701484,8049917952,12884901888
5707095,8190427136,12884901888
5712685,8693743616,12884901888
5718268,10110369792,12884901888
5723860,10737418240,12884901888
5729462,10737418240,12884901888
5735089,9494855680,12884901888
5740757,8614051840,12884901888
5746337,9196011520,12884901888
5751968,8046772224,12884901888
5757535,8055160832,12884901888
5763133,8641314816,12884901888
5768715,8982102016,12884901888
5774289,8166309888,12884901888
5779892,8203010048,12884901888
5785496,9832497152,12884901888
5791061,8999927808,12884901888
5796675,8355053568,12884901888
5802217,8163164160,12884901888
5807790,8413773824,12884901888
5813399,9554624512,12884901888
5819029,9423552512,12884901888
5824576,9743368192,12884901888
5830099,9407823872,12884901888
5835637,9030336512,12884901888
5841206,7603224576,12884901888
5846801,8551137280,12884901888
5852449,8811184128,12884901888
5858020,10292822016,12884901888
5863563,9926868992,12884901888
5869172,9599713280,12884901888
5874792,8215592960,12884901888
5880467,7694450688,12884901888
5886076,7362052096,12884901888
5891690,9151971328,12884901888
5897283,9072279552,12884901888
5902837,9590276096,12884901888
5908409,8326742016,12884901888
5914013,8022654976,12884901888
5919588,7867465728,12884901888
5925185,7690256384,12884901888
5930814,8691646464,12884901888
5936434,8920236032,12884901888
5942033,8655994880,12884901888
5947637,8595177472,12884901888
5953148,11811160064,12884901888
5958752,11811160064,12884901888
5964351,11811160064,12884901888
5969891,10737418240,12884901888
5975474,9241100288,12884901888
5981053,8878292992,12884901888
5986674,8469348352,12884901888
5992233,7693402112,12884901888
5997755,9068085248,12884901888
6003338,9622781952,12884901888
6008921,10737418240,12884901888
6014550,10373562368,12884901888
6020204,10737418240,12884901888
6025782,10266607616,12884901888
6031356,10007609344,12884901888
6036951,9440329728,12884901888
6042526,8960081920,12884901888
6048120,8291090432,12884901888
6053686,9456058368,12884901888
6059339,9824108544,12884901888
6064948,10737418240,12884901888
6070522,10737418240,12884901888
6076080,10737418240,12884901888
6081662,10047455232,12884901888
6087244,9756999680,12884901888
6092819,8119123968,12884901888
6098427,9164554240,12884901888
6104009,11811160064,12884901888
6109591,11811160064,12884901888
6115192,9186574336,12884901888
6120818,8671723520,12884901888
6126398,8934916096,12884901888
6131996,11811160064,12884901888
6137548,10247733248,12884901888
6143132,9925820416,12884901888
6148721,9308209152,12884901888
6154307,8460959744,12884901888
6159848,11811160064,12884901888
6165442,10737418240,12884901888
6171022,10184818688,12884901888
6176641,9381609472,12884901888
6182265,8950644736,12884901888
6187844,7318011904,12884901888
6193587,9130999808,12884901888
6199201,11811160064,12884901888
6204787,11811160064,12884901888
6210368,10737418240,12884901888
6215894,10032775168,12884901888
6221492,8243904512,12884901888
6227079,7610564608,12884901888
6232668,9806282752,12884901888
6238287,10439622656,12884901888
6243900,9932111872,12884901888
6249438,9416212480,12884901888
6254987,9065988096,12884901888
6260589,7665090560,12884901888
6266169,7413432320,12884901888
6271696,10479468544,12884901888
6277284,10302259200,12884901888
6282861,9918480384,12884901888
6288386,9395240960,12884901888
6294000,8069840896,12884901888
6299539,7523532800,12884901888
6305171,7445938176,12884901888
6310763,8493465600,12884901888
6316378,10737418240,12884901888
6321946,10737418240,12884901888
6327516,8808038400,12884901888
6333112,8266973184,12884901888
6338728,7668236288,12884901888
6344292,10222567424,12884901888
6349836,10233053184,12884901888
6355463,8325693440,12884901888
6361061,7853834240,12884901888
6366651,10737418240,12884901888
6372244,10343153664,12884901888
6377844,8465154048,12884901888
6383475,8329887744,12884901888
6389026,10402922496,12884901888
6394618,12884901888,12884901888
6400249,11811160064,12884901888
6405798,10737418240,12884901888
6411375,9809428480,12884901888
6416959,9312403456,12884901888
6422592,8715763712,12884901888
6428257,8459911168,12884901888
6433786,11811160064,12884901888
6439377,10737418240,12884901888
6444999,10737418240,12884901888
6450608,10479468544,12884901888
6456275,9934209024,12884901888
6461894,11811160064,12884901888
6467503,12884901888,12884901888
6473058,11811160064,12884901888
6478638,11811160064,12884901888
6484231,10287579136,12884901888
6489829,10081009664,12884901888
6495441,9744416768,12884901888
6501010,9127854080,12884901888
6506601,8652849152,12884901888
6512198,8059355136,12884901888
6517751,9083813888,12884901888
6523345,7375683584,12884901888
6528950,7662993408,12884901888
6534533,8018460672,12884901888
6540095,8290041856,12884901888
6545674,8435793920,12884901888
6551216,10737418240,12884901888
6556791,10058989568,12884901888
6562365,9560915968,12884901888
6567907,8949596160,12884901888
6573478,8668577792,12884901888
6579038,8821669888,12884901888
6584576,10737418240,12884901888
6590220,8721006592,12884901888
6595830,8311013376,12884901888
6601372,7971274752,12884901888
6606924,7732199424,12884901888
6612495,11811160064,12884901888
6618077,11811160064,12884901888
6623653,10174332928,12884901888
6629227,9878634496,12884901888
6634833,9550430208,12884901888
6640413,8846835712,12884901888
6645975,8425308160,12884901888
6651601,8496611328,12884901888
6657205,7620001792,12884901888
6662808,10737418240,12884901888
6668391,11811160064,12884901888
6673951,10737418240,12884901888
6679489,10737418240,12884901888
6685043,10132389888,12884901888
6690594,8463056896,12884901888
6696227,7945060352,12884901888
6701806,7802454016,12884901888
6707321,8215592960,12884901888
6712814,9141485568,12884901888
6718381,8900313088,12884901888
6723912,8516534272,12884901888
6729535,7135559680,12884901888
6735127,7373586432,12884901888
6740704,9384755200,12884901888
6746315,9015656448,12884901888
6751953,8508145664,12884901888
6757568,8189378560,12884901888
6763163,7359954944,12884901888
6768761,8422162432,12884901888
6774388,8380219392,12884901888
6779983,8134852608,12884901888
6785558,9170845696,12884901888
6791155,8721006592,12884901888
6796723,7230980096,12884901888
6802319,8374976512,12884901888
6807819,9111076864,12884901888
6813405,10252976128,12884901888
6818945,10163847168,12884901888
6824485,10377756672,12884901888
6829974,11811160064,12884901888
6835501,10456399872,12884901888
6841089,10104078336,12884901888
6846628,9557770240,12884901888
6852157,9511632896,12884901888
6857691,9022996480,12884901888
6863255,8509194240,12884901888
6868814,8268021760,12884901888
6874373,7772045312,12884901888
6879955,8992587776,12884901888
6885519,8703180800,12884901888
6891092,8391753728,12884901888
6896657,8092909568,12884901888
6902246,7606370304,12884901888
6907725,12884901888,12884901888
6913345,11811160064,12884901888
6918893,11811160064,12884901888
6924578,10737418240,12884901888
6930156,10249830400,12884901888
6935808,10184818688,12884901888
6941409,9779019776,12884901888
6946953,9180282880,12884901888
6952514,8343519232,12884901888
6958023,7856979968,12884901888
6963597,10737418240,12884901888
6969187,10737418240,12884901888
6974764,10737418240,12884901888
6980346,11811160064,12884901888
6985939,10737418240,12884901888
6991511,10481565696,12884901888
6997063,10050600960,12884901888
7002665,9661579264,12884901888
7008237,8707375104,12884901888
7013825,7396655104,12884901888
7019415,8216641536,12884901888
7025031,8231321600,12884901888
7030632,8029995008,12884901888
7036226,8210350080,12884901888
7041826,8005877760,12884901888
7047407,6811549696,12884901888
7052992,7053770752,12884901888
7058614,7172259840,12884901888
7064230,7719616512,12884901888
7069819,7669284864,12884901888
7075389,6947864576,12884901888
7080943,6770655232,12884901888
7086509,7017070592,12884901888
7092120,7172259840,12884901888
7097729,7409238016,12884901888
7103311,7446986752,12884901888
7108848,7615807488,12884901888
7114411,6772752384,12884901888
7120022,6904872960,12884901888
7125644,7344226304,12884901888
7131237,7724859392,12884901888
7136878,6910115840,12884901888
7142648,6985613312,12884901888
7148240,7429160960,12884901888
7153845,7469006848,12884901888
7159455,7699693568,12884901888
7165029,6982467584,12884901888
7170661,7206862848,12884901888
7176239,7947157504,12884901888
7181808,7913603072,12884901888
7187360,7113539584,12884901888
7193005,7319060480,12884901888
7198532,7500464128,12884901888
7204092,7961837568,12884901888
7209635,6927941632,12884901888
7215269,7085228032,12884901888
7220862,7390363648,12884901888
7226470,7737442304,12884901888
7232061,7105150976,12884901888
7237650,7418675200,12884901888
7243270,7740588032,12884901888
7248897,8459911168,12884901888
7254499,7392460800,12884901888
7260132,7664041984,12884901888
7265768,7956594688,12884901888
7271365,7693402112,12884901888
7276990,7172259840,12884901888
7282634,7130316800,12884901888
7288270,7140802560,12884901888
7293908,7439646720,12884901888
7299514,7753170944,12884901888
7305064,8017412096,12884901888
7310607,6995050496,12884901888
7316189,8013217792,12884901888
7321793,7349469184,12884901888
7327464,7381975040,12884901888
7333034,7597981696,12884901888
7338566,7828668416,12884901888
7344121,7005536256,12884901888
7349695,7024410624,12884901888
7355265,6984564736,12884901888
7360853,7185891328,12884901888
7366419,7483686912,12884901888
7371943,7702839296,12884901888
7377519,7839154176,12884901888
7383059,6973030400,12884901888
7388737,7120879616,12884901888
7394336,7518289920,12884901888
7399929,7918845952,12884901888
7405515,8027897856,12884901888
7411085,7112491008,12884901888
7416696,7291797504,12884901888
7422298,7263485952,12884901888
7427901,7707033600,12884901888
7433501,8160018432,12884901888
7439111,6872367104,12884901888
7444660,7238320128,12884901888
7450220,7356809216,12884901888
7455752,7620001792,12884901888
7461325,7910457344,12884901888
7466923,6905921536,12884901888
7472527,7111442432,12884901888
7478112,7287603200,12884901888
7483712,7593787392,12884901888
7489276,6829375488,12884901888
7494877,6882852864,12884901888
7500413,7143948288,12884901888
7505973,7423918080,12884901888
7511503,7793016832,12884901888
7517053,6963593216,12884901888
7522675,7031750656,12884901888
7528271,7395606528,12884901888
7533871,7599030272,12884901888
7539432,7923040256,12884901888
7545006,7056916480,12884901888
7550630,7073693696,12884901888
7556188,7580155904,12884901888
7561780,7893680128,12884901888
7567371,6949961728,12884901888
7572967,7078936576,12884901888
7578555,7347372032,12884901888
7584167,7722762240,12884901888
7589772,6773800960,12884901888
7595371,6931087360,12884901888
7600974,7260340224,12884901888
7606553,7347372032,12884901888
7612107,7694450688,12884901888
7617665,6887047168,12884901888
7623311,6877609984,12884901888
7628951,7010779136,12884901888
7634529,7214202880,12884901888
7640104,7529824256,12884901888
7645721,7705985024,12884901888
7651279,7830765568,12884901888
7656894,6947864576,12884901888
7662469,7435452416,12884901888
7668051,7823425536,12884901888
7673600,7731150848,12884901888
7679161,6816792576,12884901888
7684761,7085228032,12884901888
7690392,7258243072,12884901888
7695974,7617904640,12884901888
7701570,6936330240,12884901888
7707180,7773093888,12884901888
7712770,7419723776,12884901888
7718311,7924088832,12884901888
7723883,7954497536,12884901888
7729453,7028604928,12884901888
7735010,7112491008,12884901888
7740611,7315914752,12884901888
7746138,7940866048,12884901888
7751697,7842299904,12884901888
7757284,7052722176,12884901888
7762838,7335837696,12884901888
7768427,7908360192,12884901888
7774017,8196718592,12884901888
7779670,7136608256,12884901888
7785317,7303331840,12884901888
7790976,7394557952,12884901888
7796577,7867465728,12884901888
7802168,7089422336,12884901888
7807768,7202668544,12884901888
7813351,7631536128,12884901888
7818882,7881097216,12884901888
7824444,7192182784,12884901888
7830040,7361003520,12884901888
7835595,7483686912,12884901888
7841195,7919894528,12884901888
7846758,6875512832,12884901888
7852333,7120879616,12884901888
7857914,7422869504,12884901888
7863480,7754219520,12884901888
7869026,7018119168,12884901888
7874577,7073693696,12884901888
7880174,7326400512,12884901888
7885732,7852785664,12884901888
7891306,8068792320,12884901888
7897013,7014973440,12884901888
7902636,7329546240,12884901888
7908231,7552892928,12884901888
7913799,7882145792,12884901888
7919364,6900678656,12884901888
7924972,6953107456,12884901888
7930496,7104102400,12884901888
7936055,7367294976,12884901888
7941560,7718567936,12884901888
7947144,8013217792,12884901888
7952715,7139753984,12884901888
7958340,7262437376,12884901888
7963900,7666139136,12884901888
7969409,7754219520,12884901888
7974963,6896484352,12884901888
7980543,7219445760,12884901888
7986090,7323254784,12884901888
7991667,7752122368,12884901888
7997275,6996099072,12884901888
8002833,7933526016,12884901888
8008446,8738832384,12884901888
8014048,7077888000,12884901888
8019669,7136608256,12884901888
8025286,7349469184,12884901888
8030894,7715422208,12884901888
8036442,7873757184,12884901888
8042050,6949961728,12884901888
8047607,7340032000,12884901888
8053199,7418675200,12884901888
8058754,7837057024,12884901888
8064339,7144996864,12884901888
8069956,6927941632,12884901888
8075601,7309623296,12884901888
8081187,8079278080,12884901888
8086764,8514437120,12884901888
8092309,7214202880,12884901888
8097936,7187988480,12884901888
8103558,7656701952,12884901888
8109219,7875854336,12884901888
8114782,7261388800,12884901888
8120311,7250903040,12884901888
8125938,7304380416,12884901888
8131538,7666139136,12884901888
8137120,7875854336,12884901888
8142699,7059013632,12884901888
8148275,7357857792,12884901888
8153973,7267680256,12884901888
8159571,7604273152,12884901888
8165193,7805599744,12884901888
8170762,6927941632,12884901888
8176381,7094665216,12884901888
8181975,7644119040,12884901888
8187610,7728005120,12884901888
8193178,6985613312,12884901888
8198780,7195328512,12884901888
8204358,7703887872,12884901888
8209970,6937378816,12884901888
8215521,7093616640,12884901888
8221130,7181697024,12884901888
8226716,7858028544,12884901888
8232334,7822376960,12884901888
8237921,6919553024,12884901888
8243495,7067402240,12884901888
8249066,7160725504,12884901888
8254661,7571767296,12884901888
8260256,7669284864,12884901888
8265873,6790578176,12884901888
8271483,7164919808,12884901888
8277044,7286554624,12884901888
8282631,7414480896,12884901888
8288211,6758072320,12884901888
8293825,6981419008,12884901888
8299403,7492075520,12884901888
8304990,7739539456,12884901888
8310590,7028604928,12884901888
8316131,7016022016,12884901888
8321750,7220494336,12884901888
8327308,7489978368,12884901888
8332858,7815036928,12884901888
8338405,6963593216,12884901888
8344015,6958350336,12884901888
8349618,7419723776,12884901888
8355200,7760510976,12884901888
8360814,7093616640,12884901888
8366364,7385120768,12884901888
8371998,7793016832,12884901888
8377595,7076839424,12884901888
8383257,7419723776,12884901888
8388866,7826571264,12884901888
8394533,6843006976,12884901888
8400214,6716129280,12884901888
8405885,6712983552,12884901888
8411547,6712983552,12884901888
8417206,6712983552,12884901888
8422805,6712983552,12884901888
8428409,6712983552,12884901888
8434014,6712983552,12884901888
8439691,6579814400,12884901888
8445365,6588203008,12884901888
8450928,6758072320,12884901888
8456480,6951010304,12884901888
8462080,7124025344,12884901888
8467663,7389315072,12884901888
8473279,7568621568,12884901888
8478885,6742343680,12884901888
8484459,6890192896,12884901888
8490085,7160725504,12884901888
8495676,7380926464,12884901888
8501267,7609516032,12884901888
8506871,6690963456,12884901888
8512451,6990856192,12884901888
8518065,7115636736,12884901888
8523708,7751073792,12884901888
8529287,7737442304,12884901888
8534925,6870269952,12884901888
8540531,7099908096,12884901888
8546132,7480541184,12884901888
8551738,7690256384,12884901888
8557330,7006584832,12884901888
8562911,7222591488,12884901888
8568465,7709130752,12884901888
8574067,7893680128,12884901888
8579612,6935281664,12884901888
8585211,7235174400,12884901888
8590801,7907311616,12884901888
8596377,8135901184,12884901888
8601919,7261388800,12884901888
8607510,7439646720,12884901888
8613119,7801405440,12884901888
8618714,7107248128,12884901888
8624250,7181697024,12884901888
8629862,7538212864,12884901888
8635441,8157921280,12884901888
8641043,7248805888,12884901888
8646599,7411335168,12884901888
8652213,7707033600,12884901888
8657824,8016363520,12884901888
8663372,7293894656,12884901888
8668956,7574913024,12884901888
8674573,7538212864,12884901888
8680178,7861174272,12884901888
8685764,8005877760,12884901888
8691356,6960447488,12884901888
8696946,7011827712,12884901888
8702514,7151288320,12884901888
8708103,7401897984,12884901888
8713686,7876902912,12884901888
8719235,7245660160,12884901888
8724811,7530872832,12884901888
8730385,7854882816,12884901888
8735986,8685355008,12884901888
8741594,7320109056,12884901888
8747238,7411335168,12884901888
8752877,7782531072,12884901888
8758507,8880390144,12884901888
8764161,7264534528,12884901888
8769831,7755268096,12884901888
8775428,8169455616,12884901888
8781039,6865027072,12884901888
8786660,6752829440,12884901888
8792334,6753878016,12884901888
8797874,6754926592,12884901888
8803526,6757023744,12884901888
8809173,6758072320,12884901888
8814816,6735003648,12884901888
8820461,6817841152,12884901888
8826156,6880755712,12884901888
8831808,7065305088,12884901888
8837423,7295991808,12884901888
8843060,7454326784,12884901888
8848747,7597981696,12884901888
8854375,7907311616,12884901888
8860021,6879707136,12884901888
8865723,7265583104,12884901888
8871387,7312769024,12884901888
8877091,7625244672,12884901888
8882725,7896825856,12884901888
8888365,8291090432,12884901888
8894048,7070547968,12884901888
8899698,7187988480,12884901888
8905314,7653556224,12884901888
8910931,8064598016,12884901888
8916606,6893338624,12884901888
8922313,7218397184,12884901888
8927977,7836008448,12884901888
8933606,8422162432,12884901888
8939270,7139753984,12884901888
8944950,6974078976,12884901888
8950672,6976176128,12884901888
8956281,6978273280,12884901888
8961897,6979321856,12884901888
8967595,6981419008,12884901888
8973222,6983516160,12884901888
8978863,6985613312,12884901888
8984480,6986661888,12884901888
8990149,6987710464,12884901888
8995840,6938427392,12884901888
9001493,6980370432,12884901888
9007200,7107248128,12884901888
9012859,7374635008,12884901888
9018488,7574913024,12884901888
9024110,7825522688,12884901888
9029768,8229224448,12884901888
9035391,8706326528,12884901888
9041149,7229931520,12884901888
9046803,7438598144,12884901888
9052512,7842299904,12884901888
9058160,8156872704,12884901888
9063825,7265583104,12884901888
9069504,7243563008,12884901888
9075217,7571767296,12884901888
9080876,7643070464,12884901888
9086543,8120172544,12884901888
9092206,8321499136,12884901888
9097881,7501512704,12884901888
9103655,7507804160,12884901888
9109354,7682916352,12884901888
9115010,8118075392,12884901888
9120684,8621391872,12884901888
9126295,7351566336,12884901888
9132000,7580155904,12884901888
9137723,7593787392,12884901888
9143430,7673479168,12884901888
9149079,8103395328,12884901888
9154754,8043626496,12884901888
9160399,8301576192,12884901888
9166006,7465861120,12884901888
9171783,6431965184,12884901888
9178402,1901068288,12884901888
9184312,2549088256,12884901888
9190147,5744099328,12884901888
9196103,5433720832,12884901888
9201960,5679087616,12884901888
9207893,5411700736,12884901888
9213776,5442109440,12884901888
9219651,5444206592,12884901888
9225499,5434769408,12884901888
9231347,5144313856,12884901888
9237322,5679087616,12884901888
9243192,6116343808,12884901888
9249003,5427429376,12884901888
9254861,5379194880,12884901888
9260758,5447352320,12884901888
9266692,5153751040,12884901888
9272565,5428477952,12884901888
9278403,5320474624,12884901888
9284427,5444206592,12884901888
9290327,5401214976,12884901888
9296198,4447010816,12884901888
9302029,6123683840,12884901888
9307867,5164236800,12884901888
9313677,5413797888,12884901888
9319555,4450156544,12884901888
9325510,5335154688,12884901888
9331358,5167382528,12884901888
9337211,5167382528,12884901888
9343161,5398069248,12884901888
9349101,5403312128,12884901888
9354952,4432330752,12884901888
9360812,4432330752,12884901888
9366719,5349834752,12884901888
9372663,5405409280,12884901888
9378571,5377097728,12884901888
9384470,4433379328,12884901888
9390444,5402263552,12884901888
9396364,5403312128,12884901888
9402305,5407506432,12884901888
9408214,6469713920,12884901888
9414151,5150605312,12884901888
9420099,5425332224,12884901888
9425993,5427429376,12884901888
9431934,5420089344,12884901888
9437863,5423235072,12884901888
9443776,6306136064,12884901888
9449725,5425332224,12884901888
9455599,5347737600,12884901888
9461525,5426380800,12884901888
9467411,5427429376,12884901888
9473337,5390729216,12884901888
9479178,5414846464,12884901888
9485073,4442816512,12884901888
9491006,5420089344,12884901888
9496881,5326766080,12884901888
9502735,5345640448,12884901888
9508592,5161091072,12884901888
9514471,5308940288,12884901888
9520325,5161091072,12884901888
9526221,5414846464,12884901888
9532060,5415895040,12884901888
9537995,5411700736,12884901888
9543895,5163188224,12884901888
9549789,5362417664,12884901888
9555698,5164236800,12884901888
9561556,5164236800,12884901888
9567490,5165285376,12884901888
9573434,5165285376,12884901888
9579349,5426380800,12884901888
9585276,5427429376,12884901888
9591194,5428477952,12884901888
9597102,5429526528,12884901888
9603032,5432672256,12884901888
9608977,5432672256,12884901888
9614857,5432672256,12884901888
9620781,5432672256,12884901888
9626638,5432672256,12884901888
9632490,5432672256,12884901888
9638427,5037359104,12884901888
9644309,2322595840,12884901888
9650169,2330984448,12884901888
9656079,2330984448,12884901888
9661959,2332033024,12884901888
9667867,2329935872,12884901888
9673775,2327838720,12884901888
9679657,2407530496,12884901888
9685585,2423259136,12884901888
9691502,2431647744,12884901888
9697378,2407530496,12884901888
9703272,2437939200,12884901888
9709147,2425356288,12884901888
9714948,2429550592,12884901888
9720840,2433744896,12884901888
9726716,2434793472,12884901888
9732576,2436890624,12884901888
9738529,5307891712,12884901888
9744386,3720347648,12884901888
9750314,5312086016,12884901888
9756233,3794796544,12884901888
9762093,3899654144,12884901888
9768020,3899654144,12884901888
9773932,3824156672,12884901888
9779787,4570742784,12884901888
9785743,4848615424,12884901888
9791700,6391070720,12884901888
9797648,5638193152,12884901888
9803933,7712276480,12884901888
9809827,6156189696,12884901888
9815795,6100615168,12884901888
9821729,6879707136,12884901888
9827641,7205814272,12884901888
9833568,5030019072,12884901888
9839541,4915724288,12884901888
9845403,6595543040,12884901888
9851372,5818548224,12884901888
9857304,6942621696,12884901888
9863293,6006243328,12884901888
9869226,5879365632,12884901888
9875154,5330960384,12884901888
9881030,5831131136,12884901888
9886900,5236588544,12884901888
9892843,5923405824,12884901888
9898733,5224005632,12884901888
9904619,6270484480,12884901888
9910583,7030702080,12884901888
9916561,5379194880,12884901888
9922505,6350176256,12884901888
9928513,5248122880,12884901888
9934469,6286213120,12884901888
9940403,5542772736,12884901888
9946336,6148849664,12884901888
9952281,5177868288,12884901888
9958167,6958350336,12884901888
9964145,5047844864,12884901888
9970074,4890558464,12884901888
9975953,4352638976,12884901888
9981849,3825205248,12884901888
9987798,4047503360,12884901888
9993741,3790602240,12884901888
9999689,3786407936,12884901888
10005656,3736076288,12884901888
10011682,3770679296,12884901888
10017587,3715104768,12884901888
10023522,3844079616,12884901888
10029483,4327473152,12884901888
10035432,4369416192,12884901888
10041356,3766484992,12884901888
10047340,3807379456,12884901888
10053214,3821010944,12884901888
10059227,5536481280,12884901888
10065159,4168089600,12884901888
10071150,5535432704,12884901888
10077114,3957325824,12884901888
10083086,4798283776,12884901888
10089027,4070572032,12884901888
10094949,4057989120,12884901888
10100951,4038066176,12884901888
10106849,4630511616,12884901888
10112787,4328521728,12884901888
10118767,4303355904,12884901888
10124707,3963617280,12884901888
10130598,4627365888,12884901888
10136547,4307550208,12884901888
10142432,4328521728,12884901888
10148405,4479516672,12884901888
10154362,4483710976,12884901888
10160274,4439670784,12884901888
10166248,4416602112,12884901888
10172184,5082447872,12884901888
10178159,4762632192,12884901888
10184101,4838129664,12884901888
10190033,4750049280,12884901888
10195901,4419747840,12884901888
10201879,4401922048,12884901888
10207887,4438622208,12884901888
10213809,4436525056,12884901888
10219734,4368367616,12884901888
10225659,4436525056,12884901888
10231647,4354736128,12884901888
10237590,4339007488,12884901888
10243509,4412407808,12884901888
10249472,4270850048,12884901888
10255452,4514119680,12884901888
10261403,4242538496,12884901888
10267328,4324327424,12884901888
10273288,4277141504,12884901888
10279186,4215275520,12884901888
10285120,4271898624,12884901888
10291093,4266655744,12884901888
10296971,4160749568,12884901888
10302921,4490002432,12884901888
10308852,4181721088,12884901888
10314738,4182769664,12884901888
10320693,4221566976,12884901888
10326694,4184866816,12884901888
10332676,4919918592,12884901888
10338614,4180672512,12884901888
10344504,4182769664,12884901888
10350494,4109369344,12884901888
10356619,4008706048,12884901888
10362541,4771020800,12884901888
10368531,4075814912,12884901888
10374447,4072669184,12884901888
10380369,4030726144,12884901888
10386270,4074766336,12884901888
10392187,3847225344,12884901888
10398159,2542796800,12884901888
10404115,2529165312,12884901888
10410026,2555379712,12884901888
10415946,2554331136,12884901888
10421960,2606759936,12884901888
10427885,2612002816,12884901888
10433776,2640314368,12884901888
10439747,2664431616,12884901888
10445601,2560622592,12884901888
10451514,2659188736,12884901888
10457419,2635071488,12884901888
10463341,2600468480,12884901888
10469217,2642411520,12884901888
10475107,2643460096,12884901888
10481069,2581594112,12884901888
10487034,2636120064,12884901888
10493044,2685403136,12884901888
10498981,2703228928,12884901888
10504971,2697986048,12884901888
10510893,2699034624,12884901888
10516818,2629828608,12884901888
10522765,2505048064,12884901888
10528668,2691694592,12884901888
10534565,2668625920,12884901888
10540531,2661285888,12884901888
10546487,2563768320,12884901888
10552386,2680160256,12884901888
10558335,2678063104,12884901888
10564266,2666528768,12884901888
10570167,2556428288,12884901888
10576100,2565865472,12884901888
10582018,2746220544,12884901888
10588006,2740977664,12884901888
10593958,2560622592,12884901888
10599934,2588934144,12884901888
10605955,2601517056,12884901888
10611883,2601517056,12884901888
10617838,2630877184,12884901888
10623799,2632974336,12884901888
10629764,2636120064,12884901888
10635731,2634022912,12884901888
10641706,2635071488,12884901888
10647682,2541748224,12884901888
10653654,2541748224,12884901888
10659614,2565865472,12884901888
10665561,2566914048,12884901888
10671527,2566914048,12884901888
10677499,2567962624,12884901888
10683486,2570059776,12884901888
10689500,2570059776,12884901888
10695471,2570059776,12884901888
10701421,2571108352,12884901888
10707370,2498756608,12884901888
10713266,2502950912,12884901888
10719221,2503999488,12884901888
10725150,2518679552,12884901888
10731013,2524971008,12884901888
10736895,2492465152,12884901888
10742803,2619342848,12884901888
10748693,2534408192,12884901888
10754620,2531262464,12884901888
10760495,2519728128,12884901888
10766386,2535456768,12884901888
10772269,2536505344,12884901888
10778189,2557476864,12884901888
10784086,2606759936,12884901888
10789976,2507145216,12884901888
10795972,2582642688,12884901888
10801902,2558525440,12884901888
10807896,2532311040,12884901888
10813786,2507145216,12884901888
10819660,2532311040,12884901888
10825581,2642411520,12884901888
10831409,2536505344,12884901888
10837283,2518679552,12884901888
10843142,2535456768,12884901888
10849032,2507145216,12884901888
10854880,2535456768,12884901888
10860758,2520776704,12884901888
10866609,2533359616,12884901888
10872456,2623537152,12884901888
10878410,2631925760,12884901888
10884307,2581594112,12884901888
10890269,2582642688,12884901888
10896160,2656043008,12884901888
10902078,2584739840,12884901888
10907966,2584739840,12884901888
10913906,2584739840,12884901888
10919825,2588934144,12884901888
10925720,2496659456,12884901888
10931600,2560622592,12884901888
10937541,2533359616,12884901888
10943474,2636120064,12884901888
10949422,2585788416,12884901888
10955355,2585788416,12884901888
10961348,2565865472,12884901888
10967294,2501902336,12884901888
10973188,2522873856,12884901888
10979139,2619342848,12884901888
10985011,2514485248,12884901888
10990882,2497708032,12884901888
10996762,2495610880,12884901888
11002655,2496659456,12884901888
11008555,2496659456,12884901888
11014394,2497708032,12884901888
11020280,2497708032,12884901888
11026223,2497708032,12884901888
11032043,2528116736,12884901888
11037895,2944401408,12884901888
11043828,2918187008,12884901888
11049745,2913992704,12884901888
11055691,3062890496,12884901888
11061639,3034578944,12884901888
11067640,3106930688,12884901888
11073611,3156213760,12884901888
11079615,3215982592,12884901888
11085583,3257925632,12884901888
11091596,3291480064,12884901888
11097619,3321888768,12884901888
11103650,3322937344,12884901888
11109727,3212836864,12884901888
11115761,3180331008,12884901888
11121829,3423600640,12884901888
11127859,3625975808,12884901888
11133908,3513778176,12884901888
11139987,3387949056,12884901888
11146037,3707764736,12884901888
11152121,3545235456,12884901888
11158181,3369074688,12884901888
11164256,3810525184,12884901888
11170283,3390046208,12884901888
11176343,3829399552,12884901888
11182439,3516923904,12884901888
11188513,3815768064,12884901888
11194584,3545235456,12884901888
11200687,4409262080,12884901888
11206743,3621781504,12884901888
11212848,3803185152,12884901888
11218937,3418357760,12884901888
11224980,3806330880,12884901888
11231118,4764729344,12884901888
11237276,3930062848,12884901888
11243381,4227858432,12884901888
11249470,3455057920,12884901888
11255580,3843031040,12884901888
11261674,4257218560,12884901888
11267775,3553624064,12884901888
11273881,3868196864,12884901888
11280009,4579131392,12884901888
11286111,3307208704,12884901888
11292226,3818913792,12884901888
11298350,4569694208,12884901888
11304484,5138022400,12884901888
11310634,3613392896,12884901888
11316779,4444913664,12884901888
11322927,4423942144,12884901888
11329046,3417309184,12884901888
11335174,3858759680,12884901888
11341294,4730126336,12884901888
11347401,4561305600,12884901888
11353559,4253024256,12884901888
11359634,3207593984,12884901888
11365819,3826253824,12884901888
11371976,4463788032,12884901888
11378131,4537188352,12884901888
11384248,3456106496,12884901888
11390367,3933208576,12884901888
11396502,4370464768,12884901888
11402608,5633998848,12884901888
11408792,3517972480,12884901888
11414944,4260364288,12884901888
11421083,4337958912,12884901888
11427191,5451546624,12884901888
11433315,5581570048,12884901888
11439457,3415212032,12884901888
11445621,3987734528,12884901888
11451795,4439670784,12884901888
11457966,5362417664,12884901888
11464147,5712642048,12884901888
11470283,3347054592,12884901888
11476463,4178575360,12884901888
11482585,4349493248,12884901888
11488716,5357174784,12884901888
11494904,5423235072,12884901888
11501083,5708447744,12884901888
11507223,3600809984,12884901888
11513426,3978297344,12884901888
11519605,4368367616,12884901888
11525809,5349834752,12884901888
11531959,5665456128,12884901888
11538138,4549771264,12884901888
11544338,3759144960,12884901888
11550480,4378853376,12884901888
11556638,4820303872,12884901888
11562784,5433720832,12884901888
11568940,5688524800,12884901888
11575120,3263168512,12884901888
11581266,3994025984,12884901888
11587449,4844421120,12884901888
11593541,5405409280,12884901888
11599674,5384437760,12884901888
11605832,6489636864,12884901888
11612018,7147094016,12884901888
11618165,3564109824,12884901888
11624356,4046454784,12884901888
11630527,4880072704,12884901888
11636681,5460983808,12884901888
11642868,5702156288,12884901888
11649058,6380584960,12884901888
11655283,7412383744,12884901888
11661437,3307208704,12884901888
11667632,3978297344,12884901888
11673818,4544528384,12884901888
11679992,4746903552,12884901888
11686124,6031409152,12884901888
11692302,3620732928,12884901888
11698520,4044357632,12884901888
11704758,4493148160,12884901888
11710954,5021630464,12884901888
11717139,5421137920,12884901888
11723292,3889168384,12884901888
11729464,4298113024,12884901888
11735649,4699717632,12884901888
11741829,5181014016,12884901888
11748002,6308233216,12884901888
11754186,3800039424,12884901888
11760334,4216324096,12884901888
11766538,5250220032,12884901888
11772724,5820645376,12884901888
11778908,5955911680,12884901888
11785035,3849322496,12884901888
11791218,4448059392,12884901888
11797429,4559208448,12884901888
11803598,5340397568,12884901888
11809809,5895094272,12884901888
11815956,3558866944,12884901888
11822114,4045406208,12884901888
11828301,4546625536,12884901888
11834508,5605687296,12884901888
11840704,5565841408,12884901888
11846896,4218421248,12884901888
11853092,4282384384,12884901888
11859291,4447010816,12884901888
11865490,4701814784,12884901888
11871679,5510266880,12884901888
11877852,5565841408,12884901888
11884055,5732564992,12884901888
11890316,3900702720,12884901888
11896501,4722786304,12884901888
11902710,4953473024,12884901888
11908898,5428477952,12884901888
11915105,5472518144,12884901888
11921328,5533335552,12884901888
11927505,3103784960,12884901888
11933605,3087007744,12884901888
11939729,3688890368,12884901888
11945944,4620025856,12884901888
11952119,4777312256,12884901888
11958310,5586812928,12884901888
11964486,5812256768,12884901888
11970706,3433037824,12884901888
11976910,3925868544,12884901888
11983111,4722786304,12884901888
11989315,4650434560,12884901888
11995504,5484052480,12884901888
12001726,5738856448,12884901888
12007963,3349151744,12884901888
12014224,4141875200,12884901888
12020447,4545576960,12884901888
12026656,4966055936,12884901888
12032882,5730467840,12884901888
12039094,5910822912,12884901888
12045268,3064987648,12884901888
12051423,3542089728,12884901888
12057613,4004511744,12884901888
12063803,4622123008,12884901888
12070041,5600444416,12884901888
12076239,5502926848,12884901888
12082432,6865027072,12884901888
12088635,3193962496,12884901888
12094855,3999268864,12884901888
12101088,4350541824,12884901888
12107245,5024776192,12884901888
12113435,5367660544,12884901888
12119661,5499781120,12884901888
12125916,6247415808,12884901888
12132158,3543138304,12884901888
12138371,4310695936,12884901888
12144606,4531945472,12884901888
12150814,5302648832,12884901888
12157044,5401214976,12884901888
12163266,5500829696,12884901888
12169474,6399459328,12884901888
12175802,3589275648,12884901888
12182015,4270850048,12884901888
12188227,4520411136,12884901888
12194450,5361369088,12884901888
12200687,5392826368,12884901888
12206915,5815402496,12884901888
12213119,8407482368,12884901888
12219354,3379560448,12884901888
12225590,4008706048,12884901888
12231800,4543479808,12884901888
12238026,5373952000,12884901888
12244233,5491392512,12884901888
12250483,5805965312,12884901888
12256723,7690256384,12884901888
12262968,6537871360,12884901888
12269257,3493855232,12884901888
12275465,4351590400,12884901888
12281700,4728029184,12884901888
12287940,5208276992,12884901888
12294177,5838471168,12884901888
12300406,6209667072,12884901888
12306617,6954156032,12884901888
12312861,6919553024,12884901888
12319158,3461349376,12884901888
12325383,4076863488,12884901888
12331622,4916772864,12884901888
12337841,5264900096,12884901888
12344080,5559549952,12884901888
12350322,5701107712,12884901888
12356551,7361003520,12884901888
12362782,6622806016,12884901888
12369036,3586129920,12884901888
12375237,4076863488,12884901888
12381489,4560257024,12884901888
12387718,5154799616,12884901888
12393924,5819596800,12884901888
12400157,6019874816,12884901888
12406413,3192913920,12884901888
12412720,3787456512,12884901888
12418936,4582277120,12884901888
12425153,4683988992,12884901888
12431363,5469372416,12884901888
12437611,5770313728,12884901888
12443868,5912920064,12884901888
12450131,5089787904,12884901888
12456421,3737124864,12884901888
12462690,4188012544,12884901888
12468956,4804575232,12884901888
12475217,5365563392,12884901888
12481449,5661261824,12884901888
12487682,5870977024,12884901888
12493936,5658116096,12884901888
12500236,3288334336,12884901888
12506518,4191158272,12884901888
12512796,4336910336,12884901888
12519060,4889509888,12884901888
12525286,5392826368,12884901888
12531540,5866782720,12884901888
12537800,7105150976,12884901888
12544062,4358930432,12884901888
12550309,3749707776,12884901888
12556567,4223664128,12884901888
12562805,4979687424,12884901888
12569079,4890558464,12884901888
12575364,5831131136,12884901888
12581600,5862588416,12884901888
12587896,7648313344,12884901888
12594188,3450863616,12884901888
12600461,4110417920,12884901888
12606717,5049942016,12884901888
12612982,4846518272,12884901888
12619249,5580521472,12884901888
12625528,5894045696,12884901888
12631766,6092226560,12884901888
12637995,5545918464,12884901888
12644289,3808428032,12884901888
12650527,4453302272,12884901888
12656792,4816109568,12884901888
12663033,5093982208,12884901888
12669275,5728370688,12884901888
12675553,6514802688,12884901888
12681825,4349493248,12884901888
12688199,3683647488,12884901888
12694442,4261412864,12884901888
12700730,4749000704,12884901888
12706992,5193596928,12884901888
12713274,5354029056,12884901888
12719574,5925502976,12884901888
12725814,5217714176,12884901888
12732205,3587178496,12884901888
12738456,4186963968,12884901888
12744742,4614782976,12884901888
12751032,5186256896,12884901888
12757319,5436866560,12884901888
12763579,5533335552,12884901888
12769854,5771362304,12884901888
12776232,3279945728,12884901888
12782537,4029677568,12884901888
12788815,4837081088,12884901888
12795100,5512364032,12884901888
12801398,5328863232,12884901888
12807692,5840568320,12884901888
12813942,6642728960,12884901888
12820195,3490709504,12884901888
12826467,3333423104,12884901888
12832715,3129999360,12884901888
12838940,3119513600,12884901888
12845188,3929014272,12884901888
12851477,4412407808,12884901888
12857740,4844421120,12884901888
12863999,5337251840,12884901888
12870265,5743050752,12884901888
12876581,5965348864,12884901888
12882799,6726615040,12884901888
12889181,3260022784,12884901888
12895441,4148166656,12884901888
12901746,4435476480,12884901888
12908008,5015339008,12884901888
12914323,5449449472,12884901888
12920637,6036652032,12884901888
12926961,6080692224,12884901888
12933205,3538944000,12884901888
12939491,3645898752,12884901888
12945809,4003463168,12884901888
12952104,4551868416,12884901888
12958359,5069864960,12884901888
12964601,5436866560,12884901888
12970869,5579472896,12884901888
12977111,6441402368,12884901888
12983384,3635412992,12884901888
12989676,3654287360,12884901888
12995978,4136632320,12884901888
13002218,4805623808,12884901888
13008555,4965007360,12884901888
13014851,5619318784,12884901888
13021151,5788139520,12884901888
13027496,7451181056,12884901888
13033744,4472176640,12884901888
13040067,3144679424,12884901888
13046258,3144679424,12884901888
13052481,3769630720,12884901888
13058797,4157603840,12884901888
13065087,4728029184,12884901888
13071405,5082447872,12884901888
13077701,5229248512,12884901888
13084004,6043992064,12884901888
13090299,6197084160,12884901888
13096651,3751804928,12884901888
13103029,3391094784,12884901888
13109365,3996123136,12884901888
13115605,4308598784,12884901888
13121898,4750049280,12884901888
13128189,5063573504,12884901888
13134460,5253365760,12884901888
13140746,6132072448,12884901888
13147046,3221225472,12884901888
13153295,3706716160,12884901888
13159608,4419747840,12884901888
13165894,4555014144,12884901888
13172205,4977590272,12884901888
13178496,4971298816,12884901888
13184785,5351931904,12884901888
13191050,5026873344,12884901888
13197464,3489660928,12884901888
13203771,3932160000,12884901888
13210069,4229955584,12884901888
13216376,5203034112,12884901888
13222700,4902092800,12884901888
13229059,5135925248,12884901888
13235379,5230297088,12884901888
13241676,3522166784,12884901888
13247939,3169845248,12884901888
13254120,3169845248,12884901888
13260337,3169845248,12884901888
13266927,3986685952,12884901888
13273216,4637851648,12884901888
13279525,5192548352,12884901888
13285889,5006950400,12884901888
13292191,5464129536,12884901888
13298514,5802819584,12884901888
13304826,6884950016,12884901888
13311088,3189768192,12884901888
13317457,4009754624,12884901888
13323790,4580179968,12884901888
13330117,4605345792,12884901888
13336467,4947181568,12884901888
13342811,5041553408,12884901888
13349147,5467275264,12884901888
13355490,5615124480,12884901888
13361915,3401580544,12884901888
13368199,3232759808,12884901888
13374425,3750756352,12884901888
13380755,4180672512,12884901888
13387092,4561305600,12884901888
13393419,4883218432,12884901888
13399760,5001707520,12884901888
13406096,5259657216,12884901888
13412407,3458203648,12884901888
13418798,3585081344,12884901888
13425131,4011851776,12884901888
13431468,4632608768,12884901888
13437778,5149556736,12884901888
13444105,5073010688,12884901888
13450457,5210374144,12884901888
13456782,6650068992,12884901888
13463114,3331325952,12884901888
13469413,3873439744,12884901888
13475749,4342153216,12884901888
13482076,4583325696,12884901888
13488401,4955570176,12884901888
13494756,5101322240,12884901888
13501134,6708789248,12884901888
13507501,3296722944,12884901888
13513803,3872391168,12884901888
13520155,4434427904,12884901888
13526481,4831838208,12884901888
13532806,4831838208,12884901888
13539158,5028970496,12884901888
13545507,6613368832,12884901888
13551860,3333423104,12884901888
13558152,3832545280,12884901888
13564485,4337958912,12884901888
13570835,4814012416,12884901888
13577210,4860149760,12884901888
13583576,5271191552,12884901888
13589896,5642387456,12884901888
13596242,3611295744,12884901888
13602608,4003463168,12884901888
13608968,4460642304,12884901888
13615328,4830789632,12884901888
13621655,4889509888,12884901888
13627992,5054136320,12884901888
13634281,3189768192,12884901888
13640609,3137339392,12884901888
13646869,3137339392,12884901888
13653269,3929014272,12884901888
13659639,4543479808,12884901888
13665996,4747952128,12884901888
13672311,4831838208,12884901888
13678668,4909432832,12884901888
13685014,3974103040,12884901888
13691428,3751804928,12884901888
13697767,3310354432,12884901888
13704101,3349151744,12884901888
13710093,3313500160,12884901888
13716550,3142582272,12884901888
13722832,3436183552,12884901888
13729448,2990538752,12884901888
13735729,2994733056,12884901888
13742021,3032481792,12884901888
13748354,2984247296,12884901888
13754742,3012558848,12884901888
13761132,3010461696,12884901888
13767429,3784310784,12884901888
13773787,3782213632,12884901888
13780112,3783262208,12884901888
13786449,3789553664,12884901888
13792787,3798990848,12884901888
13799142,3794796544,12884901888
13805549,3796893696,12884901888
13811920,3796893696,12884901888
13818295,3786407936,12884901888
13824695,3798990848,12884901888
13831073,3801088000,12884901888
13837446,3801088000,12884901888
13843832,3804233728,12884901888
13850232,3807379456,12884901888
13856605,3808428032,12884901888
13863090,3810525184,12884901888
13869424,3812622336,12884901888
13875745,3813670912,12884901888
13882180,3903848448,12884901888
13888520,4145020928,12884901888
13894904,3816816640,12884901888
13901225,3816816640,12884901888
13907542,3816816640,12884901888
13913859,3816816640,12884901888
13920176,3816816640,12884901888
13926485,3816816640,12884901888
13932799,3816816640,12884901888
13939109,3816816640,12884901888
13945409,3816816640,12884901888
13951681,4140826624,12884901888
13958110,3943694336,12884901888
13964571,3857711104,12884901888
13970848,3857711104,12884901888
13977140,3857711104,12884901888
13983419,3857711104,12884901888
13989746,3857711104,12884901888
13996041,3857711104,12884901888
14002332,3857711104,12884901888
14008684,3857711104,12884901888
14014974,3857711104,12884901888
14021353,3936354304,12884901888
14027849,3945791488,12884901888
14034142,3809476608,12884901888
14040444,3809476608,12884901888
14046760,3809476608,12884901888
14053055,3809476608,12884901888
14059377,3809476608,12884901888
14065702,3809476608,12884901888
14072021,3809476608,12884901888
14078304,4069523456,12884901888
14084593,3791650816,12884901888
14090876,3791650816,12884901888
14097205,3791650816,12884901888
14103484,3791650816,12884901888
14109827,3791650816,12884901888
14116108,3791650816,12884901888
14122376,3791650816,12884901888
14128646,3791650816,12884901888
14134924,3791650816,12884901888
14141243,3775922176,12884901888
14147587,3775922176,12884901888
14153853,3775922176,12884901888
14160136,3775922176,12884901888
14166409,3775922176,12884901888
14172729,3775922176,12884901888
14179024,3775922176,12884901888
14185328,3775922176,12884901888
14191644,3775922176,12884901888
14197945,3775922176,12884901888
14204246,3775922176,12884901888
14210517,3771727872,12884901888
14216838,3771727872,12884901888
14223182,3771727872,12884901888
14229511,3771727872,12884901888
14235845,3771727872,12884901888
14242180,3771727872,12884901888
14248535,3771727872,12884901888
14254834,3771727872,12884901888
14261138,3783262208,12884901888
14267456,3768582144,12884901888
14273752,3768582144,12884901888
14280030,3768582144,12884901888
14286294,3768582144,12884901888
14292627,3768582144,12884901888
14298946,3768582144,12884901888
14305259,3768582144,12884901888
14311547,3768582144,12884901888
14317877,3768582144,12884901888
14324225,3773825024,12884901888
14330554,3773825024,12884901888
14336841,3773825024,12884901888
14343166,3773825024,12884901888
14349421,3773825024,12884901888
14355735,3773825024,12884901888
14362017,3773825024,12884901888
14368314,3773825024,12884901888
14374626,3773825024,12884901888
14380938,3963617280,12884901888
14387248,3770679296,12884901888
14393540,3770679296,12884901888
14399831,3770679296,12884901888
14406148,3770679296,12884901888
14412423,3770679296,12884901888
14418723,3770679296,12884901888
14425071,3770679296,12884901888
14431392,3770679296,12884901888
14437665,3770679296,12884901888
14443988,3794796544,12884901888
14450302,3783262208,12884901888
14456633,3783262208,12884901888
14462952,3783262208,12884901888
14469304,3783262208,12884901888
14475587,3783262208,12884901888
14481903,3783262208,12884901888
14488172,3783262208,12884901888
14494495,3783262208,12884901888
14500854,3783262208,12884901888
14507167,4161798144,12884901888
14513657,4089446400,12884901888
14519998,4085252096,12884901888
14526325,4085252096,12884901888
14532656,4085252096,12884901888
14538972,4085252096,12884901888
14545217,4085252096,12884901888
14551486,4085252096,12884901888
14557780,4085252096,12884901888
14564092,4085252096,12884901888
14570433,4013948928,12884901888
14576721,4009754624,12884901888
14583047,4009754624,12884901888
14589328,4009754624,12884901888
14595592,4009754624,12884901888
14601837,4009754624,12884901888
14608117,4009754624,12884901888
14614394,4009754624,12884901888
14620663,4009754624,12884901888
14626961,4087349248,12884901888
14633253,4012900352,12884901888
14639548,4012900352,12884901888
14645882,4012900352,12884901888
14652192,4012900352,12884901888
14658526,4012900352,12884901888
14664793,4012900352,12884901888
14671062,4012900352,12884901888
14677361,4012900352,12884901888
14683642,4012900352,12884901888
14689961,4016046080,12884901888
14696239,4008706048,12884901888
14702519,4008706048,12884901888
14708788,4008706048,12884901888
14715082,4008706048,12884901888
14721401,4008706048,12884901888
14727701,4008706048,12884901888
14733988,4008706048,12884901888
14740278,4008706048,12884901888
14746584,4257218560,12884901888
14752937,4019191808,12884901888
14759221,4018143232,12884901888
14765524,4018143232,12884901888
14771822,4018143232,12884901888
14778131,4018143232,12884901888
14784378,4018143232,12884901888
14790648,4018143232,12884901888
14796939,4018143232,12884901888
14803232,4018143232,12884901888
14809528,4076863488,12884901888
14815886,4054843392,12884901888
14822222,4054843392,12884901888
14828532,4054843392,12884901888
14834826,4054843392,12884901888
14841102,4054843392,12884901888
14847392,4054843392,12884901888
14853699,4054843392,12884901888
14859971,4054843392,12884901888
14866272,4054843392,12884901888
14872579,4047503360,12884901888
14878899,4047503360,12884901888
14885193,4047503360,12884901888
14891475,4047503360,12884901888
14897758,4047503360,12884901888
14904067,4047503360,12884901888
14910358,4047503360,12884901888
14916679,4047503360,12884901888
14922987,4047503360,12884901888
14929285,4047503360,12884901888
14935617,4037017600,12884901888
14941903,4033871872,12884901888
14948178,4033871872,12884901888
14954471,4033871872,12884901888
14960778,4033871872,12884901888
14967057,4033871872,12884901888
14973310,4033871872,12884901888
14979654,4033871872,12884901888
14985980,4033871872,12884901888
14992238,4033871872,12884901888
14998548,4033871872,12884901888
15004886,4033871872,12884901888
15011181,4033871872,12884901888
15017570,4033871872,12884901888
15023876,4033871872,12884901888
15030145,4033871872,12884901888
15036452,4033871872,12884901888
15042766,4033871872,12884901888
15049035,4033871872,12884901888
15055317,4041211904,12884901888
15061583,4041211904,12884901888
15067838,4041211904,12884901888
15074137,4041211904,12884901888
15080410,4041211904,12884901888
15086670,4041211904,12884901888
15092965,4041211904,12884901888
15099307,4041211904,12884901888
15105635,4041211904,12884901888
15111892,4283432960,12884901888
15118233,4037017600,12884901888
15124519,4037017600,12884901888
15130784,4037017600,12884901888
15137048,4037017600,12884901888
15143399,4037017600,12884901888
15149684,4037017600,12884901888
15155994,4037017600,12884901888
15162251,4037017600,12884901888
15168535,4037017600,12884901888
15174780,4059037696,12884901888
15181072,4042260480,12884901888
15187401,4042260480,12884901888
15193700,4042260480,12884901888
15200023,4042260480,12884901888
15206350,4042260480,12884901888
15212638,4042260480,12884901888
15218917,4042260480,12884901888
15225217,4042260480,12884901888
15231517,4042260480,12884901888
15237823,4049600512,12884901888
15244128,4028628992,12884901888
15250442,4028628992,12884901888
15256727,4028628992,12884901888
15262985,4028628992,12884901888
15269355,4028628992,12884901888
15275663,4028628992,12884901888
15281937,4028628992,12884901888
15288238,4028628992,12884901888
15294539,4184866816,12884901888
15300815,4035969024,12884901888
15307139,4035969024,12884901888
15313431,4035969024,12884901888
15319736,4035969024,12884901888
15326073,4035969024,12884901888
15332363,4035969024,12884901888
15338637,4035969024,12884901888
15344951,4035969024,12884901888
15351242,4035969024,12884901888
15357553,4037017600,12884901888
15363844,4037017600,12884901888
15370074,4037017600,12884901888
15376356,4037017600,12884901888
15382608,4037017600,12884901888
15388937,4037017600,12884901888
15395288,4037017600,12884901888
15401627,4037017600,12884901888
15407976,4037017600,12884901888
15414259,4037017600,12884901888
15420576,4025483264,12884901888
15426911,4023386112,12884901888
15433229,4023386112,12884901888
15439567,4023386112,12884901888
15445857,4023386112,12884901888
15452145,4023386112,12884901888
15458475,4023386112,12884901888
15464797,4023386112,12884901888
15471118,4023386112,12884901888
15477495,4042260480,12884901888
15483876,4035969024,12884901888
15490135,4035969024,12884901888
15496482,4035969024,12884901888
15502769,4035969024,12884901888
15509071,4035969024,12884901888
15515351,4035969024,12884901888
15521674,4035969024,12884901888
15527969,4035969024,12884901888
15534234,4035969024,12884901888
15540551,4057989120,12884901888
15546860,4040163328,12884901888
15553113,4040163328,12884901888
15559426,4040163328,12884901888
15565709,4040163328,12884901888
15571962,4040163328,12884901888
15578271,4040163328,12884901888
15584561,4040163328,12884901888
15590850,4040163328,12884901888
15597195,4287627264,12884901888
15603496,4022337536,12884901888
15609782,4022337536,12884901888
15616085,4022337536,12884901888
15622405,4022337536,12884901888
15628690,4022337536,12884901888
15634946,4022337536,12884901888
15641240,4022337536,12884901888
15647547,4022337536,12884901888
15653835,4022337536,12884901888
15660157,4023386112,12884901888
15666479,4023386112,12884901888
15672746,4023386112,12884901888
15679026,4023386112,12884901888
15685353,4023386112,12884901888
15691662,4023386112,12884901888
15697987,4023386112,12884901888
15704262,4023386112,12884901888
15710556,4023386112,12884901888
15716836,4023386112,12884901888
15723162,4027580416,12884901888
15729447,4024434688,12884901888
15735767,4024434688,12884901888
15742049,4024434688,12884901888
15748345,4024434688,12884901888
15754678,4024434688,12884901888
15760988,4024434688,12884901888
15767296,4024434688,12884901888
15773598,4024434688,12884901888
15779912,4043309056,12884901888
15786207,4027580416,12884901888
15792473,4027580416,12884901888
15798768,4027580416,12884901888
15805061,4027580416,12884901888
15811337,4027580416,12884901888
15817660,4027580416,12884901888
15823960,4027580416,12884901888
15830285,4027580416,12884901888
15836537,4027580416,12884901888
15842861,4040163328,12884901888
15849135,4027580416,12884901888
15855455,4027580416,12884901888
15861760,4027580416,12884901888
15868081,4027580416,12884901888
15874402,4027580416,12884901888
15880702,4027580416,12884901888
15886993,4027580416,12884901888
15893285,4027580416,12884901888
15899595,4027580416,12884901888
15905926,4034920448,12884901888
15912236,4031774720,12884901888
15918593,4031774720,12884901888
15924930,4031774720,12884901888
15931252,4031774720,12884901888
15937534,4031774720,12884901888
15943838,4031774720,12884901888
15950134,4031774720,12884901888
15956409,4031774720,12884901888
15962726,4288675840,12884901888
15969220,4218421248,12884901888
15975544,4218421248,12884901888
15981851,4218421248,12884901888
15988162,4218421248,12884901888
15994484,4218421248,12884901888
16000817,4218421248,12884901888
16007142,4218421248,12884901888
16013467,4218421248,12884901888
16019784,4218421248,12884901888
16026112,4185915392,12884901888
16032442,4185915392,12884901888
16038775,4185915392,12884901888
16045084,4185915392,12884901888
16051383,4185915392,12884901888
16057694,4185915392,12884901888
16064017,4185915392,12884901888
16070367,4185915392,12884901888
16076685,4185915392,12884901888
16083027,4185915392,12884901888
16089381,4176478208,12884901888
16095697,4174381056,12884901888
16102013,4174381056,12884901888
16108332,4174381056,12884901888
16114658,4174381056,12884901888
16120977,4174381056,12884901888
16127260,4174381056,12884901888
16133577,4174381056,12884901888
16139891,4174381056,12884901888
16146258,4156555264,12884901888
16152575,4156555264,12884901888
16158861,4156555264,12884901888
16165158,4156555264,12884901888
16171491,4156555264,12884901888
16177804,4156555264,12884901888
16184111,4156555264,12884901888
16190427,4156555264,12884901888
16196745,4156555264,12884901888
16203059,4156555264,12884901888
16209331,4149215232,12884901888
16215620,4148166656,12884901888
16221880,4148166656,12884901888
16228210,4148166656,12884901888
16234506,4148166656,12884901888
16240793,4148166656,12884901888
16247069,4148166656,12884901888
16253336,4148166656,12884901888
16259596,4148166656,12884901888
16265899,4416602112,12884901888
16272224,4157603840,12884901888
16278527,4157603840,12884901888
16284799,4157603840,12884901888
16291122,4157603840,12884901888
16297428,4157603840,12884901888
16303738,4157603840,12884901888
16310036,4157603840,12884901888
16316312,4157603840,12884901888
16322590,4157603840,12884901888
16328883,4243587072,12884901888
16335276,4236247040,12884901888
16341604,4221566976,12884901888
16347919,4221566976,12884901888
16354229,4221566976,12884901888
16360531,4221566976,12884901888
16366819,4221566976,12884901888
16373113,4221566976,12884901888
16379417,4221566976,12884901888
16385731,4221566976,12884901888
16392061,4303355904,12884901888
16398404,4205838336,12884901888
16404751,4203741184,12884901888
16411028,4203741184,12884901888
16417358,4203741184,12884901888
16423660,4203741184,12884901888
16429985,4203741184,12884901888
16436321,4203741184,12884901888
16442644,4203741184,12884901888
16448945,4434427904,12884901888
16455317,4217372672,12884901888
16461641,4216324096,12884901888
16467960,4216324096,12884901888
16474279,4216324096,12884901888
16480614,4216324096,12884901888
16486912,4216324096,12884901888
16493233,4216324096,12884901888
16499566,4216324096,12884901888
16505884,4216324096,12884901888
16512197,4404019200,12884901888
16518529,4202692608,12884901888
16524789,4202692608,12884901888
16531031,4202692608,12884901888
16537301,4202692608,12884901888
16543605,4202692608,12884901888
16549878,4202692608,12884901888
16556145,4202692608,12884901888
16562408,4202692608,12884901888
16568711,4202692608,12884901888
16575012,4349493248,12884901888
16581293,4185915392,12884901888
16587577,4184866816,12884901888
16593843,4184866816,12884901888
16600065,4184866816,12884901888
16606343,4184866816,12884901888
16612624,4184866816,12884901888
16618918,4184866816,12884901888
16625171,4184866816,12884901888
16631494,4474273792,12884901888
16637734,4202692608,12884901888
16644017,4202692608,12884901888
16650326,4202692608,12884901888
16656633,4202692608,12884901888
16662936,4202692608,12884901888
16669251,4202692608,12884901888
16675559,4202692608,12884901888
16681913,4202692608,12884901888
16688235,4202692608,12884901888
16694560,4253024256,12884901888
16700826,4185915392,12884901888
16707109,4183818240,12884901888
16713409,4183818240,12884901888
16719694,4183818240,12884901888
16725957,4183818240,12884901888
16732235,4183818240,12884901888
16738534,4183818240,12884901888
16744854,4183818240,12884901888
16751147,4183818240,12884901888
16757522,4315938816,12884901888
16763927,4254072832,12884901888
16770214,4254072832,12884901888
16776493,4254072832,12884901888
16782758,4254072832,12884901888
16789008,4254072832,12884901888
16795235,4254072832,12884901888
16801499,4254072832,12884901888
16807763,4254072832,12884901888
16814041,4553965568,12884901888
16820346,4222615552,12884901888
16826679,4222615552,12884901888
16832943,4222615552,12884901888
16839236,4222615552,12884901888
16845516,4222615552,12884901888
16851775,4222615552,12884901888
16858035,4222615552,12884901888
16864268,4222615552,12884901888
16870568,4222615552,12884901888
16876868,4333764608,12884901888
16883108,4222615552,12884901888
16889358,4221566976,12884901888
16895626,4221566976,12884901888
16901934,4221566976,12884901888
16908224,4221566976,12884901888
16914493,4221566976,12884901888
16920791,4221566976,12884901888
16927092,4221566976,12884901888
16933382,4221566976,12884901888
16939674,4319084544,12884901888
16945974,4224712704,12884901888
16952304,4223664128,12884901888
16958592,4221566976,12884901888
16964921,4221566976,12884901888
16971232,4221566976,12884901888
16977557,4221566976,12884901888
16983857,4221566976,12884901888
16990148,4221566976,12884901888
16996463,4500488192,12884901888
17002728,4222615552,12884901888
17009023,4221566976,12884901888
17015287,4221566976,12884901888
17021580,4221566976,12884901888
17027907,4221566976,12884901888
17034197,4221566976,12884901888
17040495,4221566976,12884901888
17046782,4221566976,12884901888
17053059,4221566976,12884901888
17059400,4256169984,12884901888
17065706,4234149888,12884901888
17072029,4229955584,12884901888
17078307,4229955584,12884901888
17084606,4229955584,12884901888
17090912,4229955584,12884901888
17097247,4229955584,12884901888
17103556,4229955584,12884901888
17109889,4229955584,12884901888
17116184,4229955584,12884901888
17122507,4219469824,12884901888
17128855,4218421248,12884901888
17135184,4216324096,12884901888
17141514,4216324096,12884901888
17147855,4216324096,12884901888
17154163,4216324096,12884901888
17160482,4216324096,12884901888
17166798,4216324096,12884901888
17173090,4216324096,12884901888
17179386,4325376000,12884901888
17185687,4232052736,12884901888
17191998,4228907008,12884901888
17198263,4227858432,12884901888
17204576,4227858432,12884901888
17210909,4227858432,12884901888
17217221,4227858432,12884901888
17223517,4227858432,12884901888
17229802,4227858432,12884901888
17236110,4227858432,12884901888
17242369,4375707648,12884901888
17248636,4226809856,12884901888
17254953,4226809856,12884901888
17261287,4226809856,12884901888
17267597,4226809856,12884901888
17273869,4226809856,12884901888
17280204,4226809856,12884901888
17286495,4226809856,12884901888
17292846,4226809856,12884901888
17299161,4493148160,12884901888
17305486,4225761280,12884901888
17311770,4224712704,12884901888
17318053,4224712704,12884901888
17324338,4224712704,12884901888
17330612,4224712704,12884901888
17336912,4224712704,12884901888
17343204,4224712704,12884901888
17349547,4224712704,12884901888
17355886,4224712704,12884901888
17362169,4309647360,12884901888
17368478,4223664128,12884901888
17374773,4221566976,12884901888
17381072,4221566976,12884901888
17387318,4221566976,12884901888
17393637,4221566976,12884901888
17399957,4221566976,12884901888
17406243,4221566976,12884901888
17412537,4221566976,12884901888
17418870,4221566976,12884901888
17425172,4311744512,12884901888
17431494,4214226944,12884901888
17437755,4212129792,12884901888
17444043,4212129792,12884901888
17450336,4212129792,12884901888
17456674,4212129792,12884901888
17462961,4212129792,12884901888
17469278,4212129792,12884901888
17475594,4212129792,12884901888
17481893,4510973952,12884901888
17488161,4233101312,12884901888
17494453,4233101312,12884901888
17500767,4233101312,12884901888
17507036,4233101312,12884901888
17513330,4233101312,12884901888
17519604,4233101312,12884901888
17525925,4233101312,12884901888
17532244,4233101312,12884901888
17538538,4233101312,12884901888
17544844,4326424576,12884901888
17551277,4308598784,12884901888
17557571,4308598784,12884901888
17563862,4308598784,12884901888
17570160,4308598784,12884901888
17576469,4308598784,12884901888
17582740,4308598784,12884901888
17589069,4308598784,12884901888
17595410,4308598784,12884901888
17601731,4308598784,12884901888
17608065,4297064448,12884901888
17614319,4297064448,12884901888
17620649,4297064448,12884901888
17626907,4297064448,12884901888
17633210,4297064448,12884901888
17639510,4297064448,12884901888
17645843,4297064448,12884901888
17652153,4297064448,12884901888
17658447,4297064448,12884901888
17664784,4530896896,12884901888
17671093,4275044352,12884901888
17677406,4275044352,12884901888
17683730,4275044352,12884901888
17690009,4275044352,12884901888
17696313,4275044352,12884901888
17702642,4275044352,12884901888
17708943,4275044352,12884901888
17715193,4275044352,12884901888
17721484,4275044352,12884901888
17727799,4283432960,12884901888
17734106,4283432960,12884901888
17740380,4283432960,12884901888
17746611,4283432960,12884901888
17752937,4283432960,12884901888
17759208,4283432960,12884901888
17765469,4283432960,12884901888
17771744,4283432960,12884901888
17778019,4283432960,12884901888
17784304,4283432960,12884901888
17790619,4269801472,12884901888
17796906,4266655744,12884901888
17803193,4266655744,12884901888
17809463,4266655744,12884901888
17815801,4266655744,12884901888
17822053,4266655744,12884901888
17828343,4266655744,12884901888
17834599,4266655744,12884901888
17840876,4266655744,12884901888
17847145,4542431232,12884901888
17853417,4269801472,12884901888
17859726,4269801472,12884901888
17866034,4269801472,12884901888
17872303,4269801472,12884901888
17878646,4269801472,12884901888
17884932,4269801472,12884901888
17891227,4269801472,12884901888
17897517,4269801472,12884901888
17903825,4269801472,12884901888
17910109,4270850048,12884901888
17916458,4270850048,12884901888
17922752,4270850048,12884901888
17929046,4270850048,12884901888
17935335,4270850048,12884901888
17941625,4270850048,12884901888
17947913,4270850048,12884901888
17954201,4270850048,12884901888
17960508,4270850048,12884901888
17966794,4270850048,12884901888
17973095,4261412864,12884901888
17979360,4261412864,12884901888
17985674,4261412864,12884901888
17992033,4261412864,12884901888
17998281,4261412864,12884901888
18004563,4261412864,12884901888
18010842,4261412864,12884901888
18017186,4261412864,12884901888
18023486,4261412864,12884901888
18029783,4268752896,12884901888
18036048,4268752896,12884901888
18042307,4268752896,12884901888
18048623,4268752896,12884901888
18054924,4268752896,12884901888
18061232,4268752896,12884901888
18067525,4268752896,12884901888
18073855,4268752896,12884901888
18080210,4268752896,12884901888
18086500,4268752896,12884901888
18092799,4258267136,12884901888
18099134,4258267136,12884901888
18105407,4258267136,12884901888
18111715,4258267136,12884901888
18118040,4258267136,12884901888
18124348,4258267136,12884901888
18130635,4258267136,12884901888
18136968,4258267136,12884901888
18143225,4258267136,12884901888
18149565,4464836608,12884901888
18155916,4277141504,12884901888
18162227,4276092928,12884901888
18168532,4276092928,12884901888
18174840,4276092928,12884901888
18181177,4276092928,12884901888
18187510,4276092928,12884901888
18193848,4276092928,12884901888
18200158,4276092928,12884901888
18206475,4276092928,12884901888
18212788,4256169984,12884901888
18219098,4256169984,12884901888
18225431,4256169984,12884901888
18231745,4256169984,12884901888
18238024,4256169984,12884901888
18244358,4256169984,12884901888
18250664,4256169984,12884901888
18256939,4256169984,12884901888
18263231,4256169984,12884901888
18269506,4256169984,12884901888
18275764,4276092928,12884901888
18282075,4276092928,12884901888
18288403,4276092928,12884901888
18294665,4276092928,12884901888
18300974,4276092928,12884901888
18307259,4276092928,12884901888
18313547,4276092928,12884901888
18319851,4276092928,12884901888
18326180,4276092928,12884901888
18332528,4423942144,12884901888
18338790,4260364288,12884901888
18345065,4260364288,12884901888
18351372,4260364288,12884901888
18357646,4260364288,12884901888
18363934,4260364288,12884901888
18370240,4260364288,12884901888
18376555,4260364288,12884901888
18382822,4260364288,12884901888
18389122,4260364288,12884901888
18395472,4268752896,12884901888
18401760,4268752896,12884901888
18408075,4268752896,12884901888
18414379,4268752896,12884901888
18420682,4268752896,12884901888
18426962,4268752896,12884901888
18433282,4268752896,12884901888
18439600,4268752896,12884901888
18445880,4268752896,12884901888
18452188,4268752896,12884901888
18458493,4273995776,12884901888
18464822,4271898624,12884901888
18471142,4271898624,12884901888
18477429,4271898624,12884901888
18483754,4271898624,12884901888
18490043,4271898624,12884901888
18496337,4271898624,12884901888
18502612,4271898624,12884901888
18508896,4271898624,12884901888
18515213,4268752896,12884901888
18521490,4268752896,12884901888
18527779,4268752896,12884901888
18534046,4268752896,12884901888
18540327,4268752896,12884901888
18546609,4268752896,12884901888
18552915,4268752896,12884901888
18559201,4268752896,12884901888
18565477,4268752896,12884901888
18571796,4268752896,12884901888
18578084,4254072832,12884901888
18584370,4254072832,12884901888
18590661,4254072832,12884901888
18596979,4254072832,12884901888
18603281,4254072832,12884901888
18609578,4254072832,12884901888
18615870,4254072832,12884901888
18622157,4254072832,12884901888
18628445,4254072832,12884901888
18634712,4475322368,12884901888
18641112,4268752896,12884901888
18647443,4267704320,12884901888
18653757,4267704320,12884901888
18660045,4267704320,12884901888
18666343,4267704320,12884901888
18672645,4267704320,12884901888
18678957,4267704320,12884901888
18685275,4267704320,12884901888
18691630,4267704320,12884901888
18697956,4259315712,12884901888
18704307,4259315712,12884901888
18710610,4259315712,12884901888
18716963,4259315712,12884901888
18723279,4259315712,12884901888
18729604,4259315712,12884901888
18735906,4259315712,12884901888
18742252,4259315712,12884901888
18748536,4259315712,12884901888
18754836,4259315712,12884901888
18761127,4267704320,12884901888
18767468,4264558592,12884901888
18773803,4264558592,12884901888
18780124,4264558592,12884901888
18786436,4264558592,12884901888
18792760,4264558592,12884901888
18799085,4264558592,12884901888
18805395,4264558592,12884901888
18811722,4264558592,12884901888
18818039,4271898624,12884901888
18824377,4271898624,12884901888
18830684,4271898624,12884901888
18836977,4271898624,12884901888
18843288,4271898624,12884901888
18849602,4271898624,12884901888
18855877,4271898624,12884901888
18862168,4271898624,12884901888
18868477,4271898624,12884901888
18874760,4271898624,12884901888
18881050,4267704320,12884901888
18887392,4267704320,12884901888
18893718,4267704320,12884901888
18900060,4267704320,12884901888
18906376,4267704320,12884901888
18912705,4267704320,12884901888
18919042,4267704320,12884901888
18925370,4267704320,12884901888
18931676,4267704320,12884901888
18937977,4500488192,12884901888
18944344,4256169984,12884901888
18950651,4256169984,12884901888
18956953,4256169984,12884901888
18963253,4256169984,12884901888
18969568,4256169984,12884901888
18975886,4256169984,12884901888
18982206,4256169984,12884901888
18988509,4256169984,12884901888
18994834,4256169984,12884901888
19001137,4267704320,12884901888
19007494,4267704320,12884901888
19013767,4267704320,12884901888
19020075,4267704320,12884901888
19026385,4267704320,12884901888
19032751,4267704320,12884901888
19039054,4267704320,12884901888
19045350,4267704320,12884901888
19051675,4267704320,12884901888
19057982,4267704320,12884901888
19064285,4264558592,12884901888
19070600,4260364288,12884901888
19076886,4260364288,12884901888
19083168,4260364288,12884901888
19089518,4260364288,12884901888
19095833,4260364288,12884901888
19102170,4260364288,12884901888
19108502,4260364288,12884901888
19114780,4260364288,12884901888
19121132,4442816512,12884901888
19127475,4272947200,12884901888
19133796,4272947200,12884901888
19140045,4272947200,12884901888
19146345,4272947200,12884901888
19152687,4272947200,12884901888
19159054,4272947200,12884901888
19165337,4272947200,12884901888
19171665,4272947200,12884901888
19177945,4272947200,12884901888
19184258,4272947200,12884901888
19190593,4271898624,12884901888
19196934,4271898624,12884901888
19203290,4271898624,12884901888
19209656,4271898624,12884901888
19215959,4271898624,12884901888
19222286,4271898624,12884901888
19228572,4271898624,12884901888
19234891,4271898624,12884901888
19241182,4271898624,12884901888
19247557,4268752896,12884901888
19253880,4267704320,12884901888
19260191,4267704320,12884901888
19266490,4267704320,12884901888
19272784,4267704320,12884901888
19279090,4267704320,12884901888
19285390,4267704320,12884901888
19291717,4267704320,12884901888
19298000,4267704320,12884901888
19304331,4639948800,12884901888
19310920,4393533440,12884901888
19317240,4393533440,12884901888
19323560,4393533440,12884901888
19329880,4393533440,12884901888
19336198,4393533440,12884901888
19342507,4393533440,12884901888
19348823,4393533440,12884901888
19355155,4393533440,12884901888
19361448,4393533440,12884901888
19367730,4378853376,12884901888
19374056,4357881856,12884901888
19380356,4357881856,12884901888
19386648,4357881856,12884901888
19392940,4357881856,12884901888
19399215,4357881856,12884901888
19405573,4357881856,12884901888
19411881,4357881856,12884901888
19418189,4357881856,12884901888
19424508,4357881856,12884901888
19430831,4340056064,12884901888
19437106,4336910336,12884901888
19443423,4336910336,12884901888
19449731,4336910336,12884901888
19456006,4336910336,12884901888
19462344,4336910336,12884901888
19468681,4336910336,12884901888
19474989,4336910336,12884901888
19481332,4336910336,12884901888
19487708,4416602112,12884901888
19494006,4327473152,12884901888
19500299,4327473152,12884901888
19506614,4327473152,12884901888
19512889,4327473152,12884901888
19519205,4327473152,12884901888
19525522,4327473152,12884901888
19531839,4327473152,12884901888
19538114,4327473152,12884901888
19544457,4327473152,12884901888
19550709,4343201792,12884901888
19557007,4328521728,12884901888
19563363,4328521728,12884901888
19569685,4328521728,12884901888
19576005,4328521728,12884901888
19582305,4328521728,12884901888
19588598,4328521728,12884901888
19594922,4328521728,12884901888
19601231,4328521728,12884901888
19607552,4569694208,12884901888
19613850,4324327424,12884901888
19620176,4324327424,12884901888
19626513,4324327424,12884901888
19632855,4324327424,12884901888
19639166,4324327424,12884901888
19645519,4324327424,12884901888
19651871,4324327424,12884901888
19658179,4324327424,12884901888
19664476,4324327424,12884901888
19670796,4355784704,12884901888
19677090,4337958912,12884901888
19683400,4337958912,12884901888
19689677,4337958912,12884901888
19695942,4337958912,12884901888
19702232,4337958912,12884901888
19708497,4337958912,12884901888
19714811,4337958912,12884901888
19721060,4337958912,12884901888
19727349,4337958912,12884901888
19733641,4327473152,12884901888
19739872,4325376000,12884901888
19746146,4325376000,12884901888
19752402,4325376000,12884901888
19758692,4325376000,12884901888
19764973,4325376000,12884901888
19771267,4325376000,12884901888
19777509,4325376000,12884901888
19783761,4325376000,12884901888
19789987,4423942144,12884901888
19796310,4323278848,12884901888
19802580,4323278848,12884901888
19808870,4323278848,12884901888
19815188,4323278848,12884901888
19821487,4323278848,12884901888
19827840,4323278848,12884901888
19834170,4323278848,12884901888
19840470,4323278848,12884901888
19846748,4323278848,12884901888
19853027,4358930432,12884901888
19859347,4328521728,12884901888
19865637,4328521728,12884901888
19871965,4328521728,12884901888
19878328,4328521728,12884901888
19884660,4328521728,12884901888
19891028,4328521728,12884901888
19897344,4328521728,12884901888
19903686,4328521728,12884901888
19910028,4328521728,12884901888
19916361,4318035968,12884901888
19922697,4314890240,12884901888
19929046,4314890240,12884901888
19935394,4314890240,12884901888
19941718,4314890240,12884901888
19948061,4314890240,12884901888
19954369,4314890240,12884901888
19960708,4314890240,12884901888
19967019,4314890240,12884901888
19973344,4348444672,12884901888
19979669,4327473152,12884901888
19986010,4327473152,12884901888
19992327,4327473152,12884901888
19998619,4327473152,12884901888
20004960,4327473152,12884901888
20011264,4327473152,12884901888
20017582,4327473152,12884901888
20023919,4327473152,12884901888
20030210,4327473152,12884901888
20036545,4327473152,12884901888
20042860,4323278848,12884901888
20049178,4323278848,12884901888
20055447,4323278848,12884901888
20061749,4323278848,12884901888
20068039,4323278848,12884901888
20074335,4323278848,12884901888
20080660,4323278848,12884901888
20086976,4323278848,12884901888
20093315,4404019200,12884901888
20099610,4328521728,12884901888
20105902,4328521728,12884901888
20112210,4328521728,12884901888
20118530,4328521728,12884901888
20124851,4328521728,12884901888
20131142,4328521728,12884901888
20137453,4328521728,12884901888
20143789,4328521728,12884901888
20150078,4328521728,12884901888
20156367,4344250368,12884901888
20162673,4319084544,12884901888
20168960,4315938816,12884901888
20175202,4315938816,12884901888
20181509,4315938816,12884901888
20187820,4315938816,12884901888
20194116,4315938816,12884901888
20200384,4315938816,12884901888
20206685,4315938816,12884901888
20213001,4315938816,12884901888
20219313,4324327424,12884901888
20225554,4320133120,12884901888
20231861,4320133120,12884901888
20238163,4320133120,12884901888
20244409,4320133120,12884901888
20250656,4320133120,12884901888
20256899,4320133120,12884901888
20263168,4320133120,12884901888
20269423,4320133120,12884901888
20275711,4346347520,12884901888
20281986,4330618880,12884901888
20288239,4327473152,12884901888
20294519,4327473152,12884901888
20300793,4327473152,12884901888
20307050,4327473152,12884901888
20313334,4327473152,12884901888
20319634,4327473152,12884901888
20325917,4327473152,12884901888
20332171,4327473152,12884901888
20338490,4362076160,12884901888
20344797,4346347520,12884901888
20351133,4346347520,12884901888
20357433,4346347520,12884901888
20363750,4346347520,12884901888
20370091,4346347520,12884901888
20376376,4346347520,12884901888
20382693,4346347520,12884901888
20389000,4346347520,12884901888
20395349,4548722688,12884901888
20401724,4336910336,12884901888
20408034,4335861760,12884901888
20414344,4335861760,12884901888
20420652,4335861760,12884901888
20426951,4335861760,12884901888
20433282,4335861760,12884901888
20439616,4335861760,12884901888
20445917,4335861760,12884901888
20452239,4335861760,12884901888
20458559,4410310656,12884901888
20464876,4328521728,12884901888
20471199,4328521728,12884901888
20477550,4328521728,12884901888
20483840,4328521728,12884901888
20490123,4328521728,12884901888
20496441,4328521728,12884901888
20502748,4328521728,12884901888
20509050,4328521728,12884901888
20515375,4328521728,12884901888
20521669,4341104640,12884901888
20528017,4336910336,12884901888
20534327,4336910336,12884901888
20540671,4336910336,12884901888
20546997,4336910336,12884901888
20553297,4336910336,12884901888
20559611,4336910336,12884901888
20565892,4336910336,12884901888
20572144,4336910336,12884901888
20578472,4418699264,12884901888
20584794,4321181696,12884901888
20591110,4320133120,12884901888
20597372,4320133120,12884901888
20603676,4320133120,12884901888
20609919,4320133120,12884901888
20616225,4320133120,12884901888
20622550,4320133120,12884901888
20628860,4320133120,12884901888
20635193,4320133120,12884901888
20641485,4337958912,12884901888
20647777,4324327424,12884901888
20654100,4323278848,12884901888
20660409,4323278848,12884901888
20666720,4323278848,12884901888
20672993,4323278848,12884901888
20679301,4323278848,12884901888
20685560,4323278848,12884901888
20691851,4323278848,12884901888
20698177,4323278848,12884901888
20704674,4325376000,12884901888
20710958,4323278848,12884901888
20717276,4323278848,12884901888
20723609,4323278848,12884901888
20729899,4323278848,12884901888
20736201,4323278848,12884901888
20742533,4323278848,12884901888
20748821,4323278848,12884901888
20755119,4323278848,12884901888
20761444,4343201792,12884901888
20767763,4329570304,12884901888
20774078,4329570304,12884901888
20780384,4329570304,12884901888
20786670,4329570304,12884901888
20792984,4329570304,12884901888
20799267,4329570304,12884901888
20805554,4329570304,12884901888
20811876,4329570304,12884901888
20818169,4329570304,12884901888
20824509,4349493248,12884901888
20830807,4335861760,12884901888
20837084,4332716032,12884901888
20843399,4332716032,12884901888
20849710,4332716032,12884901888
20855999,4332716032,12884901888
20862295,4332716032,12884901888
20868625,4332716032,12884901888
20874932,4332716032,12884901888
20881237,4596957184,12884901888
20887527,4341104640,12884901888
20893810,4341104640,12884901888
20900130,4341104640,12884901888
20906422,4341104640,12884901888
20912725,4341104640,12884901888
20919065,4341104640,12884901888
20925391,4341104640,12884901888
20931707,4341104640,12884901888
20938018,4341104640,12884901888
20944333,4334813184,12884901888
20950642,4319084544,12884901888
20956974,4319084544,12884901888
20963284,4319084544,12884901888
20969611,4319084544,12884901888
20975941,4319084544,12884901888
20982275,4319084544,12884901888
20988581,4319084544,12884901888
20994833,4319084544,12884901888
21001133,4319084544,12884901888
21007437,4332716032,12884901888
21013733,4331667456,12884901888
21020049,4331667456,12884901888
21026349,4331667456,12884901888
21032632,4331667456,12884901888
21038949,4331667456,12884901888
21045257,4331667456,12884901888
21051569,4331667456,12884901888
21057852,4331667456,12884901888
21064157,4341104640,12884901888
21070465,4324327424,12884901888
21076782,4324327424,12884901888
21083074,4324327424,12884901888
21089378,4324327424,12884901888
21095670,4324327424,12884901888
21101957,4324327424,12884901888
21108290,4324327424,12884901888
21114580,4324327424,12884901888
21120865,4324327424,12884901888
21127190,4344250368,12884901888
21133517,4333764608,12884901888
21139830,4332716032,12884901888
21146116,4332716032,12884901888
21152415,4332716032,12884901888
21158733,4332716032,12884901888
21165040,4332716032,12884901888
21171340,4332716032,12884901888
21177648,4332716032,12884901888
21183981,4593811456,12884901888
21190292,4324327424,12884901888
21196580,4323278848,12884901888
21202885,4323278848,12884901888
21209175,4323278848,12884901888
21215458,4323278848,12884901888
21221764,4323278848,12884901888
21228050,4323278848,12884901888
21234315,4323278848,12884901888
21240628,4323278848,12884901888
21246914,4346347520,12884901888
21253223,4336910336,12884901888
21259538,4335861760,12884901888
21265857,4335861760,12884901888
21272172,4335861760,12884901888
21278474,4335861760,12884901888
21284819,4335861760,12884901888
21291147,4335861760,12884901888
21297472,4335861760,12884901888
21303764,4335861760,12884901888
21310107,4331667456,12884901888
21316416,4328521728,12884901888
21322725,4328521728,12884901888
21329039,4328521728,12884901888
21335337,4328521728,12884901888
21341641,4328521728,12884901888
21347894,4328521728,12884901888
21354229,4328521728,12884901888
21360540,4328521728,12884901888
21366831,4432330752,12884901888
21373122,4335861760,12884901888
21379413,4335861760,12884901888
21385724,4335861760,12884901888
21392021,4335861760,12884901888
21398296,4335861760,12884901888
21404630,4335861760,12884901888
21410915,4335861760,12884901888
21417206,4335861760,12884901888
21423505,4335861760,12884901888
21429838,4410310656,12884901888
21436155,4323278848,12884901888
21442454,4323278848,12884901888
21448781,4323278848,12884901888
21455088,4323278848,12884901888
21461403,4323278848,12884901888
21467701,4323278848,12884901888
21473989,4323278848,12884901888
21480288,4323278848,12884901888
21486604,4323278848,12884901888
21492954,4474273792,12884901888
21499267,4457496576,12884901888
21505612,4447010816,12884901888
21511920,4447010816,12884901888
21518208,4447010816,12884901888
21524512,4447010816,12884901888
21530848,4447010816,12884901888
21537154,4447010816,12884901888
21543445,4447010816,12884901888
21549732,4701814784,12884901888
21555966,4398776320,12884901888
21562262,4398776320,12884901888
21568554,4398776320,12884901888
21574892,4398776320,12884901888
21581170,4398776320,12884901888
21587478,4398776320,12884901888
21593803,4398776320,12884901888
21600145,4398776320,12884901888
21606448,4398776320,12884901888
21612737,4402970624,12884901888
21619020,4401922048,12884901888
21625328,4401922048,12884901888
21631627,4401922048,12884901888
21637921,4401922048,12884901888
21644242,4401922048,12884901888
21650553,4401922048,12884901888
21656873,4401922048,12884901888
21663213,4401922048,12884901888
21669536,4401922048,12884901888
21675824,4409262080,12884901888
21682103,4406116352,12884901888
21688434,4406116352,12884901888
21694788,4406116352,12884901888
21701119,4406116352,12884901888
21707419,4406116352,12884901888
21713763,4406116352,12884901888
21720086,4406116352,12884901888
21726402,4406116352,12884901888
21732686,4415553536,12884901888
21738977,4415553536,12884901888
21745293,4415553536,12884901888
21751612,4415553536,12884901888
21757944,4415553536,12884901888
21764226,4415553536,12884901888
21770529,4415553536,12884901888
21776834,4415553536,12884901888
21783154,4415553536,12884901888
21789427,4415553536,12884901888
21795771,4651483136,12884901888
21802202,4496293888,12884901888
21808527,4496293888,12884901888
21814854,4496293888,12884901888
21821191,4496293888,12884901888
21827510,4496293888,12884901888
21833810,4496293888,12884901888
21840127,4496293888,12884901888
21846392,4496293888,12884901888
21852693,4496293888,12884901888
21858977,4466933760,12884901888
21865285,4461690880,12884901888
21871603,4461690880,12884901888
21877940,4461690880,12884901888
21884235,4461690880,12884901888
21890551,4461690880,12884901888
21896870,4461690880,12884901888
21903170,4461690880,12884901888
21909517,4461690880,12884901888
21915834,4470079488,12884901888
21922122,4456448000,12884901888
21928434,4455399424,12884901888
21934726,4455399424,12884901888
21941028,4455399424,12884901888
21947301,4455399424,12884901888
21953578,4455399424,12884901888
21959868,4455399424,12884901888
21966176,4455399424,12884901888
21972480,4455399424,12884901888
21978810,4461690880,12884901888
21985126,4441767936,12884901888
21991413,4440719360,12884901888
21997714,4440719360,12884901888
22004001,4440719360,12884901888
22010290,4440719360,12884901888
22016567,4440719360,12884901888
22022894,4440719360,12884901888
22029224,4440719360,12884901888
22035559,4435476480,12884901888
22041876,4457496576,12884901888
22048117,4457496576,12884901888
22054429,4457496576,12884901888
22060721,4457496576,12884901888
22066984,4457496576,12884901888
22073267,4457496576,12884901888
22079540,4457496576,12884901888
22085829,4457496576,12884901888
22092145,4457496576,12884901888
22098467,4466933760,12884901888
22104800,4443865088,12884901888
22111095,4440719360,12884901888
22117423,4440719360,12884901888
22123746,4440719360,12884901888
22130043,4440719360,12884901888
22136362,4440719360,12884901888
22142658,4440719360,12884901888
22148958,4440719360,12884901888
22155275,4440719360,12884901888
22161601,4523556864,12884901888
22167931,4442816512,12884901888
22174246,4442816512,12884901888
22180546,4442816512,12884901888
22186818,4442816512,12884901888
22193099,4442816512,12884901888
22199374,4442816512,12884901888
22205658,4442816512,12884901888
22211968,4442816512,12884901888
22218301,4681891840,12884901888
22224607,4442816512,12884901888
22230969,4442816512,12884901888
22237281,4442816512,12884901888
22243566,4442816512,12884901888
22249899,4442816512,12884901888
22256207,4442816512,12884901888
22262517,4442816512,12884901888
22268802,4442816512,12884901888
22275095,4442816512,12884901888
22281415,4546625536,12884901888
22287784,4522508288,12884901888
22294133,4522508288,12884901888
22300448,4522508288,12884901888
22306755,4522508288,12884901888
22313075,4522508288,12884901888
22319382,4522508288,12884901888
22325690,4522508288,12884901888
22331980,4522508288,12884901888
22338309,4522508288,12884901888
22344593,4515168256,12884901888
22350900,4515168256,12884901888
22357146,4515168256,12884901888
22363406,4515168256,12884901888
22369708,4515168256,12884901888
22375983,4515168256,12884901888
22382266,4515168256,12884901888
22388517,4515168256,12884901888
22394811,4515168256,12884901888
22401091,4769972224,12884901888
22407398,4512022528,12884901888
22413677,4512022528,12884901888
22419919,4512022528,12884901888
22426246,4512022528,12884901888
22432550,4512022528,12884901888
22438856,4512022528,12884901888
22445109,4512022528,12884901888
22451323,4512022528,12884901888
22457615,4512022528,12884901888
22463924,4487905280,12884901888
22470256,4487905280,12884901888
22476581,4487905280,12884901888
22482863,4487905280,12884901888
22489209,4487905280,12884901888
22495517,4487905280,12884901888
22501822,4487905280,12884901888
22508130,4487905280,12884901888
22514474,4487905280,12884901888
22520784,4487905280,12884901888
22527101,4493148160,12884901888
22533420,4493148160,12884901888
22539755,4493148160,12884901888
22546049,4493148160,12884901888
22552338,4493148160,12884901888
22558647,4493148160,12884901888
22564917,4493148160,12884901888
22571213,4493148160,12884901888
22577528,4493148160,12884901888
22583838,4749000704,12884901888
22590106,4486856704,12884901888
22596426,4486856704,12884901888
22602692,4486856704,12884901888
22608940,4486856704,12884901888
22615222,4486856704,12884901888
22621537,4486856704,12884901888
22627800,4486856704,12884901888
22634080,4486856704,12884901888
22640398,4486856704,12884901888
22646688,4486856704,12884901888
22652980,4486856704,12884901888
22659298,4486856704,12884901888
22665604,4486856704,12884901888
22671928,4486856704,12884901888
22678204,4486856704,12884901888
22684563,4486856704,12884901888
22690886,4486856704,12884901888
22697170,4486856704,12884901888
22703463,4486856704,12884901888
22709778,4494196736,12884901888
22716091,4488953856,12884901888
22722436,4488953856,12884901888
22728762,4488953856,12884901888
22735057,4488953856,12884901888
22741399,4488953856,12884901888
22747729,4488953856,12884901888
22754070,4488953856,12884901888
22760375,4488953856,12884901888
22766715,4487905280,12884901888
22773030,4487905280,12884901888
22779312,4487905280,12884901888
22785599,4487905280,12884901888
22791903,4487905280,12884901888
22798216,4487905280,12884901888
22804530,4487905280,12884901888
22810862,4487905280,12884901888
22817167,4487905280,12884901888
22823492,4487905280,12884901888
22829787,4482662400,12884901888
22836102,4482662400,12884901888
22842393,4482662400,12884901888
22848721,4482662400,12884901888
22855038,4482662400,12884901888
22861339,4482662400,12884901888
22867618,4482662400,12884901888
22873903,4482662400,12884901888
22880144,4482662400,12884901888
22886436,4864344064,12884901888
22892861,4581228544,12884901888
22899148,4578082816,12884901888
22905461,4578082816,12884901888
22911781,4578082816,12884901888
22918119,4578082816,12884901888
22924410,4578082816,12884901888
22930719,4578082816,12884901888
22937014,4578082816,12884901888
22943302,4578082816,12884901888
22949587,4570742784,12884901888
22955868,4552916992,12884901888
22962161,4552916992,12884901888
22968496,4552916992,12884901888
22974786,4552916992,12884901888
22981097,4552916992,12884901888
22987426,4552916992,12884901888
22993746,4552916992,12884901888
23000060,4552916992,12884901888
23006419,4552916992,12884901888
23012754,4559208448,12884901888
23019044,4558159872,12884901888
23025339,4558159872,12884901888
23031670,4558159872,12884901888
23037996,4558159872,12884901888
23044285,4558159872,12884901888
23050610,4558159872,12884901888
23056940,4558159872,12884901888
23063243,4558159872,12884901888
23069571,4807720960,12884901888
23075913,4556062720,12884901888
23082218,4555014144,12884901888
23088490,4555014144,12884901888
23094760,4555014144,12884901888
23101067,4555014144,12884901888
23107381,4555014144,12884901888
23113659,4555014144,12884901888
23119961,4555014144,12884901888
23126286,4555014144,12884901888
23132563,4562354176,12884901888
23138837,4550819840,12884901888
23145103,4549771264,12884901888
23151388,4549771264,12884901888
23157651,4549771264,12884901888
23163918,4549771264,12884901888
23170183,4549771264,12884901888
23176463,4549771264,12884901888
23182776,4549771264,12884901888
23189080,4549771264,12884901888
23195396,4568645632,12884901888
23201714,4556062720,12884901888
23208087,4555014144,12884901888
23214421,4555014144,12884901888
23220694,4555014144,12884901888
23227012,4555014144,12884901888
23233288,4555014144,12884901888
23239615,4555014144,12884901888
23245896,4555014144,12884901888
23252196,4799332352,12884901888
23258473,4538236928,12884901888
23264804,4538236928,12884901888
23271133,4538236928,12884901888
23277441,4538236928,12884901888
23283757,4538236928,12884901888
23290065,4538236928,12884901888
23296396,4538236928,12884901888
23302725,4538236928,12884901888
23309021,4538236928,12884901888
23315356,4527751168,12884901888
23321679,4527751168,12884901888
23327981,4526702592,12884901888
23334295,4526702592,12884901888
23340595,4526702592,12884901888
23346870,4526702592,12884901888
23353148,4526702592,12884901888
23359466,4526702592,12884901888
23365762,4526702592,12884901888
23372029,4526702592,12884901888
23378395,4537188352,12884901888
23384687,4531945472,12884901888
23390978,4531945472,12884901888
23397280,4531945472,12884901888
23403587,4531945472,12884901888
23409886,4531945472,12884901888
23416248,4531945472,12884901888
23422578,4531945472,12884901888
23428894,4531945472,12884901888
23435220,4553965568,12884901888
23441511,4541382656,12884901888
23447815,4541382656,12884901888
23454103,4541382656,12884901888
23460436,4541382656,12884901888
23466760,4541382656,12884901888
23473086,4541382656,12884901888
23479406,4541382656,12884901888
23485708,4541382656,12884901888
23492017,4541382656,12884901888
23498311,4546625536,12884901888
23504658,4534042624,12884901888
23510930,4534042624,12884901888
23517219,4534042624,12884901888
23523531,4534042624,12884901888
23529887,4534042624,12884901888
23536186,4534042624,12884901888
23542486,4534042624,12884901888
23548829,4534042624,12884901888
23555121,4812963840,12884901888
23561426,4536139776,12884901888
23567712,4536139776,12884901888
23574021,4536139776,12884901888
23580302,4536139776,12884901888
23586600,4536139776,12884901888
23592938,4536139776,12884901888
23599244,4536139776,12884901888
23605579,4536139776,12884901888
23611892,4536139776,12884901888
23618211,4531945472,12884901888
23624495,4532994048,12884901888
23630744,4531945472,12884901888
23637010,4531945472,12884901888
23643298,4531945472,12884901888
23649544,4531945472,12884901888
23655854,4531945472,12884901888
23662105,4531945472,12884901888
23668427,4531945472,12884901888
23674702,4531945472,12884901888
23681046,4643094528,12884901888
23687390,4639948800,12884901888
23693710,4639948800,12884901888
23699985,4639948800,12884901888
23706303,4639948800,12884901888
23712585,4639948800,12884901888
23718885,4639948800,12884901888
23725226,4639948800,12884901888
23731530,4639948800,12884901888
23737818,4882169856,12884901888
23744150,4596957184,12884901888
23750486,4595908608,12884901888
23756801,4595908608,12884901888
23763093,4595908608,12884901888
23769401,4595908608,12884901888
23775701,4595908608,12884901888
23782042,4595908608,12884901888
23788325,4595908608,12884901888
23794601,4595908608,12884901888
23800926,4599054336,12884901888
23807248,4599054336,12884901888
23813533,4599054336,12884901888
23819817,4599054336,12884901888
23826175,4599054336,12884901888
23832453,4599054336,12884901888
23838768,4599054336,12884901888
23845058,4599054336,12884901888
23851342,4599054336,12884901888
23857667,4599054336,12884901888
23863969,4601151488,12884901888
23870265,4598005760,12884901888
23876584,4598005760,12884901888
23882910,4598005760,12884901888
23889199,4598005760,12884901888
23895533,4598005760,12884901888
23901878,4598005760,12884901888
23908150,4598005760,12884901888
23914425,4598005760,12884901888
23920752,4747952128,12884901888
23926978,4587520000,12884901888
23933262,4587520000,12884901888
23939555,4587520000,12884901888
23945785,4587520000,12884901888
23952055,4587520000,12884901888
23958351,4587520000,12884901888
23964650,4587520000,12884901888
23970938,4587520000,12884901888
23977208,4587520000,12884901888
23983461,4591714304,12884901888
23989710,4591714304,12884901888
23995992,4591714304,12884901888
24002261,4591714304,12884901888
24008508,4591714304,12884901888
24014785,4591714304,12884901888
24021097,4591714304,12884901888
24027358,4591714304,12884901888
24033674,4591714304,12884901888
24039967,4591714304,12884901888
24046274,4590665728,12884901888
24052499,4586471424,12884901888
24058835,4586471424,12884901888
24065126,4586471424,12884901888
24071418,4586471424,12884901888
24077691,4586471424,12884901888
24084034,4586471424,12884901888
24090297,4586471424,12884901888
24096561,4586471424,12884901888
24102890,4577034240,12884901888
24109215,4577034240,12884901888
24115517,4577034240,12884901888
24121848,4577034240,12884901888
24128145,4577034240,12884901888
24134458,4577034240,12884901888
24140808,4577034240,12884901888
24147090,4577034240,12884901888
24153443,4577034240,12884901888
24159748,4577034240,12884901888
24166023,4575985664,12884901888
24172365,4575985664,12884901888
24178690,4575985664,12884901888
24185016,4575985664,12884901888
24191358,4575985664,12884901888
24197664,4575985664,12884901888
24203983,4575985664,12884901888
24210299,4575985664,12884901888
24216597,4575985664,12884901888
24222861,4571791360,12884901888
24229206,4588568576,12884901888
24235566,4588568576,12884901888
24241883,4588568576,12884901888
24248189,4588568576,12884901888
24254504,4588568576,12884901888
24260807,4588568576,12884901888
24267134,4588568576,12884901888
24273451,4588568576,12884901888
24279766,4588568576,12884901888
24286064,4961861632,12884901888
24292514,4834983936,12884901888
24298864,4729077760,12884901888
24305164,4729077760,12884901888
24311472,4729077760,12884901888
24317780,4729077760,12884901888
24324107,4729077760,12884901888
24330440,4729077760,12884901888
24336775,4729077760,12884901888
24343104,4729077760,12884901888
24349442,4651483136,12884901888
24355830,4651483136,12884901888
24362130,4651483136,12884901888
24368434,4651483136,12884901888
24374747,4651483136,12884901888
24381030,4651483136,12884901888
24387355,4651483136,12884901888
24393671,4651483136,12884901888
24400017,4651483136,12884901888
24406341,4875878400,12884901888
24412701,4633657344,12884901888
24419021,4633657344,12884901888
24425360,4633657344,12884901888
24431646,4633657344,12884901888
24437963,4633657344,12884901888
24444250,4633657344,12884901888
24450554,4633657344,12884901888
24456854,4633657344,12884901888
24463179,4633657344,12884901888
24469483,4774166528,12884901888
24475856,4752146432,12884901888
24482166,4752146432,12884901888
24488504,4752146432,12884901888
24494804,4752146432,12884901888
24501071,4752146432,12884901888
24507381,4752146432,12884901888
24513683,4752146432,12884901888
24519982,4752146432,12884901888
24526279,4752146432,12884901888
24532546,4715446272,12884901888
24538874,4715446272,12884901888
24545181,4715446272,12884901888
24551462,4715446272,12884901888
24557787,4715446272,12884901888
24564080,4715446272,12884901888
24570404,4715446272,12884901888
24576720,4715446272,12884901888
24582995,4715446272,12884901888
24589295,4915724288,12884901888
24595670,4712300544,12884901888
24601998,4711251968,12884901888
24608333,4711251968,12884901888
24614610,4711251968,12884901888
24620895,4711251968,12884901888
24627195,4711251968,12884901888
24633495,4711251968,12884901888
24639786,4711251968,12884901888
24646096,4711251968,12884901888
24652432,4725932032,12884901888
24658745,4703911936,12884901888
24665053,4703911936,12884901888
24671363,4703911936,12884901888
24677683,4703911936,12884901888
24683986,4703911936,12884901888
24690256,4703911936,12884901888
24696570,4703911936,12884901888
24702862,4703911936,12884901888
24709118,4703911936,12884901888
24715453,4698669056,12884901888
24721749,4698669056,12884901888
24728027,4698669056,12884901888
24734324,4698669056,12884901888
24740661,4698669056,12884901888
24747006,4698669056,12884901888
24753336,4698669056,12884901888
24759651,4698669056,12884901888
24765977,4698669056,12884901888
24772286,4973395968,12884901888
24778577,4702863360,12884901888
24784856,4702863360,12884901888
24791169,4702863360,12884901888
24797474,4702863360,12884901888
24803810,4702863360,12884901888
24810125,4702863360,12884901888
24816443,4702863360,12884901888
24822710,4702863360,12884901888
24829037,4702863360,12884901888
24835285,4704960512,12884901888
24841627,4693426176,12884901888
24847928,4693426176,12884901888
24854254,4693426176,12884901888
24860607,4693426176,12884901888
24866922,4693426176,12884901888
24873222,4693426176,12884901888
24879533,4693426176,12884901888
24885895,4693426176,12884901888
24892143,4693426176,12884901888
24898501,4697620480,12884901888
24904820,4693426176,12884901888
24911114,4693426176,12884901888
24917435,4693426176,12884901888
24923712,4693426176,12884901888
24929993,4693426176,12884901888
24936314,4693426176,12884901888
24942584,4693426176,12884901888
24948909,4693426176,12884901888
24955199,4706009088,12884901888
24961483,4707057664,12884901888
24967763,4706009088,12884901888
24974034,4706009088,12884901888
24980341,4706009088,12884901888
24986608,4706009088,12884901888
24992916,4706009088,12884901888
24999205,4706009088,12884901888
25005537,4706009088,12884901888
25011805,4706009088,12884901888
25018120,4714397696,12884901888
25024420,4690280448,12884901888
25030727,4690280448,12884901888
25037029,4690280448,12884901888
25043317,4690280448,12884901888
25049651,4690280448,12884901888
25055967,4690280448,12884901888
25062283,4690280448,12884901888
25068596,4690280448,12884901888
25074862,5066719232,12884901888
25081295,4829741056,12884901888
25087537,4814012416,12884901888
25093836,4814012416,12884901888
25100121,4814012416,12884901888
25106427,4814012416,12884901888
25112750,4814012416,12884901888
25119002,4814012416,12884901888
25125292,4814012416,12884901888
25131600,4814012416,12884901888
25137892,5118099456,12884901888
25144267,4860149760,12884901888
25150559,4860149760,12884901888
25156883,4860149760,12884901888
25163194,4860149760,12884901888
25169471,4860149760,12884901888
25175783,4860149760,12884901888
25182092,4860149760,12884901888
25188416,4860149760,12884901888
25194745,4860149760,12884901888
25201049,4803526656,12884901888
25207367,4778360832,12884901888
25213678,4778360832,12884901888
25219926,4778360832,12884901888
25226233,4778360832,12884901888
25232511,4778360832,12884901888
25238841,4778360832,12884901888
25245132,4778360832,12884901888
25251443,4778360832,12884901888
25257752,4778360832,12884901888
25264048,4806672384,12884901888
25270319,4787798016,12884901888
25276622,4787798016,12884901888
25282901,4787798016,12884901888
25289180,4787798016,12884901888
25295459,4787798016,12884901888
25301761,4787798016,12884901888
25308069,4787798016,12884901888
25314309,4787798016,12884901888
25320565,5018484736,12884901888
25326834,4788846592,12884901888
25333119,4788846592,12884901888
25339424,4788846592,12884901888
25345675,4788846592,12884901888
25351958,4788846592,12884901888
25358251,4788846592,12884901888
25364537,4788846592,12884901888
25370799,4788846592,12884901888
25377082,4788846592,12884901888
25383369,4802478080,12884901888
25389696,4785700864,12884901888
25396006,4785700864,12884901888
25402307,4785700864,12884901888
25408663,4785700864,12884901888
25414956,4785700864,12884901888
25421248,4785700864,12884901888
25427556,4785700864,12884901888
25433875,4785700864,12884901888
25440177,4785700864,12884901888
25446499,4785700864,12884901888
25452795,4781506560,12884901888
25459108,4781506560,12884901888
25465390,4781506560,12884901888
25471646,4781506560,12884901888
25477914,4781506560,12884901888
25484189,4781506560,12884901888
25490472,4781506560,12884901888
25496731,4781506560,12884901888
25503024,4937744384,12884901888
25509301,4788846592,12884901888
25515655,4788846592,12884901888
25521971,4788846592,12884901888
25528261,4788846592,12884901888
25534613,4788846592,12884901888
25540907,4788846592,12884901888
25547179,4788846592,12884901888
25553484,4788846592,12884901888
25559762,4788846592,12884901888
25566111,4809818112,12884901888
25572409,4776263680,12884901888
25578734,4775215104,12884901888
25585066,4775215104,12884901888
25591367,4775215104,12884901888
25597642,4775215104,12884901888
25603967,4775215104,12884901888
25610292,4775215104,12884901888
25616600,4775215104,12884901888
25622900,4775215104,12884901888
25629201,4798283776,12884901888
25635476,4793040896,12884901888
25641753,4793040896,12884901888
25648026,4793040896,12884901888
25654273,4793040896,12884901888
25660601,4793040896,12884901888
25666913,4793040896,12884901888
25673186,4793040896,12884901888
25679434,4793040896,12884901888
25685742,4809818112,12884901888
25692001,4788846592,12884901888
25698251,4788846592,12884901888
25704534,4788846592,12884901888
25710792,4788846592,12884901888
25717142,4788846592,12884901888
25723429,4788846592,12884901888
25729687,4788846592,12884901888
25735959,4788846592,12884901888
25742225,4788846592,12884901888
25748548,4795138048,12884901888
25754816,4776263680,12884901888
25761106,4776263680,12884901888
25767366,4776263680,12884901888
25773700,4776263680,12884901888
25780011,4776263680,12884901888
25786321,4776263680,12884901888
25792646,4776263680,12884901888
25798969,4776263680,12884901888
25805308,5025824768,12884901888
25811649,4783603712,12884901888
25817953,4782555136,12884901888
25824229,4782555136,12884901888
25830516,4782555136,12884901888
25836824,4782555136,12884901888
25843142,4782555136,12884901888
25849459,4782555136,12884901888
25855741,4782555136,12884901888
25862022,4782555136,12884901888
25868325,4783603712,12884901888
25874616,4784652288,12884901888
25880865,4783603712,12884901888
25887099,4783603712,12884901888
25893313,4783603712,12884901888
25899591,4783603712,12884901888
25905886,4783603712,12884901888
25912184,4783603712,12884901888
25918474,4783603712,12884901888
25924724,4783603712,12884901888
25931020,4779409408,12884901888
25937296,4779409408,12884901888
25943603,4779409408,12884901888
25949886,4779409408,12884901888
25956206,4779409408,12884901888
25962512,4779409408,12884901888
25968836,4779409408,12884901888
25975154,4779409408,12884901888
25981446,4779409408,12884901888
25987765,5056233472,12884901888
25994052,4777312256,12884901888
26000381,4777312256,12884901888
26006694,4777312256,12884901888
26012942,4777312256,12884901888
26019267,4777312256,12884901888
26025602,4777312256,12884901888
26031893,4777312256,12884901888
26038201,4777312256,12884901888
26044512,4777312256,12884901888
26050798,4818206720,12884901888
26057127,4788846592,12884901888
26063446,4788846592,12884901888
26069752,4788846592,12884901888
26076066,4788846592,12884901888
26082385,4788846592,12884901888
26088710,4788846592,12884901888
26095028,4788846592,12884901888
26101303,4788846592,12884901888
26107591,4788846592,12884901888
26113898,4779409408,12884901888
26120205,4775215104,12884901888
26126518,4775215104,12884901888
26132818,4775215104,12884901888
26139101,4775215104,12884901888
26145401,4775215104,12884901888
26151718,4775215104,12884901888
26158000,4775215104,12884901888
26164339,4775215104,12884901888
26170683,4802478080,12884901888
26176976,4784652288,12884901888
26183198,4784652288,12884901888
26189459,4784652288,12884901888
26195735,4784652288,12884901888
26202065,4784652288,12884901888
26208383,4784652288,12884901888
26214692,4784652288,12884901888
26221021,4784652288,12884901888
26227357,4784652288,12884901888
26233669,4776263680,12884901888
26239980,4777312256,12884901888
26246286,4776263680,12884901888
26252630,4776263680,12884901888
26258944,4776263680,12884901888
26265242,4776263680,12884901888
26271510,4776263680,12884901888
26277836,4776263680,12884901888
26284135,4776263680,12884901888
26290467,4838129664,12884901888
26296877,4894752768,12884901888
26303267,4863295488,12884901888
26309567,4863295488,12884901888
26315891,4863295488,12884901888
26322216,4863295488,12884901888
26328533,4863295488,12884901888
26334860,4863295488,12884901888
26341174,4863295488,12884901888
26347475,4863295488,12884901888
26353803,4919918592,12884901888
26360073,4843372544,12884901888
26366357,4839178240,12884901888
26372663,4839178240,12884901888
26378938,4839178240,12884901888
26385203,4839178240,12884901888
26391498,4839178240,12884901888
26397779,4839178240,12884901888
26404113,4839178240,12884901888
26410386,4839178240,12884901888
26416698,4853858304,12884901888
26422980,4831838208,12884901888
26429237,4829741056,12884901888
26435528,4829741056,12884901888
26441803,4829741056,12884901888
26448070,4829741056,12884901888
26454343,4829741056,12884901888
26460644,4829741056,12884901888
26466952,4829741056,12884901888
26473251,4829741056,12884901888
26479565,4834983936,12884901888
26485853,4833935360,12884901888
26492145,4833935360,12884901888
26498478,4833935360,12884901888
26504669,4833935360,12884901888
26510865,4833935360,12884901888
26517016,4833935360,12884901888
26523168,4833935360,12884901888
26529332,4833935360,12884901888
26535487,5059379200,12884901888
26541603,4838129664,12884901888
26547743,4838129664,12884901888
26553861,4838129664,12884901888
26560111,4838129664,12884901888
26566286,4838129664,12884901888
26572493,4838129664,12884901888
26578779,4838129664,12884901888
26584909,4838129664,12884901888
26591089,4838129664,12884901888
26597260,4903141376,12884901888
26603429,4838129664,12884901888
26609564,4838129664,12884901888
26615727,4838129664,12884901888
26621840,4838129664,12884901888
26628013,4838129664,12884901888
26634189,4838129664,12884901888
26640348,4838129664,12884901888
26646508,4838129664,12884901888
26652663,4838129664,12884901888
26658815,4911529984,12884901888
26664960,4830789632,12884901888
26671134,4828692480,12884901888
26677305,4828692480,12884901888
26683479,4828692480,12884901888
26689636,4828692480,12884901888
26695866,4828692480,12884901888
26702043,4828692480,12884901888
26708214,4828692480,12884901888
26714384,4828692480,12884901888
26720558,4840226816,12884901888
26726696,4821352448,12884901888
26732868,4820303872,12884901888
26739037,4820303872,12884901888
26745208,4820303872,12884901888
26751435,4820303872,12884901888
26757621,4820303872,12884901888
26763862,4820303872,12884901888
26770031,4820303872,12884901888
26776191,4820303872,12884901888
26782363,4820303872,12884901888
26788616,4816109568,12884901888
26794906,4815060992,12884901888
26801093,4815060992,12884901888
26807258,4815060992,12884901888
26813388,4815060992,12884901888
26819539,4815060992,12884901888
26825676,4815060992,12884901888
26831877,4815060992,12884901888
26838034,5042601984,12884901888
26844221,4819255296,12884901888
26850383,4819255296,12884901888
26856549,4819255296,12884901888
26862701,4819255296,12884901888
26868866,4819255296,12884901888
26875026,4819255296,12884901888
26881189,4819255296,12884901888
26887346,4819255296,12884901888
26893611,4819255296,12884901888
26899798,4911529984,12884901888
26905951,4806672384,12884901888
26912126,4806672384,12884901888
26918277,4806672384,12884901888
26924428,4806672384,12884901888
26930675,4806672384,12884901888
26936912,4806672384,12884901888
26943071,4806672384,12884901888
26949232,4806672384,12884901888
26955386,4806672384,12884901888
26961559,4890558464,12884901888
26967818,4815060992,12884901888
26974014,4815060992,12884901888
26980199,4815060992,12884901888
26986466,4815060992,12884901888
26992671,4815060992,12884901888
26998827,4815060992,12884901888
27005034,4815060992,12884901888
27011287,4815060992,12884901888
27017419,4815060992,12884901888
27023645,4828692480,12884901888
27029915,4819255296,12884901888
27036208,4815060992,12884901888
27042412,4815060992,12884901888
27048656,4815060992,12884901888
27054857,4815060992,12884901888
27061087,4815060992,12884901888
27067316,4815060992,12884901888
27073557,4815060992,12884901888
27079717,4815060992,12884901888
27085866,4805623808,12884901888
27092037,4803526656,12884901888
27098187,4801429504,12884901888
27104339,4801429504,12884901888
27110497,4801429504,12884901888
27116764,4801429504,12884901888
27122914,4801429504,12884901888
27129118,4801429504,12884901888
27135311,4801429504,12884901888
27141573,5076156416,12884901888
27147847,4821352448,12884901888
27154031,4820303872,12884901888
27160256,4820303872,12884901888
27166717,4820303872,12884901888
27173078,4820303872,12884901888
27179420,4820303872,12884901888
27185782,4820303872,12884901888
27192071,4820303872,12884901888
27198435,4820303872,12884901888
27204726,4827643904,12884901888
27211018,4815060992,12884901888
27217418,4815060992,12884901888
27223804,4815060992,12884901888
27230137,4815060992,12884901888
27236372,4815060992,12884901888
27242623,4815060992,12884901888
27249022,4815060992,12884901888
27255218,4815060992,12884901888
