timestamp_ms,value
6879,0
6883,100
6889,200
6894,300
6898,400
6902,500
6906,600
6910,700
6913,800
6918,900
6921,1000
7233,1100
7239,1200
7248,1300
7252,1400
7260,1500
7264,1600
7268,1700
7271,1800
7276,1900
7279,2000
7543,2100
7550,2200
7555,2300
7558,2400
7566,2500
7570,2600
7574,2700
7578,2800
7581,2900
7586,3000
7852,3100
7863,3200
7871,3300
7876,3400
7881,3500
7886,3600
7890,3700
7894,3800
7898,3900
7903,4000
8157,4100
8161,4200
8166,4300
8170,4400
8174,4500
8178,4600
8182,4700
8186,4800
8190,4900
8194,5000
8511,5100
8515,5200
8519,5300
8523,5400
8528,5500
8531,5600
8539,5700
8543,5800
8547,5900
8551,6000
8810,6100
8814,6200
8818,6300
8823,6400
8827,6500
8831,6600
8835,6700
8839,6800
8843,6900
8847,7000
9107,7100
9111,7200
9114,7300
9119,7400
9122,7500
9127,7600
9131,7700
9138,7800
9143,7900
9147,8000
9424,8100
9428,8200
9432,8300
9437,8400
9441,8500
9445,8600
9449,8700
9453,8800
9457,8900
9461,9000
9723,9100
9727,9200
9731,9300
9739,9400
9747,9500
9751,9600
9754,9700
9759,9800
9762,9900
9766,10000
10109,10100
10113,10200
10117,10300
10122,10400
10126,10500
10130,10600
10134,10700
10138,10800
10141,10900
10145,11000
10431,11100
10435,11200
10442,11300
10446,11400
10450,11500
10459,11600
10463,11700
10468,11800
10472,11900
10476,12000
10742,12100
10746,12200
10749,12300
10753,12400
10756,12500
10760,12600
10763,12700
10766,12800
10770,12900
10773,13000
11102,13100
11106,13200
11110,13300
11113,13400
11121,13500
11128,13600
11132,13700
11136,13800
11144,13900
11148,14000
11410,14100
11415,14200
11420,14300
11424,14400
11429,14500
11432,14600
11436,14700
11440,14800
11444,14900
11448,15000
11728,15100
11740,15200
11748,15300
11756,15400
11760,15500
11764,15600
11767,15700
11771,15800
11775,15900
11779,16000
12105,16100
12108,16200
12112,16300
12116,16400
12120,16500
12125,16600
12129,16700
12132,16800
12136,16900
12140,17000
12385,17100
12389,17200
12394,17300
12399,17400
12404,17500
12411,17600
12420,17700
12428,17800
12432,17900
12437,18000
12735,18100
12738,18200
12742,18300
12746,18400
12750,18500
12754,18600
12758,18700
12762,18800
12766,18900
12770,19000
13208,19100
13212,19200
13216,19300
13220,19400
13224,19500
13228,19600
13232,19700
13236,19800
13240,19900
13244,20000
13492,20100
13500,20200
13508,20300
13515,20400
13527,20500
13536,20600
13540,20700
13545,20800
13549,20900
13553,21000
13868,21100
13876,21200
13883,21300
13887,21400
13891,21500
13895,21600
13902,21700
13905,21800
13910,21900
13914,22000
14258,22100
14262,22200
14265,22300
14269,22400
14274,22500
14278,22600
14282,22700
14286,22800
14290,22900
14294,23000
14542,23100
14546,23200
14550,23300
14555,23400
14559,23500
14562,23600
14565,23700
14568,23800
14572,23900
14575,24000
14838,24100
14847,24200
14854,24300
14862,24400
14866,24500
14878,24600
14886,24700
14890,24800
14895,24900
14899,25000
15183,25100
15191,25200
15195,25300
15206,25400
15211,25500
15222,25600
15227,25700
15234,25800
15236,25900
15244,26000
15542,26100
15546,26200
15551,26300
15555,26400
15559,26500
15562,26600
15567,26700
15571,26800
15575,26900
15579,27000
15832,27100
15836,27200
15840,27300
15845,27400
15849,27500
15853,27600
15857,27700
15862,27800
15865,27900
15870,28000
16118,28100
16126,28200
16130,28300
16134,28400
16142,28500
16147,28600
16151,28700
16154,28800
16159,28900
16163,29000
16449,29100
16453,29200
16456,29300
16460,29400
16464,29500
16469,29600
16479,29700
16487,29800
16490,29900
16494,30000
16859,30100
16864,30200
16869,30300
16873,30400
16877,30500
16882,30600
16886,30700
16890,30800
16894,30900
16898,31000
17227,31100
17230,31200
17235,31300
17239,31400
17243,31500
17247,31600
17252,31700
17256,31800
17260,31900
17263,32000
17515,32100
17521,32200
17525,32300
17529,32400
17537,32500
17541,32600
17545,32700
17553,32800
17557,32900
17561,33000
17865,33100
17877,33200
17885,33300
17889,33400
17897,33500
17900,33600
17904,33700
17908,33800
17915,33900
17922,34000
18247,34100
18254,34200
18262,34300
18267,34400
18271,34500
18278,34600
18282,34700
18287,34800
18294,34900
18298,35000
18561,35100
18565,35200
18570,35300
18574,35400
18579,35500
18583,35600
18587,35700
18591,35800
18596,35900
18600,36000
18872,36100
18877,36200
18882,36300
18887,36400
18892,36500
18897,36600
18901,36700
18905,36800
18910,36900
18914,37000
19245,37100
19250,37200
19254,37300
19258,37400
19264,37500
19268,37600
19276,37700
19280,37800
19284,37900
19292,38000
19832,38100
19836,38200
19840,38300
19844,38400
19849,38500
19853,38600
19857,38700
19861,38800
19865,38900
19869,39000
20142,39100
20146,39200
20151,39300
20156,39400
20161,39500
20165,39600
20170,39700
20174,39800
20178,39900
20182,40000
20440,40100
20446,40200
20450,40300
20454,40400
20459,40500
20463,40600
20467,40700
20471,40800
20476,40900
20480,41000
20746,41100
20750,41200
20758,41300
20761,41400
20765,41500
20770,41600
20774,41700
20777,41800
20781,41900
20786,42000
21130,42100
21134,42200
21141,42300
21150,42400
21157,42500
21165,42600
21168,42700
21171,42800
21176,42900
21180,43000
21510,43100
21514,43200
21518,43300
21523,43400
21527,43500
21531,43600
21535,43700
21540,43800
21544,43900
21548,44000
21922,44100
21927,44200
21931,44300
21936,44400
21940,44500
21944,44600
21948,44700
21953,44800
21957,44900
21961,45000
22210,45100
22214,45200
22218,45300
22226,45400
22229,45500
22234,45600
22243,45700
22255,45800
22260,45900
22264,46000
22583,46100
22586,46200
22589,46300
22597,46400
22601,46500
22609,46600
22618,46700
22625,46800
22633,46900
22637,47000
22909,47100
22913,47200
22918,47300
22922,47400
22926,47500
22931,47600
22935,47700
22939,47800
22944,47900
22947,48000
23200,48100
23204,48200
23208,48300
23213,48400
23217,48500
23221,48600
23226,48700
23230,48800
23234,48900
23238,49000
23546,49100
23562,49200
23565,49300
23572,49400
23580,49500
23584,49600
23588,49700
23596,49800
23608,49900
23613,50000
23868,50100
23877,50200
23885,50300
23893,50400
23901,50500
23908,50600
23917,50700
23924,50800
23933,50900
23940,51000
24200,51100
24206,51200
24212,51300
24217,51400
24222,51500
24227,51600
24232,51700
24243,51800
24248,51900
24253,52000
24584,52100
24589,52200
24594,52300
24599,52400
24603,52500
24609,52600
24614,52700
24619,52800
24624,52900
24629,53000
24910,53100
24918,53200
24926,53300
24934,53400
24938,53500
24943,53600
24952,53700
24956,53800
24960,53900
24965,54000
25232,54100
25237,54200
25241,54300
25246,54400
25251,54500
25259,54600
25267,54700
25272,54800
25279,54900
25284,55000
25629,55100
25634,55200
25638,55300
25644,55400
25648,55500
25653,55600
25658,55700
25663,55800
25669,55900
25674,56000
25949,56100
25955,56200
25961,56300
25967,56400
25973,56500
25978,56600
25982,56700
25987,56800
25993,56900
25997,57000
26264,57100
26269,57200
26278,57300
26285,57400
26294,57500
26305,57600
26313,57700
26318,57800
26332,57900
26337,58000
26636,58100
26644,58200
26653,58300
26658,58400
26667,58500
26676,58600
26685,58700
26689,58800
26694,58900
26699,59000
26956,59100
26963,59200
26970,59300
26976,59400
26981,59500
26987,59600
26992,59700
26998,59800
27003,59900
27009,60000
27381,60100
27386,60200
27392,60300
27397,60400
27404,60500
27410,60600
27415,60700
27421,60800
27427,60900
27433,61000
27745,61100
27754,61200
27763,61300
27768,61400
27773,61500
27779,61600
27787,61700
27795,61800
27804,61900
27817,62000
28083,62100
28090,62200
28099,62300
28106,62400
28114,62500
28124,62600
28134,62700
28142,62800
28151,62900
28158,63000
28459,63100
28466,63200
28473,63300
28480,63400
28486,63500
28493,63600
28498,63700
28504,63800
28509,63900
28515,64000
28832,64100
28837,64200
28843,64300
28848,64400
28854,64500
28859,64600
28864,64700
28870,64800
28875,64900
28881,65000
29347,65100
29352,65200
29357,65300
29362,65400
29368,65500
29377,65600
29386,65700
29394,65800
29402,65900
29411,66000
29681,66100
29692,66200
29702,66300
29710,66400
29717,66500
29726,66600
29737,66700
29745,66800
29753,66900
29760,67000
30048,67100
30056,67200
30073,67300
30088,67400
30096,67500
30103,67600
30110,67700
30117,67800
30125,67900
30133,68000
30460,68100
30467,68200
30474,68300
30481,68400
30489,68500
30498,68600
30504,68700
30512,68800
30519,68900
30527,69000
30777,69100
30787,69200
30797,69300
30812,69400
30820,69500
30833,69600
30840,69700
30849,69800
30858,69900
30867,70000
31155,70100
31164,70200
31173,70300
31185,70400
31194,70500
31203,70600
31212,70700
31222,70800
31233,70900
31238,71000
31489,71100
31496,71200
31503,71300
31510,71400
31515,71500
31521,71600
31527,71700
31533,71800
31539,71900
31545,72000
31865,72100
31872,72200
31878,72300
31886,72400
31892,72500
31899,72600
31906,72700
31914,72800
31921,72900
31926,73000
32254,73100
32261,73200
32269,73300
32277,73400
32285,73500
32292,73600
32299,73700
32306,73800
32314,73900
32324,74000
32613,74100
32618,74200
32625,74300
32634,74400
32641,74500
32650,74600
32659,74700
32669,74800
32679,74900
32689,75000
32928,75100
32936,75200
32943,75300
32950,75400
32957,75500
32963,75600
32969,75700
32975,75800
32982,75900
32988,76000
33292,76100
33300,76200
33306,76300
33313,76400
33319,76500
33326,76600
33332,76700
33339,76800
33346,76900
33353,77000
33691,77100
33699,77200
33709,77300
33716,77400
33727,77500
33735,77600
33742,77700
33750,77800
33756,77900
33761,78000
34003,78100
34010,78200
34018,78300
34025,78400
34033,78500
34042,78600
34052,78700
34059,78800
34070,78900
34077,79000
34318,79100
34325,79200
34331,79300
34340,79400
34348,79500
34355,79600
34362,79700
34368,79800
34375,79900
34382,80000
34726,80100
34732,80200
34738,80300
34746,80400
34753,80500
34759,80600
34765,80700
34772,80800
34779,80900
34787,81000
35053,81100
35062,81200
35073,81300
35081,81400
35090,81500
35102,81600
35113,81700
35121,81800
35132,81900
35141,82000
35491,82100
35498,82200
35512,82300
35519,82400
35525,82500
35532,82600
35541,82700
35553,82800
35560,82900
35568,83000
35869,83100
35878,83200
35886,83300
35895,83400
35903,83500
35912,83600
35920,83700
35927,83800
35935,83900
35942,84000
36220,84100
36227,84200
36236,84300
36243,84400
36251,84500
36258,84600
36265,84700
36273,84800
36280,84900
36287,85000
36620,85100
36626,85200
36638,85300
36643,85400
36648,85500
36658,85600
36665,85700
36674,85800
36679,85900
36688,86000
36944,86100
36952,86200
36961,86300
36975,86400
36984,86500
36992,86600
37000,86700
37009,86800
37018,86900
37028,87000
37282,87100
37290,87200
37300,87300
37306,87400
37315,87500
37322,87600
37329,87700
37337,87800
37345,87900
37354,88000
37676,88100
37685,88200
37692,88300
37698,88400
37705,88500
37712,88600
37718,88700
37724,88800
37731,88900
37739,89000
38002,89100
38011,89200
38018,89300
38026,89400
38030,89500
38040,89600
38048,89700
38056,89800
38061,89900
38070,90000
38604,90100
38610,90200
38617,90300
38624,90400
38630,90500
38638,90600
38644,90700
38651,90800
38658,90900
38665,91000
38963,91100
38969,91200
38976,91300
38983,91400
38988,91500
38994,91600
39000,91700
39007,91800
39013,91900
39020,92000
39281,92100
39296,92200
39304,92300
39310,92400
39317,92500
39324,92600
39330,92700
39341,92800
39359,92900
39378,93000
39714,93100
39724,93200
39730,93300
39738,93400
39746,93500
39754,93600
39770,93700
39788,93800
39799,93900
39809,94000
40094,94100
40105,94200
40113,94300
40120,94400
40128,94500
40137,94600
40145,94700
40152,94800
40163,94900
40174,95000
40487,95100
40496,95200
40503,95300
40511,95400
40517,95500
40525,95600
40531,95700
40538,95800
40545,95900
40552,96000
40878,96100
40887,96200
40896,96300
40904,96400
40912,96500
40919,96600
40926,96700
40934,96800
40943,96900
40952,97000
41294,97100
41310,97200
41318,97300
41329,97400
41340,97500
41353,97600
41361,97700
41374,97800
41382,97900
41391,98000
41651,98100
41662,98200
41675,98300
41684,98400
41696,98500
41709,98600
41716,98700
41726,98800
41738,98900
41748,99000
42081,99100
42090,99200
42100,99300
42110,99400
42120,99500
42129,99600
42137,99700
42146,99800
42155,99900
42163,100000
42456,100100
42465,100200
42474,100300
42482,100400
42489,100500
42499,100600
42507,100700
42516,100800
42527,100900
42539,101000
42887,101100
42899,101200
42908,101300
42919,101400
42932,101500
42943,101600
42953,101700
42965,101800
42976,101900
42987,102000
43234,102100
43249,102200
43258,102300
43267,102400
43280,102500
43292,102600
43301,102700
43312,102800
43326,102900
43335,103000
43813,103100
43822,103200
43833,103300
43844,103400
43854,103500
43863,103600
43873,103700
43883,103800
43894,103900
43906,104000
44229,104100
44240,104200
44252,104300
44264,104400
44275,104500
44286,104600
44296,104700
44307,104800
44317,104900
44328,105000
44620,105100
44632,105200
44644,105300
44661,105400
44673,105500
44686,105600
44697,105700
44711,105800
44721,105900
44733,106000
45097,106100
45110,106200
45120,106300
45129,106400
45137,106500
45147,106600
45155,106700
45164,106800
45173,106900
45183,107000
45430,107100
45442,107200
45456,107300
45471,107400
45484,107500
45498,107600
45510,107700
45523,107800
45535,107900
45548,108000
46002,108100
46016,108200
46029,108300
46040,108400
46052,108500
46063,108600
46076,108700
46089,108800
46102,108900
46115,109000
46373,109100
46388,109200
46398,109300
46419,109400
46434,109500
46450,109600
46462,109700
46474,109800
46489,109900
46503,110000
46835,110100
46851,110200
46863,110300
46875,110400
46889,110500
46900,110600
46913,110700
46925,110800
46937,110900
46951,111000
47297,111100
47311,111200
47328,111300
47341,111400
47357,111500
47372,111600
47386,111700
47399,111800
47412,111900
47423,112000
47675,112100
47687,112200
47699,112300
47712,112400
47723,112500
47737,112600
47751,112700
47763,112800
47776,112900
47791,113000
48145,113100
48159,113200
48177,113300
48192,113400
48211,113500
48227,113600
48242,113700
48257,113800
48272,113900
48287,114000
48665,114100
48679,114200
48693,114300
48715,114400
48732,114500
48747,114600
48764,114700
48780,114800
48795,114900
48810,115000
49346,115100
49363,115200
49377,115300
49394,115400
49408,115500
49423,115600
49437,115700
49451,115800
49465,115900
49478,116000
49829,116100
49842,116200
49855,116300
49869,116400
49882,116500
49897,116600
49911,116700
49926,116800
49939,116900
49954,117000
50313,117100
50327,117200
50344,117300
50356,117400
50372,117500
50388,117600
50402,117700
50416,117800
50429,117900
50444,118000
50794,118100
50807,118200
50822,118300
50837,118400
50853,118500
50868,118600
50882,118700
50895,118800
50910,118900
50926,119000
51201,119100
51216,119200
51234,119300
51248,119400
51262,119500
51276,119600
51291,119700
51305,119800
51321,119900
51347,120000
51683,120100
51698,120200
51712,120300
51729,120400
51745,120500
51763,120600
51779,120700
51794,120800
51810,120900
51826,121000
52090,121100
52107,121200
52125,121300
52139,121400
52156,121500
52169,121600
52183,121700
52197,121800
52214,121900
52230,122000
52526,122100
52543,122200
52559,122300
52575,122400
52590,122500
52603,122600
52616,122700
52630,122800
52644,122900
52660,123000
52980,123100
52996,123200
53011,123300
53027,123400
53042,123500
53061,123600
53076,123700
53092,123800
53107,123900
53124,124000
53490,124100
53508,124200
53524,124300
53541,124400
53557,124500
53574,124600
53591,124700
53607,124800
53622,124900
53640,125000
54412,125100
54432,125200
54448,125300
54466,125400
54485,125500
54501,125600
54517,125700
54533,125800
54551,125900
54569,126000
55070,126100
55089,126200
55105,126300
55122,126400
55140,126500
55157,126600
55174,126700
55192,126800
55208,126900
55225,127000
55483,127100
55501,127200
55521,127300
55540,127400
55557,127500
55577,127600
55598,127700
55618,127800
55641,127900
55661,128000
56020,128100
56041,128200
56062,128300
56087,128400
56108,128500
56130,128600
56153,128700
56174,128800
56195,128900
56215,129000
56511,129100
56537,129200
56564,129300
56592,129400
56622,129500
56648,129600
56675,129700
56696,129800
56719,129900
56739,130000
57032,130100
57054,130200
57076,130300
57103,130400
57127,130500
57151,130600
57178,130700
57203,130800
57229,130900
57253,131000
57523,131100
57547,131200
57576,131300
57603,131400
57630,131500
57654,131600
57683,131700
57706,131800
57730,131900
57754,132000
58146,132100
58169,132200
58189,132300
58212,132400
58232,132500
58254,132600
58278,132700
58300,132800
58324,132900
58345,133000
58630,133100
58657,133200
58687,133300
58710,133400
58741,133500
58769,133600
58797,133700
58825,133800
58852,133900
58878,134000
59170,134100
59202,134200
59232,134300
59261,134400
59287,134500
59313,134600
59340,134700
59366,134800
59392,134900
59424,135000
59943,135100
59972,135200
59998,135300
60023,135400
60050,135500
60081,135600
60110,135700
60137,135800
60168,135900
60194,136000
60493,136100
60520,136200
60549,136300
60575,136400
60602,136500
60637,136600
60664,136700
60690,136800
60718,136900
60746,137000
61036,137100
61068,137200
61094,137300
61120,137400
61146,137500
61173,137600
61203,137700
61227,137800
61254,137900
61284,138000
61749,138100
61775,138200
61798,138300
61827,138400
61853,138500
61882,138600
61909,138700
61934,138800
61957,138900
61984,139000
62393,139100
62422,139200
62447,139300
62474,139400
62499,139500
62525,139600
62553,139700
62583,139800
62611,139900
62636,140000
62956,140100
62986,140200
63017,140300
63040,140400
63067,140500
63094,140600
63118,140700
63143,140800
63172,140900
63202,141000
63594,141100
63622,141200
63647,141300
63673,141400
63698,141500
63725,141600
63757,141700
63783,141800
63809,141900
63835,142000
64266,142100
64293,142200
64320,142300
64346,142400
64375,142500
64419,142600
64444,142700
64471,142800
64499,142900
64528,143000
64922,143100
64944,143200
64969,143300
64992,143400
65017,143500
65040,143600
65065,143700
65085,143800
65118,143900
65142,144000
65528,144100
65553,144200
65578,144300
65603,144400
65627,144500
65653,144600
65678,144700
65702,144800
65724,144900
65751,145000
66128,145100
66150,145200
66170,145300
66192,145400
66212,145500
66237,145600
66262,145700
66282,145800
66303,145900
66327,146000
66751,146100
66783,146200
66809,146300
66833,146400
66857,146500
66883,146600
66913,146700
66939,146800
66966,146900
66991,147000
67379,147100
67403,147200
67425,147300
67449,147400
67472,147500
67497,147600
67517,147700
67539,147800
67560,147900
67585,148000
68108,148100
68129,148200
68152,148300
68176,148400
68198,148500
68221,148600
68244,148700
68268,148800
68293,148900
68320,149000
68705,149100
68727,149200
68749,149300
68773,149400
68795,149500
68818,149600
68843,149700
68865,149800
68884,149900
68905,150000
69222,150100
69245,150200
69270,150300
69295,150400
69320,150500
69342,150600
69366,150700
69388,150800
69411,150900
69434,151000
69728,151100
69750,151200
69770,151300
69791,151400
69812,151500
69832,151600
69855,151700
69879,151800
69902,151900
69924,152000
70305,152100
70326,152200
70348,152300
70371,152400
70394,152500
70414,152600
70437,152700
70462,152800
70484,152900
70504,153000
70872,153100
70892,153200
70914,153300
70935,153400
70955,153500
70977,153600
70998,153700
71020,153800
71042,153900
71061,154000
71429,154100
71449,154200
71471,154300
71495,154400
71516,154500
71539,154600
71560,154700
71583,154800
71605,154900
71626,155000
71996,155100
72019,155200
72044,155300
72067,155400
72088,155500
72109,155600
72129,155700
72154,155800
72175,155900
72195,156000
72588,156100
72610,156200
72634,156300
72658,156400
72688,156500
72708,156600
72729,156700
72751,156800
72774,156900
72794,157000
73151,157100
73174,157200
73197,157300
73218,157400
73236,157500
73254,157600
73275,157700
73297,157800
73319,157900
73345,158000
73687,158100
73708,158200
73732,158300
73755,158400
73774,158500
73794,158600
73816,158700
73841,158800
73860,158900
73880,159000
74234,159100
74252,159200
74273,159300
74291,159400
74312,159500
74332,159600
74352,159700
74372,159800
74391,159900
74412,160000
74722,160100
74746,160200
74769,160300
74790,160400
74811,160500
74832,160600
74858,160700
74883,160800
74904,160900
74929,161000
75215,161100
75240,161200
75262,161300
75286,161400
75310,161500
75340,161600
75369,161700
75396,161800
75420,161900
75444,162000
75821,162100
75842,162200
75864,162300
75889,162400
75913,162500
75933,162600
75956,162700
75981,162800
76002,162900
76026,163000
76330,163100
76351,163200
76373,163300
76393,163400
76414,163500
76436,163600
76471,163700
76497,163800
76522,163900
76546,164000
76896,164100
76919,164200
76942,164300
76963,164400
76984,164500
77003,164600
77025,164700
77051,164800
77074,164900
77097,165000
77584,165100
77607,165200
77629,165300
77653,165400
77679,165500
77700,165600
77724,165700
77746,165800
77768,165900
77795,166000
78192,166100
78219,166200
78246,166300
78268,166400
78290,166500
78314,166600
78341,166700
78370,166800
78397,166900
78427,167000
78836,167100
78859,167200
78881,167300
78902,167400
78922,167500
78943,167600
78965,167700
78990,167800
79015,167900
79037,168000
79438,168100
79463,168200
79486,168300
79507,168400
79528,168500
79548,168600
79571,168700
79596,168800
79618,168900
79644,169000
80001,169100
80026,169200
80051,169300
80080,169400
80103,169500
80125,169600
80150,169700
80175,169800
80212,169900
80236,170000
80556,170100
80582,170200
80604,170300
80624,170400
80648,170500
80668,170600
80688,170700
80708,170800
80730,170900
80749,171000
81169,171100
81194,171200
81219,171300
81241,171400
81264,171500
81285,171600
81305,171700
81325,171800
81346,171900
81367,172000
81779,172100
81799,172200
81822,172300
81846,172400
81867,172500
81888,172600
81907,172700
81927,172800
81951,172900
81972,173000
82374,173100
82398,173200
82419,173300
82443,173400
82468,173500
82491,173600
82512,173700
82532,173800
82551,173900
82572,174000
82955,174100
82983,174200
83006,174300
83032,174400
83059,174500
83086,174600
83108,174700
83130,174800
83152,174900
83178,175000
83705,175100
83732,175200
83760,175300
83786,175400
83812,175500
83841,175600
83867,175700
83895,175800
83921,175900
83951,176000
84360,176100
84388,176200
84413,176300
84438,176400
84465,176500
84492,176600
84516,176700
84539,176800
84562,176900
84587,177000
85024,177100
85049,177200
85078,177300
85107,177400
85132,177500
85154,177600
85178,177700
85201,177800
85222,177900
85249,178000
85741,178100
85766,178200
85795,178300
85823,178400
85855,178500
85882,178600
85911,178700
85939,178800
85970,178900
85997,179000
86366,179100
86396,179200
86424,179300
86459,179400
86495,179500
86525,179600
86560,179700
86597,179800
86634,179900
86668,180000
87133,180100
87175,180200
87217,180300
87260,180400
87300,180500
87339,180600
87388,180700
87442,180800
87487,180900
87529,181000
88056,181100
88101,181200
88149,181300
88191,181400
88239,181500
88289,181600
88328,181700
88362,181800
88402,181900
88445,182000
88955,182100
89011,182200
89057,182300
89099,182400
89141,182500
89186,182600
89218,182700
89250,182800
89303,182900
89357,183000
89859,183100
89913,183200
89940,183300
89988,183400
90037,183500
90078,183600
90120,183700
90170,183800
90218,183900
90265,184000
90791,184100
90828,184200
90874,184300
90935,184400
91000,184500
91057,184600
91118,184700
91184,184800
91230,184900
91280,185000
91782,185100
91829,185200
91873,185300
91932,185400
91981,185500
92026,185600
92072,185700
92109,185800
92148,185900
92186,186000
92916,186100
92960,186200
93010,186300
93059,186400
93107,186500
93156,186600
93202,186700
93244,186800
93288,186900
93334,187000
93726,187100
93763,187200
93813,187300
93854,187400
93896,187500
93936,187600
93979,187700
94020,187800
94066,187900
94103,188000
94624,188100
94659,188200
94696,188300
94747,188400
94796,188500
94841,188600
94892,188700
94934,188800
94969,188900
95015,189000
95524,189100
95567,189200
95611,189300
95665,189400
95713,189500
95773,189600
95822,189700
95871,189800
95924,189900
95974,190000
96440,190100
96489,190200
96539,190300
96595,190400
96646,190500
96692,190600
96735,190700
96776,190800
96818,190900
96861,191000
97263,191100
97309,191200
97359,191300
97403,191400
97446,191500
97512,191600
97575,191700
97636,191800
97686,191900
97729,192000
98463,192100
98507,192200
98549,192300
98599,192400
98646,192500
98696,192600
98745,192700
98793,192800
98843,192900
98890,193000
99436,193100
99479,193200
99522,193300
99563,193400
99609,193500
99651,193600
99712,193700
99768,193800
99813,193900
99868,194000
100343,194100
100409,194200
100473,194300
100543,194400
100607,194500
100665,194600
100724,194700
100778,194800
100826,194900
100883,195000
101383,195100
101436,195200
101487,195300
101535,195400
101581,195500
101637,195600
101682,195700
101723,195800
101775,195900
101822,196000
102238,196100
102283,196200
102330,196300
102372,196400
102426,196500
102484,196600
102536,196700
102588,196800
102636,196900
102683,197000
103169,197100
103229,197200
103279,197300
103335,197400
103398,197500
103454,197600
103502,197700
103552,197800
103600,197900
103647,198000
104209,198100
104257,198200
104308,198300
104371,198400
104416,198500
104468,198600
104530,198700
104583,198800
104630,198900
104678,199000
105111,199100
105151,199200
105194,199300
105239,199400
105292,199500
105346,199600
105403,199700
105448,199800
105494,199900
105534,200000
106063,200100
106105,200200
106148,200300
106193,200400
106237,200500
106287,200600
106345,200700
106392,200800
106437,200900
106491,201000
106905,201100
106948,201200
106991,201300
107039,201400
107098,201500
107158,201600
107222,201700
107282,201800
107346,201900
107407,202000
107950,202100
108018,202200
108087,202300
108140,202400
108204,202500
108264,202600
108314,202700
108364,202800
108416,202900
108467,203000
108975,203100
109030,203200
109087,203300
109133,203400
109185,203500
109246,203600
109299,203700
109358,203800
109405,203900
109461,204000
110060,204100
110105,204200
110161,204300
110209,204400
110255,204500
110316,204600
110366,204700
110413,204800
110462,204900
110511,205000
111295,205100
111328,205200
111365,205300
111403,205400
111441,205500
111484,205600
111532,205700
111585,205800
111634,205900
111679,206000
112180,206100
112229,206200
112282,206300
112324,206400
112375,206500
112427,206600
112485,206700
112541,206800
112594,206900
112644,207000
113066,207100
113114,207200
113164,207300
113204,207400
113246,207500
113294,207600
113345,207700
113395,207800
113447,207900
113500,208000
114094,208100
114147,208200
114201,208300
114262,208400
114307,208500
114361,208600
114414,208700
114463,208800
114528,208900
114584,209000
115047,209100
115106,209200
115159,209300
115207,209400
115261,209500
115328,209600
115381,209700
115435,209800
115487,209900
115538,210000
116034,210100
116090,210200
116150,210300
116210,210400
116255,210500
116301,210600
116350,210700
116396,210800
116463,210900
116525,211000
116965,211100
117025,211200
117082,211300
117133,211400
117192,211500
117255,211600
117307,211700
117364,211800
117423,211900
117492,212000
118158,212100
118232,212200
118288,212300
118345,212400
118405,212500
118466,212600
118531,212700
118603,212800
118664,212900
118740,213000
119330,213100
119400,213200
119459,213300
119527,213400
119585,213500
119636,213600
119691,213700
119744,213800
119807,213900
119863,214000
120471,214100
120529,214200
120590,214300
120638,214400
120694,214500
120737,214600
120782,214700
120839,214800
120898,214900
120952,215000
121458,215100
121524,215200
121587,215300
121642,215400
121703,215500
121758,215600
121818,215700
121895,215800
121963,215900
122032,216000
122670,216100
122743,216200
122811,216300
122878,216400
122932,216500
122990,216600
123059,216700
123134,216800
123200,216900
123280,217000
123901,217100
123967,217200
124031,217300
124095,217400
124159,217500
124217,217600
124295,217700
124376,217800
124438,217900
124507,218000
125100,218100
125168,218200
125235,218300
125308,218400
125380,218500
125449,218600
125521,218700
125582,218800
125643,218900
125706,219000
126212,219100
126292,219200
126368,219300
126444,219400
126510,219500
126578,219600
126661,219700
126724,219800
126782,219900
126851,220000
127432,220100
127508,220200
127574,220300
127646,220400
127710,220500
127779,220600
127844,220700
127910,220800
127979,220900
128041,221000
128626,221100
128707,221200
128777,221300
128850,221400
128906,221500
128976,221600
129032,221700
129100,221800
129172,221900
129243,222000
129862,222100
129936,222200
130014,222300
130083,222400
130157,222500
130224,222600
130295,222700
130368,222800
130432,222900
130503,223000
131047,223100
131130,223200
131211,223300
131279,223400
131349,223500
131422,223600
131525,223700
131601,223800
131676,223900
131740,224000
132293,224100
132360,224200
132431,224300
132512,224400
132594,224500
132677,224600
132759,224700
132842,224800
132905,224900
132963,225000
133541,225100
133610,225200
133691,225300
133765,225400
133847,225500
133919,225600
133996,225700
134062,225800
134129,225900
134195,226000
134719,226100
134771,226200
134825,226300
134884,226400
134943,226500
135007,226600
135074,226700
135138,226800
135199,226900
135256,227000
135894,227100
135959,227200
136038,227300
136099,227400
136182,227500
136251,227600
136317,227700
136379,227800
136469,227900
136557,228000
137139,228100
137225,228200
137313,228300
137385,228400
137468,228500
137548,228600
137632,228700
137706,228800
137801,228900
137872,229000
138382,229100
138471,229200
138555,229300
138653,229400
138742,229500
138849,229600
138945,229700
139041,229800
139125,229900
139194,230000
139689,230100
139784,230200
139880,230300
139982,230400
140062,230500
140163,230600
140266,230700
140370,230800
140479,230900
140555,231000
141102,231100
141179,231200
141253,231300
141336,231400
141413,231500
141494,231600
141582,231700
141655,231800
141743,231900
141806,232000
142479,232100
142564,232200
142635,232300
142697,232400
142765,232500
142839,232600
142916,232700
142998,232800
143076,232900
143174,233000
143857,233100
143939,233200
144013,233300
144086,233400
144170,233500
144246,233600
144327,233700
144405,233800
144502,233900
144577,234000
145126,234100
145212,234200
145301,234300
145384,234400
145455,234500
145537,234600
145609,234700
145687,234800
145762,234900
145838,235000
146343,235100
146422,235200
146504,235300
146589,235400
146675,235500
146758,235600
146850,235700
146926,235800
147006,235900
147085,236000
147651,236100
147732,236200
147822,236300
147913,236400
147996,236500
148074,236600
148148,236700
148226,236800
148292,236900
148363,237000
148909,237100
148992,237200
149080,237300
149152,237400
149233,237500
149322,237600
149399,237700
149486,237800
149559,237900
149629,238000
150245,238100
150323,238200
150408,238300
150506,238400
150590,238500
150679,238600
150759,238700
150835,238800
150901,238900
150967,239000
151444,239100
151504,239200
151567,239300
151630,239400
151697,239500
151771,239600
151845,239700
151914,239800
151985,239900
152066,240000
152643,240100
152727,240200
152805,240300
152873,240400
152936,240500
153014,240600
153074,240700
153134,240800
153200,240900
153264,241000
153807,241100
153873,241200
153930,241300
154002,241400
154075,241500
154149,241600
154214,241700
154265,241800
154332,241900
154412,242000
154898,242100
154978,242200
155076,242300
155159,242400
155255,242500
155327,242600
155398,242700
155472,242800
155535,242900
155594,243000
156079,243100
156151,243200
156226,243300
156287,243400
156369,243500
156439,243600
156505,243700
156578,243800
156650,243900
156711,244000
157262,244100
157325,244200
157394,244300
157461,244400
157520,244500
157579,244600
157637,244700
157701,244800
157750,244900
157816,245000
158336,245100
158392,245200
158440,245300
158499,245400
158557,245500
158624,245600
158688,245700
158754,245800
158817,245900
158883,246000
159412,246100
159491,246200
159587,246300
159655,246400
159714,246500
159767,246600
159818,246700
159871,246800
159933,246900
159998,247000
160594,247100
160650,247200
160715,247300
160769,247400
160823,247500
160876,247600
160926,247700
160978,247800
161020,247900
161087,248000
161696,248100
161762,248200
161828,248300
161895,248400
161959,248500
162016,248600
162065,248700
162117,248800
162163,248900
162233,249000
162744,249100
162813,249200
162888,249300
162965,249400
163052,249500
163123,249600
163217,249700
163287,249800
163380,249900
163446,250000
163941,250100
164014,250200
164086,250300
164165,250400
164252,250500
164335,250600
164411,250700
164487,250800
164556,250900
164646,251000
165261,251100
165329,251200
165399,251300
165458,251400
165508,251500
165571,251600
165622,251700
165688,251800
165776,251900
165846,252000
166408,252100
166486,252200
166558,252300
166632,252400
166714,252500
166774,252600
166840,252700
166896,252800
166955,252900
167021,253000
167707,253100
167781,253200
167859,253300
167932,253400
168014,253500
168079,253600
168155,253700
168229,253800
168307,253900
168369,254000
168867,254100
168950,254200
169043,254300
169138,254400
169236,254500
169342,254600
169439,254700
169515,254800
169591,254900
169673,255000
170308,255100
170393,255200
170449,255300
170500,255400
170557,255500
170609,255600
170659,255700
170719,255800
170793,255900
170860,256000
171400,256100
171482,256200
171551,256300
171618,256400
171687,256500
171755,256600
171823,256700
171890,256800
171944,256900
172008,257000
172630,257100
172710,257200
172778,257300
172851,257400
172931,257500
173019,257600
173082,257700
173151,257800
173211,257900
173281,258000
173845,258100
173938,258200
174019,258300
174132,258400
174214,258500
174325,258600
174437,258700
174524,258800
174616,258900
174686,259000
175239,259100
175306,259200
175383,259300
175445,259400
175512,259500
175577,259600
175656,259700
175723,259800
175794,259900
175853,260000
176425,260100
176490,260200
176573,260300
176625,260400
176699,260500
176755,260600
176811,260700
176873,260800
176936,260900
177008,261000
177599,261100
177697,261200
177777,261300
177881,261400
177971,261500
178057,261600
178141,261700
178214,261800
178273,261900
178325,262000
178853,262100
178939,262200
179035,262300
179108,262400
179188,262500
179264,262600
179352,262700
179431,262800
179523,262900
179600,263000
180097,263100
180155,263200
180217,263300
180277,263400
180338,263500
180398,263600
180465,263700
180525,263800
180583,263900
180645,264000
181261,264100
181339,264200
181405,264300
181476,264400
181550,264500
181611,264600
181683,264700
181747,264800
181806,264900
181875,265000
182389,265100
182464,265200
182546,265300
182653,265400
182728,265500
182820,265600
182921,265700
183020,265800
183105,265900
183182,266000
183690,266100
183764,266200
183844,266300
183909,266400
183989,266500
184087,266600
184173,266700
184272,266800
184354,266900
184462,267000
184994,267100
185075,267200
185138,267300
185193,267400
185256,267500
185318,267600
185370,267700
185441,267800
185507,267900
185606,268000
186178,268100
186277,268200
186371,268300
186468,268400
186575,268500
186697,268600
186811,268700
186913,268800
186991,268900
187056,269000
187718,269100
187792,269200
187874,269300
187951,269400
188060,269500
188154,269600
188246,269700
188328,269800
188383,269900
188455,270000
189000,270100
189092,270200
189215,270300
189384,270400
189561,270500
189697,270600
189822,270700
189947,270800
190069,270900
190196,271000
190903,271100
191001,271200
191096,271300
191181,271400
191284,271500
191411,271600
191545,271700
191662,271800
191794,271900
191933,272000
192641,272100
192776,272200
192895,272300
192982,272400
193085,272500
193193,272600
193303,272700
193404,272800
193499,272900
193613,273000
194327,273100
194458,273200
194588,273300
194669,273400
194777,273500
194867,273600
194944,273700
195012,273800
195076,273900
195165,274000
195755,274100
195838,274200
195954,274300
196056,274400
196143,274500
196252,274600
196347,274700
196440,274800
196527,274900
196615,275000
197228,275100
197311,275200
197415,275300
197511,275400
197592,275500
197695,275600
197792,275700
197864,275800
197950,275900
198032,276000
198637,276100
198734,276200
198821,276300
198892,276400
198969,276500
199067,276600
199149,276700
199236,276800
199320,276900
199407,277000
200061,277100
200168,277200
200261,277300
200351,277400
200477,277500
200574,277600
200685,277700
200766,277800
200847,277900
200918,278000
201440,278100
201513,278200
201610,278300
201704,278400
201799,278500
201894,278600
201990,278700
202076,278800
202171,278900
202279,279000
202870,279100
202988,279200
203067,279300
203157,279400
203230,279500
203305,279600
203382,279700
203463,279800
203532,279900
203607,280000
204115,280100
204177,280200
204251,280300
204343,280400
204427,280500
204524,280600
204625,280700
204692,280800
204776,280900
204858,281000
205510,281100
205595,281200
205674,281300
205765,281400
205858,281500
205976,281600
206092,281700
206192,281800
206284,281900
206368,282000
206961,282100
207055,282200
207148,282300
207236,282400
207325,282500
207420,282600
207527,282700
207632,282800
207739,282900
207850,283000
208398,283100
208498,283200
208597,283300
208685,283400
208770,283500
208841,283600
208931,283700
209034,283800
209108,283900
209204,284000
209818,284100
209929,284200
210018,284300
210121,284400
210220,284500
210311,284600
210415,284700
210496,284800
210585,284900
210697,285000
211427,285100
211548,285200
211647,285300
211782,285400
211926,285500
212037,285600
212142,285700
212249,285800
212350,285900
212434,286000
212962,286100
213039,286200
213130,286300
213239,286400
213347,286500
213454,286600
213556,286700
213671,286800
213776,286900
213912,287000
214487,287100
214581,287200
214679,287300
214788,287400
214895,287500
214991,287600
215124,287700
215244,287800
215367,287900
215464,288000
216097,288100
216193,288200
216280,288300
216415,288400
216523,288500
216619,288600
216736,288700
216888,288800
217037,288900
217155,289000
217851,289100
217961,289200
218066,289300
218184,289400
218291,289500
218389,289600
218494,289700
218597,289800
218733,289900
218844,290000
219545,290100
219660,290200
219773,290300
219885,290400
220025,290500
220172,290600
220259,290700
220367,290800
220468,290900
220563,291000
221117,291100
221212,291200
221320,291300
221436,291400
221532,291500
221646,291600
221744,291700
221841,291800
221954,291900
222035,292000
222573,292100
222661,292200
222749,292300
222855,292400
222972,292500
223068,292600
223188,292700
223285,292800
223386,292900
223495,293000
224060,293100
224169,293200
224313,293300
224421,293400
224551,293500
224659,293600
224785,293700
224888,293800
224986,293900
225096,294000
225671,294100
225794,294200
225907,294300
226020,294400
226120,294500
226241,294600
226356,294700
226473,294800
226601,294900
226731,295000
227334,295100
227472,295200
227571,295300
227671,295400
227757,295500
227825,295600
227924,295700
228025,295800
228149,295900
228249,296000
228962,296100
229076,296200
229171,296300
229270,296400
229361,296500
229454,296600
229543,296700
229674,296800
229760,296900
229860,297000
230508,297100
230648,297200
230757,297300
230894,297400
231012,297500
231139,297600
231260,297700
231369,297800
231487,297900
231599,298000
232278,298100
232419,298200
232539,298300
232686,298400
232827,298500
232937,298600
233030,298700
233118,298800
233222,298900
233332,299000
233893,299100
234016,299200
234142,299300
234238,299400
234356,299500
234467,299600
234575,299700
234701,299800
234829,299900
234928,300000
235549,300100
235625,300200
235740,300300
235842,300400
235945,300500
236038,300600
236132,300700
236245,300800
236355,300900
236456,301000
237186,301100
237284,301200
237408,301300
237504,301400
237614,301500
237732,301600
237840,301700
237981,301800
238091,301900
238219,302000
238869,302100
239007,302200
239158,302300
239259,302400
239379,302500
239512,302600
239640,302700
239772,302800
239918,302900
240041,303000
240647,303100
240779,303200
240881,303300
240999,303400
241117,303500
241219,303600
241331,303700
241442,303800
241555,303900
241678,304000
242340,304100
242428,304200
242564,304300
242699,304400
242825,304500
242957,304600
243054,304700
243151,304800
243277,304900
243398,305000
243994,305100
244138,305200
244269,305300
244406,305400
244549,305500
244696,305600
244809,305700
244935,305800
245030,305900
245167,306000
245753,306100
245875,306200
246007,306300
246140,306400
246266,306500
246402,306600
246535,306700
246650,306800
246763,306900
246864,307000
247589,307100
247663,307200
247775,307300
247870,307400
247981,307500
248084,307600
248185,307700
248291,307800
248380,307900
248480,308000
249121,308100
249215,308200
249296,308300
249381,308400
249472,308500
249583,308600
249731,308700
249866,308800
249982,308900
250126,309000
250887,309100
251008,309200
251118,309300
251250,309400
251398,309500
251512,309600
251666,309700
251817,309800
251971,309900
252121,310000
252791,310100
252926,310200
253072,310300
253192,310400
253321,310500
253462,310600
253608,310700
253763,310800
253919,310900
254033,311000
254639,311100
254756,311200
254885,311300
255017,311400
255124,311500
255245,311600
255359,311700
255481,311800
255596,311900
255718,312000
256355,312100
256490,312200
256622,312300
256728,312400
256851,312500
256959,312600
257046,312700
257185,312800
257315,312900
257418,313000
258174,313100
258304,313200
258462,313300
258622,313400
258769,313500
258913,313600
259027,313700
259168,313800
259337,313900
259514,314000
260221,314100
260409,314200
260600,314300
260747,314400
260887,314500
261025,314600
261140,314700
261247,314800
261356,314900
261478,315000
262189,315100
262307,315200
262467,315300
262598,315400
262764,315500
262902,315600
263016,315700
263140,315800
263316,315900
263422,316000
264095,316100
264221,316200
264341,316300
264452,316400
264585,316500
264722,316600
264866,316700
264998,316800
265127,316900
265257,317000
265970,317100
266101,317200
266238,317300
266409,317400
266581,317500
266727,317600
266878,317700
267039,317800
267170,317900
267329,318000
268039,318100
268182,318200
268317,318300
268424,318400
268555,318500
268705,318600
268891,318700
269084,318800
269221,318900
269381,319000
270067,319100
270228,319200
270440,319300
270537,319400
270666,319500
270829,319600
270943,319700
271108,319800
271301,319900
271451,320000
272060,320100
272165,320200
272265,320300
272385,320400
272477,320500
272573,320600
272693,320700
272846,320800
272988,320900
273131,321000
273769,321100
273907,321200
274063,321300
274237,321400
274389,321500
274538,321600
274673,321700
274790,321800
274933,321900
275078,322000
275729,322100
275910,322200
276111,322300
276327,322400
276504,322500
276691,322600
276853,322700
277012,322800
277143,322900
277309,323000
277998,323100
278150,323200
278307,323300
278442,323400
278566,323500
278683,323600
278821,323700
278954,323800
279056,323900
279181,324000
279838,324100
279976,324200
280108,324300
280244,324400
280390,324500
280529,324600
280645,324700
280772,324800
280895,324900
281013,325000
281848,325100
282038,325200
282230,325300
282413,325400
282611,325500
282757,325600
282956,325700
283141,325800
283269,325900
283407,326000
284161,326100
284344,326200
284528,326300
284711,326400
284885,326500
285055,326600
285260,326700
285409,326800
285568,326900
285716,327000
286425,327100
286582,327200
286774,327300
286985,327400
287170,327500
287353,327600
287528,327700
287660,327800
287787,327900
287913,328000
288562,328100
288704,328200
288859,328300
289011,328400
289134,328500
289276,328600
289412,328700
289551,328800
289707,328900
289855,329000
290548,329100
290714,329200
290882,329300
291026,329400
291214,329500
291386,329600
291563,329700
291794,329800
291973,329900
292137,330000
293041,330100
293218,330200
293384,330300
293565,330400
293751,330500
293898,330600
294072,330700
294240,330800
294392,330900
294563,331000
295459,331100
295601,331200
295750,331300
295903,331400
296069,331500
296224,331600
296371,331700
296513,331800
296660,331900
296780,332000
297515,332100
297647,332200
297772,332300
297948,332400
298125,332500
298276,332600
298500,332700
298664,332800
298824,332900
298981,333000
299722,333100
299904,333200
300108,333300
300305,333400
300519,333500
300734,333600
300916,333700
301131,333800
301307,333900
301477,334000
302180,334100
302342,334200
302523,334300
302710,334400
302913,334500
303106,334600
303293,334700
303496,334800
303679,334900
303875,335000
304575,335100
304753,335200
304978,335300
305130,335400
305278,335500
305440,335600
305573,335700
305680,335800
305792,335900
305907,336000
306646,336100
306782,336200
306886,336300
307044,336400
307161,336500
307318,336600
307469,336700
307599,336800
307704,336900
307803,337000
308505,337100
308668,337200
308814,337300
308991,337400
309152,337500
309300,337600
309507,337700
309659,337800
309820,337900
309997,338000
310719,338100
310943,338200
311159,338300
311378,338400
311560,338500
311788,338600
311982,338700
312254,338800
312518,338900
312753,339000
313645,339100
313799,339200
313989,339300
314157,339400
314285,339500
314458,339600
314621,339700
314805,339800
314961,339900
315111,340000
315791,340100
315968,340200
316148,340300
316315,340400
316518,340500
316739,340600
316908,340700
317051,340800
317178,340900
317299,341000
318057,341100
318234,341200
318422,341300
318641,341400
318780,341500
319004,341600
319227,341700
319447,341800
319620,341900
319819,342000
320545,342100
320730,342200
320901,342300
321103,342400
321261,342500
321467,342600
321636,342700
321805,342800
321976,342900
322119,343000
322869,343100
323125,343200
323393,343300
323645,343400
323851,343500
324081,343600
324252,343700
324434,343800
324621,343900
324822,344000
325553,344100
325690,344200
325833,344300
325969,344400
326153,344500
326353,344600
326512,344700
326676,344800
326879,344900
327053,345000
327790,345100
327977,345200
328169,345300
328358,345400
328540,345500
328774,345600
328950,345700
329148,345800
329344,345900
329523,346000
330269,346100
330473,346200
330702,346300
330909,346400
331098,346500
331311,346600
331463,346700
331644,346800
331859,346900
332071,347000
332855,347100
333029,347200
333219,347300
333399,347400
333562,347500
333720,347600
333844,347700
334004,347800
334190,347900
334333,348000
335022,348100
335183,348200
335360,348300
335545,348400
335712,348500
335877,348600
336033,348700
336217,348800
336399,348900
336509,349000
337241,349100
337427,349200
337620,349300
337847,349400
338000,349500
338191,349600
338422,349700
338590,349800
338805,349900
339022,350000
339762,350100
340017,350200
340296,350300
340541,350400
340731,350500
340927,350600
341096,350700
341247,350800
341419,350900
341605,351000
342370,351100
342617,351200
342881,351300
343113,351400
343379,351500
343587,351600
343795,351700
343974,351800
344176,351900
344399,352000
345216,352100
345405,352200
345597,352300
345745,352400
345896,352500
346061,352600
346217,352700
346362,352800
346509,352900
346661,353000
347445,353100
347644,353200
347855,353300
348068,353400
348312,353500
348532,353600
348747,353700
348914,353800
349144,353900
349399,354000
350207,354100
350430,354200
350693,354300
350893,354400
351061,354500
351249,354600
351446,354700
351620,354800
351804,354900
352009,355000
352813,355100
353060,355200
353251,355300
353442,355400
353633,355500
353848,355600
354022,355700
354200,355800
354361,355900
354581,356000
355388,356100
355591,356200
355816,356300
355980,356400
356151,356500
356327,356600
356525,356700
356670,356800
356839,356900
357001,357000
357745,357100
358021,357200
358253,357300
358422,357400
358645,357500
358897,357600
359123,357700
359336,357800
359581,357900
359838,358000
360618,358100
360870,358200
361140,358300
361367,358400
361591,358500
361892,358600
362165,358700
362370,358800
362596,358900
362935,359000
363827,359100
364044,359200
364271,359300
364464,359400
364622,359500
364819,359600
364974,359700
365091,359800
365250,359900
365437,360000
366140,360100
366309,360200
366502,360300
366672,360400
366841,360500
367043,360600
367220,360700
367392,360800
367529,360900
367715,361000
368524,361100
368768,361200
369088,361300
369344,361400
369564,361500
369806,361600
370084,361700
370323,361800
370532,361900
370762,362000
371695,362100
371943,362200
372106,362300
372306,362400
372496,362500
372676,362600
372875,362700
373134,362800
373296,362900
373539,363000
374368,363100
374570,363200
374838,363300
375077,363400
375251,363500
375452,363600
375641,363700
375839,363800
375995,363900
376167,364000
377055,364100
377360,364200
377674,364300
377968,364400
378303,364500
378601,364600
378848,364700
379134,364800
379532,364900
379777,365000
380848,365100
381177,365200
381475,365300
381742,365400
382062,365500
382418,365600
382681,365700
383004,365800
383262,365900
383552,366000
384529,366100
384794,366200
385035,366300
385345,366400
385603,366500
385827,366600
386077,366700
386300,366800
386522,366900
386737,367000
387764,367100
388024,367200
388232,367300
388504,367400
388825,367500
389204,367600
389514,367700
389858,367800
390208,367900
390493,368000
391268,368100
391498,368200
391721,368300
392026,368400
392357,368500
392702,368600
393040,368700
393291,368800
393486,368900
393670,369000
394503,369100
394716,369200
395023,369300
395223,369400
395507,369500
395804,369600
396116,369700
396390,369800
396637,369900
396870,370000
397676,370100
397912,370200
398156,370300
398378,370400
398631,370500
398874,370600
399061,370700
399286,370800
399501,370900
399727,371000
400510,371100
400761,371200
400975,371300
401221,371400
401465,371500
401663,371600
401866,371700
402069,371800
402240,371900
402415,372000
403168,372100
403324,372200
403540,372300
403719,372400
403950,372500
404142,372600
404431,372700
404708,372800
404896,372900
405053,373000
405933,373100
406204,373200
406385,373300
406619,373400
406844,373500
407135,373600
407390,373700
407798,373800
408181,373900
408481,374000
409469,374100
409816,374200
410153,374300
410506,374400
410884,374500
411243,374600
411668,374700
412050,374800
412367,374900
412642,375000
413592,375100
413811,375200
414016,375300
414261,375400
414534,375500
414745,375600
414993,375700
415203,375800
415400,375900
415679,376000
416519,376100
416703,376200
416936,376300
417107,376400
417347,376500
417569,376600
417738,376700
417968,376800
418224,376900
418411,377000
419341,377100
419595,377200
419803,377300
419972,377400
420184,377500
420387,377600
420594,377700
420861,377800
421191,377900
421513,378000
422593,378100
422904,378200
423251,378300
423531,378400
423806,378500
424065,378600
424320,378700
424565,378800
424870,378900
425083,379000
425980,379100
426256,379200
426610,379300
426894,379400
427167,379500
427384,379600
427648,379700
427969,379800
428240,379900
428485,380000
429305,380100
429502,380200
429751,380300
429994,380400
430216,380500
430477,380600
430693,380700
430925,380800
431166,380900
431413,381000
432282,381100
432630,381200
432913,381300
433188,381400
433462,381500
433711,381600
433983,381700
434306,381800
434652,381900
434996,382000
436859,382100
437253,382200
437653,382300
438017,382400
438464,382500
438720,382600
438997,382700
439226,382800
439414,382900
439680,383000
440589,383100
440824,383200
441059,383300
441253,383400
441508,383500
441733,383600
441928,383700
442140,383800
442399,383900
442611,384000
443505,384100
443877,384200
444084,384300
444352,384400
444590,384500
444792,384600
445002,384700
445186,384800
445473,384900
445734,385000
446771,385100
447077,385200
447400,385300
447668,385400
448024,385500
448294,385600
448608,385700
448901,385800
449151,385900
449550,386000
450664,386100
450952,386200
451308,386300
451662,386400
452097,386500
452464,386600
452814,386700
453122,386800
453423,386900
453655,387000
454636,387100
455132,387200
455462,387300
455760,387400
456107,387500
456398,387600
456657,387700
456961,387800
457277,387900
457592,388000
458580,388100
458894,388200
459202,388300
459541,388400
459817,388500
460120,388600
460582,388700
460952,388800
461293,388900
461600,389000
462642,389100
463029,389200
463348,389300
463692,389400
464041,389500
464448,389600
464863,389700
465116,389800
465406,389900
465685,390000
466677,390100
466952,390200
467225,390300
467509,390400
467806,390500
468061,390600
468419,390700
468706,390800
469081,390900
469294,391000
470224,391100
470503,391200
470826,391300
471146,391400
471444,391500
471847,391600
472070,391700
472361,391800
472658,391900
472949,392000
473876,392100
474211,392200
474449,392300
474752,392400
475023,392500
475257,392600
475501,392700
475765,392800
476087,392900
476328,393000
477451,393100
477805,393200
478176,393300
478617,393400
479105,393500
479461,393600
479830,393700
480144,393800
480386,393900
480654,394000
481752,394100
482254,394200
482655,394300
483182,394400
483520,394500
483829,394600
484158,394700
484420,394800
484695,394900
484961,395000
486026,395100
486392,395200
486776,395300
487149,395400
487503,395500
487795,395600
488166,395700
488468,395800
488705,395900
488981,396000
489965,396100
490351,396200
490718,396300
491073,396400
491360,396500
491632,396600
491947,396700
492214,396800
492496,396900
492776,397000
493715,397100
494110,397200
494462,397300
494795,397400
495126,397500
495415,397600
495741,397700
496104,397800
496373,397900
496640,398000
497579,398100
497921,398200
498223,398300
498577,398400
498951,398500
499367,398600
499742,398700
500131,398800
500451,398900
500674,399000
501650,399100
501985,399200
502316,399300
502668,399400
503066,399500
503454,399600
503827,399700
504153,399800
504467,399900
504747,400000
505828,400100
506132,400200
506379,400300
506657,400400
506981,400500
507324,400600
507690,400700
508014,400800
508333,400900
508665,401000
509728,401100
510080,401200
510491,401300
510857,401400
511192,401500
511498,401600
511881,401700
512186,401800
512548,401900
512789,402000
513889,402100
514177,402200
514460,402300
514794,402400
515102,402500
515470,402600
515867,402700
516336,402800
516635,402900
516902,403000
517935,403100
518260,403200
518664,403300
518998,403400
519255,403500
519583,403600
519973,403700
520242,403800
520492,403900
520748,404000
521698,404100
522067,404200
522307,404300
522593,404400
522859,404500
523125,404600
523439,404700
523688,404800
524090,404900
524360,405000
525368,405100
525742,405200
526069,405300
526434,405400
526826,405500
527146,405600
527457,405700
527767,405800
528070,405900
528309,406000
529320,406100
529642,406200
529955,406300
530326,406400
530624,406500
530940,406600
531328,406700
531726,406800
532067,406900
532380,407000
533529,407100
533866,407200
534201,407300
534518,407400
534890,407500
535227,407600
535504,407700
535905,407800
536264,407900
536514,408000
537476,408100
537806,408200
538035,408300
538333,408400
538674,408500
538911,408600
539151,408700
539473,408800
539805,408900
540076,409000
541181,409100
541609,409200
542035,409300
542470,409400
542855,409500
543197,409600
543518,409700
543754,409800
544009,409900
544381,410000
545439,410100
545782,410200
546140,410300
546542,410400
546839,410500
547211,410600
547523,410700
547812,410800
548162,410900
548424,411000
549472,411100
550036,411200
550413,411300
550830,411400
551172,411500
551460,411600
551803,411700
552167,411800
552443,411900
552710,412000
553747,412100
554108,412200
554421,412300
554769,412400
555113,412500
555527,412600
555873,412700
556182,412800
556385,412900
556633,413000
557531,413100
557925,413200
558300,413300
558722,413400
559080,413500
559450,413600
559881,413700
560208,413800
560460,413900
560732,414000
561881,414100
562249,414200
562697,414300
563112,414400
563489,414500
563869,414600
564312,414700
564737,414800
564977,414900
565258,415000
566388,415100
566882,415200
567273,415300
567703,415400
567989,415500
568339,415600
568742,415700
569110,415800
569412,415900
569746,416000
570806,416100
571216,416200
571596,416300
571941,416400
572407,416500
572783,416600
573184,416700
573568,416800
573871,416900
574164,417000
575285,417100
575624,417200
576088,417300
576580,417400
576967,417500
577427,417600
577914,417700
578249,417800
578507,417900
578780,418000
579918,418100
580242,418200
580670,418300
581078,418400
581479,418500
581810,418600
582243,418700
582525,418800
582865,418900
583247,419000
584248,419100
584616,419200
584997,419300
585479,419400
585856,419500
586217,419600
586622,419700
587071,419800
587430,419900
587753,420000
588776,420100
589135,420200
589475,420300
589824,420400
590194,420500
590569,420600
590864,420700
591189,420800
591498,420900
591751,421000
592810,421100
593159,421200
593507,421300
593857,421400
594378,421500
594762,421600
595153,421700
595493,421800
595824,421900
596091,422000
597193,422100
597573,422200
597998,422300
598465,422400
598904,422500
599338,422600
599774,422700
600158,422800
600464,422900
600761,423000
601898,423100
602311,423200
602672,423300
603107,423400
603448,423500
603781,423600
604133,423700
604457,423800
604792,423900
605048,424000
606105,424100
606456,424200
606824,424300
607130,424400
607485,424500
607789,424600
608106,424700
608411,424800
608698,424900
608961,425000
609969,425100
610290,425200
610644,425300
611035,425400
611493,425500
611914,425600
612326,425700
612678,425800
612996,425900
613284,426000
614361,426100
614710,426200
615139,426300
615600,426400
616021,426500
616459,426600
616911,426700
617291,426800
617639,426900
617936,427000
618962,427100
619282,427200
619604,427300
619953,427400
620304,427500
620632,427600
621002,427700
621387,427800
621717,427900
622034,428000
623054,428100
623414,428200
623718,428300
624118,428400
624530,428500
624887,428600
625233,428700
625590,428800
625931,428900
626229,429000
627263,429100
627627,429200
628003,429300
628374,429400
628730,429500
629132,429600
629522,429700
629948,429800
630325,429900
630656,430000
631803,430100
632268,430200
632693,430300
633096,430400
633480,430500
633847,430600
634211,430700
634596,430800
634946,430900
635233,431000
636371,431100
636874,431200
637243,431300
637530,431400
637876,431500
638217,431600
638628,431700
639028,431800
639370,431900
639767,432000
640996,432100
641462,432200
641921,432300
642294,432400
642632,432500
643062,432600
643512,432700
643880,432800
644295,432900
644777,433000
645969,433100
646456,433200
646938,433300
647441,433400
647903,433500
648313,433600
648856,433700
649220,433800
649613,433900
650007,434000
651287,434100
651722,434200
652167,434300
652651,434400
653052,434500
653507,434600
653979,434700
654380,434800
654735,434900
655091,435000
656619,435100
657105,435200
657577,435300
657960,435400
658449,435500
658863,435600
659375,435700
659877,435800
660281,435900
660791,436000
662160,436100
662601,436200
663008,436300
663366,436400
663729,436500
664030,436600
664353,436700
664735,436800
665074,436900
665622,437000
666834,437100
667332,437200
667843,437300
668316,437400
668757,437500
669158,437600
669606,437700
669986,437800
670333,437900
670706,438000
672002,438100
672578,438200
673013,438300
673408,438400
673822,438500
674228,438600
674634,438700
674993,438800
675340,438900
675716,439000
676997,439100
677414,439200
677891,439300
678341,439400
678869,439500
679385,439600
679830,439700
680307,439800
680826,439900
681322,440000
685063,440100
685528,440200
685975,440300
686382,440400
686840,440500
687286,440600
687729,440700
688121,440800
688551,440900
688962,441000
690299,441100
690843,441200
691416,441300
691900,441400
692419,441500
693033,441600
693427,441700
693844,441800
694265,441900
694725,442000
696122,442100
696661,442200
697192,442300
697699,442400
698300,442500
698828,442600
699280,442700
699711,442800
700065,442900
700558,443000
701753,443100
702274,443200
702782,443300
703269,443400
703862,443500
704464,443600
704984,443700
705476,443800
705885,443900
706364,444000
707672,444100
708146,444200
708817,444300
709298,444400
709815,444500
710313,444600
710742,444700
711258,444800
711798,444900
712145,445000
713397,445100
713886,445200
714427,445300
715037,445400
715573,445500
716156,445600
716724,445700
717290,445800
717736,445900
718135,446000
719408,446100
719898,446200
720492,446300
721035,446400
721572,446500
722177,446600
722849,446700
723264,446800
723663,446900
724079,447000
731873,447100
732371,447200
732865,447300
733388,447400
733890,447500
734592,447600
735052,447700
735440,447800
735781,447900
736177,448000
737595,448100
738158,448200
738784,448300
739291,448400
739863,448500
740379,448600
740994,448700
741470,448800
741971,448900
742406,449000
743872,449100
744372,449200
744845,449300
745554,449400
745964,449500
746450,449600
747036,449700
747635,449800
748209,449900
748706,450000
750181,450100
751000,450200
751500,450300
752080,450400
752759,450500
753178,450600
753700,450700
754139,450800
754524,450900
754909,451000
756457,451100
757080,451200
757742,451300
758384,451400
759014,451500
759661,451600
760304,451700
760943,451800
761480,451900
762188,452000
763959,452100
764584,452200
765207,452300
765773,452400
766271,452500
766774,452600
767176,452700
767797,452800
768222,452900
768657,453000
770095,453100
770632,453200
771165,453300
771721,453400
772320,453500
773075,453600
773625,453700
774058,453800
774519,453900
775007,454000
776355,454100
777008,454200
777586,454300
778156,454400
778923,454500
779479,454600
779958,454700
780375,454800
780823,454900
781290,455000
782681,455100
783284,455200
783905,455300
784677,455400
785211,455500
785737,455600
786224,455700
786684,455800
787103,455900
787540,456000
788930,456100
789489,456200
790277,456300
790900,456400
791503,456500
792044,456600
792591,456700
793095,456800
793577,456900
794107,457000
795708,457100
796350,457200
796996,457300
797654,457400
798307,457500
799000,457600
799540,457700
800101,457800
800783,457900
801237,458000
802619,458100
803221,458200
803828,458300
804450,458400
805048,458500
805638,458600
806149,458700
806786,458800
807347,458900
807835,459000
809159,459100
809769,459200
810428,459300
811007,459400
811540,459500
812247,459600
812741,459700
813253,459800
813734,459900
814219,460000
815578,460100
816181,460200
816664,460300
817231,460400
817859,460500
818376,460600
818803,460700
819223,460800
819656,460900
820061,461000
821341,461100
821994,461200
822548,461300
823179,461400
823724,461500
824227,461600
824698,461700
825090,461800
825558,461900
825986,462000
827354,462100
827864,462200
828351,462300
829035,462400
829602,462500
830170,462600
830601,462700
831019,462800
831506,462900
831940,463000
833342,463100
833904,463200
834592,463300
835171,463400
835739,463500
836278,463600
836841,463700
837284,463800
837816,463900
838427,464000
839887,464100
840353,464200
840861,464300
841315,464400
841785,464500
842283,464600
842729,464700
843172,464800
843632,464900
844059,465000
845564,465100
846087,465200
846635,465300
847164,465400
847643,465500
848270,465600
848806,465700
849258,465800
849717,465900
850200,466000
851625,466100
852077,466200
852515,466300
852960,466400
853439,466500
853889,466600
854307,466700
854707,466800
855121,466900
855518,467000
857106,467100
857671,467200
858137,467300
858661,467400
859206,467500
859750,467600
860258,467700
860761,467800
861251,467900
861713,468000
863306,468100
863858,468200
864367,468300
864859,468400
865340,468500
865855,468600
866361,468700
866840,468800
867250,468900
867874,469000
869303,469100
869945,469200
870642,469300
871210,469400
871740,469500
872246,469600
872697,469700
873189,469800
873724,469900
874172,470000
875492,470100
876006,470200
876567,470300
877075,470400
877544,470500
877989,470600
878440,470700
878845,470800
879415,470900
879826,471000
881235,471100
881766,471200
882249,471300
882730,471400
883208,471500
883661,471600
884073,471700
884664,471800
885101,471900
885533,472000
886882,472100
887342,472200
887811,472300
888248,472400
888725,472500
889200,472600
889654,472700
890297,472800
890789,472900
891226,473000
892572,473100
893129,473200
893631,473300
894168,473400
894693,473500
895222,473600
895835,473700
896180,473800
896522,473900
896887,474000
898134,474100
898582,474200
899082,474300
899560,474400
900054,474500
900596,474600
901125,474700
901638,474800
901998,474900
902380,475000
903674,475100
904334,475200
904808,475300
905370,475400
905810,475500
906269,475600
906683,475700
907214,475800
907646,475900
908072,476000
909264,476100
909739,476200
910233,476300
910685,476400
911133,476500
911590,476600
911991,476700
912611,476800
913051,476900
913523,477000
914753,477100
915091,477200
915624,477300
916124,477400
916626,477500
917158,477600
917654,477700
918195,477800
918593,477900
918947,478000
920258,478100
920853,478200
921422,478300
921995,478400
922514,478500
922886,478600
923283,478700
923830,478800
924167,478900
924586,479000
925991,479100
926506,479200
927037,479300
927554,479400
928032,479500
928510,479600
929020,479700
929589,479800
929991,479900
930428,480000
931687,480100
932175,480200
932666,480300
933113,480400
933574,480500
934088,480600
934539,480700
935089,480800
935581,480900
936102,481000
937661,481100
938304,481200
938958,481300
939488,481400
940025,481500
940717,481600
941135,481700
941545,481800
941947,481900
942371,482000
943945,482100
944534,482200
945138,482300
945641,482400
946354,482500
946844,482600
947253,482700
947670,482800
948086,482900
948485,483000
950007,483100
950504,483200
950909,483300
951504,483400
951963,483500
952489,483600
952949,483700
953388,483800
953893,483900
954244,484000
955618,484100
956091,484200
956503,484300
957099,484400
957453,484500
957919,484600
958347,484700
958746,484800
959130,484900
959473,485000
960910,485100
961367,485200
962009,485300
962470,485400
963157,485500
963568,485600
963884,485700
964245,485800
964641,485900
965052,486000
966505,486100
967029,486200
967467,486300
967881,486400
968415,486500
968758,486600
969102,486700
969371,486800
969713,486900
970104,487000
971558,487100
972052,487200
972597,487300
973102,487400
973518,487500
974050,487600
974440,487700
974883,487800
975377,487900
975817,488000
977126,488100
977623,488200
978073,488300
978567,488400
979031,488500
979667,488600
980010,488700
980335,488800
980642,488900
981033,489000
982366,489100
982926,489200
983504,489300
984082,489400
984586,489500
985313,489600
985798,489700
986327,489800
986849,489900
987290,490000
988787,490100
989369,490200
989878,490300
990562,490400
991050,490500
991551,490600
991993,490700
992429,490800
992858,490900
993254,491000
994781,491100
995264,491200
995797,491300
996521,491400
997095,491500
997716,491600
998220,491700
998643,491800
998977,491900
999444,492000
1001097,492100
1001838,492200
1002436,492300
1002946,492400
1003416,492500
1003922,492600
1004446,492700
1004974,492800
1005522,492900
1006131,493000
1007905,493100
1008492,493200
1009229,493300
1009965,493400
1010730,493500
1011489,493600
1012136,493700
1012754,493800
1013471,493900
1014152,494000
1016149,494100
1016840,494200
1017517,494300
1018118,494400
1018786,494500
1019220,494600
1019674,494700
1020154,494800
1020647,494900
1021209,495000
1022922,495100
1023550,495200
1024335,495300
1024885,495400
1025516,495500
1026116,495600
1026627,495700
1027130,495800
1027599,495900
1028120,496000
1029863,496100
1030486,496200
1031126,496300
1031678,496400
1032248,496500
1032761,496600
1033270,496700
1033801,496800
1034320,496900
1034890,497000
1036518,497100
1037199,497200
1037863,497300
1038434,497400
1039151,497500
1039822,497600
1040384,497700
1041082,497800
1041650,497900
1042250,498000
1043990,498100
1044655,498200
1045306,498300
1045884,498400
1046634,498500
1047166,498600
1047619,498700
1048086,498800
1048596,498900
1049107,499000
1050684,499100
1051342,499200
1052213,499300
1052871,499400
1053523,499500
1054067,499600
1054699,499700
1055230,499800
1055770,499900
1056269,500000
1058155,500100
1058881,500200
1059593,500300
1060244,500400
1060862,500500
1061429,500600
1061959,500700
1062503,500800
1063090,500900
1063710,501000
1065345,501100
1066022,501200
1066676,501300
1067359,501400
1068085,501500
1068744,501600
1069511,501700
1070169,501800
1070909,501900
1071504,502000
1073180,502100
1073687,502200
1074305,502300
1075063,502400
1075759,502500
1076385,502600
1077009,502700
1077709,502800
1078273,502900
1078803,503000
1080682,503100
1081344,503200
1082014,503300
1082689,503400
1083345,503500
1083923,503600
1084449,503700
1084930,503800
1085475,503900
1086095,504000
1087701,504100
1088356,504200
1089043,504300
1089791,504400
1090512,504500
1091228,504600
1091730,504700
1092260,504800
1092799,504900
1093337,505000
1094955,505100
1095768,505200
1096859,505300
1097572,505400
1098227,505500
1099108,505600
1099999,505700
1100566,505800
1101147,505900
1101752,506000
1103655,506100
1104401,506200
1105123,506300
1105760,506400
1106303,506500
1106869,506600
1107368,506700
1107809,506800
1108423,506900
1108880,507000
1110418,507100
1111054,507200
1111658,507300
1112259,507400
1112830,507500
1113576,507600
1114315,507700
1114906,507800
1115523,507900
1116302,508000
1118530,508100
1119733,508200
1120827,508300
1121705,508400
1122484,508500
1123410,508600
1124181,508700
1125084,508800
1125729,508900
1126366,509000
1128292,509100
1129217,509200
1130048,509300
1131012,509400
1131848,509500
1132741,509600
1133535,509700
1134272,509800
1135012,509900
1135650,510000
1137454,510100
1138277,510200
1139061,510300
1139810,510400
1140443,510500
1141032,510600
1141635,510700
1142339,510800
1142719,510900
1143247,511000
1144848,511100
1145467,511200
1146177,511300
1147149,511400
1147760,511500
1148165,511600
1148716,511700
1149319,511800
1149875,511900
1150387,512000
1152000,512100
1152711,512200
1153439,512300
1154001,512400
1154597,512500
1155131,512600
1155734,512700
1156260,512800
1156703,512900
1157217,513000
1159021,513100
1159768,513200
1160257,513300
1160931,513400
1161304,513500
1161683,513600
1162077,513700
1162393,513800
1162706,513900
1162974,514000
1164410,514100
1164869,514200
1165344,514300
1165820,514400
1166299,514500
1166817,514600
1167196,514700
1167618,514800
1167957,514900
1168246,515000
1169372,515100
1169905,515200
1170334,515300
1170715,515400
1171127,515500
1171644,515600
1172086,515700
1172482,515800
1172891,515900
1173274,516000
1174365,516100
1174718,516200
1175241,516300
1175610,516400
1176062,516500
1176434,516600
1176799,516700
1177136,516800
1177528,516900
1177897,517000
1179053,517100
1179360,517200
1179702,517300
1180096,517400
1180559,517500
1181170,517600
1181560,517700
1182018,517800
1182452,517900
1182813,518000
1184887,518100
1185358,518200
1185870,518300
1186498,518400
1187159,518500
1187731,518600
1188215,518700
1188598,518800
1188999,518900
1189492,519000
1190807,519100
1191490,519200
1192154,519300
1192468,519400
1192851,519500
1193274,519600
1193737,519700
1194244,519800
1194734,519900
1195143,520000
1196556,520100
1197112,520200
1197835,520300
1198173,520400
1198644,520500
1199078,520600
1199433,520700
1199849,520800
1200199,520900
1200573,521000
1202063,521100
1202691,521200
1203393,521300
1203953,521400
1204543,521500
1204966,521600
1205449,521700
1205960,521800
1206294,521900
1206628,522000
1208075,522100
1208730,522200
1209312,522300
1209715,522400
1210035,522500
1210417,522600
1210831,522700
1211141,522800
1211501,522900
1211823,523000
1213219,523100
1213934,523200
1214618,523300
1215018,523400
1215433,523500
1215839,523600
1216292,523700
1216664,523800
1217116,523900
1217596,524000
1218845,524100
1219319,524200
1219854,524300
1220299,524400
1220739,524500
1221012,524600
1221372,524700
1221729,524800
1222212,524900
1222658,525000
1223901,525100
1224360,525200
1224810,525300
1225369,525400
1226070,525500
1226373,525600
1226765,525700
1227252,525800
1227957,525900
1228558,526000
1230004,526100
1230643,526200
1231347,526300
1231960,526400
1232639,526500
1233144,526600
1233468,526700
1233801,526800
1234212,526900
1234604,527000
1236044,527100
1236981,527200
1237463,527300
1237968,527400
1238428,527500
1238944,527600
1239258,527700
1239585,527800
1239867,527900
1240230,528000
1241562,528100
1242130,528200
1242909,528300
1243621,528400
1244086,528500
1244490,528600
1244790,528700
1245160,528800
1245463,528900
1245738,529000
1247022,529100
1247773,529200
1248520,529300
1249203,529400
1249862,529500
1250326,529600
1250736,529700
1251212,529800
1251731,529900
1252176,530000
1254742,530100
1255355,530200
1256144,530300
1256849,530400
1257339,530500
1257783,530600
1258188,530700
1258794,530800
1259094,530900
1259371,531000
1260582,531100
1261112,531200
1261726,531300
1262254,531400
1262882,531500
1263772,531600
1264634,531700
1265362,531800
1266075,531900
1266642,532000
1274226,532100
1274993,532200
1275826,532300
1276631,532400
1277316,532500
1277889,532600
1278315,532700
1278798,532800
1279279,532900
1279704,533000
1281088,533100
1281526,533200
1282091,533300
1282966,533400
1283721,533500
1284429,533600
1285165,533700
1285653,533800
1286238,533900
1286910,534000
1288417,534100
1288858,534200
1289475,534300
1290119,534400
1290797,534500
1291534,534600
1292233,534700
1292751,534800
1293285,534900
1293754,535000
1295323,535100
1295770,535200
1296195,535300
1296876,535400
1297930,535500
1298648,535600
1299207,535700
1299706,535800
1300189,535900
1300699,536000
1302050,536100
1302588,536200
1303187,536300
1303619,536400
1304219,536500
1304738,536600
1305264,536700
1305865,536800
1306290,536900
1306729,537000
1315102,537100
1315724,537200
1316191,537300
1316606,537400
1317010,537500
1317483,537600
1318073,537700
1318484,537800
1318996,537900
1319529,538000
1321059,538100
1321808,538200
1322447,538300
1323031,538400
1323589,538500
1324177,538600
1324830,538700
1325625,538800
1326146,538900
1326759,539000
1328366,539100
1328908,539200
1329531,539300
1330163,539400
1330747,539500
1331432,539600
1332033,539700
1332458,539800
1333085,539900
1333731,540000
1335333,540100
1335974,540200
1336843,540300
1337798,540400
1338274,540500
1338733,540600
1339145,540700
1339570,540800
1340178,540900
1340778,541000
1342366,541100
1342930,541200
1343637,541300
1344281,541400
1344985,541500
1345515,541600
1345915,541700
1346454,541800
1347004,541900
1347741,542000
1349302,542100
1349953,542200
1350588,542300
1351368,542400
1352075,542500
1352562,542600
1353255,542700
1353683,542800
1354289,542900
1354777,543000
1356282,543100
1356889,543200
1357489,543300
1358022,543400
1358859,543500
1359366,543600
1359817,543700
1360263,543800
1360612,543900
1361125,544000
1362854,544100
1363477,544200
1364368,544300
1365005,544400
1365581,544500
1366406,544600
1366906,544700
1367349,544800
1367918,544900
1368768,545000
1370750,545100
1371594,545200
1372280,545300
1372942,545400
1373606,545500
1374097,545600
1374614,545700
1375169,545800
1375919,545900
1376518,546000
1390775,546100
1391706,546200
1392670,546300
1393571,546400
1394371,546500
1395088,546600
1395614,546700
1396251,546800
1396925,546900
1397765,547000
1399771,547100
1400780,547200
1401727,547300
1402638,547400
1403588,547500
1404375,547600
1405145,547700
1405783,547800
1406598,547900
1407334,548000
1409175,548100
1409979,548200
1410722,548300
1411663,548400
1412560,548500
1413304,548600
1413858,548700
1414912,548800
1415638,548900
1416290,549000
1418311,549100
1419320,549200
1420354,549300
1421210,549400
1421911,549500
1422503,549600
1423109,549700
1423724,549800
1424420,549900
1425179,550000
1427365,550100
1428662,550200
1429592,550300
1430358,550400
1431343,550500
1431862,550600
1432568,550700
1433439,550800
1434479,550900
1435388,551000
1437693,551100
1438644,551200
1439969,551300
1441061,551400
1442033,551500
1443093,551600
1443872,551700
1444643,551800
1445601,551900
1446362,552000
1449448,552100
1450603,552200
1451875,552300
1452653,552400
1453582,552500
1454295,552600
1455023,552700
1455869,552800
1456769,552900
1457502,553000
1459787,553100
1460834,553200
1461687,553300
1462552,553400
1463455,553500
1464576,553600
1465374,553700
1466082,553800
1466814,553900
1467465,554000
1469441,554100
1470649,554200
1471560,554300
1472396,554400
1473332,554500
1474066,554600
1474775,554700
1475659,554800
1476611,554900
1477365,555000
1479053,555100
1479797,555200
1480494,555300
1481506,555400
1482217,555500
1482842,555600
1483464,555700
1484086,555800
1484603,555900
1485242,556000
1486984,556100
1487511,556200
1488082,556300
1488760,556400
1489311,556500
1489863,556600
1490491,556700
1491146,556800
1491822,556900
1492681,557000
1494667,557100
1495469,557200
1496109,557300
1496793,557400
1497610,557500
1498104,557600
1498674,557700
1499266,557800
1499729,557900
1500322,558000
1502053,558100
1502694,558200
1503528,558300
1504248,558400
1504906,558500
1505680,558600
1506537,558700
1507297,558800
1508043,558900
1509010,559000
1510829,559100
1511502,559200
1512044,559300
1512666,559400
1513303,559500
1513872,559600
1514668,559700
1515280,559800
1515798,559900
1516342,560000
1518123,560100
1518734,560200
1519350,560300
1520141,560400
1520868,560500
1521629,560600
1522181,560700
1522736,560800
1523262,560900
1523808,561000
1525689,561100
1526286,561200
1527017,561300
1527668,561400
1528198,561500
1528811,561600
1529442,561700
1529946,561800
1530527,561900
1531219,562000
1532957,562100
1533809,562200
1534426,562300
1535123,562400
1535734,562500
1536402,562600
1537503,562700
1538259,562800
1538910,562900
1539417,563000
1541159,563100
1541856,563200
1542777,563300
1543235,563400
1543880,563500
1544514,563600
1545288,563700
1545918,563800
1546652,563900
1547360,564000
1549404,564100
1550158,564200
1550767,564300
1551461,564400
1552139,564500
1552784,564600
1553628,564700
1554268,564800
1554902,564900
1555408,565000
1557195,565100
1557841,565200
1558769,565300
1559607,565400
1560171,565500
1560801,565600
1561539,565700
1562165,565800
1562967,565900
1563634,566000
1565732,566100
1566601,566200
1567434,566300
1568160,566400
1568782,566500
1569646,566600
1570571,566700
1571156,566800
1571780,566900
1572572,567000
1574289,567100
1574973,567200
1575801,567300
1576441,567400
1576977,567500
1577757,567600
1578661,567700
1579307,567800
1580114,567900
1580802,568000
1582738,568100
1583720,568200
1584464,568300
1585213,568400
1585880,568500
1586418,568600
1587352,568700
1588170,568800
1588798,568900
1589612,569000
1591579,569100
1592676,569200
1593473,569300
1594258,569400
1594948,569500
1595625,569600
1596308,569700
1597040,569800
1597796,569900
1598690,570000
1600775,570100
1601789,570200
1602769,570300
1603963,570400
1604749,570500
1605527,570600
1606314,570700
1607195,570800
1608062,570900
1608751,571000
1610908,571100
1611737,571200
1612495,571300
1613344,571400
1614025,571500
1614599,571600
1615450,571700
1616110,571800
1616693,571900
1617388,572000
1619390,572100
1620201,572200
1621112,572300
1621836,572400
1622502,572500
1623182,572600
1623735,572700
1624330,572800
1625058,572900
1625747,573000
1627891,573100
1628702,573200
1629540,573300
1630425,573400
1631181,573500
1631961,573600
1632500,573700
1633282,573800
1633956,573900
1634688,574000
1636565,574100
1637511,574200
1638330,574300
1639126,574400
1640052,574500
1640796,574600
1641491,574700
1642235,574800
1643050,574900
1643815,575000
1645674,575100
1646603,575200
1647503,575300
1648585,575400
1649521,575500
1650443,575600
1651346,575700
1652256,575800
1653251,575900
1654156,576000
1656326,576100
1657371,576200
1658462,576300
1659551,576400
1660473,576500
1661163,576600
1661916,576700
1662603,576800
1663309,576900
1663973,577000
1666232,577100
1667234,577200
1668159,577300
1669102,577400
1669970,577500
1670987,577600
1671789,577700
1672544,577800
1673224,577900
1674158,578000
1676427,578100
1677453,578200
1678586,578300
1679441,578400
1680240,578500
1681111,578600
1682188,578700
1683071,578800
1683963,578900
1684730,579000
1686913,579100
1687978,579200
1688949,579300
1689818,579400
1690495,579500
1691145,579600
1691827,579700
1692480,579800
1693268,579900
1693902,580000
1695891,580100
1696923,580200
1697865,580300
1699047,580400
1699905,580500
1700647,580600
1701400,580700
1702512,580800
1703218,580900
1703905,581000
1706070,581100
1707256,581200
1708365,581300
1709350,581400
1710433,581500
1711238,581600
1712168,581700
1713122,581800
1714108,581900
1715025,582000
1717720,582100
1718987,582200
1719991,582300
1721048,582400
1721930,582500
1723009,582600
1723901,582700
1724792,582800
1725611,582900
1726635,583000
1728594,583100
1729421,583200
1730257,583300
1731055,583400
1732076,583500
1733034,583600
1733855,583700
1734514,583800
1735161,583900
1735981,584000
1738030,584100
1738744,584200
1739486,584300
1740286,584400
1741059,584500
1742132,584600
1743162,584700
1744058,584800
1744842,584900
1745637,585000
1747680,585100
1748798,585200
1749609,585300
1750360,585400
1751145,585500
1752134,585600
1753003,585700
1753848,585800
1754852,585900
1755652,586000
1757700,586100
1759003,586200
1759882,586300
1760501,586400
1761334,586500
1762215,586600
1763170,586700
1763828,586800
1764561,586900
1765462,587000
1767358,587100
1768196,587200
1768924,587300
1769465,587400
1770106,587500
1770913,587600
1771604,587700
1772347,587800
1772954,587900
1773503,588000
1775709,588100
1776867,588200
1777828,588300
1778515,588400
1779100,588500
1779941,588600
1780585,588700
1781504,588800
1782492,588900
1783370,589000
1786141,589100
1787223,589200
1788434,589300
1789402,589400
1790197,589500
1790736,589600
1791409,589700
1792072,589800
1792918,589900
1793880,590000
1795853,590100
1796758,590200
1797730,590300
1798696,590400
1799513,590500
1800300,590600
1801091,590700
1801650,590800
1802352,590900
1803130,591000
1805498,591100
1806772,591200
1807791,591300
1808657,591400
1809393,591500
1810350,591600
1810918,591700
1811511,591800
1812313,591900
1813080,592000
1814841,592100
1815883,592200
1816656,592300
1817400,592400
1818118,592500
1818694,592600
1819139,592700
1819724,592800
1820359,592900
1821243,593000
1822971,593100
1823899,593200
1824868,593300
1825792,593400
1826748,593500
1827671,593600
1828280,593700
1828724,593800
1829295,593900
1829887,594000
1832202,594100
1833516,594200
1834403,594300
1835423,594400
1836140,594500
1836976,594600
1837772,594700
1838405,594800
1838955,594900
1839728,595000
1841287,595100
1842435,595200
1843709,595300
1844717,595400
1845704,595500
1846536,595600
1847229,595700
1847871,595800
1848396,595900
1849161,596000
1851005,596100
1851904,596200
1852952,596300
1853887,596400
1854909,596500
1855676,596600
1856329,596700
1857037,596800
1857849,596900
1858399,597000
1860206,597100
1861058,597200
1862044,597300
1862888,597400
1863736,597500
1864456,597600
1865082,597700
1865849,597800
1866696,597900
1867137,598000
1868765,598100
1869595,598200
1870295,598300
1871259,598400
1872049,598500
1872702,598600
1873456,598700
1874147,598800
1874683,598900
1875352,599000
1877316,599100
1877937,599200
1878781,599300
1879728,599400
1880626,599500
1881528,599600
1882487,599700
1883181,599800
1883697,599900
1884369,600000
1886230,600100
1887016,600200
1887920,600300
1888773,600400
1889513,600500
1890397,600600
1890985,600700
1891655,600800
1892401,600900
1893331,601000
1895521,601100
1896554,601200
1897587,601300
1898411,601400
1899481,601500
1900333,601600
1901187,601700
1901865,601800
1902755,601900
1903510,602000
1905661,602100
1906583,602200
1907521,602300
1908506,602400
1909327,602500
1910419,602600
1911200,602700
1911985,602800
1912691,602900
1913417,603000
1915382,603100
1916399,603200
1917247,603300
1918169,603400
1918896,603500
1919906,603600
1920567,603700
1921380,603800
1922571,603900
1923660,604000
1926762,604100
1928733,604200
1929691,604300
1930538,604400
1931387,604500
1932016,604600
1932790,604700
1933574,604800
1934485,604900
1935247,605000
1936907,605100
1937631,605200
1938679,605300
1939605,605400
1940559,605500
1941383,605600
1941918,605700
1942523,605800
1943081,605900
1943962,606000
1945946,606100
1946659,606200
1947527,606300
1948410,606400
1949465,606500
1950324,606600
1951231,606700
1951907,606800
1952544,606900
1953300,607000
1955137,607100
1955864,607200
1956784,607300
1957753,607400
1958772,607500
1959801,607600
1960857,607700
1961522,607800
1962179,607900
1962875,608000
1964556,608100
1965327,608200
1966347,608300
1967147,608400
1968028,608500
1969274,608600
1970177,608700
1970961,608800
1971910,608900
1972583,609000
1974365,609100
1975071,609200
1975619,609300
1976397,609400
1977501,609500
1978404,609600
1979051,609700
1979721,609800
1980586,609900
1981269,610000
1983449,610100
1984141,610200
1985342,610300
1986218,610400
1986991,610500
1988028,610600
1988720,610700
1989177,610800
1989671,610900
1990390,611000
1992050,611100
1992893,611200
1993906,611300
1994507,611400
1995207,611500
1996135,611600
1997107,611700
1998083,611800
1998890,611900
1999958,612000
2002131,612100
2003056,612200
2003971,612300
2004753,612400
2005263,612500
2005995,612600
2006726,612700
2007706,612800
2008592,612900
2009333,613000
2011385,613100
2012043,613200
2012872,613300
2013613,613400
2014343,613500
2014976,613600
2015624,613700
2016450,613800
2017123,613900
2017913,614000
2019950,614100
2020926,614200
2022099,614300
2023082,614400
2023698,614500
2024284,614600
2024935,614700
2025682,614800
2026561,614900
2027519,615000
2029569,615100
2030269,615200
2031274,615300
2032076,615400
2032878,615500
2033716,615600
2034434,615700
2035177,615800
2036058,615900
2037001,616000
2039252,616100
2040370,616200
2041614,616300
2042813,616400
2044080,616500
2044990,616600
2045948,616700
2046842,616800
2047780,616900
2048821,617000
2051314,617100
2052525,617200
2053470,617300
2054228,617400
2055162,617500
2055933,617600
2056579,617700
2057283,617800
2057882,617900
2058728,618000
2061084,618100
2062230,618200
2063521,618300
2064348,618400
2065064,618500
2065768,618600
2066566,618700
2067237,618800
2067947,618900
2068769,619000
2070864,619100
2072025,619200
2073012,619300
2073966,619400
2074718,619500
2075647,619600
2076286,619700
2076895,619800
2077842,619900
2078611,620000
2081425,620100
2083473,620200
2084492,620300
2085395,620400
2086074,620500
2086707,620600
2087305,620700
2087773,620800
2088747,620900
2089629,621000
2091757,621100
2092857,621200
2094314,621300
2095554,621400
2096726,621500
2097758,621600
2098695,621700
2099761,621800
2100674,621900
2101572,622000
2104391,622100
2105898,622200
2107069,622300
2108044,622400
2108775,622500
2109418,622600
2110176,622700
2111335,622800
2112189,622900
2112972,623000
2115159,623100
2116010,623200
2117001,623300
2117824,623400
2118457,623500
2119145,623600
2119909,623700
2120581,623800
2121294,623900
2122282,624000
2124187,624100
2125094,624200
2126331,624300
2127605,624400
2128245,624500
2128821,624600
2129654,624700
2130339,624800
2131070,624900
2131877,625000
2133950,625100
2134941,625200
2135747,625300
2136510,625400
2137340,625500
2138072,625600
2139099,625700
2139977,625800
2140787,625900
2141547,626000
2144236,626100
2145370,626200
2146354,626300
2147485,626400
2148614,626500
2149730,626600
2150639,626700
2151744,626800
2152763,626900
2153638,627000
2155793,627100
2156740,627200
2157944,627300
2159091,627400
2160087,627500
2161347,627600
2162530,627700
2163411,627800
2164211,627900
2165046,628000
2167423,628100
2168541,628200
2169559,628300
2170411,628400
2171274,628500
2172425,628600
2173361,628700
2174225,628800
2174917,628900
2175779,629000
2178213,629100
2179274,629200
2180499,629300
2181800,629400
2183123,629500
2184135,629600
2185120,629700
2185994,629800
2186785,629900
2187652,630000
2190170,630100
2191415,630200
2192565,630300
2194237,630400
2195457,630500
2196289,630600
2197146,630700
2198184,630800
2199241,630900
2200314,631000
2202816,631100
2204031,631200
2205421,631300
2206813,631400
2208440,631500
2209690,631600
2210838,631700
2211822,631800
2212700,631900
2213708,632000
2216503,632100
2217769,632200
2219031,632300
2219839,632400
2220489,632500
2221257,632600
2222322,632700
2223316,632800
2224247,632900
2224966,633000
2227154,633100
2228216,633200
2229201,633300
2229933,633400
2230859,633500
2231656,633600
2232534,633700
2233614,633800
2234480,633900
2235232,634000
2237550,634100
2239430,634200
2240859,634300
2242063,634400
2243104,634500
2243810,634600
2244491,634700
2245088,634800
2245914,634900
2246689,635000
2248917,635100
2250325,635200
2251560,635300
2252713,635400
2253721,635500
2254547,635600
2255406,635700
2256204,635800
2257132,635900
2258127,636000
2260365,636100
2261710,636200
2262635,636300
2263636,636400
2264401,636500
2265070,636600
2265645,636700
2266513,636800
2267383,636900
2268179,637000
2270190,637100
2271302,637200
2272408,637300
2273619,637400
2274592,637500
2275513,637600
2276409,637700
2277165,637800
2278946,637900
2279771,638000
2282107,638100
2283512,638200
2284762,638300
2285716,638400
2286817,638500
2287598,638600
2288492,638700
2289412,638800
2290167,638900
2290870,639000
2292930,639100
2294366,639200
2295588,639300
2296806,639400
2298007,639500
2299021,639600
2300120,639700
2301058,639800
2302105,639900
2303221,640000
2305787,640100
2306898,640200
2307910,640300
2308883,640400
2309805,640500
2311007,640600
2311854,640700
2312729,640800
2313612,640900
2314634,641000
2317238,641100
2318712,641200
2319989,641300
2321268,641400
2322637,641500
2324051,641600
2325154,641700
2326364,641800
2327634,641900
2328709,642000
2331046,642100
2332245,642200
2333675,642300
2334770,642400
2335793,642500
2336806,642600
2337750,642700
2338863,642800
2339878,642900
2340795,643000
2343142,643100
2344697,643200
2345842,643300
2346970,643400
2347834,643500
2348757,643600
2349623,643700
2350661,643800
2352019,643900
2352901,644000
2355604,644100
2356943,644200
2358382,644300
2359874,644400
2361180,644500
2362177,644600
2363291,644700
2364198,644800
2365136,644900
2366048,645000
2370581,645100
2371796,645200
2373372,645300
2374450,645400
2375715,645500
2376756,645600
2377971,645700
2378867,645800
2379776,645900
2380981,646000
2384198,646100
2385602,646200
2386967,646300
2388327,646400
2389662,646500
2390636,646600
2391598,646700
2392620,646800
2393559,646900
2394733,647000
2397140,647100
2398347,647200
2399500,647300
2400833,647400
2401897,647500
2402843,647600
2403677,647700
2404719,647800
2405701,647900
2406522,648000
2408637,648100
2409746,648200
2411109,648300
2412120,648400
2413316,648500
2414509,648600
2415448,648700
2416549,648800
2417462,648900
2418431,649000
2421525,649100
2422902,649200
2424172,649300
2425323,649400
2426431,649500
2427586,649600
2428598,649700
2429546,649800
2430507,649900
2431349,650000
2433899,650100
2435036,650200
2436270,650300
2437432,650400
2438718,650500
2439712,650600
2440558,650700
2441497,650800
2442497,650900
2443532,651000
2446092,651100
2447401,651200
2448473,651300
2449538,651400
2450946,651500
2452252,651600
2453456,651700
2454511,651800
2455674,651900
2456667,652000
2459078,652100
2460254,652200
2461803,652300
2462784,652400
2463983,652500
2465089,652600
2466053,652700
2467411,652800
2468442,652900
2469360,653000
2471763,653100
2472951,653200
2474094,653300
2475311,653400
2476582,653500
2478067,653600
2479213,653700
2480427,653800
2481589,653900
2482579,654000
2485555,654100
2487032,654200
2488418,654300
2489837,654400
2491083,654500
2492367,654600
2493505,654700
2494768,654800
2495808,654900
2496779,655000
2499351,655100
2500836,655200
2502152,655300
2503329,655400
2504442,655500
2505846,655600
2507317,655700
2508628,655800
2509737,655900
2511248,656000
2514188,656100
2515727,656200
2516981,656300
2518195,656400
2519310,656500
2520513,656600
2522079,656700
2523149,656800
2524317,656900
2525466,657000
2528766,657100
2530176,657200
2531635,657300
2533551,657400
2535460,657500
2537016,657600
2538306,657700
2539701,657800
2540955,657900
2542127,658000
2545320,658100
2546444,658200
2547560,658300
2548657,658400
2550053,658500
2551165,658600
2552519,658700
2553834,658800
2554956,658900
2556046,659000
2558534,659100
2559867,659200
2561235,659300
2562591,659400
2563935,659500
2565011,659600
2566057,659700
2567305,659800
2568442,659900
2569435,660000
2572239,660100
2573890,660200
2575255,660300
2576592,660400
2578038,660500
2579176,660600
2580301,660700
2581405,660800
2582472,660900
2583657,661000
2586351,661100
2587625,661200
2588994,661300
2590446,661400
2591876,661500
2593352,661600
2595296,661700
2596921,661800
2598210,661900
2599873,662000
2602774,662100
2604614,662200
2606399,662300
2607625,662400
2608967,662500
2610106,662600
2611399,662700
2612628,662800
2613797,662900
2614841,663000
2617695,663100
2619280,663200
2620743,663300
2622120,663400
2623276,663500
2624620,663600
2625875,663700
2627040,663800
2628311,663900
2629432,664000
2632273,664100
2634245,664200
2636158,664300
2637740,664400
2639284,664500
2640580,664600
2641792,664700
2643052,664800
2644574,664900
2645898,665000
2649144,665100
2651354,665200
2653169,665300
2654906,665400
2656701,665500
2658152,665600
2659370,665700
2660531,665800
2662450,665900
2663704,666000
2666723,666100
2668281,666200
2669929,666300
2671784,666400
2673270,666500
2674574,666600
2675713,666700
2676858,666800
2678222,666900
2679408,667000
2682098,667100
2683627,667200
2685036,667300
2686591,667400
2687748,667500
2688986,667600
2690080,667700
2691087,667800
2692171,667900
2693259,668000
2695905,668100
2697163,668200
2698254,668300
2699300,668400
2700517,668500
2701568,668600
2702694,668700
2703771,668800
2704766,668900
2706039,669000
2708591,669100
2710018,669200
2711704,669300
2713260,669400
2714682,669500
2715973,669600
2717338,669700
2718765,669800
2720173,669900
2721528,670000
2724858,670100
2727060,670200
2728763,670300
2730157,670400
2731642,670500
2733180,670600
2734509,670700
2735777,670800
2737066,670900
2738577,671000
2741731,671100
2743400,671200
2745083,671300
2746728,671400
2748155,671500
2749551,671600
2751087,671700
2752463,671800
2753735,671900
2754909,672000
2757832,672100
2759672,672200
2761240,672300
2762603,672400
2763931,672500
2765145,672600
2766432,672700
2767610,672800
2768689,672900
2769916,673000
2772651,673100
2774133,673200
2775441,673300
2776761,673400
2778235,673500
2779321,673600
2780550,673700
2781711,673800
2783015,673900
2784712,674000
2787935,674100
2789715,674200
2791285,674300
2792740,674400
2794278,674500
2795907,674600
2797217,674700
2798459,674800
2799726,674900
2800834,675000
2803669,675100
2805207,675200
2806447,675300
2807575,675400
2808840,675500
2809961,675600
2811366,675700
2812559,675800
2813639,675900
2814706,676000
2817681,676100
2818950,676200
2820143,676300
2821270,676400
2822420,676500
2823433,676600
2824494,676700
2825428,676800
2826616,676900
2827926,677000
2830401,677100
2831951,677200
2833480,677300
2834782,677400
2836038,677500
2837371,677600
2839024,677700
2840157,677800
2841378,677900
2842544,678000
2845453,678100
2847064,678200
2848619,678300
2850209,678400
2851426,678500
2852587,678600
2853817,678700
2855310,678800
2856608,678900
2857741,679000
2860912,679100
2862443,679200
2864008,679300
2865478,679400
2867127,679500
2868503,679600
2869757,679700
2871060,679800
2872403,679900
2873561,680000
2876290,680100
2877814,680200
2879452,680300
2880913,680400
2882110,680500
2883467,680600
2884653,680700
2885869,680800
2887018,680900
2888185,681000
2890848,681100
2892203,681200
2893678,681300
2895205,681400
2896424,681500
2897623,681600
2898917,681700
2900443,681800
2901974,681900
2903241,682000
2906623,682100
2908317,682200
2909940,682300
2912291,682400
2913468,682500
2914608,682600
2915753,682700
2917511,682800
2918890,682900
2920029,683000
2923179,683100
2924983,683200
2926553,683300
2928099,683400
2929360,683500
2930671,683600
2931690,683700
2933093,683800
2934232,683900
2935497,684000
2938171,684100
2940020,684200
2941391,684300
2942527,684400
2943640,684500
2944796,684600
2945869,684700
2946991,684800
2948068,684900
2949023,685000
2951866,685100
2953262,685200
2954541,685300
2955871,685400
2957490,685500
2958967,685600
2960520,685700
2961762,685800
2962769,685900
2963990,686000
2992465,686100
2996528,686200
2999897,686300
3002854,686400
3005194,686500
3007432,686600
3010481,686700
3013304,686800
3017076,686900
3018871,687000
3022876,687100
3025232,687200
3027307,687300
3029841,687400
3031971,687500
3033830,687600
3035293,687700
3037133,687800
3039201,687900
3040665,688000
3043779,688100
3046869,688200
3048258,688300
3049935,688400
3051916,688500
3053372,688600
3054739,688700
3056340,688800
3058077,688900
3059513,689000
3063099,689100
3064603,689200
3065907,689300
3067275,689400
3068531,689500
3069793,689600
3071488,689700
3072789,689800
3075140,689900
3076368,690000
3079501,690100
3080909,690200
3082048,690300
3083454,690400
3084496,690500
3085770,690600
3086890,690700
3088095,690800
3089681,690900
3090683,691000
3093026,691100
3094623,691200
3095672,691300
3096505,691400
3097215,691500
3097826,691600
3098640,691700
3099526,691800
3101447,691900
3102396,692000
3104714,692100
3106015,692200
3107237,692300
3108295,692400
3109351,692500
3110249,692600
3111279,692700
3112441,692800
3113276,692900
3114222,693000
3116485,693100
3117688,693200
3118591,693300
3119348,693400
3120164,693500
3121031,693600
3121572,693700
3122625,693800
3123672,693900
3124419,694000
3126667,694100
3128133,694200
3129426,694300
3130726,694400
3131822,694500
3132825,694600
3133850,694700
3134817,694800
3135548,694900
3136647,695000
3139295,695100
3140705,695200
3142157,695300
3143557,695400
3144993,695500
3146343,695600
3147387,695700
3148247,695800
3148997,695900
3150207,696000
3152973,696100
3156090,696200
3157605,696300
3158818,696400
3160191,696500
3161646,696600
3162807,696700
3163965,696800
3164792,696900
3165442,697000
3167903,697100
3169283,697200
3170450,697300
3171607,697400
3172785,697500
3173845,697600
3174708,697700
3175417,697800
3176540,697900
3177365,698000
3182086,698100
3183622,698200
3184671,698300
3185684,698400
3186895,698500
3188094,698600
3189374,698700
3190443,698800
3191504,698900
3192254,699000
3194374,699100
3195945,699200
3196921,699300
3198183,699400
3199233,699500
3200660,699600
3201890,699700
3202920,699800
3203876,699900
3204831,700000
3238880,700100
3241768,700200
3244435,700300
3247299,700400
3250670,700500
3253294,700600
3255468,700700
3257755,700800
3259779,700900
3261824,701000
3264491,701100
3266587,701200
3268915,701300
3270487,701400
3273009,701500
3274826,701600
3276572,701700
3278002,701800
3279761,701900
3281099,702000
3283569,702100
3285396,702200
3286989,702300
3288294,702400
3290014,702500
3291276,702600
3292515,702700
3294192,702800
3295964,702900
3297090,703000
3300604,703100
3301892,703200
3303178,703300
3304436,703400
3306131,703500
3307689,703600
3308890,703700
3310274,703800
3312301,703900
3314151,704000
3317878,704100
3320280,704200
3321553,704300
3322932,704400
3324714,704500
3326301,704600
3327758,704700
3329347,704800
3330594,704900
3332028,705000
3336080,705100
3338021,705200
3340436,705300
3341573,705400
3342598,705500
3344358,705600
3346037,705700
3347329,705800
3348962,705900
3350817,706000
3354145,706100
3356459,706200
3358087,706300
3360035,706400
3361368,706500
3362420,706600
3363855,706700
3364928,706800
3366276,706900
3367803,707000
3370200,707100
3371721,707200
3373380,707300
3374607,707400
3375898,707500
3377091,707600
3378399,707700
3379878,707800
3381100,707900
3382248,708000
3385291,708100
3387000,708200
3388310,708300
3389826,708400
3390749,708500
3391589,708600
3392541,708700
3393702,708800
3395437,708900
3397065,709000
3401102,709100
3402524,709200
3403915,709300
3405150,709400
3406392,709500
3407341,709600
3408128,709700
3409107,709800
3410340,709900
3411382,710000
3414797,710100
3416496,710200
3418111,710300
3419489,710400
3421116,710500
3422221,710600
3423263,710700
3424359,710800
3425657,710900
3426711,711000
3429552,711100
3431182,711200
3432516,711300
3434094,711400
3435276,711500
3436264,711600
3437135,711700
3438167,711800
3439418,711900
3440827,712000
3443489,712100
3444924,712200
3446807,712300
3448119,712400
3449328,712500
3450396,712600
3452259,712700
3453445,712800
3454424,712900
3455441,713000
3457934,713100
3459283,713200
3460298,713300
3461280,713400
3462380,713500
3463731,713600
3464668,713700
3465466,713800
3466370,713900
3467324,714000
3470195,714100
3471885,714200
3473749,714300
3475407,714400
3476649,714500
3477834,714600
3478879,714700
3479870,714800
3480990,714900
3482075,715000
3485020,715100
3486496,715200
3488008,715300
3489135,715400
3490659,715500
3491735,715600
3492647,715700
3493595,715800
3494644,715900
3495618,716000
3499986,716100
3501909,716200
3503471,716300
3504904,716400
3506480,716500
3507851,716600
3508464,716700
3509170,716800
3509892,716900
3510664,717000
3513523,717100
3515308,717200
3516901,717300
3518583,717400
3519932,717500
3520976,717600
3521928,717700
3522866,717800
3523791,717900
3524598,718000
3527645,718100
3529476,718200
3530565,718300
3531856,718400
3532723,718500
3533899,718600
3535047,718700
3535914,718800
3536752,718900
3537439,719000
3539662,719100
3541088,719200
3542484,719300
3543724,719400
3544625,719500
3545376,719600
3546660,719700
3547902,719800
3549486,719900
3550518,720000
3553131,720100
3554532,720200
3555767,720300
3556951,720400
3558283,720500
3559439,720600
3560697,720700
3561849,720800
3562714,720900
3563714,721000
3566063,721100
3567526,721200
3569253,721300
3570819,721400
3571936,721500
3572959,721600
3574388,721700
3575383,721800
3576965,721900
3578129,722000
3580917,722100
3582307,722200
3584452,722300
3587275,722400
3590481,722500
3596489,722600
3598567,722700
3600166,722800
3601727,722900
3602990,723000
3605214,723100
3606357,723200
3607356,723300
3608580,723400
3609731,723500
3610608,723600
3611689,723700
3612563,723800
3613835,723900
3614856,724000
3616879,724100
3617972,724200
3619409,724300
3620894,724400
3621931,724500
3622702,724600
3623670,724700
3625132,724800
3626258,724900
3627193,725000
3629510,725100
3630843,725200
3631960,725300
3633254,725400
3635230,725500
3637137,725600
3638262,725700
3639327,725800
3640235,725900
3641342,726000
3643840,726100
3644863,726200
3646214,726300
3647864,726400
3649187,726500
3650420,726600
3651557,726700
3652848,726800
3653937,726900
3654754,727000
3656719,727100
3657927,727200
3658872,727300
3660347,727400
3662097,727500
3663689,727600
3664944,727700
3666208,727800
3667210,727900
3668294,728000
3670756,728100
3671564,728200
3672708,728300
3673898,728400
3674944,728500
3676156,728600
3677208,728700
3678059,728800
3679258,728900
3680575,729000
3682545,729100
3683766,729200
3685036,729300
3686653,729400
3687882,729500
3689217,729600
3690493,729700
3691915,729800
3693282,729900
3694476,730000
3697708,730100
3699174,730200
3700466,730300
3701414,730400
3702733,730500
3704007,730600
3704973,730700
3705998,730800
3707174,730900
3708433,731000
3710759,731100
3711676,731200
3712692,731300
3714283,731400
3715604,731500
3716844,731600
3717872,731700
3719015,731800
3720297,731900
3721106,732000
3723397,732100
3724443,732200
3725542,732300
3726518,732400
3727947,732500
3729217,732600
3730244,732700
3731341,732800
3732363,732900
3733270,733000
3735848,733100
3736869,733200
3737781,733300
3738539,733400
3739412,733500
3740325,733600
3741407,733700
3742421,733800
3743420,733900
3744517,734000
3747010,734100
3748884,734200
3750123,734300
3751173,734400
3752048,734500
3753403,734600
3754357,734700
3755362,734800
3756229,734900
3757369,735000
3760259,735100
3761674,735200
3762716,735300
3763767,735400
3764825,735500
3765726,735600
3767236,735700
3768285,735800
3769062,735900
3770659,736000
3773762,736100
3775440,736200
3776926,736300
3778285,736400
3779517,736500
3780645,736600
3781963,736700
3783017,736800
3783999,736900
3785054,737000
3788051,737100
3789714,737200
3790883,737300
3792509,737400
3793582,737500
3794495,737600
3795427,737700
3796529,737800
3797603,737900
3798615,738000
3801084,738100
3802397,738200
3803635,738300
3804559,738400
3805502,738500
3806589,738600
3807636,738700
3808727,738800
3809956,738900
3810930,739000
3813241,739100
3814649,739200
3815593,739300
3816358,739400
3817439,739500
3819001,739600
3819986,739700
3821319,739800
3822097,739900
3823025,740000
3825267,740100
3826577,740200
3828023,740300
3829652,740400
3831012,740500
3832730,740600
3834343,740700
3835834,740800
3837128,740900
3838316,741000
3840943,741100
3842600,741200
3843948,741300
3845282,741400
3846350,741500
3847299,741600
3848362,741700
3849394,741800
3850729,741900
3851634,742000
3854241,742100
3856053,742200
3858833,742300
3863523,742400
3867004,742500
3869053,742600
3870661,742700
3871968,742800
3873038,742900
3873929,743000
3876777,743100
3878151,743200
3879159,743300
3880045,743400
3880844,743500
3881791,743600
3882695,743700
3883938,743800
3885082,743900
3886067,744000
3888570,744100
3890585,744200
3891712,744300
3892719,744400
3893748,744500
3894790,744600
3896207,744700
3897380,744800
3898996,744900
3900350,745000
3903147,745100
3904515,745200
3905505,745300
3906452,745400
3907439,745500
3908632,745600
3910043,745700
3911563,745800
3912654,745900
3913659,746000
3917601,746100
3918716,746200
3919613,746300
3920759,746400
3921917,746500
3922813,746600
3923935,746700
3924739,746800
3925809,746900
3927118,747000
3929702,747100
3930982,747200
3932420,747300
3933507,747400
3934466,747500
3935452,747600
3936635,747700
3937705,747800
3939059,747900
3940121,748000
3942425,748100
3943983,748200
3944951,748300
3945677,748400
3946614,748500
3947780,748600
3948822,748700
3950263,748800
3951603,748900
3952726,749000
3955211,749100
3956757,749200
3957766,749300
3958889,749400
3960115,749500
3961166,749600
3962157,749700
3963579,749800
3964795,749900
3966246,750000
3968542,750100
3969768,750200
3971157,750300
3972475,750400
3973703,750500
3974691,750600
3975661,750700
3977272,750800
3978310,750900
3979445,751000
3982211,751100
3983263,751200
3984891,751300
3986127,751400
3986981,751500
3988514,751600
3989473,751700
3990523,751800
3991623,751900
3992668,752000
3995560,752100
3996978,752200
3998272,752300
3999713,752400
4000509,752500
4001238,752600
4001970,752700
4003319,752800
4004626,752900
4005660,753000
4008361,753100
4010134,753200
4011221,753300
4012309,753400
4013317,753500
4013946,753600
4014688,753700
4015725,753800
4016767,753900
4018635,754000
4021427,754100
4022931,754200
4024655,754300
4026385,754400
4027577,754500
4028565,754600
4029595,754700
4030663,754800
4031811,754900
4033014,755000
4035396,755100
4036720,755200
4038184,755300
4039405,755400
4040403,755500
4041125,755600
4042059,755700
4043002,755800
4044262,755900
4045316,756000
4047839,756100
4049284,756200
4050646,756300
4051767,756400
4052679,756500
4053556,756600
4054266,756700
4055303,756800
4056278,756900
4057081,757000
4059808,757100
4060850,757200
4062126,757300
4063520,757400
4066100,757500
4067154,757600
4067932,757700
4068728,757800
4069542,757900
4070226,758000
4072695,758100
4073756,758200
4075163,758300
4077049,758400
4080599,758500
4084729,758600
4088163,758700
4089614,758800
4090788,758900
4091856,759000
4094659,759100
4097970,759200
4101755,759300
4106712,759400
4107810,759500
4108824,759600
4110424,759700
4111520,759800
4112497,759900
4113330,760000
4116085,760100
4117588,760200
4119029,760300
4120519,760400
4121905,760500
4123100,760600
4124020,760700
4125086,760800
4126095,760900
4127207,761000
4129643,761100
4131057,761200
4132249,761300
4133448,761400
4134619,761500
4135627,761600
4136639,761700
4137732,761800
4138908,761900
4140183,762000
4142889,762100
4145086,762200
4146810,762300
4148243,762400
4150559,762500
4151803,762600
4153189,762700
4154267,762800
4155416,762900
4156824,763000
4159769,763100
4161998,763200
4164230,763300
4166109,763400
4167669,763500
4169147,763600
4170513,763700
4172061,763800
4173235,763900
4174200,764000
4176960,764100
4178851,764200
4180862,764300
4183004,764400
4184934,764500
4186862,764600
4188693,764700
4190362,764800
4191531,764900
4193186,765000
4196475,765100
4198330,765200
4199824,765300
4201315,765400
4202561,765500
4203891,765600
4205606,765700
4207070,765800
4208202,765900
4209513,766000
4212987,766100
4215322,766200
4216633,766300
4217677,766400
4218627,766500
4219491,766600
4224399,766700
4230626,766800
4231868,766900
4233004,767000
4235693,767100
4237072,767200
4238765,767300
4240044,767400
4241457,767500
4242843,767600
4244160,767700
4245526,767800
4246672,767900
4247913,768000
4251310,768100
4252581,768200
4253798,768300
4254850,768400
4256101,768500
4257085,768600
4258278,768700
4259381,768800
4260117,768900
4261033,769000
4263760,769100
4265659,769200
4266885,769300
4268171,769400
4269465,769500
4270912,769600
4272097,769700
4273161,769800
4273909,769900
4274924,770000
4278376,770100
4279703,770200
4281290,770300
4282913,770400
4284218,770500
4285909,770600
4286873,770700
4287601,770800
4288441,770900
4289334,771000
4291913,771100
4298268,771200
4302370,771300
4304151,771400
4308409,771500
4310427,771600
4311799,771700
4312955,771800
4313974,771900
4314841,772000
4317178,772100
4318186,772200
4319932,772300
4321071,772400
4322491,772500
4323500,772600
4324385,772700
4325349,772800
4326501,772900
4327513,773000
4329776,773100
4330898,773200
4331845,773300
4332834,773400
4333980,773500
4334947,773600
4335730,773700
4336667,773800
4337471,773900
4338256,774000
4341073,774100
4342317,774200
4343770,774300
4345370,774400
4346823,774500
4348298,774600
4349426,774700
4350983,774800
4352189,774900
4353222,775000
4355938,775100
4357019,775200
4358519,775300
4360019,775400
4361655,775500
4362784,775600
4363833,775700
4365205,775800
4366139,775900
4367527,776000
4370489,776100
4371564,776200
4373280,776300
4374810,776400
4375939,776500
4377072,776600
4378401,776700
4379456,776800
4380645,776900
4381717,777000
4384406,777100
4385881,777200
4387163,777300
4388591,777400
4389797,777500
4391129,777600
4392359,777700
4393499,777800
4394891,777900
4396049,778000
4399088,778100
4401373,778200
4403032,778300
4404778,778400
4406194,778500
4407558,778600
4408814,778700
4410050,778800
4411152,778900
4412343,779000
4414915,779100
4416363,779200
4418013,779300
4419224,779400
4420570,779500
4421769,779600
4423220,779700
4424313,779800
4425380,779900
4426744,780000
4429913,780100
4431669,780200
4432678,780300
4433929,780400
4434710,780500
4436111,780600
4437774,780700
4439419,780800
4440791,780900
4442697,781000
4445669,781100
4447124,781200
4448785,781300
4450416,781400
4451394,781500
4452656,781600
4453990,781700
4455220,781800
4456831,781900
4457891,782000
4460700,782100
4462292,782200
4463697,782300
4465182,782400
4466736,782500
4468382,782600
4469695,782700
4470777,782800
4472104,782900
4473470,783000
4476391,783100
4477956,783200
4479648,783300
4481079,783400
4482234,783500
4483249,783600
4484581,783700
4485770,783800
4487024,783900
4488364,784000
4491781,784100
4493210,784200
4494949,784300
4496265,784400
4497290,784500
4498304,784600
4499359,784700
4500989,784800
4502399,784900
4503776,785000
4506591,785100
4508085,785200
4509460,785300
4510794,785400
4512178,785500
4513308,785600
4514716,785700
4516004,785800
4517425,785900
4518574,786000
4521675,786100
4523724,786200
4525389,786300
4527080,786400
4528450,786500
4529571,786600
4530560,786700
4531640,786800
4532782,786900
4534190,787000
4536842,787100
4538542,787200
4540320,787300
4541969,787400
4543373,787500
4544499,787600
4545874,787700
4547003,787800
4548143,787900
4549177,788000
4552171,788100
4553619,788200
4554869,788300
4556114,788400
4557186,788500
4558077,788600
4558917,788700
4559797,788800
4560659,788900
4561704,789000
4564364,789100
4565533,789200
4566994,789300
4568576,789400
4569710,789500
4570768,789600
4571613,789700
4572756,789800
4574020,789900
4574954,790000
4577782,790100
4579493,790200
4581056,790300
4582627,790400
4584017,790500
4585504,790600
4586367,790700
4587416,790800
4588536,790900
4590003,791000
4592953,791100
4594445,791200
4596364,791300
4597966,791400
4599186,791500
4600338,791600
4601648,791700
4602565,791800
4603703,791900
4605025,792000
4608003,792100
4609703,792200
4611340,792300
4612993,792400
4614152,792500
4615303,792600
4616506,792700
4617968,792800
4619173,792900
4620571,793000
4623531,793100
4625393,793200
4626899,793300
4628200,793400
4629564,793500
4631106,793600
4632833,793700
4634264,793800
4635479,793900
4636457,794000
4639659,794100
4646163,794200
4648062,794300
4649613,794400
4650939,794500
4652170,794600
4653550,794700
4654663,794800
4655811,794900
4657279,795000
4661516,795100
4663272,795200
4665027,795300
4666823,795400
4668445,795500
4669989,795600
4671588,795700
4672830,795800
4674211,795900
4675544,796000
4678617,796100
4680528,796200
4682372,796300
4683999,796400
4685575,796500
4687020,796600
4688467,796700
4689759,796800
4691221,796900
4692760,797000
4696450,797100
4698903,797200
4700552,797300
4702321,797400
4703922,797500
4705027,797600
4706167,797700
4707446,797800
4708409,797900
4709384,798000
4712538,798100
4714231,798200
4716218,798300
4718389,798400
4719891,798500
4721491,798600
4723510,798700
4725125,798800
4726260,798900
4727647,799000
4730993,799100
4732435,799200
4734240,799300
4736400,799400
4738205,799500
4740146,799600
4741685,799700
4742771,799800
4743913,799900
4745028,800000
4748362,800100
4750089,800200
4751905,800300
4753291,800400
4754758,800500
4755982,800600
4757452,800700
4758625,800800
4759712,800900
4760811,801000
4764157,801100
4765787,801200
4767240,801300
4768896,801400
4770122,801500
4771512,801600
4773138,801700
4774427,801800
4775415,801900
4776544,802000
4779852,802100
4781523,802200
4783398,802300
4785387,802400
4786893,802500
4788320,802600
4789625,802700
4791369,802800
4792879,802900
4793996,803000
4796798,803100
4798491,803200
4799951,803300
4801828,803400
4803164,803500
4804315,803600
4805578,803700
4807180,803800
4808318,803900
4809385,804000
4812140,804100
4813830,804200
4815527,804300
4817282,804400
4818661,804500
4820112,804600
4821439,804700
4822748,804800
4824042,804900
4825290,805000
4828086,805100
4830178,805200
4831369,805300
4832925,805400
4834451,805500
4836407,805600
4837667,805700
4838921,805800
4840043,805900
4841127,806000
4844323,806100
4845866,806200
4847599,806300
4849582,806400
4851030,806500
4852491,806600
4853759,806700
4854996,806800
4856131,806900
4857338,807000
4860283,807100
4861729,807200
4863781,807300
4865678,807400
4867762,807500
4869307,807600
4871093,807700
4872536,807800
4874536,807900
4875800,808000
4878708,808100
4880684,808200
4882224,808300
4883693,808400
4885378,808500
4886971,808600
4888731,808700
4890506,808800
4892122,808900
4893407,809000
4896860,809100
4898824,809200
4901585,809300
4904133,809400
4905818,809500
4907879,809600
4909429,809700
4911398,809800
4913599,809900
4915382,810000
4920099,810100
4923518,810200
4926260,810300
4928409,810400
4931098,810500
4933038,810600
4935623,810700
4937976,810800
4940463,810900
4943135,811000
4947878,811100
4951283,811200
4954559,811300
4957098,811400
4959727,811500
4962722,811600
4965014,811700
4967459,811800
4970000,811900
4972064,812000
4976854,812100
4979882,812200
4982685,812300
4985337,812400
4987761,812500
4989933,812600
4992131,812700
4994321,812800
4996298,812900
4998440,813000
5007910,813100
5010151,813200
5011778,813300
5013969,813400
5015518,813500
5017559,813600
5020114,813700
5021945,813800
5024045,813900
5026426,814000
5030946,814100
5033010,814200
5035340,814300
5037751,814400
5039496,814500
5041480,814600
5043663,814700
5045457,814800
5047746,814900
5049757,815000
5053295,815100
5055367,815200
5057155,815300
5058750,815400
5060464,815500
5062070,815600
5063795,815700
5066428,815800
5067952,815900
5069756,816000
5073966,816100
5076564,816200
5078401,816300
5080244,816400
5081855,816500
5083457,816600
5085085,816700
5086879,816800
5088306,816900
5089750,817000
5093023,817100
5094934,817200
5096280,817300
5097854,817400
5099067,817500
5100701,817600
5102557,817700
5104250,817800
5105959,817900
5107691,818000
5111054,818100
5113328,818200
5115815,818300
5117522,818400
5119024,818500
5120747,818600
5122373,818700
5124177,818800
5126119,818900
5127760,819000
5131451,819100
5134694,819200
5136500,819300
5138917,819400
5140592,819500
5141870,819600
5143853,819700
5146014,819800
5147631,819900
5149651,820000
5153983,820100
5156477,820200
5158619,820300
5160805,820400
5162599,820500
5164163,820600
5166008,820700
5167859,820800
5169317,820900
5170878,821000
5173814,821100
5175324,821200
5176817,821300
5178278,821400
5179531,821500
5180745,821600
5182294,821700
5183597,821800
5185051,821900
5186436,822000
5189429,822100
5191357,822200
5193525,822300
5195792,822400
5198891,822500
5200473,822600
5201996,822700
5203466,822800
5204940,822900
5206423,823000
5210095,823100
5212008,823200
5214143,823300
5216212,823400
5218030,823500
5219620,823600
5220997,823700
5222386,823800
5223947,823900
5226231,824000
5230810,824100
5233514,824200
5236129,824300
5239185,824400
5241109,824500
5243084,824600
5245464,824700
5247451,824800
5249198,824900
5251329,825000
5256479,825100
5259665,825200
5261996,825300
5265049,825400
5268214,825500
5270405,825600
5272138,825700
5273625,825800
5275572,825900
5277791,826000
5282178,826100
5285698,826200
5288791,826300
5291726,826400
5294164,826500
5296373,826600
5298325,826700
5300453,826800
5302783,826900
5304585,827000
5308892,827100
5312410,827200
5315185,827300
5318142,827400
5320203,827500
5322433,827600
5324490,827700
5326212,827800
5328146,827900
5329982,828000
5335086,828100
5338147,828200
5341216,828300
5344186,828400
5346193,828500
5347829,828600
5349306,828700
5350987,828800
5352495,828900
5354232,829000
5358066,829100
5360068,829200
5362488,829300
5364026,829400
5365739,829500
5367984,829600
5369740,829700
5371771,829800
5374565,829900
5376802,830000
5381390,830100
5385009,830200
5387974,830300
5390076,830400
5392192,830500
5394440,830600
5396622,830700
5398630,830800
5400808,830900
5402813,831000
5406890,831100
5409323,831200
5411692,831300
5413477,831400
5415394,831500
5421226,831600
5423082,831700
5424868,831800
5426586,831900
5428692,832000
5433241,832100
5436606,832200
5439904,832300
5442227,832400
5445919,832500
5448463,832600
5450890,832700
5452813,832800
5454892,832900
5456954,833000
5461643,833100
5464672,833200
5467637,833300
5470207,833400
5472314,833500
5474258,833600
5475844,833700
5477879,833800
5479676,833900
5481421,834000
5486138,834100
5488696,834200
5493603,834300
5497458,834400
5501413,834500
5505038,834600
5507807,834700
5510585,834800
5513111,834900
5515262,835000
5520223,835100
5523270,835200
5525599,835300
5528815,835400
5530854,835500
5534000,835600
5536269,835700
5538063,835800
5542305,835900
5544687,836000
5549107,836100
5552880,836200
5555355,836300
5557700,836400
5559618,836500
5561646,836600
5563609,836700
5565328,836800
5567098,836900
5569149,837000
5573037,837100
5574902,837200
5577061,837300
5579838,837400
5581788,837500
5583726,837600
5586017,837700
5588956,837800
5590959,837900
5592952,838000
5596646,838100
5599172,838200
5601926,838300
5603900,838400
5605747,838500
5607499,838600
5609042,838700
5610640,838800
5612481,838900
5613805,839000
5617468,839100
5619603,839200
5621374,839300
5622986,839400
5624815,839500
5626351,839600
5627794,839700
5629337,839800
5630769,839900
5632350,840000
5635252,840100
5636500,840200
5638030,840300
5639549,840400
5640847,840500
5642025,840600
5643811,840700
5645312,840800
5647111,840900
5649381,841000
5653342,841100
5655021,841200
5657078,841300
5659211,841400
5660866,841500
5662681,841600
5664689,841700
5666183,841800
5668100,841900
5669664,842000
5672660,842100
5674696,842200
5676727,842300
5679397,842400
5681495,842500
5683546,842600
5685260,842700
5686919,842800
5688296,842900
5689357,843000
5693924,843100
5695654,843200
5697439,843300
5699327,843400
5701243,843500
5704116,843600
5706785,843700
5708606,843800
5710068,843900
5711505,844000
5715608,844100
5718517,844200
5720589,844300
5723131,844400
5725724,844500
5728073,844600
5729882,844700
5731626,844800
5733052,844900
5734610,845000
5737258,845100
5738486,845200
5739755,845300
5741454,845400
5742965,845500
5744702,845600
5745803,845700
5747583,845800
5749276,845900
5750433,846000
5753615,846100
5755139,846200
5757011,846300
5759464,846400
5761131,846500
5763037,846600
5765043,846700
5766809,846800
5769210,846900
5771212,847000
5775162,847100
5777031,847200
5778567,847300
5780337,847400
5782156,847500
5783904,847600
5785471,847700
5787051,847800
5788241,847900
5789658,848000
5794053,848100
5796312,848200
5799011,848300
5801347,848400
5803372,848500
5805392,848600
5807056,848700
5809143,848800
5810911,848900
5812598,849000
5816658,849100
5818830,849200
5821416,849300
5823758,849400
5825679,849500
5827830,849600
5831487,849700
5833613,849800
5835568,849900
5837353,850000
5841973,850100
5845078,850200
5852073,850300
5854470,850400
5856418,850500
5859673,850600
5861775,850700
5863940,850800
5867095,850900
5873811,851000
5878544,851100
5882317,851200
5885768,851300
5888359,851400
5891536,851500
5894479,851600
5896921,851700
5899710,851800
5902069,851900
5903784,852000
5908901,852100
5913429,852200
5916857,852300
5919852,852400
5924381,852500
5926672,852600
5929907,852700
5932941,852800
5934978,852900
5937566,853000
5943024,853100
5946078,853200
5950621,853300
5953591,853400
5956018,853500
5959171,853600
5961605,853700
5964187,853800
5967368,853900
5971566,854000
5981096,854100
5986937,854200
5990086,854300
5992852,854400
5995600,854500
5998184,854600
6001018,854700
6003676,854800
6006327,854900
6009380,855000
6015527,855100
6018863,855200
6021534,855300
6024412,855400
6027711,855500
6031029,855600
6034488,855700
6037698,855800
6039659,855900
6041836,856000
6046975,856100
6050063,856200
6055672,856300
6062598,856400
6068974,856500
6073650,856600
6077453,856700
6081370,856800
6085535,856900
6087799,857000
6091950,857100
6093741,857200
6095810,857300
6097620,857400
6100446,857500
6102730,857600
6105097,857700
6107056,857800
6108871,857900
6110681,858000
6113928,858100
6116633,858200
6118928,858300
6120746,858400
6122904,858500
6125048,858600
6127277,858700
6129357,858800
6132283,858900
6135180,859000
6140864,859100
6145036,859200
6147077,859300
6149305,859400
6151474,859500
6153511,859600
6155195,859700
6156735,859800
6159098,859900
6160832,860000
6165741,860100
6167883,860200
6169668,860300
6172527,860400
6174187,860500
6176499,860600
6178774,860700
6181680,860800
6184417,860900
6186877,861000
6193451,861100
6197879,861200
6200763,861300
6204068,861400
6206796,861500
6209556,861600
6211663,861700
6214534,861800
6217349,861900
6219692,862000
6225760,862100
6230131,862200
6233441,862300
6236302,862400
6238915,862500
6242219,862600
6245671,862700
6249021,862800
6252470,862900
6255525,863000
6265917,863100
6268364,863200
6271232,863300
6274328,863400
6276749,863500
6279657,863600
6282275,863700
6285930,863800
6288645,863900
6291363,864000
6304497,864100
6308262,864200
6310191,864300
6312389,864400
6314532,864500
6317088,864600
6319061,864700
6321475,864800
6323648,864900
6325316,865000
6329249,865100
6334167,865200
6336414,865300
6337978,865400
6340638,865500
6342512,865600
6344610,865700
6346460,865800
6348109,865900
6349784,866000
6354044,866100
6357145,866200
6359563,866300
6361835,866400
6364235,866500
6366494,866600
6368416,866700
6370171,866800
6371861,866900
6373661,867000
6378821,867100
6381055,867200
6383011,867300
6385291,867400
6387946,867500
6390387,867600
6393117,867700
6395764,867800
6398074,867900
6401536,868000
6406726,868100
6409715,868200
6412583,868300
6416124,868400
6418544,868500
6420916,868600
6424342,868700
6428237,868800
6432455,868900
6436458,869000
6443631,869100
6448087,869200
6451904,869300
6454645,869400
6457401,869500
6459884,869600
6463697,869700
6467887,869800
6472472,869900
6477620,870000
6484974,870100
6491650,870200
6495756,870300
6500155,870400
6502927,870500
6507343,870600
6510864,870700
6513611,870800
6516136,870900
6518409,871000
6524403,871100
6527004,871200
6530006,871300
6534965,871400
6537971,871500
6541402,871600
6544040,871700
6547073,871800
6549596,871900
6554119,872000
6560236,872100
6563516,872200
6565925,872300
6568270,872400
6570635,872500
6573090,872600
6576059,872700
6578420,872800
6580985,872900
6584409,873000
6590186,873100
6593541,873200
6596583,873300
6600445,873400
6603595,873500
6606331,873600
6610065,873700
6613717,873800
6616939,873900
6619883,874000
6626119,874100
6630269,874200
6633202,874300
6635938,874400
6639090,874500
6641706,874600
6643765,874700
6645944,874800
6648541,874900
6651363,875000
6658003,875100
6662319,875200
6665689,875300
6668786,875400
6671735,875500
6675229,875600
6678449,875700
6681800,875800
6684927,875900
6688055,876000
6694088,876100
6698234,876200
6701253,876300
6704492,876400
6707770,876500
6710777,876600
6714494,876700
6717643,876800
6721973,876900
6724744,877000
6730707,877100
6735354,877200
6739186,877300
6743469,877400
6747583,877500
6750112,877600
6752852,877700
6755489,877800
6758477,877900
6760703,878000
6767264,878100
6771412,878200
6774816,878300
6777235,878400
6779300,878500
6782464,878600
6784814,878700
6788309,878800
6791484,878900
6794619,879000
6799063,879100
6802836,879200
6806573,879300
6810623,879400
6814178,879500
6817049,879600
6820505,879700
6824213,879800
6828489,879900
6832284,880000
6840394,880100
6843804,880200
6847314,880300
6850476,880400
6854688,880500
6858089,880600
6861175,880700
6864363,880800
6868340,880900
6872497,881000
6879479,881100
6884591,881200
6889245,881300
6893125,881400
6896421,881500
6899877,881600
6904397,881700
6910000,881800
6914999,881900
6918690,882000
6930026,882100
6939266,882200
6943717,882300
6947229,882400
6950128,882500
6953597,882600
6956818,882700
6959673,882800
6962231,882900
6966479,883000
6973812,883100
6978586,883200
6982338,883300
6985739,883400
6989284,883500
6993134,883600
6997376,883700
7001504,883800
7005508,883900
7008686,884000
7014563,884100
7018989,884200
7029370,884300
7032046,884400
7034589,884500
7036744,884600
7038416,884700
7040871,884800
7042946,884900
7044334,885000
7047649,885100
7050199,885200
7053487,885300
7055870,885400
7058609,885500
7061029,885600
7063733,885700
7067736,885800
7071533,885900
7073629,886000
7079843,886100
7083854,886200
7088719,886300
7092376,886400
7095693,886500
7099369,886600
7102525,886700
7106140,886800
7108679,886900
7112477,887000
7117778,887100
7121000,887200
7123266,887300
7125269,887400
7127367,887500
7129053,887600
7131181,887700
7132802,887800
7134211,887900
7135782,888000
7140602,888100
7143647,888200
7146321,888300
7148718,888400
7150429,888500
7152878,888600
7155317,888700
7157893,888800
7159847,888900
7161301,889000
7164653,889100
7167064,889200
7169274,889300
7171143,889400
7173027,889500
7175033,889600
7177250,889700
7178827,889800
7180603,889900
7182862,890000
7186383,890100
7188972,890200
7191731,890300
7194155,890400
7196746,890500
7198481,890600
7200348,890700
7202396,890800
7203932,890900
7205577,891000
7208740,891100
7211257,891200
7213372,891300
7217724,891400
7218976,891500
7221492,891600
7223358,891700
7224697,891800
7226344,891900
7228028,892000
7231569,892100
7233424,892200
7235525,892300
7238248,892400
7239788,892500
7241264,892600
7244197,892700
7245780,892800
7247465,892900
7248805,893000
7252177,893100
7253544,893200
7255726,893300
7257760,893400
7260161,893500
7262664,893600
7264717,893700
7266504,893800
7268230,893900
7269814,894000
7273942,894100
7276032,894200
7290496,894300
7293250,894400
7295792,894500
7298160,894600
7300940,894700
7303578,894800
7305717,894900
7308625,895000
7313608,895100
7316591,895200
7319652,895300
7322313,895400
7324348,895500
7326782,895600
7330438,895700
7334322,895800
7337823,895900
7341672,896000
7348444,896100
7353741,896200
7358204,896300
7362354,896400
7364980,896500
7367781,896600
7370699,896700
7373024,896800
7375337,896900
7377909,897000
7382209,897100
7388139,897200
7389726,897300
7391403,897400
7393290,897500
7395305,897600
7397474,897700
7400244,897800
7403675,897900
7405994,898000
7410438,898100
7413671,898200
7416277,898300
7418964,898400
7421924,898500
7424109,898600
7426769,898700
7429421,898800
7431025,898900
7432986,899000
7437789,899100
7441042,899200
7443370,899300
7446675,899400
7449167,899500
7452635,899600
7455449,899700
7458204,899800
7460259,899900
7462795,900000
7467224,900100
7469784,900200
7471616,900300
7473819,900400
7475741,900500
7478519,900600
7480688,900700
7482626,900800
7484685,900900
7486573,901000
7491259,901100
7494097,901200
7496534,901300
7499665,901400
7501899,901500
7504039,901600
7506674,901700
7508561,901800
7510480,901900
7513793,902000
7518856,902100
7521444,902200
7524918,902300
7527139,902400
7530122,902500
7532522,902600
7535033,902700
7536824,902800
7538666,902900
7540760,903000
7544770,903100
7547272,903200
7549190,903300
7551291,903400
7553751,903500
7556026,903600
7558182,903700
7560244,903800
7562457,903900
7564263,904000
7568080,904100
7570051,904200
7571567,904300
7574662,904400
7576913,904500
7579140,904600
7581243,904700
7583130,904800
7585382,904900
7588206,905000
7593925,905100
7596674,905200
7599009,905300
7600963,905400
7605167,905500
7607630,905600
7609334,905700
7610965,905800
7613552,905900
7615399,906000
7627073,906100
7629383,906200
7631849,906300
7633984,906400
7636695,906500
7638845,906600
7641766,906700
7646739,906800
7648947,906900
7651304,907000
7655682,907100
7658301,907200
7660302,907300
7661974,907400
7664388,907500
7666729,907600
7670459,907700
7672722,907800
7675033,907900
7677575,908000
7682096,908100
7684712,908200
7686833,908300
7688420,908400
7690664,908500
7692490,908600
7694144,908700
7696425,908800
7698399,908900
7700210,909000
7704292,909100
7706907,909200
7709935,909300
7712148,909400
7714481,909500
7717332,909600
7719336,909700
7721706,909800
7723815,909900
7725769,910000
7730512,910100
7733503,910200
7737012,910300
7739260,910400
7741437,910500
7743358,910600
7745948,910700
7748042,910800
7750072,910900
7752086,911000
7755842,911100
7758352,911200
7760616,911300
7762424,911400
7764288,911500
7766248,911600
7768422,911700
7770322,911800
7771872,911900
7773668,912000
7777370,912100
7780470,912200
7783165,912300
7784843,912400
7790612,912500
7792628,912600
7793976,912700
7795410,912800
7797123,912900
7798895,913000
7803578,913100
7806510,913200
7809002,913300
7810991,913400
7812453,913500
7814146,913600
7815736,913700
7818125,913800
7820153,913900
7821732,914000
7825755,914100
7827966,914200
7830548,914300
7833356,914400
7836334,914500
7838046,914600
7839757,914700
7841541,914800
7843756,914900
7845464,915000
7849861,915100
7852928,915200
7854722,915300
7856373,915400
7858154,915500
7859428,915600
7861093,915700
7863728,915800
7865513,915900
7867094,916000
7871701,916100
7873878,916200
7876863,916300
7879300,916400
7881562,916500
7884183,916600
7886015,916700
7887691,916800
7889397,916900
7891268,917000
7896277,917100
7898447,917200
7900706,917300
7903258,917400
7905680,917500
7908221,917600
7910374,917700
7912761,917800
7914452,917900
7917045,918000
7923329,918100
7928424,918200
7931232,918300
7933582,918400
7936593,918500
7939452,918600
7940999,918700
7943074,918800
7944853,918900
7946516,919000
7950646,919100
7953002,919200
7954981,919300
7957894,919400
7960110,919500
7962507,919600
7964221,919700
7965447,919800
7967690,919900
7970192,920000
7974583,920100
7977750,920200
7980345,920300
7982592,920400
7984596,920500
7986479,920600
7987842,920700
7989702,920800
7991259,920900
7993150,921000
7996960,921100
7998992,921200
8001011,921300
8003115,921400
8004778,921500
8006410,921600
8008059,921700
8009770,921800
8011118,921900
8012573,922000
8017115,922100
8020714,922200
8023671,922300
8025876,922400
8027563,922500
8029829,922600
8031790,922700
8033989,922800
8035399,922900
8037132,923000
8042868,923100
8045507,923200
8047614,923300
8049821,923400
8051685,923500
8054327,923600
8056352,923700
8058011,923800
8059515,923900
8061123,924000
8066609,924100
8071020,924200
8072962,924300
8075002,924400
8077893,924500
8081066,924600
8083642,924700
8085970,924800
8087755,924900
8089447,925000
8093456,925100
8096220,925200
8098212,925300
8100221,925400
8101715,925500
8103376,925600
8105191,925700
8106968,925800
8108540,925900
8110815,926000
8116551,926100
8119435,926200
8121925,926300
8124032,926400
8127987,926500
8130749,926600
8133205,926700
8134563,926800
8136864,926900
8138612,927000
8142423,927100
8146110,927200
8152623,927300
8154634,927400
8157138,927500
8159202,927600
8160856,927700
8162611,927800
8164114,927900
8166000,928000
8169864,928100
8173067,928200
8175164,928300
8178527,928400
8180297,928500
8181977,928600
8183393,928700
8184931,928800
8186448,928900
8188280,929000
8191716,929100
8193773,929200
8195638,929300
8197359,929400
8198787,929500
8200273,929600
8201646,929700
8203019,929800
8204100,929900
8205625,930000
8209710,930100
8213431,930200
8217004,930300
8219921,930400
8222962,930500
8225367,930600
8227326,930700
8229118,930800
8232335,930900
8234167,931000
8238312,931100
8240945,931200
8243488,931300
8246014,931400
8248519,931500
8252008,931600
8253940,931700
8256783,931800
8259228,931900
8260730,932000
8264274,932100
8266955,932200
8269513,932300
8271301,932400
8273983,932500
8278309,932600
8280610,932700
8282417,932800
8284237,932900
8285695,933000
8289720,933100
8291998,933200
8294505,933300
8296075,933400
8297496,933500
8299664,933600
8301389,933700
8303683,933800
8305843,933900
8307241,934000
8311349,934100
8314257,934200
8318033,934300
8320760,934400
8322650,934500
8325546,934600
8327877,934700
8330084,934800
8332039,934900
8333801,935000
8338215,935100
8343219,935200
8345820,935300
8347125,935400
8348589,935500
8349967,935600
8351133,935700
8352578,935800
8353826,935900
8355221,936000
8359353,936100
8361090,936200
8362912,936300
8364882,936400
8366766,936500
8368456,936600
8369421,936700
8370460,936800
8371593,936900
8372960,937000
8375698,937100
8377910,937200
8379482,937300
8380551,937400
8381840,937500
8383586,937600
8384969,937700
8386113,937800
8387377,937900
8390633,938000
8449039,938100
8453027,938200
8457026,938300
8459525,938400
8462896,938500
8465675,938600
8468876,938700
8471637,938800
8474055,938900
8476509,939000
8481572,939100
8484315,939200
8487513,939300
8489721,939400
8493190,939500
8495250,939600
8497622,939700
8499637,939800
8502031,939900
8503896,940000
8509097,940100
8512264,940200
8514411,940300
8516881,940400
8519526,940500
8522346,940600
8524324,940700
8526040,940800
8528378,940900
8531234,941000
8535879,941100
8537961,941200
8539852,941300
8542542,941400
8544887,941500
8546648,941600
8548135,941700
8549609,941800
8551264,941900
8553691,942000
8557707,942100
8560378,942200
8562191,942300
8564521,942400
8566445,942500
8568448,942600
8570173,942700
8571464,942800
8573148,942900
8575378,943000
8580150,943100
8582220,943200
8584640,943300
8586861,943400
8588399,943500
8590541,943600
8592416,943700
8593849,943800
8595449,943900
8597194,944000
8600630,944100
8602930,944200
8605054,944300
8607234,944400
8609353,944500
8611001,944600
8612216,944700
8613889,944800
8615076,944900
8616673,945000
8620421,945100
8623533,945200
8625694,945300
8627886,945400
8629731,945500
8631611,945600
8633109,945700
8634316,945800
8635818,945900
8638103,946000
8642299,946100
8644646,946200
8648142,946300
8650140,946400
8651936,946500
8654371,946600
8655725,946700
8657068,946800
8659026,946900
8660332,947000
8664586,947100
8667001,947200
8669653,947300
8673000,947400
8676026,947500
8678599,947600
8681012,947700
8683159,947800
8685561,947900
8688041,948000
8699265,948100
8701738,948200
8703890,948300
8706830,948400
8709283,948500
8711038,948600
8712896,948700
8714446,948800
8715835,948900
8717584,949000
8721296,949100
8722999,949200
8725269,949300
8726865,949400
8728486,949500
8730339,949600
8732213,949700
8733557,949800
8735076,949900
8736902,950000
8740593,950100
8742922,950200
8745779,950300
8748012,950400
8750152,950500
8752265,950600
8754026,950700
8755241,950800
8756596,950900
8758030,951000
8761358,951100
8763890,951200
8766527,951300
8768239,951400
8770311,951500
8772053,951600
8773670,951700
8775171,951800
8776897,951900
8778778,952000
8821343,952100
8827427,952200
8832439,952300
8836298,952400
8840156,952500
8844690,952600
8847527,952700
8850663,952800
8853859,952900
8857719,953000
8862409,953100
8865215,953200
8868511,953300
8871962,953400
8874560,953500
8877822,953600
8880052,953700
8883418,953800
8887084,953900
8889463,954000
8894569,954100
8898284,954200
8900969,954300
8902930,954400
8904737,954500
8906759,954600
8908193,954700
8910264,954800
8912558,954900
8914280,955000
8918708,955100
8920753,955200
8923036,955300
8924968,955400
8926896,955500
8928643,955600
8930198,955700
8931787,955800
8933939,955900
8936218,956000
9001105,956100
9008163,956200
9012836,956300
9017649,956400
9021188,956500
9024433,956600
9027203,956700
9029065,956800
9031551,956900
9035171,957000
9040609,957100
9043954,957200
9046165,957300
9048843,957400
9051261,957500
9053773,957600
9055325,957700
9057138,957800
9059488,957900
9061451,958000
9068720,958100
9073676,958200
9077059,958300
9080823,958400
9084512,958500
9087115,958600
9089139,958700
9091476,958800
9094014,958900
9096457,959000
9101662,959100
9105142,959200
9107603,959300
9109806,959400
9112280,959500
9114240,959600
9116079,959700
9117846,959800
9119755,959900
9122159,960000
9126750,960100
9129878,960200
9133008,960300
9139182,960400
9147473,960500
9151438,960600
9155129,960700
9158369,960800
9161795,960900
9164773,961000
11032703,0
11032720,100
11032732,200
11032743,300
11032753,400
11032761,500
11032772,600
11032783,700
11032792,800
11032802,900
11032812,1000
11032824,1100
11032835,1200
11032845,1300
11032855,1400
11032866,1500
11032874,1600
11032885,1700
11032894,1800
11032904,1900
11032915,2000
11032928,2100
11032939,2200
11032949,2300
11032958,2400
11032968,2500
11032980,2600
11032990,2700
11033001,2800
11033010,2900
11033021,3000
11033032,3100
11033042,3200
11033053,3300
11033062,3400
11033073,3500
11033084,3600
11033095,3700
11033103,3800
11033114,3900
11033125,4000
11033139,4100
11033150,4200
11033159,4300
11033169,4400
11033180,4500
11033191,4600
11033202,4700
11033211,4800
11033222,4900
11033233,5000
11033243,5100
11033253,5200
11033264,5300
11033276,5400
11033286,5500
11033295,5600
11033305,5700
11033317,5800
11033327,5900
11033338,6000
11033349,6100
11033361,6200
11033371,6300
11033382,6400
11033393,6500
11033404,6600
11033414,6700
11033425,6800
11033434,6900
11033445,7000
11033455,7100
11033466,7200
11033476,7300
11033487,7400
11033497,7500
11033508,7600
11033517,7700
11033528,7800
11033538,7900
11033548,8000
11033558,8100
11033587,8200
11033598,8300
11033609,8400
11033620,8500
11033630,8600
11033639,8700
11033649,8800
11033660,8900
11033670,9000
11033680,9100
11033690,9200
11033700,9300
11033711,9400
11033720,9500
11033730,9600
11033741,9700
11033753,9800
11033763,9900
11033773,10000
11033954,10100
11033964,10200
11033975,10300
11033984,10400
11033994,10500
11034003,10600
11034014,10700
11034025,10800
11034035,10900
11034045,11000
11034056,11100
11034065,11200
11034075,11300
11034086,11400
11034097,11500
11034108,11600
11034119,11700
11034128,11800
11034140,11900
11034150,12000
11034161,12100
11034172,12200
11034182,12300
11034193,12400
11034205,12500
11034215,12600
11034224,12700
11034234,12800
11034245,12900
11034255,13000
11034266,13100
11034277,13200
11034286,13300
11034297,13400
11034308,13500
11034318,13600
11034326,13700
11034338,13800
11034349,13900
11034360,14000
11034372,14100
11034381,14200
11034392,14300
11034403,14400
11034413,14500
11034422,14600
11034433,14700
11034444,14800
11034454,14900
11034464,15000
11034474,15100
11034485,15200
11034495,15300
11034508,15400
11034518,15500
11034528,15600
11034539,15700
11034548,15800
11034559,15900
11034569,16000
11034580,16100
11034592,16200
11034604,16300
11034615,16400
11034626,16500
11034640,16600
11034652,16700
11034663,16800
11034674,16900
11034685,17000
11034697,17100
11034709,17200
11034719,17300
11034730,17400
11034741,17500
11034752,17600
11034763,17700
11034773,17800
11034785,17900
11034796,18000
11034807,18100
11034822,18200
11034835,18300
11034846,18400
11034856,18500
11034867,18600
11034880,18700
11034890,18800
11034900,18900
11034912,19000
11034926,19100
11034936,19200
11034947,19300
11034958,19400
11034970,19500
11034980,19600
11034994,19700
11035008,19800
11035019,19900
11035029,20000
11035124,20100
11035137,20200
11035149,20300
11035165,20400
11035179,20500
11035190,20600
11035202,20700
11035214,20800
11035224,20900
11035235,21000
11035246,21100
11035259,21200
11035269,21300
11035286,21400
11035305,21500
11035318,21600
11035330,21700
11035341,21800
11035352,21900
11035363,22000
11035376,22100
11035387,22200
11035400,22300
11035411,22400
11035423,22500
11035434,22600
11035447,22700
11035458,22800
11035469,22900
11035482,23000
11035493,23100
11035506,23200
11035517,23300
11035528,23400
11035542,23500
11035553,23600
11035564,23700
11035575,23800
11035586,23900
11035597,24000
11035611,24100
11035622,24200
11035633,24300
11035646,24400
11035659,24500
11035671,24600
11035682,24700
11035693,24800
11035706,24900
11035717,25000
11035730,25100
11035742,25200
11035753,25300
11035764,25400
11035775,25500
11035786,25600
11035797,25700
11035808,25800
11035819,25900
11035831,26000
11035843,26100
11035856,26200
11035870,26300
11035881,26400
11035894,26500
11035907,26600
11035918,26700
11035929,26800
11035943,26900
11035954,27000
11035966,27100
11035977,27200
11035988,27300
11035998,27400
11036010,27500
11036020,27600
11036032,27700
11036043,27800
11036054,27900
11036064,28000
11036076,28100
11036091,28200
11036102,28300
11036115,28400
11036125,28500
11036138,28600
11036150,28700
11036162,28800
11036173,28900
11036183,29000
11036193,29100
11036206,29200
11036216,29300
11036227,29400
11036239,29500
11036250,29600
11036262,29700
11036273,29800
11036284,29900
11036293,30000
11036392,30100
11036403,30200
11036411,30300
11036422,30400
11036431,30500
11036442,30600
11036451,30700
11036461,30800
11036470,30900
11036480,31000
11036489,31100
11036500,31200
11036511,31300
11036520,31400
11036531,31500
11036542,31600
11036551,31700
11036563,31800
11036572,31900
11036583,32000
11036595,32100
11036604,32200
11036615,32300
11036626,32400
11036637,32500
11036646,32600
11036656,32700
11036667,32800
11036676,32900
11036687,33000
11036696,33100
11036707,33200
11036715,33300
11036726,33400
11036736,33500
11036745,33600
11036756,33700
11036766,33800
11036774,33900
11036785,34000
11036795,34100
11036806,34200
11036818,34300
11036827,34400
11036838,34500
11036847,34600
11036858,34700
11036870,34800
11036881,34900
11036890,35000
11036900,35100
11036911,35200
11036922,35300
11036933,35400
11036942,35500
11036953,35600
11036962,35700
11036973,35800
11036985,35900
11036994,36000
11037006,36100
11037016,36200
11037026,36300
11037036,36400
11037046,36500
11037057,36600
11037066,36700
11037077,36800
11037086,36900
11037097,37000
11037106,37100
11037117,37200
11037126,37300
11037137,37400
11037148,37500
11037158,37600
11037169,37700
11037178,37800
11037189,37900
11037198,38000
11037208,38100
11037222,38200
11037231,38300
11037242,38400
11037251,38500
11037262,38600
11037271,38700
11037282,38800
11037291,38900
11037303,39000
11037312,39100
11037323,39200
11037333,39300
11037344,39400
11037354,39500
11037365,39600
11037376,39700
11037385,39800
11037395,39900
11037404,40000
11037486,40100
11037497,40200
11037506,40300
11037517,40400
11037528,40500
11037537,40600
11037550,40700
11037558,40800
11037568,40900
11037594,41000
11037606,41100
11037619,41200
11037628,41300
11037639,41400
11037648,41500
11037659,41600
11037668,41700
11037680,41800
11037688,41900
11037697,42000
11037708,42100
11037717,42200
11037728,42300
11037737,42400
11037748,42500
11037758,42600
11037767,42700
11037778,42800
11037788,42900
11037799,43000
11037810,43100
11037819,43200
11037831,43300
11037840,43400
11037851,43500
11037860,43600
11037872,43700
11037882,43800
11037893,43900
11037903,44000
11037913,44100
11037923,44200
11037932,44300
11037942,44400
11037953,44500
11037962,44600
11037972,44700
11037983,44800
11037992,44900
11038004,45000
11038015,45100
11038026,45200
11038035,45300
11038046,45400
11038056,45500
11038067,45600
11038076,45700
11038324,45800
11038335,45900
11038346,46000
11038354,46100
11038365,46200
11038374,46300
11038384,46400
11038393,46500
11038403,46600
11038413,46700
11038423,46800
11038432,46900
11038443,47000
11038452,47100
11038463,47200
11038472,47300
11038482,47400
11038492,47500
11038500,47600
11038511,47700
11038520,47800
11038532,47900
11038540,48000
11038551,48100
11038564,48200
11038575,48300
11038585,48400
11038596,48500
11038606,48600
11038617,48700
11038628,48800
11038637,48900
11038648,49000
11038659,49100
11038671,49200
11038683,49300
11038692,49400
11038703,49500
11038713,49600
11038724,49700
11038734,49800
11038747,49900
11038758,50000
11038842,50100
11038852,50200
11038862,50300
11038874,50400
11038885,50500
11038897,50600
11038907,50700
11038920,50800
11038932,50900
11038942,51000
11038953,51100
11038965,51200
11038976,51300
11038989,51400
11038999,51500
11039011,51600
11039022,51700
11039038,51800
11039049,51900
11039059,52000
11039072,52100
11039083,52200
11039097,52300
11039107,52400
11039119,52500
11039133,52600
11039144,52700
11039156,52800
11039166,52900
11039178,53000
11039191,53100
11039202,53200
11039215,53300
11039226,53400
11039238,53500
11039251,53600
11039261,53700
11039274,53800
11039286,53900
11039296,54000
11039310,54100
11039320,54200
11039333,54300
11039344,54400
11039355,54500
11039368,54600
11039379,54700
11039393,54800
11039404,54900
11039416,55000
11039429,55100
11039440,55200
11039453,55300
11039465,55400
11039477,55500
11039490,55600
11039501,55700
11039513,55800
11039527,55900
11039540,56000
11039552,56100
11039564,56200
11039575,56300
11039587,56400
11039599,56500
11039610,56600
11039622,56700
11039634,56800
11039647,56900
11039657,57000
11039670,57100
11039680,57200
11039690,57300
11039702,57400
11039716,57500
11039726,57600
11039737,57700
11039750,57800
11039761,57900
11039774,58000
11039785,58100
11039802,58200
11039813,58300
11039826,58400
11039838,58500
11039850,58600
11039863,58700
11039874,58800
11039888,58900
11039901,59000
11039914,59100
11039926,59200
11039939,59300
11039954,59400
11039965,59500
11039977,59600
11039991,59700
11040002,59800
11040016,59900
11040030,60000
11040122,60100
11040134,60200
11040145,60300
11040157,60400
11040171,60500
11040183,60600
11040196,60700
11040209,60800
11040221,60900
11040234,61000
11040247,61100
11040259,61200
11040272,61300
11040284,61400
11040296,61500
11040309,61600
11040320,61700
11040333,61800
11040343,61900
11040356,62000
11040370,62100
11040382,62200
11040396,62300
11040407,62400
11040419,62500
11040432,62600
11040445,62700
11040456,62800
11040469,62900
11040481,63000
11040494,63100
11040507,63200
11040520,63300
11040534,63400
11040546,63500
11040560,63600
11040570,63700
11040584,63800
11040595,63900
11040609,64000
11040621,64100
11040635,64200
11040646,64300
11040660,64400
11040673,64500
11040684,64600
11040697,64700
11040708,64800
11040722,64900
11040735,65000
11040747,65100
11040760,65200
11040772,65300
11040785,65400
11040797,65500
11040815,65600
11040831,65700
11040846,65800
11040861,65900
11040878,66000
11040893,66100
11040909,66200
11040925,66300
11040939,66400
11040953,66500
11040967,66600
11040981,66700
11040995,66800
11041013,66900
11041028,67000
11041042,67100
11041055,67200
11041075,67300
11041093,67400
11041110,67500
11041124,67600
11041137,67700
11041150,67800
11041166,67900
11041181,68000
11041197,68100
11041216,68200
11041229,68300
11041243,68400
11041257,68500
11041273,68600
11041288,68700
11041306,68800
11041319,68900
11041337,69000
11041352,69100
11041368,69200
11041383,69300
11041399,69400
11041414,69500
11041430,69600
11041446,69700
11041460,69800
11041476,69900
11041491,70000
11041587,70100
11041601,70200
11041614,70300
11041630,70400
11041643,70500
11041659,70600
11041674,70700
11041690,70800
11041707,70900
11041720,71000
11041737,71100
11041750,71200
11041765,71300
11041778,71400
11041792,71500
11041805,71600
11041820,71700
11041832,71800
11041846,71900
11041860,72000
11041878,72100
11041894,72200
11041906,72300
11041924,72400
11041938,72500
11041952,72600
11041967,72700
11041983,72800
11041997,72900
11042010,73000
11042023,73100
11042039,73200
11042057,73300
11042071,73400
11042085,73500
11042097,73600
11042111,73700
11042126,73800
11042139,73900
11042155,74000
11042169,74100
11042183,74200
11042194,74300
11042207,74400
11042221,74500
11042234,74600
11042249,74700
11042267,74800
11042281,74900
11042298,75000
11042316,75100
11042332,75200
11042347,75300
11042362,75400
11042377,75500
11042392,75600
11042405,75700
11042420,75800
11042433,75900
11042447,76000
11042460,76100
11042476,76200
11042488,76300
11042501,76400
11042516,76500
11042531,76600
11042545,76700
11042560,76800
11042574,76900
11042590,77000
11042603,77100
11042618,77200
11042635,77300
11042649,77400
11042665,77500
11042679,77600
11042694,77700
11042709,77800
11042724,77900
11042738,78000
11042751,78100
11042771,78200
11042786,78300
11042799,78400
11042815,78500
11042830,78600
11042844,78700
11042859,78800
11042875,78900
11042890,79000
11042904,79100
11042919,79200
11042934,79300
11042948,79400
11042965,79500
11042980,79600
11042993,79700
11043009,79800
11043023,79900
11043039,80000
11043132,80100
11043146,80200
11043159,80300
11043176,80400
11043189,80500
11043203,80600
11043217,80700
11043230,80800
11043245,80900
11043259,81000
11043276,81100
11043295,81200
11043312,81300
11043330,81400
11043345,81500
11043361,81600
11043377,81700
11043393,81800
11043408,81900
11043423,82000
11043440,82100
11043453,82200
11043471,82300
11043486,82400
11043501,82500
11043515,82600
11043534,82700
11043552,82800
11043570,82900
11043587,83000
11043603,83100
11043621,83200
11043639,83300
11043659,83400
11043675,83500
11043694,83600
11043711,83700
11043726,83800
11043743,83900
11043760,84000
11043777,84100
11043794,84200
11043812,84300
11043826,84400
11043843,84500
11043858,84600
11043875,84700
11043891,84800
11043906,84900
11043922,85000
11043936,85100
11043951,85200
11043965,85300
11043981,85400
11043993,85500
11044009,85600
11044024,85700
11044038,85800
11044053,85900
11044067,86000
11044083,86100
11044316,86200
11044333,86300
11044351,86400
11044369,86500
11044385,86600
11044401,86700
11044418,86800
11044437,86900
11044456,87000
11044472,87100
11044487,87200
11044503,87300
11044518,87400
11044533,87500
11044549,87600
11044565,87700
11044580,87800
11044598,87900
11044614,88000
11044630,88100
11044651,88200
11044666,88300
11044680,88400
11044696,88500
11044710,88600
11044722,88700
11044736,88800
11044752,88900
11044766,89000
11044781,89100
11044794,89200
11044809,89300
11044822,89400
11044837,89500
11044850,89600
11044865,89700
11044880,89800
11044896,89900
11044910,90000
11045068,90100
11045080,90200
11045093,90300
11045107,90400
11045121,90500
11045138,90600
11045151,90700
11045165,90800
11045180,90900
11045194,91000
11045210,91100
11045224,91200
11045240,91300
11045257,91400
11045270,91500
11045283,91600
11045298,91700
11045311,91800
11045327,91900
11045341,92000
11045367,92100
11045387,92200
11045404,92300
11045417,92400
11045431,92500
11045447,92600
11045460,92700
11045478,92800
11045499,92900
11045522,93000
11045545,93100
11045563,93200
11045578,93300
11045596,93400
11045613,93500
11045628,93600
11045653,93700
11045674,93800
11045693,93900
11045711,94000
11045731,94100
11045747,94200
11045765,94300
11045782,94400
11045797,94500
11045814,94600
11045829,94700
11045844,94800
11045862,94900
11045880,95000
11045895,95100
11045914,95200
11045929,95300
11045946,95400
11045959,95500
11045975,95600
11045988,95700
11046004,95800
11046019,95900
11046034,96000
11046050,96100
11046064,96200
11046080,96300
11046096,96400
11046112,96500
11046129,96600
11046143,96700
11046160,96800
11046177,96900
11046195,97000
11046214,97100
11046231,97200
11046251,97300
11046269,97400
11046288,97500
11046307,97600
11046324,97700
11046342,97800
11046359,97900
11046377,98000
11046393,98100
11046415,98200
11046434,98300
11046448,98400
11046466,98500
11046485,98600
11046502,98700
11046519,98800
11046537,98900
11046556,99000
11046572,99100
11046591,99200
11046610,99300
11046628,99400
11046648,99500
11046667,99600
11046683,99700
11046701,99800
11046717,99900
11046734,100000
11046869,100100
11046884,100200
11046902,100300
11046917,100400
11046933,100500
11046951,100600
11046967,100700
11046984,100800
11047002,100900
11047022,101000
11047042,101100
11047060,101200
11047078,101300
11047097,101400
11047114,101500
11047132,101600
11047152,101700
11047170,101800
11047190,101900
11047208,102000
11047228,102100
11047249,102200
11047266,102300
11047284,102400
11047302,102500
11047321,102600
11047339,102700
11047359,102800
11047378,102900
11047395,103000
11047415,103100
11047432,103200
11047452,103300
11047472,103400
11047489,103500
11047508,103600
11047525,103700
11047545,103800
11047563,103900
11047585,104000
11047607,104100
11047627,104200
11047648,104300
11047668,104400
11047687,104500
11047706,104600
11047724,104700
11047745,104800
11047763,104900
11047783,105000
11047804,105100
11047823,105200
11047843,105300
11047863,105400
11047884,105500
11047904,105600
11047922,105700
11047941,105800
11047961,105900
11047978,106000
11047996,106100
11048012,106200
11048032,106300
11048049,106400
11048066,106500
11048085,106600
11048102,106700
11048118,106800
11048137,106900
11048156,107000
11048173,107100
11048196,107200
11048216,107300
11048239,107400
11048259,107500
11048282,107600
11048301,107700
11048323,107800
11048341,107900
11048361,108000
11048382,108100
11048408,108200
11048427,108300
11048448,108400
11048466,108500
11048487,108600
11048506,108700
11048525,108800
11048545,108900
11048565,109000
11048588,109100
11048610,109200
11048628,109300
11048649,109400
11048669,109500
11048690,109600
11048710,109700
11048732,109800
11048752,109900
11048771,110000
11048914,110100
11048932,110200
11048953,110300
11048972,110400
11048993,110500
11049012,110600
11049031,110700
11049052,110800
11049070,110900
11049092,111000
11049113,111100
11049137,111200
11049160,111300
11049180,111400
11049203,111500
11049222,111600
11049244,111700
11049265,111800
11049286,111900
11049304,112000
11049325,112100
11049345,112200
11049365,112300
11049386,112400
11049405,112500
11049425,112600
11049447,112700
11049469,112800
11049489,112900
11049511,113000
11049534,113100
11049556,113200
11049576,113300
11049597,113400
11049622,113500
11049644,113600
11049668,113700
11049691,113800
11049714,113900
11049737,114000
11049762,114100
11049787,114200
11049809,114300
11049835,114400
11050161,114500
11050196,114600
11050219,114700
11050243,114800
11050266,114900
11050288,115000
11050311,115100
11050334,115200
11050357,115300
11050381,115400
11050401,115500
11050424,115600
11050446,115700
11050466,115800
11050489,115900
11050509,116000
11050531,116100
11050551,116200
11050574,116300
11050596,116400
11050616,116500
11050639,116600
11050660,116700
11050683,116800
11050703,116900
11050725,117000
11050748,117100
11050769,117200
11050792,117300
11050812,117400
11050835,117500
11050858,117600
11050878,117700
11050901,117800
11050924,117900
11050945,118000
11050968,118100
11050993,118200
11051017,118300
11051038,118400
11051062,118500
11051085,118600
11051106,118700
11051128,118800
11051149,118900
11051173,119000
11051198,119100
11051219,119200
11051245,119300
11051268,119400
11051292,119500
11051313,119600
11051335,119700
11051357,119800
11051380,119900
11051401,120000
11051565,120100
11051587,120200
11051607,120300
11051631,120400
11051651,120500
11051677,120600
11051698,120700
11051721,120800
11051740,120900
11051763,121000
11051787,121100
11051812,121200
11051835,121300
11051859,121400
11051882,121500
11051905,121600
11051928,121700
11051950,121800
11051974,121900
11051995,122000
11052017,122100
11052041,122200
11052062,122300
11052085,122400
11052106,122500
11052127,122600
11052147,122700
11052170,122800
11052192,122900
11052213,123000
11052235,123100
11052261,123200
11052282,123300
11052305,123400
11052327,123500
11052353,123600
11052374,123700
11052398,123800
11052421,123900
11052465,124000
11052488,124100
11052524,124200
11052548,124300
11052571,124400
11052594,124500
11052616,124600
11052639,124700
11052663,124800
11052684,124900
11052707,125000
11052733,125100
11052757,125200
11052778,125300
11052804,125400
11052826,125500
11052848,125600
11052872,125700
11052895,125800
11052920,125900
11052942,126000
11052964,126100
11052987,126200
11053009,126300
11053032,126400
11053056,126500
11053079,126600
11053101,126700
11053126,126800
11053149,126900
11053172,127000
11053198,127100
11053221,127200
11053247,127300
11053273,127400
11053297,127500
11053323,127600
11053349,127700
11053377,127800
11053404,127900
11053430,128000
11053456,128100
11053487,128200
11053514,128300
11053544,128400
11053571,128500
11053596,128600
11053624,128700
11053648,128800
11053675,128900
11053699,129000
11053729,129100
11053758,129200
11053791,129300
11053821,129400
11053856,129500
11053885,129600
11053916,129700
11053943,129800
11053973,129900
11054001,130000
11054184,130100
11054212,130200
11054240,130300
11054271,130400
11054298,130500
11054326,130600
11054357,130700
11054383,130800
11054414,130900
11054440,131000
11054470,131100
11054501,131200
11054535,131300
11054568,131400
11054597,131500
11054629,131600
11054659,131700
11054693,131800
11054721,131900
11054749,132000
11054779,132100
11054807,132200
11054832,132300
11054860,132400
11054888,132500
11054915,132600
11054945,132700
11054969,132800
11054997,132900
11055024,133000
11055053,133100
11055085,133200
11055117,133300
11055147,133400
11055183,133500
11055218,133600
11055249,133700
11055283,133800
11055313,133900
11055343,134000
11055374,134100
11055406,134200
11055439,134300
11055468,134400
11055499,134500
11055527,134600
11055561,134700
11055592,134800
11055622,134900
11055657,135000
11055694,135100
11055728,135200
11055761,135300
11056121,135400
11056185,135500
11056219,135600
11056256,135700
11056289,135800
11056321,135900
11056354,136000
11056381,136100
11056411,136200
11056441,136300
11056471,136400
11056502,136500
11056531,136600
11056563,136700
11056594,136800
11056626,136900
11056659,137000
11056691,137100
11056724,137200
11056755,137300
11056790,137400
11056830,137500
11056862,137600
11056890,137700
11056919,137800
11056951,137900
11056983,138000
11057017,138100
11057050,138200
11057079,138300
11057111,138400
11057139,138500
11057171,138600
11057198,138700
11057226,138800
11057255,138900
11057283,139000
11057312,139100
11057344,139200
11057375,139300
11057406,139400
11057436,139500
11057468,139600
11057501,139700
11057533,139800
11057565,139900
11057594,140000
11057976,140100
11058009,140200
11058040,140300
11058068,140400
11058099,140500
11058130,140600
11058157,140700
11058187,140800
11058219,140900
11058251,141000
11058283,141100
11058316,141200
11058348,141300
11058379,141400
11058411,141500
11058442,141600
11058474,141700
11058503,141800
11058534,141900
11058562,142000
11058591,142100
11058621,142200
11058653,142300
11058683,142400
11058717,142500
11058748,142600
11058778,142700
11058813,142800
11058842,142900
11058874,143000
11058903,143100
11058931,143200
11058963,143300
11059001,143400
11059031,143500
11059086,143600
11059119,143700
11059146,143800
11059182,143900
11059213,144000
11059245,144100
11059276,144200
11059307,144300
11059336,144400
11059365,144500
11059398,144600
11059431,144700
11059460,144800
11059488,144900
11059523,145000
11059553,145100
11059583,145200
11059616,145300
11059647,145400
11059672,145500
11059705,145600
11059734,145700
11059762,145800
11059786,145900
11059815,146000
11059848,146100
11059882,146200
11059913,146300
11059943,146400
11059970,146500
11059997,146600
11060028,146700
11060058,146800
11060086,146900
11060116,147000
11060147,147100
11060178,147200
11060205,147300
11060233,147400
11060262,147500
11060294,147600
11060318,147700
11060346,147800
11060375,147900
11060414,148000
11060444,148100
11060475,148200
11060505,148300
11060534,148400
11060562,148500
11060591,148600
11060619,148700
11060649,148800
11060681,148900
11060713,149000
11060744,149100
11060773,149200
11060800,149300
11060828,149400
11060855,149500
11060886,149600
11060919,149700
11060945,149800
11060972,149900
11061000,150000
11061342,150100
11061371,150200
11061401,150300
11061431,150400
11061457,150500
11061485,150600
11061513,150700
11061542,150800
11061572,150900
11061599,151000
11061631,151100
11061663,151200
11061690,151300
11061719,151400
11062068,151500
11062122,151600
11062152,151700
11062183,151800
11062213,151900
11062241,152000
11062268,152100
11062295,152200
11062321,152300
11062350,152400
11062378,152500
11062402,152600
11062431,152700
11062460,152800
11062490,152900
11062516,153000
11062541,153100
11062570,153200
11062596,153300
11062624,153400
11062652,153500
11062679,153600
11062708,153700
11062737,153800
11062764,153900
11062790,154000
11062820,154100
11062848,154200
11062875,154300
11062901,154400
11062929,154500
11062958,154600
11062986,154700
11063016,154800
11063042,154900
11063073,155000
11063101,155100
11063133,155200
11063166,155300
11063192,155400
11063221,155500
11063247,155600
11063274,155700
11063304,155800
11063329,155900
11063355,156000
11063382,156100
11063408,156200
11063436,156300
11063467,156400
11063494,156500
11063521,156600
11063550,156700
11063576,156800
11063603,156900
11063631,157000
11063656,157100
11063685,157200
11063715,157300
11063743,157400
11063770,157500
11063798,157600
11063826,157700
11063856,157800
11063879,157900
11063907,158000
11063935,158100
11063965,158200
11063999,158300
11064030,158400
11064056,158500
11064084,158600
11064114,158700
11064140,158800
11064167,158900
11064193,159000
11064220,159100
11064244,159200
11064270,159300
11064295,159400
11064325,159500
11064351,159600
11064378,159700
11064406,159800
11064432,159900
11064459,160000
11064776,160100
11064806,160200
11064834,160300
11064862,160400
11064890,160500
11064915,160600
11064947,160700
11064979,160800
11065006,160900
11065037,161000
11065063,161100
11065092,161200
11065120,161300
11065150,161400
11065182,161500
11065214,161600
11065245,161700
11065277,161800
11065304,161900
11065335,162000
11065365,162100
11065392,162200
11065422,162300
11065453,162400
11065480,162500
11065510,162600
11065541,162700
11065570,162800
11065600,162900
11065633,163000
11065661,163100
11065688,163200
11065717,163300
11065742,163400
11065769,163500
11065798,163600
11065827,163700
11065859,163800
11065890,163900
11065918,164000
11065950,164100
11065977,164200
11066007,164300
11066034,164400
11066062,164500
11066087,164600
11066115,164700
11066146,164800
11066175,164900
11066206,165000
11066235,165100
11066263,165200
11066293,165300
11066323,165400
11066352,165500
11066380,165600
11066410,165700
11066439,165800
11066470,165900
11066507,166000
11066534,166100
11066567,166200
11066600,166300
11066630,166400
11066655,166500
11066686,166600
11066719,166700
11066752,166800
11066785,166900
11066821,167000
11066855,167100
11066887,167200
11066915,167300
11066940,167400
11066967,167500
11066995,167600
11067022,167700
11067054,167800
11067087,167900
11067114,168000
11067145,168100
11067185,168200
11067215,168300
11067245,168400
11067274,168500
11067300,168600
11067331,168700
11067363,168800
11067390,168900
11067419,169000
11067445,169100
11067477,169200
11067509,169300
11067543,169400
11067574,169500
11067603,169600
11067635,169700
11067667,169800
11067698,169900
11067731,170000
11068414,170100
11068442,170200
11068473,170300
11068498,170400
11068524,170500
11068552,170600
11068577,170700
11068603,170800
11068630,170900
11068657,171000
11068695,171100
11068728,171200
11068756,171300
11068786,171400
11068815,171500
11068841,171600
11068869,171700
11068895,171800
11068921,171900
11068949,172000
11068980,172100
11069007,172200
11069036,172300
11069065,172400
11069094,172500
11069123,172600
11069147,172700
11069172,172800
11069203,172900
11069231,173000
11069260,173100
11069289,173200
11069315,173300
11069346,173400
11069381,173500
11069408,173600
11069436,173700
11069462,173800
11069490,173900
11069519,174000
11069558,174100
11069591,174200
11069620,174300
11069654,174400
11069688,174500
11069720,174600
11069749,174700
11069780,174800
11069808,174900
11069837,175000
11069868,175100
11069900,175200
11069935,175300
11069967,175400
11069999,175500
11070038,175600
11070072,175700
11070106,175800
11070136,175900
11070172,176000
11070208,176100
11070241,176200
11070273,176300
11070304,176400
11070338,176500
11070371,176600
11070401,176700
11070428,176800
11070460,176900
11070496,177000
11070531,177100
11070562,177200
11070596,177300
11070631,177400
11070661,177500
11070692,177600
11070724,177700
11070754,177800
11070784,177900
11070813,178000
11070845,178100
11070882,178200
11070916,178300
11070949,178400
11070987,178500
11071022,178600
11071059,178700
11071091,178800
11071127,178900
11071161,179000
11071198,179100
11071235,179200
11071268,179300
11071307,179400
11071346,179500
11071380,179600
11071427,179700
11071469,179800
11071513,179900
11071547,180000
11071922,180100
11071968,180200
11072010,180300
11072053,180400
11072092,180500
11072133,180600
11072179,180700
11072227,180800
11072271,180900
11072316,181000
11072364,181100
11072407,181200
11072454,181300
11072496,181400
11072542,181500
11072590,181600
11072630,181700
11072665,181800
11072713,181900
11072756,182000
11072802,182100
11072848,182200
11072893,182300
11072935,182400
11072979,182500
11073021,182600
11073052,182700
11073090,182800
11073139,182900
11073186,183000
11073237,183100
11073285,183200
11073316,183300
11073363,183400
11073409,183500
11073447,183600
11073488,183700
11073540,183800
11073581,183900
11073626,184000
11073674,184100
11073720,184200
11074126,184300
11074185,184400
11074242,184500
11074295,184600
11074346,184700
11074402,184800
11074448,184900
11074494,185000
11074542,185100
11074584,185200
11074626,185300
11074677,185400
11074721,185500
11074766,185600
11074813,185700
11074853,185800
11074891,185900
11074932,186000
11074974,186100
11075015,186200
11075061,186300
11075105,186400
11075148,186500
11075192,186600
11075236,186700
11075277,186800
11075320,186900
11075363,187000
11075400,187100
11075438,187200
11075502,187300
11075543,187400
11075583,187500
11075625,187600
11075666,187700
11075706,187800
11075750,187900
11075787,188000
11075827,188100
11075872,188200
11075911,188300
11075957,188400
11076004,188500
11076050,188600
11076099,188700
11076143,188800
11076182,188900
11076228,189000
11076264,189100
11076306,189200
11076349,189300
11076400,189400
11076445,189500
11076491,189600
11076535,189700
11076582,189800
11076633,189900
11076680,190000
11077234,190100
11077284,190200
11077328,190300
11077378,190400
11077423,190500
11077467,190600
11077508,190700
11077549,190800
11077591,190900
11077633,191000
11077670,191100
11077717,191200
11077765,191300
11077806,191400
11077847,191500
11077892,191600
11077947,191700
11078001,191800
11078046,191900
11078087,192000
11078133,192100
11078177,192200
11078220,192300
11078267,192400
11078314,192500
11078357,192600
11078406,192700
11078450,192800
11078496,192900
11078541,193000
11078584,193100
11078629,193200
11078681,193300
11078720,193400
11078765,193500
11078807,193600
11078857,193700
11078906,193800
11078950,193900
11079003,194000
11079060,194100
11079113,194200
11079167,194300
11079222,194400
11079271,194500
11079320,194600
11079366,194700
11079413,194800
11079459,194900
11079503,195000
11079555,195100
11079602,195200
11079648,195300
11079702,195400
11080112,195500
11080166,195600
11080212,195700
11080253,195800
11080297,195900
11080342,196000
11080389,196100
11080443,196200
11080486,196300
11080528,196400
11080577,196500
11080623,196600
11080669,196700
11080717,196800
11080763,196900
11080809,197000
11080855,197100
11080903,197200
11080947,197300
11080992,197400
11081040,197500
11081086,197600
11081132,197700
11081178,197800
11081224,197900
11081270,198000
11081317,198100
11081370,198200
11081416,198300
11081466,198400
11081509,198500
11081555,198600
11081604,198700
11081650,198800
11081695,198900
11081741,199000
11081782,199100
11081821,199200
11081863,199300
11081904,199400
11081953,199500
11082004,199600
11082047,199700
11082093,199800
11082134,199900
11082174,200000
11083203,200100
11083246,200200
11083291,200300
11083351,200400
11083392,200500
11083439,200600
11083490,200700
11083532,200800
11083577,200900
11083628,201000
11083666,201100
11083709,201200
11083750,201300
11083794,201400
11083843,201500
11083894,201600
11083946,201700
11084001,201800
11084059,201900
11084109,202000
11084157,202100
11084205,202200
11084259,202300
11084307,202400
11084357,202500
11084411,202600
11084456,202700
11084503,202800
11084553,202900
11084596,203000
11084646,203100
11084697,203200
11084759,203300
11084803,203400
11084850,203500
11084898,203600
11085079,203700
11085131,203800
11085175,203900
11085225,204000
11085274,204100
11085317,204200
11085366,204300
11085414,204400
11085456,204500
11085508,204600
11085555,204700
11085599,204800
11085648,204900
11085694,205000
11086094,205100
11086130,205200
11086169,205300
11086207,205400
11086249,205500
11086289,205600
11086338,205700
11086388,205800
11086431,205900
11086476,206000
11086520,206100
11086564,206200
11086613,206300
11086654,206400
11086697,206500
11086742,206600
11086792,206700
11086842,206800
11086887,206900
11086946,207000
11086991,207100
11087035,207200
11087080,207300
11087121,207400
11087160,207500
11087205,207600
11087253,207700
11087297,207800
11087346,207900
11087393,208000
11087443,208100
11087498,208200
11087550,208300
11087605,208400
11087647,208500
11087699,208600
11087752,208700
11087799,208800
11087850,208900
11087897,209000
11087943,209100
11087991,209200
11088035,209300
11088075,209400
11088123,209500
11088173,209600
11088217,209700
11088266,209800
11088313,209900
11088357,210000
11088943,210100
11088986,210200
11089035,210300
11089081,210400
11089121,210500
11089159,210600
11089200,210700
11089241,210800
11089293,210900
11089347,211000
11089401,211100
11089453,211200
11089498,211300
11089547,211400
11089595,211500
11089646,211600
11089691,211700
11089739,211800
11089791,211900
11089844,212000
11089899,212100
11089957,212200
11090008,212300
11090059,212400
11090125,212500
11090179,212600
11090234,212700
11090291,212800
11090343,212900
11090400,213000
11090455,213100
11090504,213200
11090553,213300
11090605,213400
11090654,213500
11090700,213600
11090750,213700
11090798,213800
11090849,213900
11090896,214000
11090947,214100
11090998,214200
11091048,214300
11091093,214400
11091136,214500
11091178,214600
11091220,214700
11091270,214800
11091321,214900
11091364,215000
11091416,215100
11091471,215200
11091521,215300
11091572,215400
11091624,215500
11091672,215600
11092082,215700
11092142,215800
11092192,215900
11092249,216000
11092316,216100
11092378,216200
11092433,216300
11092491,216400
11092542,216500
11092597,216600
11092652,216700
11092713,216800
11092773,216900
11092838,217000
11092901,217100
11092953,217200
11093006,217300
11093059,217400
11093116,217500
11093168,217600
11093232,217700
11093295,217800
11093348,217900
11093406,218000
11093463,218100
11093519,218200
11093575,218300
11093633,218400
11093689,218500
11093747,218600
11093801,218700
11093852,218800
11093900,218900
11093952,219000
11094011,219100
11094069,219200
11094125,219300
11094182,219400
11094235,219500
11094288,219600
11094347,219700
11094398,219800
11094451,219900
11094508,220000
11095076,220100
11095130,220200
11095182,220300
11095232,220400
11095281,220500
11095336,220600
11095384,220700
11095439,220800
11095490,220900
11095544,221000
11095600,221100
11095654,221200
11095701,221300
11095747,221400
11095788,221500
11095836,221600
11095879,221700
11095928,221800
11095977,221900
11096027,222000
11096081,222100
11096126,222200
11096175,222300
11096218,222400
11096274,222500
11096320,222600
11096370,222700
11096429,222800
11096477,222900
11096529,223000
11096576,223100
11096630,223200
11096678,223300
11096726,223400
11096775,223500
11096824,223600
11096882,223700
11096934,223800
11096989,223900
11097038,224000
11097085,224100
11097137,224200
11097189,224300
11097249,224400
11097307,224500
11097365,224600
11097422,224700
11097481,224800
11097533,224900
11097581,225000
11097636,225100
11097689,225200
11098107,225300
11098160,225400
11098224,225500
11098297,225600
11098357,225700
11098416,225800
11098472,225900
11098531,226000
11098592,226100
11098640,226200
11098690,226300
11098733,226400
11098784,226500
11098834,226600
11098890,226700
11098945,226800
11099002,226900
11099054,227000
11099109,227100
11099160,227200
11099219,227300
11099270,227400
11099332,227500
11099386,227600
11099441,227700
11099492,227800
11099553,227900
11099616,228000
11099682,228100
11099749,228200
11099816,228300
11099876,228400
11099947,228500
11100010,228600
11100074,228700
11100134,228800
11100199,228900
11100256,229000
11100311,229100
11100374,229200
11100438,229300
11100510,229400
11100578,229500
11100654,229600
11100721,229700
11100789,229800
11100865,229900
11100924,230000
11101534,230100
11101601,230200
11101672,230300
11101742,230400
11101804,230500
11101878,230600
11101944,230700
11102018,230800
11102094,230900
11102154,231000
11102219,231100
11102275,231200
11102333,231300
11102395,231400
11102456,231500
11102521,231600
11102593,231700
11102652,231800
11102720,231900
11102776,232000
11102851,232100
11102919,232200
11102975,232300
11103031,232400
11103086,232500
11103148,232600
11103209,232700
11103271,232800
11103335,232900
11103403,233000
11103468,233100
11103535,233200
11103593,233300
11103655,233400
11103727,233500
11104154,233600
11104215,233700
11104273,233800
11104338,233900
11104404,234000
11104467,234100
11104534,234200
11104602,234300
11104669,234400
11104729,234500
11104794,234600
11104857,234700
11104920,234800
11104989,234900
11105048,235000
11105113,235100
11105176,235200
11105241,235300
11105308,235400
11105372,235500
11105437,235600
11105503,235700
11105566,235800
11105629,235900
11105690,236000
11105758,236100
11105822,236200
11105891,236300
11105963,236400
11106030,236500
11106093,236600
11106158,236700
11106221,236800
11106279,236900
11106341,237000
11106406,237100
11106469,237200
11106537,237300
11106594,237400
11106658,237500
11106723,237600
11106782,237700
11106870,237800
11106929,237900
11106988,238000
11107050,238100
11107112,238200
11107176,238300
11107241,238400
11107302,238500
11107366,238600
11107426,238700
11107489,238800
11107545,238900
11107606,239000
11107660,239100
11107716,239200
11107769,239300
11107825,239400
11107878,239500
11107940,239600
11107992,239700
11108050,239800
11108107,239900
11108170,240000
11108970,240100
11109032,240200
11109095,240300
11109152,240400
11109210,240500
11109269,240600
11109322,240700
11109375,240800
11109431,240900
11109483,241000
11109534,241100
11109587,241200
11109638,241300
11109697,241400
11109750,241500
11109805,241600
11110176,241700
11110270,241800
11110332,241900
11110388,242000
11110451,242100
11110517,242200
11110588,242300
11110655,242400
11110730,242500
11110792,242600
11110848,242700
11110900,242800
11110959,242900
11111015,243000
11111078,243100
11111136,243200
11111199,243300
11111250,243400
11111310,243500
11111373,243600
11111432,243700
11111492,243800
11111551,243900
11111605,244000
11111658,244100
11111712,244200
11111773,244300
11111834,244400
11111894,244500
11111946,244600
11112000,244700
11112074,244800
11112118,244900
11112166,245000
11112209,245100
11112255,245200
11112296,245300
11112340,245400
11112384,245500
11112436,245600
11112479,245700
11112529,245800
11112574,245900
11112619,246000
11112668,246100
11112721,246200
11112779,246300
11112823,246400
11112867,246500
11112912,246600
11112959,246700
11113005,246800
11113052,246900
11113100,247000
11113145,247100
11113193,247200
11113245,247300
11113290,247400
11113335,247500
11113377,247600
11113422,247700
11113462,247800
11113503,247900
11113554,248000
11113604,248100
11113663,248200
11113712,248300
11113767,248400
11113816,248500
11113862,248600
11113908,248700
11113953,248800
11113995,248900
11114048,249000
11114097,249100
11114141,249200
11114188,249300
11114242,249400
11114296,249500
11114359,249600
11114419,249700
11114472,249800
11114528,249900
11114580,250000
11115150,250100
11115202,250200
11115257,250300
11115312,250400
11115369,250500
11115426,250600
11115484,250700
11115539,250800
11115593,250900
11115655,251000
11115708,251100
11115760,251200
11115814,251300
11115861,251400
11116266,251500
11116316,251600
11116365,251700
11116423,251800
11116494,251900
11116550,252000
11116618,252100
11116680,252200
11116743,252300
11116800,252400
11116865,252500
11116921,252600
11116976,252700
11117026,252800
11117081,252900
11117141,253000
11117203,253100
11117261,253200
11117323,253300
11117379,253400
11117444,253500
11117499,253600
11117556,253700
11117613,253800
11117675,253900
11117735,254000
11117796,254100
11117859,254200
11117922,254300
11117987,254400
11118049,254500
11118117,254600
11118178,254700
11118240,254800
11118296,254900
11118355,255000
11118413,255100
11118470,255200
11118519,255300
11118569,255400
11118622,255500
11118675,255600
11118724,255700
11118780,255800
11118837,255900
11118895,256000
11118952,256100
11119016,256200
11119075,256300
11119134,256400
11119193,256500
11119254,256600
11119316,256700
11119375,256800
11119427,256900
11119485,257000
11119538,257100
11119597,257200
11119651,257300
11119704,257400
11119761,257500
11119820,257600
11119872,257700
11119922,257800
11119973,257900
11120026,258000
11120079,258100
11120141,258200
11120198,258300
11120277,258400
11120334,258500
11120405,258600
11120467,258700
11120522,258800
11120584,258900
11120639,259000
11120698,259100
11120755,259200
11120814,259300
11120868,259400
11120922,259500
11120979,259600
11121038,259700
11121096,259800
11121152,259900
11121205,260000
11121899,260100
11121959,260200
11122383,260300
11122438,260400
11122504,260500
11122558,260600
11122612,260700
11122665,260800
11122721,260900
11122785,261000
11122841,261100
11122908,261200
11122967,261300
11123034,261400
11123092,261500
11123152,261600
11123210,261700
11123266,261800
11123314,261900
11123363,262000
11123422,262100
11123479,262200
11123542,262300
11123596,262400
11123654,262500
11123709,262600
11123771,262700
11123826,262800
11123887,262900
11123944,263000
11124001,263100
11124053,263200
11124110,263300
11124165,263400
11124221,263500
11124274,263600
11124331,263700
11124380,263800
11124435,263900
11124491,264000
11124546,264100
11124615,264200
11124671,264300
11124733,264400
11124793,264500
11124847,264600
11124911,264700
11124968,264800
11125017,264900
11125079,265000
11125141,265100
11125202,265200
11125263,265300
11125326,265400
11125387,265500
11125449,265600
11125520,265700
11125586,265800
11125642,265900
11125701,266000
11125760,266100
11125818,266200
11125882,266300
11125933,266400
11125987,266500
11126051,266600
11126111,266700
11126175,266800
11126231,266900
11126294,267000
11126349,267100
11126418,267200
11126474,267300
11126526,267400
11126578,267500
11126635,267600
11126686,267700
11126747,267800
11126802,267900
11126871,268000
11126935,268100
11127043,268200
11127123,268300
11127201,268400
11127285,268500
11127369,268600
11127447,268700
11127525,268800
11127592,268900
11127655,269000
11127730,269100
11127790,269200
11127855,269300
11127919,269400
11128359,269500
11128425,269600
11128501,269700
11128570,269800
11128627,269900
11128690,270000
11129575,270100
11129642,270200
11129726,270300
11129827,270400
11129921,270500
11130007,270600
11130089,270700
11130191,270800
11130270,270900
11130351,271000
11130431,271100
11130503,271200
11130573,271300
11130643,271400
11130715,271500
11130792,271600
11130889,271700
11130970,271800
11131063,271900
11131150,272000
11131226,272100
11131317,272200
11131402,272300
11131474,272400
11131542,272500
11131626,272600
11131707,272700
11131787,272800
11131857,272900
11131930,273000
11132012,273100
11132094,273200
11132176,273300
11132239,273400
11132334,273500
11132405,273600
11132471,273700
11132534,273800
11132594,273900
11132669,274000
11132748,274100
11132813,274200
11132895,274300
11132966,274400
11133031,274500
11133107,274600
11133179,274700
11133254,274800
11133326,274900
11133401,275000
11133478,275100
11133551,275200
11133626,275300
11133699,275400
11133767,275500
11133843,275600
11133921,275700
11133984,275800
11134412,275900
11134482,276000
11134548,276100
11134627,276200
11134704,276300
11134766,276400
11134837,276500
11134907,276600
11134976,276700
11135045,276800
11135112,276900
11135178,277000
11135246,277100
11135321,277200
11135385,277300
11135450,277400
11135533,277500
11135602,277600
11135678,277700
11135748,277800
11135816,277900
11135881,278000
11135930,278100
11136039,278200
11136123,278300
11136200,278400
11136278,278500
11136342,278600
11136419,278700
11136487,278800
11136565,278900
11136651,279000
11136726,279100
11136804,279200
11136871,279300
11136970,279400
11137033,279500
11137096,279600
11137157,279700
11137228,279800
11137289,279900
11137360,280000
11138358,280100
11138417,280200
11138481,280300
11138558,280400
11138625,280500
11138696,280600
11138766,280700
11138827,280800
11138903,280900
11138970,281000
11139043,281100
11139113,281200
11139178,281300
11139247,281400
11139314,281500
11139393,281600
11139466,281700
11139544,281800
11139611,281900
11139685,282000
11139758,282100
11139830,282200
11139903,282300
11139975,282400
11140052,282500
11140124,282600
11140555,282700
11140629,282800
11140707,282900
11140787,283000
11140860,283100
11140934,283200
11141005,283300
11141070,283400
11141145,283500
11141204,283600
11141276,283700
11141341,283800
11141405,283900
11141484,284000
11141563,284100
11141644,284200
11141720,284300
11141806,284400
11141883,284500
11141964,284600
11142060,284700
11142130,284800
11142204,284900
11142282,285000
11142362,285100
11142446,285200
11142526,285300
11142614,285400
11142715,285500
11142797,285600
11142877,285700
11142957,285800
11143037,285900
11143108,286000
11143176,286100
11143242,286200
11143318,286300
11143398,286400
11143476,286500
11143558,286600
11143628,286700
11143710,286800
11143786,286900
11143871,287000
11143959,287100
11144031,287200
11144104,287300
11144179,287400
11144256,287500
11144329,287600
11144421,287700
11144508,287800
11144595,287900
11144673,288000
11144753,288100
11144837,288200
11144912,288300
11145059,288400
11145139,288500
11145217,288600
11145309,288700
11145413,288800
11145519,288900
11145613,289000
11145707,289100
11145791,289200
11145875,289300
11145965,289400
11146043,289500
11146121,289600
11146585,289700
11146667,289800
11146762,289900
11146850,290000
11148270,290100
11148351,290200
11148437,290300
11148523,290400
11148616,290500
11148713,290600
11148782,290700
11148856,290800
11148924,290900
11148995,291000
11149083,291100
11149149,291200
11149229,291300
11149310,291400
11149382,291500
11149467,291600
11149549,291700
11149623,291800
11149711,291900
11149772,292000
11149837,292100
11149914,292200
11149986,292300
11150073,292400
11150158,292500
11150235,292600
11150321,292700
11150403,292800
11150479,292900
11150556,293000
11150622,293100
11150693,293200
11150773,293300
11150845,293400
11150922,293500
11151009,293600
11151091,293700
11151161,293800
11151233,293900
11151302,294000
11151379,294100
11151450,294200
11151521,294300
11151595,294400
11151668,294500
11151752,294600
11151835,294700
11151919,294800
11152008,294900
11152090,295000
11152168,295100
11152626,295200
11152700,295300
11152778,295400
11152845,295500
11152905,295600
11152981,295700
11153054,295800
11153136,295900
11153216,296000
11153312,296100
11153398,296200
11153480,296300
11153564,296400
11153636,296500
11153714,296600
11153787,296700
11153856,296800
11153928,296900
11153999,297000
11154077,297100
11154208,297200
11154284,297300
11154370,297400
11154450,297500
11154539,297600
11154618,297700
11154689,297800
11154767,297900
11154842,298000
11154916,298100
11155003,298200
11155077,298300
11155162,298400
11155249,298500
11155331,298600
11155404,298700
11155472,298800
11155550,298900
11155629,299000
11155707,299100
11155793,299200
11155882,299300
11155953,299400
11156034,299500
11156116,299600
11156221,299700
11156308,299800
11156388,299900
11156464,300000
11158015,300100
11158084,300200
11158178,300300
11158262,300400
11158707,300500
11158786,300600
11158864,300700
11158948,300800
11159028,300900
11159107,301000
11159188,301100
11159256,301200
11159338,301300
11159413,301400
11159491,301500
11159569,301600
11159648,301700
11159742,301800
11159820,301900
11159902,302000
11159978,302100
11160065,302200
11160148,302300
11160219,302400
11160294,302500
11160378,302600
11160458,302700
11160545,302800
11160638,302900
11160718,303000
11160810,303100
11160900,303200
11160974,303300
11161054,303400
11161145,303500
11161219,303600
11161301,303700
11161378,303800
11161453,303900
11161530,304000
11161620,304100
11161687,304200
11161781,304300
11161867,304400
11161951,304500
11162039,304600
11162108,304700
11162179,304800
11162266,304900
11162354,305000
11162430,305100
11162521,305200
11162603,305300
11162685,305400
11162770,305500
11162854,305600
11162924,305700
11162998,305800
11163061,305900
11163138,306000
11163215,306100
11163289,306200
11163372,306300
11163446,306400
11163523,306500
11163607,306600
11163690,306700
11163767,306800
11163839,306900
11163910,307000
11164017,307100
11164088,307200
11164173,307300
11164245,307400
11164326,307500
11164400,307600
11164836,307700
11164918,307800
11164997,307900
11165076,308000
11165145,308100
11165223,308200
11165294,308300
11165367,308400
11165443,308500
11165530,308600
11165637,308700
11165737,308800
11165826,308900
11165919,309000
11166011,309100
11166084,309200
11166152,309300
11166230,309400
11166310,309500
11166387,309600
11166486,309700
11166575,309800
11166664,309900
11166779,310000
11168366,310100
11168445,310200
11168535,310300
11168607,310400
11168685,310500
11168765,310600
11168846,310700
11168937,310800
11169022,310900
11169094,311000
11169183,311100
11169253,311200
11169332,311300
11169409,311400
11169479,311500
11169563,311600
11169638,311700
11169723,311800
11169810,311900
11169892,312000
11169978,312100
11170064,312200
11170147,312300
11170226,312400
11170312,312500
11170392,312600
11170822,312700
11170920,312800
11171006,312900
11171085,313000
11171174,313100
11171264,313200
11171345,313300
11171436,313400
11171510,313500
11171597,313600
11171665,313700
11171738,313800
11171826,313900
11171919,314000
11172018,314100
11172114,314200
11172203,314300
11172282,314400
11172371,314500
11172457,314600
11172547,314700
11172617,314800
11172686,314900
11172775,315000
11172858,315100
11172937,315200
11173027,315300
11173112,315400
11173216,315500
11173298,315600
11173386,315700
11173467,315800
11173585,315900
11173665,316000
11173744,316100
11173829,316200
11173910,316300
11174031,316400
11174105,316500
11174189,316600
11174274,316700
11174358,316800
11174442,316900
11174530,317000
11174605,317100
11174680,317200
11174762,317300
11174856,317400
11174951,317500
11175033,317600
11175115,317700
11175201,317800
11175272,317900
11175363,318000
11175435,318100
11175518,318200
11175591,318300
11175658,318400
11175761,318500
11175844,318600
11175944,318700
11176038,318800
11176121,318900
11176209,319000
11176295,319100
11176381,319200
11176482,319300
11176911,319400
11177011,319500
11177108,319600
11177187,319700
11177286,319800
11177396,319900
11177509,320000
11179047,320100
11179122,320200
11179203,320300
11179293,320400
11179362,320500
11179438,320600
11179533,320700
11179628,320800
11179716,320900
11179813,321000
11179892,321100
11179966,321200
11180051,321300
11180135,321400
11180221,321500
11180303,321600
11180377,321700
11180452,321800
11180533,321900
11180621,322000
11180709,322100
11180798,322200
11180894,322300
11180989,322400
11181075,322500
11181167,322600
11181254,322700
11181347,322800
11181434,322900
11181558,323000
11181658,323100
11181750,323200
11181852,323300
11181947,323400
11182033,323500
11182120,323600
11182216,323700
11182311,323800
11182390,323900
11182491,324000
11182581,324100
11183040,324200
11183129,324300
11183223,324400
11183328,324500
11183423,324600
11183509,324700
11183594,324800
11183682,324900
11183770,325000
11183871,325100
11183971,325200
11184077,325300
11184176,325400
11184275,325500
11184359,325600
11184461,325700
11184597,325800
11184670,325900
11184754,326000
11184902,326100
11185001,326200
11185098,326300
11185191,326400
11185276,326500
11185370,326600
11185465,326700
11185551,326800
11185645,326900
11185736,327000
11185837,327100
11185928,327200
11186031,327300
11186127,327400
11186220,327500
11186315,327600
11186400,327700
11186492,327800
11186573,327900
11186661,328000
11186751,328100
11186842,328200
11186943,328300
11187039,328400
11187128,328500
11187224,328600
11187318,328700
11187420,328800
11187536,328900
11187644,329000
11187809,329100
11187903,329200
11188010,329300
11188101,329400
11188212,329500
11188330,329600
11188440,329700
11188588,329800
11189084,329900
11189209,330000
11190586,330100
11190695,330200
11190808,330300
11190909,330400
11191015,330500
11191106,330600
11191200,330700
11191301,330800
11191392,330900
11191491,331000
11191575,331100
11191669,331200
11191765,331300
11191858,331400
11191963,331500
11192064,331600
11192157,331700
11192257,331800
11192362,331900
11192443,332000
11192545,332100
11192629,332200
11192722,332300
11192844,332400
11192965,332500
11193059,332600
11193183,332700
11193290,332800
11193392,332900
11193488,333000
11193584,333100
11193679,333200
11193785,333300
11193886,333400
11193994,333500
11194091,333600
11194183,333700
11194295,333800
11194384,333900
11194477,334000
11194582,334100
11194668,334200
11195140,334300
11195256,334400
11195377,334500
11195517,334600
11195636,334700
11195756,334800
11195874,334900
11195981,335000
11196088,335100
11196199,335200
11196315,335300
11196428,335400
11196536,335500
11196642,335600
11196736,335700
11196818,335800
11196910,335900
11196999,336000
11197092,336100
11197190,336200
11197268,336300
11197378,336400
11197462,336500
11197565,336600
11197662,336700
11197752,336800
11197835,336900
11197906,337000
11197989,337100
11198088,337200
11198181,337300
11198280,337400
11198381,337500
11198478,337600
11198590,337700
11198677,337800
11198781,337900
11198893,338000
11198994,338100
11199106,338200
11199221,338300
11199337,338400
11199476,338500
11199589,338600
11199696,338700
11199838,338800
11199958,338900
11200071,339000
11200190,339100
11200296,339200
11200495,339300
11200615,339400
11200703,339500
11200817,339600
11201289,339700
11201406,339800
11201516,339900
11201610,340000
11204224,340100
11204326,340200
11204436,340300
11204537,340400
11204676,340500
11204799,340600
11204909,340700
11205007,340800
11205092,340900
11205194,341000
11205292,341100
11205387,341200
11205482,341300
11205586,341400
11205657,341500
11205770,341600
11205868,341700
11205978,341800
11206066,341900
11206173,342000
11206270,342100
11206371,342200
11206455,342300
11206545,342400
11206636,342500
11206761,342600
11206859,342700
11207327,342800
11207433,342900
11207535,343000
11207645,343100
11207757,343200
11207880,343300
11208007,343400
11208121,343500
11208265,343600
11208383,343700
11208495,343800
11208611,343900
11208723,344000
11208831,344100
11208922,344200
11209025,344300
11209115,344400
11209277,344500
11209406,344600
11209505,344700
11209623,344800
11209750,344900
11209875,345000
11209974,345100
11210084,345200
11210190,345300
11210292,345400
11210405,345500
11210535,345600
11210634,345700
11210760,345800
11210881,345900
11210992,346000
11211114,346100
11211229,346200
11211358,346300
11211479,346400
11211596,346500
11211713,346600
11211809,346700
11211931,346800
11212057,346900
11212181,347000
11212298,347100
11212424,347200
11212570,347300
11212701,347400
11212850,347500
11212992,347600
11213486,347700
11213627,347800
11213778,347900
11213900,348000
11214030,348100
11214162,348200
11214295,348300
11214416,348400
11214532,348500
11214638,348600
11214742,348700
11214857,348800
11215020,348900
11215099,349000
11215204,349100
11215295,349200
11215393,349300
11215513,349400
11215596,349500
11215697,349600
11215801,349700
11215891,349800
11216011,349900
11216128,350000
11217444,350100
11217578,350200
11217723,350300
11217834,350400
11217945,350500
11218072,350600
11218187,350700
11218290,350800
11218419,350900
11218562,351000
11218687,351100
11218808,351200
11218927,351300
11219033,351400
11219521,351500
11219627,351600
11219743,351700
11219837,351800
11219952,351900
11220070,352000
11220174,352100
11220290,352200
11220402,352300
11220503,352400
11220614,352500
11220717,352600
11220829,352700
11220929,352800
11221039,352900
11221147,353000
11221243,353100
11221359,353200
11221469,353300
11221583,353400
11221713,353500
11221828,353600
11221937,353700
11222034,353800
11222148,353900
11222272,354000
11222400,354100
11222526,354200
11222665,354300
11222786,354400
11222889,354500
11222995,354600
11223111,354700
11223205,354800
11223332,354900
11223461,355000
11223570,355100
11223682,355200
11223804,355300
11223922,355400
11224032,355500
11224165,355600
11224272,355700
11224388,355800
11224502,355900
11224627,356000
11224743,356100
11224858,356200
11224961,356300
11225130,356400
11225600,356500
11225711,356600
11225837,356700
11225929,356800
11226038,356900
11226154,357000
11226271,357100
11226396,357200
11226511,357300
11226606,357400
11226725,357500
11226840,357600
11226958,357700
11227072,357800
11227199,357900
11227315,358000
11227424,358100
11227558,358200
11227692,358300
11227852,358400
11227963,358500
11228101,358600
11228236,358700
11228331,358800
11228448,358900
11228593,359000
11228716,359100
11228849,359200
11228982,359300
11229106,359400
11229216,359500
11229342,359600
11229447,359700
11229535,359800
11229646,359900
11229751,360000
11232017,360100
11232144,360200
11232272,360300
11232388,360400
11232507,360500
11232619,360600
11232737,360700
11232845,360800
11232953,360900
11233073,361000
11233213,361100
11233340,361200
11233502,361300
11233620,361400
11233737,361500
11233861,361600
11234008,361700
11234131,361800
11234236,361900
11234354,362000
11234494,362100
11234626,362200
11234728,362300
11234849,362400
11234950,362500
11235060,362600
11235182,362700
11235315,362800
11235417,362900
11235546,363000
11235684,363100
11235809,363200
11235960,363300
11236101,363400
11236263,363500
11236385,363600
11236511,363700
11236631,363800
11236726,363900
11236851,364000
11236966,364100
11237127,364200
11237268,364300
11237418,364400
11237909,364500
11238063,364600
11238204,364700
11238353,364800
11238505,364900
11238650,365000
11238820,365100
11238951,365200
11239086,365300
11239218,365400
11239346,365500
11239479,365600
11239603,365700
11239735,365800
11239853,365900
11239977,366000
11240102,366100
11240224,366200
11240344,366300
11240484,366400
11240610,366500
11240720,366600
11240833,366700
11240935,366800
11241044,366900
11241153,367000
11241284,367100
11241458,367200
11241587,367300
11241734,367400
11241916,367500
11242114,367600
11242289,367700
11242466,367800
11242658,367900
11242849,368000
11242963,368100
11243139,368200
11243261,368300
11243453,368400
11244014,368500
11244211,368600
11244407,368700
11244553,368800
11244666,368900
11244772,369000
11244882,369100
11244989,369200
11245127,369300
11245233,369400
11245368,369500
11245505,369600
11245618,369700
11245745,369800
11245870,369900
11245993,370000
11249074,370100
11249200,370200
11249319,370300
11249440,370400
11249588,370500
11250100,370600
11250215,370700
11250351,370800
11250466,370900
11250586,371000
11250703,371100
11250835,371200
11250957,371300
11251113,371400
11251259,371500
11251369,371600
11251501,371700
11251613,371800
11251734,371900
11251840,372000
11251942,372100
11252039,372200
11252159,372300
11252263,372400
11252396,372500
11252508,372600
11252646,372700
11252781,372800
11252898,372900
11252991,373000
11253106,373100
11253232,373200
11253333,373300
11253463,373400
11253583,373500
11253723,373600
11253854,373700
11254003,373800
11254137,373900
11254258,374000
11254393,374100
11254526,374200
11254654,374300
11254789,374400
11254915,374500
11255059,374600
11255203,374700
11255335,374800
11255482,374900
11255627,375000
11256116,375100
11256244,375200
11256363,375300
11256503,375400
11256638,375500
11256760,375600
11256897,375700
11257008,375800
11257122,375900
11257253,376000
11257366,376100
11257479,376200
11257607,376300
11257711,376400
11257856,376500
11257983,376600
11258096,376700
11258240,376800
11258374,376900
11258486,377000
11258621,377100
11258761,377200
11258880,377300
11259030,377400
11259195,377500
11259321,377600
11259442,377700
11259588,377800
11259735,377900
11259884,378000
11260031,378100
11260187,378200
11260332,378300
11260457,378400
11260591,378500
11260735,378600
11260872,378700
11261010,378800
11261146,378900
11261285,379000
11261422,379100
11261560,379200
11261733,379300
11262239,379400
11262411,379500
11262535,379600
11262688,379700
11262865,379800
11263016,379900
11263150,380000
11266459,380100
11266588,380200
11266755,380300
11266935,380400
11267068,380500
11267236,380600
11267401,380700
11267557,380800
11267728,380900
11267921,381000
11268482,381100
11268664,381200
11268794,381300
11268926,381400
11269069,381500
11269204,381600
11269342,381700
11269498,381800
11269659,381900
11269837,382000
11270031,382100
11270202,382200
11270368,382300
11270519,382400
11270654,382500
11270794,382600
11270945,382700
11271095,382800
11271255,382900
11271426,383000
11271556,383100
11271688,383200
11271830,383300
11271947,383400
11272092,383500
11272228,383600
11272353,383700
11272486,383800
11272617,383900
11272740,384000
11272913,384100
11273057,384200
11273187,384300
11273335,384400
11273475,384500
11273599,384600
11273725,384700
11273832,384800
11273975,384900
11274461,385000
11274593,385100
11274739,385200
11274879,385300
11275015,385400
11275165,385500
11275306,385600
11275464,385700
11275619,385800
11275740,385900
11275899,386000
11276060,386100
11276235,386200
11276396,386300
11276544,386400
11276694,386500
11276853,386600
11276989,386700
11277150,386800
11277305,386900
11277445,387000
11277608,387100
11277776,387200
11277952,387300
11278097,387400
11278267,387500
11278431,387600
11278569,387700
11278709,387800
11278867,387900
11279048,388000
11279212,388100
11279378,388200
11279561,388300
11279731,388400
11279896,388500
11280062,388600
11280596,388700
11280781,388800
11280950,388900
11281114,389000
11281276,389100
11281456,389200
11281615,389300
11281767,389400
11281947,389500
11282152,389600
11282337,389700
11282497,389800
11282672,389900
11282845,390000
11286073,390100
11286195,390200
11286690,390300
11286840,390400
11286966,390500
11287093,390600
11287251,390700
11287407,390800
11287555,390900
11287693,391000
11287833,391100
11287968,391200
11288104,391300
11288258,391400
11288396,391500
11288560,391600
11288684,391700
11288841,391800
11288997,391900
11289164,392000
11289308,392100
11289474,392200
11289619,392300
11289770,392400
11289947,392500
11290093,392600
11290231,392700
11290380,392800
11290546,392900
11290694,393000
11290882,393100
11291044,393200
11291222,393300
11291407,393400
11291592,393500
11291759,393600
11291943,393700
11292110,393800
11292259,393900
11292797,394000
11293007,394100
11293238,394200
11293444,394300
11293646,394400
11293815,394500
11293977,394600
11294138,394700
11294283,394800
11294446,394900
11294607,395000
11294803,395100
11294984,395200
11295174,395300
11295371,395400
11295608,395500
11295757,395600
11295949,395700
11296100,395800
11296247,395900
11296381,396000
11296549,396100
11296751,396200
11296945,396300
11297144,396400
11297311,396500
11297459,396600
11297623,396700
11297778,396800
11297938,396900
11298128,397000
11298285,397100
11298462,397200
11299003,397300
11299180,397400
11299373,397500
11299541,397600
11299704,397700
11299892,397800
11300046,397900
11300215,398000
11300368,398100
11300534,398200
11300686,398300
11300841,398400
11301013,398500
11301206,398600
11301385,398700
11301599,398800
11301784,398900
11301949,399000
11302116,399100
11302311,399200
11302493,399300
11302673,399400
11302889,399500
11303101,399600
11303320,399700
11303524,399800
11303734,399900
11303922,400000
11306755,400100
11306948,400200
11307118,400300
11307277,400400
11307490,400500
11307751,400600
11307986,400700
11308233,400800
11308453,400900
11308696,401000
11308939,401100
11309151,401200
11309379,401300
11309543,401400
11309722,401500
11309878,401600
11310055,401700
11310222,401800
11310422,401900
11310586,402000
11310769,402100
11311270,402200
11311422,402300
11311590,402400
11311749,402500
11311913,402600
11312091,402700
11312246,402800
11312395,402900
11312559,403000
11312733,403100
11312890,403200
11313071,403300
11313230,403400
11313375,403500
11313557,403600
11313735,403700
11313903,403800
11314069,403900
11314225,404000
11314387,404100
11314538,404200
11314695,404300
11314859,404400
11315012,404500
11315177,404600
11315374,404700
11315527,404800
11315765,404900
11315997,405000
11316184,405100
11316377,405200
11316547,405300
11316770,405400
11317358,405500
11317537,405600
11317691,405700
11317863,405800
11318047,405900
11318207,406000
11318386,406100
11318563,406200
11318732,406300
11318906,406400
11319055,406500
11319196,406600
11319342,406700
11319510,406800
11319702,406900
11319905,407000
11320064,407100
11320254,407200
11320422,407300
11320583,407400
11320772,407500
11320949,407600
11321096,407700
11321274,407800
11321467,407900
11321627,408000
11321819,408100
11321995,408200
11322156,408300
11322352,408400
11322531,408500
11322696,408600
11322865,408700
11323061,408800
11323639,408900
11323820,409000
11324017,409100
11324229,409200
11324429,409300
11324637,409400
11324826,409500
11325013,409600
11325169,409700
11325331,409800
11325507,409900
11325678,410000
11328628,410100
11328810,410200
11328990,410300
11329165,410400
11329674,410500
11329861,410600
11330019,410700
11330170,410800
11330317,410900
11330475,411000
11330642,411100
11330817,411200
11330995,411300
11331194,411400
11331378,411500
11331560,411600
11331757,411700
11331944,411800
11332135,411900
11332322,412000
11332524,412100
11332725,412200
11332930,412300
11333152,412400
11333359,412500
11333542,412600
11333732,412700
11333936,412800
11334082,412900
11334239,413000
11334382,413100
11334616,413200
11334825,413300
11335036,413400
11335230,413500
11335785,413600
11336013,413700
11336213,413800
11336389,413900
11336580,414000
11336794,414100
11336990,414200
11337213,414300
11337405,414400
11337595,414500
11337781,414600
11337980,414700
11338179,414800
11338327,414900
11338518,415000
11338717,415100
11338965,415200
11339200,415300
11339421,415400
11339613,415500
11339822,415600
11340060,415700
11340265,415800
11340450,415900
11340646,416000
11340865,416100
11341075,416200
11341321,416300
11341901,416400
11342174,416500
11342382,416600
11342608,416700
11342831,416800
11343024,416900
11343205,417000
11343376,417100
11343549,417200
11343767,417300
11343984,417400
11344193,417500
11344419,417600
11344630,417700
11344851,417800
11345071,417900
11345278,418000
11345501,418100
11345698,418200
11345935,418300
11346133,418400
11346359,418500
11346558,418600
11346789,418700
11346946,418800
11347143,418900
11347327,419000
11347486,419100
11348068,419200
11348287,419300
11348528,419400
11348756,419500
11348962,419600
11349192,419700
11349394,419800
11349578,419900
11349736,420000
11360249,420100
11360396,420200
11360566,420300
11360735,420400
11360914,420500
11361100,420600
11361276,420700
11361471,420800
11361642,420900
11361804,421000
11361973,421100
11362141,421200
11362323,421300
11362499,421400
11362703,421500
11362881,421600
11363075,421700
11363268,421800
11363464,421900
11363641,422000
11363807,422100
11363998,422200
11364205,422300
11364402,422400
11364604,422500
11364805,422600
11364999,422700
11365189,422800
11365378,422900
11365599,423000
11365789,423100
11365997,423200
11366533,423300
11366741,423400
11366924,423500
11367114,423600
11367289,423700
11367445,423800
11367614,423900
11367763,424000
11367932,424100
11368104,424200
11368303,424300
11368482,424400
11368696,424500
11368883,424600
11369095,424700
11369287,424800
11369482,424900
11369628,425000
11369832,425100
11369995,425200
11370160,425300
11370361,425400
11370572,425500
11370779,425600
11370981,425700
11371167,425800
11371352,425900
11371572,426000
11371753,426100
11371908,426200
11372080,426300
11372624,426400
11372811,426500
11373012,426600
11373203,426700
11373372,426800
11373585,426900
11373784,427000
11373951,427100
11374105,427200
11374262,427300
11374436,427400
11374625,427500
11374819,427600
11375042,427700
11375221,427800
11375409,427900
11375580,428000
11375761,428100
11375937,428200
11376084,428300
11376260,428400
11376463,428500
11376647,428600
11376830,428700
11377000,428800
11377201,428900
11377383,429000
11377552,429100
11377712,429200
11377862,429300
11378018,429400
11378177,429500
11378732,429600
11378899,429700
11379075,429800
11379244,429900
11379423,430000
11383855,430100
11384028,430200
11384192,430300
11384343,430400
11384873,430500
11385102,430600
11385279,430700
11385445,430800
11385601,430900
11385760,431000
11385937,431100
11386126,431200
11386284,431300
11386398,431400
11386541,431500
11386704,431600
11386900,431700
11387077,431800
11387238,431900
11387429,432000
11387607,432100
11387809,432200
11387991,432300
11388147,432400
11388302,432500
11388514,432600
11388712,432700
11388889,432800
11389097,432900
11389268,433000
11389450,433100
11389652,433200
11389846,433300
11390043,433400
11390226,433500
11390384,433600
11390926,433700
11391169,433800
11391373,433900
11391600,434000
11391815,434100
11392028,434200
11392233,434300
11392443,434400
11392625,434500
11392819,434600
11393024,434700
11393301,434800
11393493,434900
11393679,435000
11393914,435100
11394157,435200
11394374,435300
11394572,435400
11394798,435500
11395003,435600
11395251,435700
11395527,435800
11395774,435900
11396046,436000
11396303,436100
11396525,436200
11397085,436300
11397282,436400
11397471,436500
11397629,436600
11397781,436700
11397975,436800
11398170,436900
11398394,437000
11398597,437100
11398784,437200
11398996,437300
11399222,437400
11399417,437500
11399586,437600
11399768,437700
11399961,437800
11400159,437900
11400367,438000
11400580,438100
11400768,438200
11400955,438300
11401134,438400
11401308,438500
11401486,438600
11401656,438700
11401847,438800
11402023,438900
11402236,439000
11402565,439100
11402810,439200
11403488,439300
11403721,439400
11403972,439500
11404227,439600
11404455,439700
11404694,439800
11404918,439900
11405138,440000
11408320,440100
11408532,440200
11408748,440300
11408966,440400
11409541,440500
11409747,440600
11409962,440700
11410163,440800
11410375,440900
11410597,441000
11410815,441100
11411024,441200
11411230,441300
11411441,441400
11411668,441500
11411903,441600
11412117,441700
11412312,441800
11412550,441900
11412766,442000
11412980,442100
11413205,442200
11413423,442300
11413645,442400
11413841,442500
11414065,442600
11414299,442700
11414515,442800
11414700,442900
11414881,443000
11415063,443100
11415650,443200
11415832,443300
11416048,443400
11416267,443500
11416498,443600
11416725,443700
11417000,443800
11417184,443900
11417355,444000
11417577,444100
11417794,444200
11418018,444300
11418236,444400
11418462,444500
11418683,444600
11418904,444700
11419127,444800
11419336,444900
11419517,445000
11419686,445100
11419878,445200
11420094,445300
11420310,445400
11420509,445500
11420733,445600
11420954,445700
11421170,445800
11421749,445900
11421957,446000
11422136,446100
11422330,446200
11422569,446300
11422798,446400
11423026,446500
11423279,446600
11423531,446700
11423780,446800
11424009,446900
11424248,447000
11424492,447100
11424704,447200
11424905,447300
11425157,447400
11425490,447500
11425753,447600
11426016,447700
11426243,447800
11426676,447900
11426941,448000
11427145,448100
11427341,448200
11427913,448300
11428095,448400
11428268,448500
11428506,448600
11428766,448700
11428998,448800
11429266,448900
11429505,449000
11429742,449100
11429953,449200
11430144,449300
11430331,449400
11430499,449500
11430682,449600
11430912,449700
11431172,449800
11431416,449900
11431644,450000
11438536,450100
11438759,450200
11438939,450300
11439159,450400
11439418,450500
11439635,450600
11440215,450700
11440444,450800
11440657,450900
11440890,451000
11441095,451100
11441311,451200
11441552,451300
11441774,451400
11442010,451500
11442220,451600
11442441,451700
11442683,451800
11442932,451900
11443161,452000
11443390,452100
11443615,452200
11443835,452300
11444064,452400
11444319,452500
11444544,452600
11444756,452700
11444967,452800
11445186,452900
11445389,453000
11445619,453100
11446193,453200
11446428,453300
11446656,453400
11446879,453500
11447109,453600
11447348,453700
11447566,453800
11447841,453900
11448063,454000
11448290,454100
11448520,454200
11448745,454300
11448970,454400
11449198,454500
11449423,454600
11449648,454700
11449857,454800
11450063,454900
11450291,455000
11450531,455100
11450771,455200
11450996,455300
11451229,455400
11451449,455500
11451696,455600
11451940,455700
11452531,455800
11452755,455900
11452975,456000
11453207,456100
11453426,456200
11453661,456300
11453899,456400
11454128,456500
11454353,456600
11454604,456700
11454840,456800
11455057,456900
11455284,457000
11455515,457100
11455851,457200
11456091,457300
11456323,457400
11456564,457500
11456808,457600
11457145,457700
11457392,457800
11457635,457900
11457862,458000
11458106,458100
11458717,458200
11458953,458300
11459200,458400
11459444,458500
11459678,458600
11459898,458700
11460115,458800
11460346,458900
11460561,459000
11460740,459100
11460951,459200
11461193,459300
11461432,459400
11461663,459500
11461898,459600
11462132,459700
11462361,459800
11462596,459900
11462826,460000
11471075,460100
11471270,460200
11471489,460300
11471705,460400
11471931,460500
11472143,460600
11472365,460700
11472587,460800
11472814,460900
11473035,461000
11473242,461100
11473474,461200
11473692,461300
11473914,461400
11474136,461500
11474358,461600
11474593,461700
11474851,461800
11475086,461900
11475319,462000
11475545,462100
11475762,462200
11475971,462300
11476201,462400
11476454,462500
11477048,462600
11477329,462700
11477566,462800
11477789,462900
11478041,463000
11478286,463100
11478510,463200
11478747,463300
11479004,463400
11479270,463500
11479533,463600
11479842,463700
11480065,463800
11480310,463900
11480554,464000
11480778,464100
11481006,464200
11481248,464300
11481476,464400
11481716,464500
11481955,464600
11482191,464700
11482433,464800
11482670,464900
11483255,465000
11483490,465100
11483722,465200
11483943,465300
11484182,465400
11484413,465500
11484660,465600
11484889,465700
11485105,465800
11485341,465900
11485569,466000
11485827,466100
11486071,466200
11486321,466300
11486572,466400
11486826,466500
11487067,466600
11487302,466700
11487551,466800
11487799,466900
11488044,467000
11488389,467100
11488639,467200
11488900,467300
11489511,467400
11489764,467500
11490014,467600
11490272,467700
11490524,467800
11490768,467900
11491017,468000
11491272,468100
11491521,468200
11491769,468300
11492020,468400
11492285,468500
11492542,468600
11492796,468700
11493043,468800
11493270,468900
11493520,469000
11493758,469100
11494004,469200
11494256,469300
11494505,469400
11494763,469500
11495018,469600
11495618,469700
11495877,469800
11496112,469900
11496373,470000
11505580,470100
11505824,470200
11506080,470300
11506359,470400
11506635,470500
11506898,470600
11507162,470700
11507851,470800
11508103,470900
11508326,471000
11508558,471100
11508796,471200
11509017,471300
11509263,471400
11509508,471500
11509760,471600
11509980,471700
11510222,471800
11510462,471900
11510719,472000
11510966,472100
11511203,472200
11511438,472300
11511678,472400
11511922,472500
11512154,472600
11512392,472700
11512641,472800
11512882,472900
11513127,473000
11513375,473100
11513635,473200
11514275,473300
11514518,473400
11514761,473500
11514995,473600
11515213,473700
11515417,473800
11515602,473900
11515810,474000
11516042,474100
11516270,474200
11516501,474300
11516744,474400
11516965,474500
11517224,474600
11517471,474700
11517694,474800
11517905,474900
11518128,475000
11518323,475100
11518562,475200
11518793,475300
11519035,475400
11519244,475500
11519495,475600
11519729,475700
11520394,475800
11520657,475900
11520919,476000
11521131,476100
11521397,476200
11521647,476300
11521901,476400
11522162,476500
11522411,476600
11522611,476700
11522867,476800
11523112,476900
11523359,477000
11523597,477100
11523755,477200
11524068,477300
11524295,477400
11524538,477500
11524800,477600
11525040,477700
11525287,477800
11525541,477900
11525773,478000
11526382,478100
11526686,478200
11526917,478300
11527162,478400
11527419,478500
11527590,478600
11527838,478700
11528101,478800
11528329,478900
11528588,479000
11528833,479100
11529061,479200
11529288,479300
11529515,479400
11529748,479500
11530014,479600
11530260,479700
11530512,479800
11530765,479900
11531030,480000
11540197,480100
11540444,480200
11540699,480300
11540949,480400
11541198,480500
11541440,480600
11541688,480700
11541949,480800
11542201,480900
11542438,481000
11542681,481100
11542933,481200
11543185,481300
11543431,481400
11543690,481500
11543970,481600
11544230,481700
11544488,481800
11545155,481900
11545390,482000
11545654,482100
11545925,482200
11546188,482300
11546440,482400
11546709,482500
11546959,482600
11547213,482700
11547476,482800
11547738,482900
11547978,483000
11548216,483100
11548518,483200
11548726,483300
11548927,483400
11549140,483500
11549399,483600
11549616,483700
11549831,483800
11550097,483900
11550309,484000
11550580,484100
11551229,484200
11551453,484300
11551676,484400
11551870,484500
11552112,484600
11552324,484700
11552552,484800
11552766,484900
11552964,485000
11553184,485100
11553404,485200
11553688,485300
11553900,485400
11554176,485500
11554379,485600
11554547,485700
11554759,485800
11554993,485900
11555291,486000
11555622,486100
11555882,486200
11556093,486300
11556305,486400
11556522,486500
11556727,486600
11557269,486700
11557497,486800
11557729,486900
11558008,487000
11558273,487100
11558612,487200
11558878,487300
11559115,487400
11559348,487500
11559563,487600
11559772,487700
11560038,487800
11560319,487900
11560594,488000
11560822,488100
11561072,488200
11561297,488300
11561579,488400
11561852,488500
11562109,488600
11562326,488700
11562548,488800
11562747,488900
11563003,489000
11563652,489100
11563920,489200
11564197,489300
11564483,489400
11564735,489500
11565007,489600
11565288,489700
11565565,489800
11565844,489900
11566059,490000
11575319,490100
11575968,490200
11576209,490300
11576467,490400
11576696,490500
11576949,490600
11577213,490700
11577446,490800
11577712,490900
11577960,491000
11578183,491100
11578423,491200
11578673,491300
11578942,491400
11579221,491500
11579490,491600
11579787,491700
11580013,491800
11580190,491900
11580452,492000
11580722,492100
11580994,492200
11581275,492300
11581901,492400
11582194,492500
11582467,492600
11582753,492700
11583039,492800
11583328,492900
11583613,493000
11583889,493100
11584210,493200
11584509,493300
11584795,493400
11585066,493500
11585350,493600
11585638,493700
11585952,493800
11586228,493900
11586526,494000
11586830,494100
11587108,494200
11587394,494300
11588045,494400
11588368,494500
11588641,494600
11588956,494700
11589235,494800
11589525,494900
11589823,495000
11590097,495100
11590389,495200
11590663,495300
11590926,495400
11591198,495500
11591476,495600
11591764,495700
11592054,495800
11592334,495900
11592628,496000
11592918,496100
11593204,496200
11593640,496300
11594327,496400
11594624,496500
11594928,496600
11595218,496700
11595530,496800
11595828,496900
11596126,497000
11596408,497100
11596697,497200
11596990,497300
11597248,497400
11597552,497500
11597864,497600
11598188,497700
11598529,497800
11598873,497900
11599223,498000
11599548,498100
11600269,498200
11600612,498300
11600921,498400
11601236,498500
11601547,498600
11602175,498700
11602504,498800
11602834,498900
11603152,499000
11603459,499100
11603768,499200
11604071,499300
11604401,499400
11604704,499500
11605017,499600
11605327,499700
11605617,499800
11605933,499900
11606614,500000
11616942,500100
11617232,500200
11617503,500300
11617803,500400
11618086,500500
11618374,500600
11619046,500700
11619318,500800
11619635,500900
11619929,501000
11620211,501100
11620508,501200
11620797,501300
11621110,501400
11621403,501500
11621688,501600
11621979,501700
11622267,501800
11622567,501900
11622868,502000
11623168,502100
11623464,502200
11623765,502300
11624062,502400
11624376,502500
11625046,502600
11625403,502700
11625751,502800
11626058,502900
11626355,503000
11626645,503100
11626929,503200
11627221,503300
11627511,503400
11627800,503500
11628095,503600
11628374,503700
11628658,503800
11628971,503900
11629269,504000
11629558,504100
11629855,504200
11630153,504300
11630445,504400
11630744,504500
11631407,504600
11631717,504700
11632022,504800
11632320,504900
11632641,505000
11632954,505100
11633243,505200
11633557,505300
11633844,505400
11634151,505500
11634457,505600
11634754,505700
11635148,505800
11635446,505900
11635739,506000
11636050,506100
11636345,506200
11636638,506300
11637299,506400
11637631,506500
11637917,506600
11638202,506700
11638480,506800
11638769,506900
11639048,507000
11639359,507100
11639659,507200
11639950,507300
11640226,507400
11640493,507500
11640727,507600
11640996,507700
11641247,507800
11641591,507900
11641913,508000
11642263,508100
11642616,508200
11642988,508300
11643733,508400
11644083,508500
11644407,508600
11644780,508700
11645151,508800
11645512,508900
11645923,509000
11646301,509100
11646670,509200
11647036,509300
11647354,509400
11647689,509500
11648141,509600
11648498,509700
11648833,509800
11649167,509900
11649896,510000
11661618,510100
11662243,510200
11662502,510300
11662751,510400
11663024,510500
11663301,510600
11663577,510700
11663824,510800
11664001,510900
11664254,511000
11664539,511100
11664792,511200
11665038,511300
11665386,511400
11665665,511500
11665894,511600
11666170,511700
11666528,511800
11666896,511900
11667257,512000
11667625,512100
11668389,512200
11668798,512300
11669171,512400
11669559,512500
11669937,512600
11670289,512700
11670591,512800
11670919,512900
11671289,513000
11671640,513100
11672040,513200
11672270,513300
11672562,513400
11672788,513500
11673006,513600
11673245,513700
11673439,513800
11673622,513900
11673797,514000
11673970,514100
11674521,514200
11674740,514300
11674952,514400
11675136,514500
11675365,514600
11675578,514700
11675830,514800
11676034,514900
11676205,515000
11676366,515100
11676555,515200
11676783,515300
11676996,515400
11677203,515500
11677446,515600
11677634,515700
11677827,515800
11678024,515900
11678213,516000
11678368,516100
11678533,516200
11678707,516300
11678890,516400
11679112,516500
11679311,516600
11679511,516700
11679709,516800
11679920,516900
11680142,517000
11680655,517100
11680824,517200
11680974,517300
11681147,517400
11681374,517500
11681577,517600
11681738,517700
11681956,517800
11682179,517900
11682372,518000
11682600,518100
11682786,518200
11682988,518300
11683198,518400
11683481,518500
11683712,518600
11683936,518700
11684123,518800
11684310,518900
11684516,519000
11684703,519100
11684974,519200
11685184,519300
11685341,519400
11685532,519500
11685752,519600
11686011,519700
11686736,519800
11687115,519900
11687363,520000
11693452,520100
11693705,520200
11693947,520300
11694114,520400
11694322,520500
11694533,520600
11694765,520700
11694977,520800
11695198,520900
11695429,521000
11695692,521100
11695950,521200
11696205,521300
11696412,521400
11696607,521500
11696813,521600
11697082,521700
11697348,521800
11697573,521900
11697808,522000
11698029,522100
11698322,522200
11698643,522300
11699220,522400
11699397,522500
11699589,522600
11699833,522700
11700082,522800
11700314,522900
11700531,523000
11700729,523100
11701065,523200
11701330,523300
11701519,523400
11701724,523500
11701950,523600
11702169,523700
11702366,523800
11702575,523900
11702784,524000
11702985,524100
11703201,524200
11703354,524300
11703557,524400
11703734,524500
11703862,524600
11704012,524700
11704189,524800
11704412,524900
11704630,525000
11704834,525100
11705381,525200
11705596,525300
11705789,525400
11706022,525500
11706178,525600
11706372,525700
11706564,525800
11706865,525900
11707120,526000
11707321,526100
11707592,526200
11707845,526300
11708201,526400
11708493,526500
11708736,526600
11708935,526700
11709136,526800
11709349,526900
11709553,527000
11709779,527100
11710081,527200
11710299,527300
11710547,527400
11710771,527500
11711007,527600
11711180,527700
11711692,527800
11711838,527900
11712014,528000
11712226,528100
11712424,528200
11712733,528300
11713016,528400
11713234,528500
11713431,528600
11713615,528700
11713843,528800
11714021,528900
11714162,529000
11714324,529100
11714546,529200
11714821,529300
11715095,529400
11715377,529500
11715596,529600
11715820,529700
11716035,529800
11716275,529900
11716501,530000
11722158,530100
11722361,530200
11722643,530300
11722905,530400
11723114,530500
11723332,530600
11723826,530700
11724103,530800
11724258,530900
11724417,531000
11724583,531100
11724817,531200
11725079,531300
11725326,531400
11725598,531500
11725941,531600
11726306,531700
11726622,531800
11726993,531900
11727239,532000
11727440,532100
11727689,532200
11727905,532300
11728170,532400
11728450,532500
11728690,532600
11728900,532700
11729107,532800
11729324,532900
11729532,533000
11729670,533100
11730186,533200
11730385,533300
11730614,533400
11730854,533500
11731077,533600
11731316,533700
11731515,533800
11731745,533900
11731967,534000
11732201,534100
11732377,534200
11732538,534300
11732756,534400
11732990,534500
11733248,534600
11733495,534700
11733728,534800
11733968,534900
11734183,535000
11734405,535100
11734601,535200
11734764,535300
11734936,535400
11735180,535500
11735431,535600
11735679,535700
11736254,535800
11736492,535900
11736770,536000
11736980,536100
11737186,536200
11737366,536300
11737529,536400
11737717,536500
11737936,536600
11738168,536700
11738435,536800
11738625,536900
11738840,537000
11739078,537100
11739304,537200
11739507,537300
11739685,537400
11739849,537500
11740049,537600
11740301,537700
11740504,537800
11740729,537900
11740961,538000
11741139,538100
11741380,538200
11741620,538300
11741850,538400
11742043,538500
11742613,538600
11742799,538700
11743047,538800
11743281,538900
11743539,539000
11743795,539100
11743998,539200
11744234,539300
11744478,539400
11744679,539500
11744881,539600
11745087,539700
11745287,539800
11745551,539900
11745837,540000
11751691,540100
11751901,540200
11752127,540300
11752369,540400
11752544,540500
11752736,540600
11752911,540700
11753107,540800
11753354,540900
11753598,541000
11753790,541100
11753991,541200
11754225,541300
11754795,541400
11755056,541500
11755256,541600
11755428,541700
11755650,541800
11755875,541900
11756113,542000
11756319,542100
11756545,542200
11756754,542300
11757003,542400
11757229,542500
11757421,542600
11757606,542700
11757787,542800
11758002,542900
11758199,543000
11758448,543100
11758668,543200
11758895,543300
11759118,543400
11759362,543500
11759545,543600
11759735,543700
11759912,543800
11760093,543900
11760349,544000
11760961,544100
11761214,544200
11761496,544300
11761723,544400
11761932,544500
11762186,544600
11762403,544700
11762595,544800
11762833,544900
11763095,545000
11763399,545100
11763639,545200
11763870,545300
11764107,545400
11764373,545500
11764610,545600
11764852,545700
11765090,545800
11765351,545900
11765597,546000
11765878,546100
11766157,546200
11766402,546300
11766735,546400
11767395,546500
11767618,546600
11767827,546700
11768038,546800
11768267,546900
11768504,547000
11768784,547100
11769066,547200
11769350,547300
11769592,547400
11769847,547500
11770071,547600
11770288,547700
11770494,547800
11770782,547900
11771037,548000
11771256,548100
11771577,548200
11771796,548300
11772060,548400
11772341,548500
11772573,548600
11772812,548700
11773567,548800
11773834,548900
11774075,549000
11774372,549100
11774656,549200
11774939,549300
11775224,549400
11775481,549500
11775703,549600
11775913,549700
11776161,549800
11776437,549900
11776725,550000
11783273,550100
11783535,550200
11783817,550300
11784057,550400
11784275,550500
11784455,550600
11784710,550700
11785027,550800
11785687,550900
11786023,551000
11786280,551100
11786561,551200
11786823,551300
11787071,551400
11787353,551500
11787697,551600
11787986,551700
11788305,551800
11788596,551900
11788882,552000
11789170,552100
11789412,552200
11789654,552300
11789897,552400
11790178,552500
11790434,552600
11790682,552700
11790955,552800
11791225,552900
11791863,553000
11792124,553100
11792348,553200
11792616,553300
11792875,553400
11793143,553500
11793418,553600
11793673,553700
11793914,553800
11794183,553900
11794411,554000
11794647,554100
11794899,554200
11795154,554300
11795420,554400
11795675,554500
11795946,554600
11796224,554700
11796474,554800
11796665,554900
11796869,555000
11797060,555100
11797255,555200
11797467,555300
11797972,555400
11798315,555500
11798516,555600
11798726,555700
11798967,555800
11799184,555900
11799444,556000
11799675,556100
11799910,556200
11800130,556300
11800352,556400
11800583,556500
11800790,556600
11801017,556700
11801281,556800
11801507,556900
11801721,557000
11802048,557100
11802262,557200
11802456,557300
11802677,557400
11802933,557500
11803140,557600
11803388,557700
11803617,557800
11803833,557900
11804428,558000
11804652,558100
11804864,558200
11805080,558300
11805284,558400
11805489,558500
11805720,558600
11805976,558700
11806230,558800
11806478,558900
11806732,559000
11806985,559100
11807214,559200
11807390,559300
11807606,559400
11807819,559500
11808040,559600
11808288,559700
11808556,559800
11808779,559900
11809001,560000
11815714,560100
11815918,560200
11816114,560300
11816719,560400
11816928,560500
11817181,560600
11817389,560700
11817603,560800
11817836,560900
11818075,561000
11818296,561100
11818500,561200
11818718,561300
11818923,561400
11819123,561500
11819358,561600
11819600,561700
11819819,561800
11820108,561900
11820324,562000
11820536,562100
11820793,562200
11820988,562300
11821213,562400
11821413,562500
11821619,562600
11821968,562700
11822306,562800
11822960,562900
11823169,563000
11823438,563100
11823699,563200
11823945,563300
11824148,563400
11824375,563500
11824633,563600
11824902,563700
11825180,563800
11825463,563900
11825722,564000
11825999,564100
11826236,564200
11826436,564300
11826670,564400
11826887,564500
11827115,564600
11827388,564700
11827630,564800
11827892,564900
11828125,565000
11828395,565100
11828963,565200
11829295,565300
11829526,565400
11829731,565500
11829940,565600
11830261,565700
11830551,565800
11830866,565900
11831167,566000
11831458,566100
11831731,566200
11832001,566300
11832243,566400
11832426,566500
11832702,566600
11832975,566700
11833216,566800
11833536,566900
11833850,567000
11834095,567100
11834329,567200
11834571,567300
11835285,567400
11835452,567500
11835683,567600
11835927,567700
11836141,567800
11836396,567900
11836634,568000
11836892,568100
11837148,568200
11837372,568300
11837615,568400
11837838,568500
11838006,568600
11838245,568700
11838515,568800
11838778,568900
11839057,569000
11839406,569100
11839687,569200
11839965,569300
11840264,569400
11840540,569500
11840815,569600
11841486,569700
11841779,569800
11842065,569900
11842362,570000
11849553,570100
11849822,570200
11850119,570300
11850402,570400
11850641,570500
11850896,570600
11851154,570700
11851435,570800
11851713,570900
11851996,571000
11852274,571100
11852523,571200
11852783,571300
11853058,571400
11853346,571500
11853934,571600
11854212,571700
11854484,571800
11854734,571900
11855026,572000
11855302,572100
11855564,572200
11855818,572300
11856105,572400
11856354,572500
11856650,572600
11856882,572700
11857134,572800
11857451,572900
11857751,573000
11858046,573100
11858334,573200
11858596,573300
11858885,573400
11859131,573500
11859377,573600
11859941,573700
11860265,573800
11860531,573900
11860834,574000
11861103,574100
11861340,574200
11861573,574300
11861808,574400
11862101,574500
11862360,574600
11862635,574700
11862899,574800
11863178,574900
11863478,575000
11863766,575100
11864061,575200
11864350,575300
11864631,575400
11864929,575500
11865237,575600
11865528,575700
11866235,575800
11866535,575900
11866853,576000
11867160,576100
11867542,576200
11867863,576300
11868177,576400
11868558,576500
11868859,576600
11869178,576700
11869443,576800
11869709,576900
11870019,577000
11870318,577100
11870624,577200
11870892,577300
11871168,577400
11871478,577500
11871765,577600
11872455,577700
11872732,577800
11872969,577900
11873252,578000
11873555,578100
11873864,578200
11874191,578300
11874473,578400
11874750,578500
11875058,578600
11875384,578700
11875693,578800
11876012,578900
11876308,579000
11876618,579100
11876927,579200
11877242,579300
11877537,579400
11877828,579500
11878491,579600
11878854,579700
11879187,579800
11879458,579900
11879732,580000
11886924,580100
11887205,580200
11887492,580300
11887781,580400
11888083,580500
11888375,580600
11888680,580700
11889025,580800
11889317,580900
11889593,581000
11889890,581100
11890199,581200
11890519,581300
11891209,581400
11891504,581500
11891781,581600
11892092,581700
11892426,581800
11892732,581900
11893040,582000
11893311,582100
11893598,582200
11893909,582300
11894205,582400
11894536,582500
11894868,582600
11895213,582700
11895543,582800
11895864,582900
11896204,583000
11896466,583100
11896753,583200
11897435,583300
11897755,583400
11898058,583500
11898358,583600
11898650,583700
11898931,583800
11899207,583900
11899484,584000
11899741,584100
11899950,584200
11900175,584300
11900426,584400
11900678,584500
11900983,584600
11901269,584700
11901593,584800
11901924,584900
11902246,585000
11902575,585100
11902877,585200
11903550,585300
11903779,585400
11904032,585500
11904334,585600
11904601,585700
11904874,585800
11905198,585900
11905522,586000
11905844,586100
11906205,586200
11906441,586300
11906653,586400
11906894,586500
11907188,586600
11907573,586700
11907830,586800
11908136,586900
11908428,587000
11908689,587100
11908934,587200
11909506,587300
11909753,587400
11909951,587500
11910152,587600
11910425,587700
11910713,587800
11910976,587900
11911218,588000
11911489,588100
11911779,588200
11912054,588300
11912291,588400
11912505,588500
11912736,588600
11912998,588700
11913313,588800
11913614,588900
11913916,589000
11914242,589100
11914564,589200
11914863,589300
11915170,589400
11915791,589500
11915996,589600
11916219,589700
11916449,589800
11916772,589900
11917073,590000
11936660,590100
11936897,590200
11937151,590300
11937396,590400
11937650,590500
11937885,590600
11938118,590700
11938322,590800
11938584,590900
11938841,591000
11939120,591100
11939408,591200
11939694,591300
11939964,591400
11940617,591500
11940875,591600
11941069,591700
11941288,591800
11941585,591900
11941866,592000
11942110,592100
11942384,592200
11942616,592300
11942860,592400
11943118,592500
11943343,592600
11943540,592700
11943777,592800
11944021,592900
11944314,593000
11944584,593100
11944869,593200
11945150,593300
11945406,593400
11945681,593500
11945998,593600
11946599,593700
11946840,593800
11947024,593900
11947242,594000
11947553,594100
11947813,594200
11948101,594300
11948391,594400
11948619,594500
11948884,594600
11949123,594700
11949390,594800
11949628,594900
11949891,595000
11950073,595100
11950376,595200
11950659,595300
11950938,595400
11951260,595500
11951505,595600
11951794,595700
11952044,595800
11952284,595900
11952917,596000
11953124,596100
11953373,596200
11953699,596300
11953994,596400
11954275,596500
11954561,596600
11954791,596700
11955057,596800
11955382,596900
11955603,597000
11955833,597100
11956114,597200
11956392,597300
11956716,597400
11956990,597500
11957263,597600
11957509,597700
11957771,597800
11958052,597900
11958251,598000
11958504,598100
11959125,598200
11959351,598300
11959622,598400
11959879,598500
11960113,598600
11960405,598700
11960662,598800
11960887,598900
11961159,599000
11961413,599100
11961600,599200
11961860,599300
11962159,599400
11962404,599500
11962701,599600
11962982,599700
11963274,599800
11963538,599900
11963807,600000
11970520,600100
11970754,600200
11971334,600300
11971646,600400
11971875,600500
11972143,600600
11972367,600700
11972634,600800
11972926,600900
11973235,601000
11973571,601100
11973887,601200
11974171,601300
11974471,601400
11974769,601500
11975115,601600
11975448,601700
11975711,601800
11976050,601900
11976362,602000
11976615,602100
11976880,602200
11977161,602300
11977892,602400
11978172,602500
11978524,602600
11978834,602700
11979164,602800
11979455,602900
11979747,603000
11980034,603100
11980286,603200
11980534,603300
11980880,603400
11981177,603500
11981534,603600
11981806,603700
11982109,603800
11982415,603900
11982754,604000
11983077,604100
11983765,604200
11984103,604300
11984373,604400
11984677,604500
11984930,604600
11985205,604700
11985507,604800
11985831,604900
11986119,605000
11986336,605100
11986542,605200
11986802,605300
11987093,605400
11987417,605500
11987731,605600
11987983,605700
11988251,605800
11988495,605900
11988821,606000
11989122,606100
11989346,606200
11989962,606300
11990337,606400
11990595,606500
11990900,606600
11991184,606700
11991458,606800
11991734,606900
11992106,607000
11992340,607100
11992555,607200
11992812,607300
11993086,607400
11993421,607500
11993754,607600
11994105,607700
11994398,607800
11994683,607900
11994987,608000
11995206,608100
11995478,608200
11996167,608300
11996494,608400
11996818,608500
11997166,608600
11997484,608700
11997746,608800
11998034,608900
11998300,609000
11998518,609100
11998744,609200
11998905,609300
11999157,609400
11999441,609500
11999786,609600
12000057,609700
12000315,609800
12000539,609900
12000816,610000
12008190,610100
12008801,610200
12008990,610300
12009225,610400
12009438,610500
12009703,610600
12009939,610700
12010114,610800
12010300,610900
12010578,611000
12010794,611100
12011048,611200
12011263,611300
12011456,611400
12011665,611500
12011927,611600
12012204,611700
12012469,611800
12012714,611900
12013023,612000
12013321,612100
12013573,612200
12013834,612300
12014053,612400
12014247,612500
12014854,612600
12015158,612700
12015484,612800
12015801,612900
12016073,613000
12016363,613100
12016600,613200
12016846,613300
12017109,613400
12017371,613500
12017590,613600
12017888,613700
12018153,613800
12018406,613900
12018702,614000
12018991,614100
12019258,614200
12019520,614300
12019808,614400
12020008,614500
12020221,614600
12020470,614700
12021092,614800
12021473,614900
12021770,615000
12022052,615100
12022278,615200
12022592,615300
12022899,615400
12023133,615500
12023474,615600
12023721,615700
12023996,615800
12024326,615900
12024629,616000
12024890,616100
12025190,616200
12025521,616300
12025855,616400
12026169,616500
12026456,616600
12026769,616700
12027510,616800
12027847,616900
12028184,617000
12028552,617100
12028895,617200
12029195,617300
12029467,617400
12029753,617500
12030022,617600
12030282,617700
12030547,617800
12030789,617900
12031087,618000
12031378,618100
12031696,618200
12032022,618300
12032286,618400
12032541,618500
12032802,618600
12033079,618700
12033749,618800
12034035,618900
12034332,619000
12034638,619100
12034928,619200
12035238,619300
12035505,619400
12035754,619500
12036040,619600
12036249,619700
12036479,619800
12036793,619900
12037079,620000
12050672,620100
12050945,620200
12051157,620300
12051456,620400
12052057,620500
12052382,620600
12052611,620700
12052799,620800
12053076,620900
12053359,621000
12053670,621100
12053963,621200
12054289,621300
12054612,621400
12054962,621500
12055299,621600
12055610,621700
12055901,621800
12056218,621900
12056525,622000
12056832,622100
12057152,622200
12057486,622300
12057793,622400
12058468,622500
12058715,622600
12059001,622700
12059324,622800
12059629,622900
12059933,623000
12060288,623100
12060551,623200
12060791,623300
12061066,623400
12061265,623500
12061504,623600
12061810,623700
12062093,623800
12062364,623900
12062695,624000
12062969,624100
12063261,624200
12063588,624300
12063831,624400
12064077,624500
12064682,624600
12064969,624700
12065283,624800
12065582,624900
12065865,625000
12066126,625100
12066416,625200
12066652,625300
12066902,625400
12067150,625500
12067339,625600
12067596,625700
12067918,625800
12068171,625900
12068470,626000
12068777,626100
12069091,626200
12069376,626300
12069749,626400
12070109,626500
12070869,626600
12071125,626700
12071399,626800
12071699,626900
12071993,627000
12072277,627100
12072553,627200
12072898,627300
12073244,627400
12073565,627500
12073914,627600
12074240,627700
12074529,627800
12074836,627900
12075171,628000
12075491,628100
12075818,628200
12076188,628300
12076896,628400
12077312,628500
12077667,628600
12077999,628700
12078295,628800
12078566,628900
12078900,629000
12079244,629100
12079568,629200
12079928,629300
12080296,629400
12080674,629500
12081033,629600
12081393,629700
12081705,629800
12082039,629900
12082384,630000
12089952,630100
12090296,630200
12090644,630300
12091026,630400
12091389,630500
12091735,630600
12092078,630700
12092440,630800
12092835,630900
12093211,631000
12093586,631100
12093934,631200
12094282,631300
12094621,631400
12094972,631500
12095735,631600
12096078,631700
12096431,631800
12096772,631900
12097138,632000
12097463,632100
12097804,632200
12098147,632300
12098508,632400
12098785,632500
12099115,632600
12099475,632700
12099814,632800
12100158,632900
12100482,633000
12100803,633100
12101060,633200
12101729,633300
12101996,633400
12102255,633500
12102507,633600
12102790,633700
12103151,633800
12103451,633900
12103712,634000
12104036,634100
12104362,634200
12104688,634300
12104990,634400
12105348,634500
12105643,634600
12105878,634700
12106151,634800
12106474,634900
12106799,635000
12107161,635100
12107515,635200
12108301,635300
12108646,635400
12109006,635500
12109291,635600
12109569,635700
12109840,635800
12110171,635900
12110526,636000
12110889,636100
12111243,636200
12111592,636300
12111947,636400
12112248,636500
12112544,636600
12112803,636700
12113111,636800
12113444,636900
12114145,637000
12114560,637100
12114895,637200
12115200,637300
12115553,637400
12115860,637500
12116185,637600
12116440,637700
12116697,637800
12117000,637900
12117341,638000
12117662,638100
12118005,638200
12118353,638300
12118716,638400
12119061,638500
12119388,638600
12119756,638700
12120459,638800
12120789,638900
12121064,639000
12121373,639100
12121742,639200
12122096,639300
12122434,639400
12122792,639500
12123151,639600
12123517,639700
12123852,639800
12124341,639900
12124715,640000
12131323,640100
12131632,640200
12131957,640300
12132309,640400
12133039,640500
12133381,640600
12133702,640700
12134035,640800
12134357,640900
12134690,641000
12135069,641100
12135430,641200
12135763,641300
12136119,641400
12136449,641500
12136810,641600
12137147,641700
12137482,641800
12137834,641900
12138187,642000
12138531,642100
12139310,642200
12139684,642300
12140027,642400
12140355,642500
12140700,642600
12141028,642700
12141368,642800
12141739,642900
12142064,643000
12142435,643100
12142771,643200
12143104,643300
12143440,643400
12143753,643500
12144097,643600
12144418,643700
12144753,643800
12145494,643900
12145792,644000
12146112,644100
12146463,644200
12146807,644300
12147145,644400
12147540,644500
12147930,644600
12148265,644700
12148681,644800
12149017,644900
12149357,645000
12149669,645100
12149995,645200
12150352,645300
12150711,645400
12151082,645500
12151817,645600
12152162,645700
12152494,645800
12152828,645900
12153172,646000
12153488,646100
12153833,646200
12154208,646300
12154554,646400
12154905,646500
12155258,646600
12155615,646700
12155979,646800
12156319,646900
12156662,647000
12157023,647100
12157719,647200
12158084,647300
12158425,647400
12158740,647500
12159092,647600
12159434,647700
12159769,647800
12160088,647900
12160376,648000
12160602,648100
12160896,648200
12161231,648300
12161551,648400
12161914,648500
12162262,648600
12162584,648700
12162941,648800
12163250,648900
12163959,649000
12164330,649100
12164626,649200
12165067,649300
12165403,649400
12165797,649500
12166179,649600
12166544,649700
12166877,649800
12167248,649900
12167587,650000
12174101,650100
12174396,650200
12174672,650300
12174986,650400
12175325,650500
12175679,650600
12176014,650700
12176750,650800
12177083,650900
12177413,651000
12177750,651100
12178142,651200
12178425,651300
12178728,651400
12179069,651500
12179418,651600
12179747,651700
12180060,651800
12180388,651900
12180723,652000
12181059,652100
12181369,652200
12181675,652300
12182022,652400
12182716,652500
12183124,652600
12183419,652700
12183772,652800
12184101,652900
12184413,653000
12184772,653100
12185036,653200
12185308,653300
12185691,653400
12186044,653500
12186362,653600
12186718,653700
12187094,653800
12187459,653900
12187804,654000
12188170,654100
12188889,654200
12189317,654300
12189676,654400
12190074,654500
12190432,654600
12190793,654700
12191223,654800
12191632,654900
12191989,655000
12192371,655100
12192734,655200
12193090,655300
12193438,655400
12193810,655500
12194183,655600
12194570,655700
12195355,655800
12195736,655900
12196093,656000
12196455,656100
12196808,656200
12197144,656300
12197517,656400
12197861,656500
12198208,656600
12198582,656700
12198935,656800
12199271,656900
12199607,657000
12199953,657100
12200290,657200
12200664,657300
12201393,657400
12201845,657500
12202218,657600
12202602,657700
12202974,657800
12203353,657900
12203678,658000
12204074,658100
12204350,658200
12204685,658300
12205066,658400
12205444,658500
12205817,658600
12206185,658700
12206557,658800
12206944,658900
12207732,659000
12208077,659100
12208393,659200
12208757,659300
12209144,659400
12209529,659500
12209921,659600
12210435,659700
12211001,659800
12211421,659900
12211834,660000
12219471,660100
12220226,660200
12220572,660300
12220869,660400
12221204,660500
12221564,660600
12221904,660700
12222233,660800
12222585,660900
12222961,661000
12223335,661100
12223636,661200
12223927,661300
12224277,661400
12224619,661500
12224965,661600
12225373,661700
12225783,661800
12226558,661900
12226938,662000
12227274,662100
12227666,662200
12228091,662300
12228456,662400
12228832,662500
12229188,662600
12229551,662700
12229916,662800
12230279,662900
12230648,663000
12231012,663100
12231405,663200
12231803,663300
12232594,663400
12232976,663500
12233359,663600
12233746,663700
12234128,663800
12234488,663900
12234848,664000
12235220,664100
12235625,664200
12236033,664300
12236441,664400
12236915,664500
12237384,664600
12237753,664700
12238150,664800
12238962,664900
12239341,665000
12239765,665100
12240194,665200
12240556,665300
12240952,665400
12241362,665500
12241755,665600
12242156,665700
12242541,665800
12242937,665900
12243335,666000
12243730,666100
12244109,666200
12244504,666300
12245284,666400
12245656,666500
12246040,666600
12246431,666700
12246791,666800
12247180,666900
12247570,667000
12247958,667100
12248309,667200
12248735,667300
12249109,667400
12249474,667500
12249846,667600
12250234,667700
12250591,667800
12251381,667900
12251756,668000
12252113,668100
12252500,668200
12252910,668300
12253286,668400
12253668,668500
12254048,668600
12254446,668700
12254834,668800
12255223,668900
12255620,669000
12255993,669100
12256507,669200
12256986,669300
12257802,669400
12258197,669500
12258586,669600
12258975,669700
12259385,669800
12259783,669900
12260177,670000
12268617,670100
12268986,670200
12269385,670300
12270170,670400
12270540,670500
12270921,670600
12271300,670700
12271686,670800
12272070,670900
12272472,671000
12272872,671100
12273268,671200
12273638,671300
12274037,671400
12274423,671500
12274780,671600
12275185,671700
12275616,671800
12276418,671900
12276786,672000
12277179,672100
12277597,672200
12277969,672300
12278375,672400
12278766,672500
12279142,672600
12279532,672700
12279916,672800
12280291,672900
12280688,673000
12281074,673100
12281464,673200
12281862,673300
12282674,673400
12283070,673500
12283432,673600
12283851,673700
12284239,673800
12284637,673900
12285028,674000
12285431,674100
12285815,674200
12286210,674300
12286636,674400
12287035,674500
12287426,674600
12287841,674700
12288577,674800
12289028,674900
12289417,675000
12289896,675100
12290278,675200
12290671,675300
12291071,675400
12291449,675500
12291859,675600
12292379,675700
12292756,675800
12293160,675900
12293551,676000
12293957,676100
12294371,676200
12295248,676300
12295627,676400
12296006,676500
12296381,676600
12296785,676700
12297164,676800
12297546,676900
12297929,677000
12298314,677100
12298686,677200
12299067,677300
12299460,677400
12299829,677500
12300222,677600
12300625,677700
12301415,677800
12301799,677900
12302185,678000
12302575,678100
12302967,678200
12303352,678300
12303737,678400
12304109,678500
12304489,678600
12304873,678700
12305264,678800
12305807,678900
12306203,679000
12306602,679100
12307408,679200
12307796,679300
12308167,679400
12308563,679500
12308969,679600
12309366,679700
12309773,679800
12310189,679900
12310591,680000
12319357,680100
12320092,680200
12320471,680300
12320842,680400
12321217,680500
12321578,680600
12321945,680700
12322328,680800
12322698,680900
12323071,681000
12323473,681100
12323850,681200
12324214,681300
12324587,681400
12324956,681500
12325341,681600
12326082,681700
12326549,681800
12326929,681900
12327364,682000
12327758,682100
12328127,682200
12328503,682300
12328885,682400
12329249,682500
12329650,682600
12330020,682700
12330397,682800
12330798,682900
12331172,683000
12331563,683100
12332306,683200
12332734,683300
12333127,683400
12333523,683500
12333934,683600
12334299,683700
12334709,683800
12335090,683900
12335496,684000
12335885,684100
12336299,684200
12336745,684300
12337123,684400
12337511,684500
12337899,684600
12338698,684700
12339079,684800
12339461,684900
12339848,685000
12340223,685100
12340613,685200
12340980,685300
12341356,685400
12341743,685500
12342194,685600
12342561,685700
12342928,685800
12343304,685900
12343687,686000
12344053,686100
12344867,686200
12345223,686300
12345537,686400
12345815,686500
12346125,686600
12346472,686700
12346819,686800
12347200,686900
12347576,687000
12347973,687100
12348351,687200
12348707,687300
12349063,687400
12349397,687500
12349769,687600
12350137,687700
12350547,687800
12351321,687900
12351688,688000
12352018,688100
12352403,688200
12352781,688300
12353185,688400
12353597,688500
12354003,688600
12354404,688700
12354786,688800
12355225,688900
12355637,689000
12356052,689100
12356591,689200
12357413,689300
12357849,689400
12358246,689500
12358633,689600
12359027,689700
12359389,689800
12359740,689900
12360060,690000
12368771,690100
12369061,690200
12369690,690300
12370053,690400
12370280,690500
12370584,690600
12370925,690700
12371255,690800
12371582,690900
12371832,691000
12372126,691100
12372513,691200
12372781,691300
12373065,691400
12373321,691500
12373525,691600
12373841,691700
12374115,691800
12374472,691900
12374790,692000
12375113,692100
12375382,692200
12376117,692300
12376396,692400
12376681,692500
12376895,692600
12377170,692700
12377564,692800
12377879,692900
12378182,693000
12378499,693100
12378796,693200
12379120,693300
12379374,693400
12379664,693500
12379927,693600
12380124,693700
12380406,693800
12380749,693900
12381008,694000
12381319,694100
12381645,694200
12382349,694300
12382649,694400
12382905,694500
12383204,694600
12383490,694700
12383758,694800
12383996,694900
12384332,695000
12384655,695100
12384958,695200
12385258,695300
12385589,695400
12385940,695500
12386307,695600
12386602,695700
12386856,695800
12387057,695900
12387368,696000
12387720,696100
12388526,696200
12388885,696300
12389215,696400
12389614,696500
12389961,696600
12390239,696700
12390672,696800
12390935,696900
12391175,697000
12391477,697100
12391768,697200
12392040,697300
12392357,697400
12392647,697500
12392971,697600
12393273,697700
12393538,697800
12393907,697900
12394569,698000
12394897,698100
12395202,698200
12395526,698300
12395974,698400
12396342,698500
12396711,698600
12397064,698700
12397431,698800
12397789,698900
12398043,699000
12398364,699100
12398629,699200
12398917,699300
12399253,699400
12399531,699500
12399864,699600
12400248,699700
12400977,699800
12401306,699900
12401666,700000
12410239,700100
12410472,700200
12410740,700300
12411091,700400
12411313,700500
12411659,700600
12411995,700700
12412355,700800
12412730,700900
12413408,701000
12413718,701100
12413990,701200
12414201,701300
12414501,701400
12414867,701500
12415175,701600
12415512,701700
12415815,701800
12416109,701900
12416448,702000
12416737,702100
12417014,702200
12417278,702300
12417540,702400
12417860,702500
12418130,702600
12418469,702700
12418823,702800
12419219,702900
12419897,703000
12420309,703100
12420559,703200
12420841,703300
12421105,703400
12421468,703500
12421802,703600
12422116,703700
12422458,703800
12422855,703900
12423275,704000
12423679,704100
12424074,704200
12424400,704300
12424638,704400
12424943,704500
12425374,704600
12426130,704700
12426504,704800
12426814,704900
12427155,705000
12427547,705100
12427943,705200
12428320,705300
12428598,705400
12428902,705500
12429340,705600
12429731,705700
12430072,705800
12430441,705900
12430893,706000
12431285,706100
12431635,706200
12432336,706300
12432666,706400
12432932,706500
12433204,706600
12433553,706700
12433857,706800
12434231,706900
12434570,707000
12434874,707100
12435227,707200
12435543,707300
12435840,707400
12436179,707500
12436494,707600
12436908,707700
12437343,707800
12437687,707900
12438437,708000
12438790,708100
12439147,708200
12439508,708300
12439892,708400
12440161,708500
12440438,708600
12440752,708700
12441096,708800
12441530,708900
12441952,709000
12442311,709100
12442654,709200
12443032,709300
12443358,709400
12443686,709500
12444007,709600
12444680,709700
12444971,709800
12445369,709900
12445724,710000
12455293,710100
12455636,710200
12455960,710300
12456284,710400
12456678,710500
12457363,710600
12457623,710700
12457947,710800
12458308,710900
12458608,711000
12458934,711100
12459306,711200
12459608,711300
12459963,711400
12460266,711500
12460577,711600
12460836,711700
12461131,711800
12461489,711900
12461835,712000
12462202,712100
12462582,712200
12463001,712300
12463699,712400
12464025,712500
12464314,712600
12464755,712700
12465091,712800
12465393,712900
12465711,713000
12466050,713100
12466319,713200
12466679,713300
12467038,713400
12467334,713500
12467666,713600
12467930,713700
12468181,713800
12468471,713900
12468782,714000
12469107,714100
12469891,714200
12470247,714300
12470613,714400
12470966,714500
12471331,714600
12471652,714700
12471888,714800
12472174,714900
12472529,715000
12472879,715100
12473204,715200
12473629,715300
12473934,715400
12474298,715500
12474648,715600
12475016,715700
12475312,715800
12476044,715900
12476378,716000
12476778,716100
12477209,716200
12477576,716300
12477990,716400
12478407,716500
12478786,716600
12478988,716700
12479222,716800
12479513,716900
12479802,717000
12480198,717100
12480511,717200
12480869,717300
12481259,717400
12481618,717500
12482350,717600
12482690,717700
12483009,717800
12483269,717900
12483562,718000
12484001,718100
12484341,718200
12484660,718300
12485013,718400
12485294,718500
12485582,718600
12485919,718700
12486175,718800
12486444,718900
12486681,719000
12486946,719100
12487258,719200
12487591,719300
12487916,719400
12488605,719500
12488876,719600
12489233,719700
12489609,719800
12490009,719900
12490352,720000
12501168,720100
12501485,720200
12501827,720300
12502139,720400
12502465,720500
12502812,720600
12503160,720700
12503503,720800
12503821,720900
12504091,721000
12504430,721100
12504818,721200
12505212,721300
12505581,721400
12505929,721500
12506253,721600
12506607,721700
12507382,721800
12507795,721900
12508194,722000
12508479,722100
12508794,722200
12509166,722300
12509516,722400
12509925,722500
12510383,722600
12510816,722700
12511245,722800
12511666,722900
12512048,723000
12512296,723100
12512590,723200
12512876,723300
12513609,723400
12513973,723500
12514277,723600
12514613,723700
12514918,723800
12515298,723900
12515662,724000
12515942,724100
12516240,724200
12516575,724300
12516966,724400
12517276,724500
12517548,724600
12517899,724700
12518296,724800
12518667,724900
12519023,725000
12519670,725100
12520070,725200
12520379,725300
12520746,725400
12521149,725500
12521697,725600
12522129,725700
12522484,725800
12522824,725900
12523182,726000
12523548,726100
12523861,726200
12524220,726300
12524606,726400
12524934,726500
12525292,726600
12526093,726700
12526450,726800
12526795,726900
12527094,727000
12527377,727100
12527803,727200
12528084,727300
12528477,727400
12528861,727500
12529195,727600
12529550,727700
12529916,727800
12530406,727900
12530771,728000
12531065,728100
12531311,728200
12531605,728300
12532345,728400
12532636,728500
12533036,728600
12533370,728700
12533683,728800
12534073,728900
12534432,729000
12534692,729100
12535010,729200
12535327,729300
12535689,729400
12536042,729500
12536389,729600
12536743,729700
12537110,729800
12537517,729900
12537888,730000
12548331,730100
12548649,730200
12548949,730300
12549226,730400
12549540,730500
12549875,730600
12550175,730700
12550510,730800
12551271,730900
12551587,731000
12551898,731100
12552169,731200
12552421,731300
12552765,731400
12553116,731500
12553477,731600
12553788,731700
12554149,731800
12554499,731900
12554763,732000
12555073,732100
12555358,732200
12555588,732300
12555843,732400
12556216,732500
12556580,732600
12557230,732700
12557632,732800
12557932,732900
12558244,733000
12558601,733100
12558867,733200
12559167,733300
12559437,733400
12559774,733500
12560105,733600
12560450,733700
12560749,733800
12561101,733900
12561471,734000
12561804,734100
12562195,734200
12562529,734300
12562783,734400
12563064,734500
12563767,734600
12564092,734700
12564440,734800
12564731,734900
12565131,735000
12565549,735100
12565935,735200
12566255,735300
12566579,735400
12566849,735500
12567155,735600
12567614,735700
12567938,735800
12568241,735900
12568683,736000
12569121,736100
12569968,736200
12570371,736300
12570773,736400
12571192,736500
12571678,736600
12572129,736700
12572538,736800
12572928,736900
12573292,737000
12573655,737100
12574070,737200
12574417,737300
12574706,737400
12575057,737500
12575361,737600
12576049,737700
12576497,737800
12576854,737900
12577160,738000
12577529,738100
12577905,738200
12578161,738300
12578464,738400
12578770,738500
12579108,738600
12579472,738700
12579856,738800
12580209,738900
12580594,739000
12580954,739100
12581329,739200
12581620,739300
12581879,739400
12582586,739500
12582948,739600
12583244,739700
12583602,739800
12583856,739900
12584166,740000
12594442,740100
12595107,740200
12595423,740300
12595724,740400
12595997,740500
12596359,740600
12596789,740700
12597181,740800
12597519,740900
12597857,741000
12598219,741100
12598594,741200
12598944,741300
12599255,741400
12599541,741500
12599851,741600
12600158,741700
12600496,741800
12601178,741900
12601539,742000
12601847,742100
12602208,742200
12602452,742300
12602774,742400
12603136,742500
12603519,742600
12603809,742700
12604144,742800
12604471,742900
12604759,743000
12605083,743100
12605480,743200
12605812,743300
12606115,743400
12606384,743500
12606665,743600
12607009,743700
12607809,743800
12608171,743900
12608488,744000
12608815,744100
12609161,744200
12609467,744300
12609703,744400
12609994,744500
12610307,744600
12610619,744700
12610984,744800
12611379,744900
12611762,745000
12612102,745100
12612403,745200
12612721,745300
12613015,745400
12613690,745500
12614155,745600
12614537,745700
12614935,745800
12615290,745900
12615619,746000
12616006,746100
12616265,746200
12616510,746300
12616828,746400
12617157,746500
12617460,746600
12617832,746700
12618202,746800
12618563,746900
12618943,747000
12619280,747100
12619961,747200
12620371,747300
12620650,747400
12620973,747500
12621316,747600
12621645,747700
12621982,747800
12622402,747900
12622824,748000
12623105,748100
12623462,748200
12623738,748300
12623960,748400
12624249,748500
12624598,748600
12624918,748700
12625323,748800
12625708,748900
12626495,749000
12626816,749100
12627199,749200
12627484,749300
12627854,749400
12628174,749500
12628508,749600
12628834,749700
12629242,749800
12629633,749900
12629988,750000
12640694,750100
12641000,750200
12641271,750300
12641587,750400
12641867,750500
12642138,750600
12642432,750700
12642776,750800
12643086,750900
12643435,751000
12643731,751100
12643982,751200
12644322,751300
12644969,751400
12645284,751500
12645598,751600
12645874,751700
12646237,751800
12646592,751900
12646888,752000
12647296,752100
12647643,752200
12648009,752300
12648397,752400
12648666,752500
12648897,752600
12649185,752700
12649554,752800
12649862,752900
12650265,753000
12650649,753100
12651429,753200
12651783,753300
12652174,753400
12652457,753500
12652718,753600
12653055,753700
12653407,753800
12653778,753900
12654171,754000
12654581,754100
12654913,754200
12655297,754300
12655662,754400
12655949,754500
12656240,754600
12656537,754700
12656840,754800
12657625,754900
12657975,755000
12658289,755100
12658674,755200
12659058,755300
12659438,755400
12659755,755500
12660045,755600
12660346,755700
12660727,755800
12661121,755900
12661528,756000
12661817,756100
12662141,756200
12662518,756300
12662832,756400
12663138,756500
12663851,756600
12664137,756700
12664459,756800
12664807,756900
12665131,757000
12665499,757100
12665737,757200
12666100,757300
12666437,757400
12666780,757500
12667157,757600
12667427,757700
12667695,757800
12667960,757900
12668273,758000
12668627,758100
12668945,758200
12669303,758300
12669995,758400
12670482,758500
12670889,758600
12671325,758700
12671671,758800
12671967,758900
12672299,759000
12672608,759100
12672973,759200
12673398,759300
12673803,759400
12674185,759500
12674549,759600
12674879,759700
12675220,759800
12675544,759900
12675818,760000
12685231,760100
12685586,760200
12685944,760300
12686306,760400
12686632,760500
12687009,760600
12687286,760700
12687592,760800
12687924,760900
12688231,761000
12688532,761100
12689255,761200
12689580,761300
12689931,761400
12690289,761500
12690595,761600
12690937,761700
12691341,761800
12691638,761900
12691939,762000
12692236,762100
12692629,762200
12692953,762300
12693285,762400
12693717,762500
12694049,762600
12694450,762700
12695140,762800
12695475,762900
12695870,763000
12696213,763100
12696624,763200
12697043,763300
12697468,763400
12697907,763500
12698312,763600
12698765,763700
12699192,763800
12699578,763900
12699999,764000
12700366,764100
12700758,764200
12701552,764300
12701955,764400
12702443,764500
12702926,764600
12703336,764700
12703785,764800
12704123,764900
12704502,765000
12704856,765100
12705271,765200
12705627,765300
12706052,765400
12706382,765500
12706758,765600
12707186,765700
12707955,765800
12708260,765900
12708636,766000
12708983,766100
12709342,766200
12709635,766300
12709936,766400
12710228,766500
12710534,766600
12710942,766700
12711382,766800
12711699,766900
12712011,767000
12712337,767100
12712684,767200
12713013,767300
12713339,767400
12714193,767500
12714551,767600
12714876,767700
12715262,767800
12715602,767900
12715915,768000
12716287,768100
12716668,768200
12717048,768300
12717384,768400
12717742,768500
12718068,768600
12718477,768700
12718891,768800
12719156,768900
12719435,769000
12719815,769100
12720598,769200
12720975,769300
12721337,769400
12721709,769500
12722100,769600
12722401,769700
12722740,769800
12722989,769900
12723278,770000
12731899,770100
12732182,770200
12732528,770300
12733299,770400
12733564,770500
12733943,770600
12734220,770700
12734468,770800
12734769,770900
12734995,771000
12735285,771100
12735709,771200
12736158,771300
12736477,771400
12736889,771500
12737269,771600
12737629,771700
12737986,771800
12738319,771900
12738637,772000
12739300,772100
12739569,772200
12739945,772300
12740246,772400
12740611,772500
12740995,772600
12741300,772700
12741637,772800
12742021,772900
12742310,773000
12742625,773100
12742922,773200
12743253,773300
12743574,773400
12743912,773500
12744202,773600
12744480,773700
12744834,773800
12745473,773900
12745852,774000
12746152,774100
12746407,774200
12746731,774300
12747170,774400
12747567,774500
12747977,774600
12748348,774700
12748727,774800
12749078,774900
12749491,775000
12749814,775100
12750081,775200
12750419,775300
12750739,775400
12751078,775500
12751772,775600
12752168,775700
12752520,775800
12752827,775900
12753166,776000
12753458,776100
12753715,776200
12754067,776300
12754381,776400
12754664,776500
12754968,776600
12755284,776700
12755604,776800
12755956,776900
12756290,777000
12756661,777100
12757004,777200
12757321,777300
12758016,777400
12758397,777500
12758748,777600
12759110,777700
12759470,777800
12759824,777900
12760181,778000
12760548,778100
12760949,778200
12761320,778300
12761627,778400
12761958,778500
12762353,778600
12762705,778700
12763058,778800
12763412,778900
12763739,779000
12764527,779100
12764907,779200
12765222,779300
12765553,779400
12765893,779500
12766236,779600
12766674,779700
12767025,779800
12767357,779900
12767729,780000
12777335,780100
12777693,780200
12777981,780300
12778282,780400
12778531,780500
12778844,780600
12779227,780700
12779569,780800
12779927,780900
12780294,781000
12780613,781100
12780978,781200
12781355,781300
12781657,781400
12781929,781500
12782270,781600
12782611,781700
12783366,781800
12783736,781900
12784025,782000
12784328,782100
12784614,782200
12784881,782300
12785194,782400
12785509,782500
12785842,782600
12786177,782700
12786526,782800
12786903,782900
12787280,783000
12787645,783100
12787951,783200
12788331,783300
12788720,783400
12789104,783500
12789845,783600
12790203,783700
12790561,783800
12790925,783900
12791287,784000
12791659,784100
12791967,784200
12792321,784300
12792681,784400
12792995,784500
12793307,784600
12793644,784700
12794038,784800
12794459,784900
12794897,785000
12795259,785100
12796115,785200
12796495,785300
12796891,785400
12797294,785500
12797699,785600
12798078,785700
12798456,785800
12798840,785900
12799230,786000
12799616,786100
12800048,786200
12800420,786300
12800802,786400
12801156,786500
12801508,786600
12802151,786700
12802568,786800
12802965,786900
12803364,787000
12803722,787100
12804173,787200
12804547,787300
12804898,787400
12805258,787500
12805598,787600
12805911,787700
12806224,787800
12806561,787900
12806895,788000
12807262,788100
12807614,788200
12807986,788300
12808764,788400
12809085,788500
12809406,788600
12809676,788700
12809972,788800
12810284,788900
12810641,789000
12810950,789100
12811278,789200
12811604,789300
12811959,789400
12812277,789500
12812577,789600
12812879,789700
12813201,789800
12813527,789900
12813849,790000
12842001,790100
12842291,790200
12842625,790300
12842980,790400
12843291,790500
12843625,790600
12843938,790700
12844239,790800
12844560,790900
12844888,791000
12845221,791100
12845911,791200
12846314,791300
12846656,791400
12847008,791500
12847358,791600
12847719,791700
12848026,791800
12848359,791900
12848682,792000
12849025,792100
12849389,792200
12849736,792300
12850115,792400
12850469,792500
12850814,792600
12851163,792700
12851545,792800
12852248,792900
12852665,793000
12852998,793100
12853403,793200
12853805,793300
12854178,793400
12854536,793500
12854881,793600
12855247,793700
12855609,793800
12855929,793900
12856283,794000
12856664,794100
12857031,794200
12857402,794300
12857788,794400
12858474,794500
12858862,794600
12859250,794700
12859570,794800
12859886,794900
12860208,795000
12860569,795100
12860931,795200
12861335,795300
12861753,795400
12862138,795500
12862552,795600
12862940,795700
12863325,795800
12863684,795900
12864063,796000
12864863,796100
12865229,796200
12865635,796300
12866020,796400
12866395,796500
12866880,796600
12867281,796700
12867690,796800
12868077,796900
12868495,797000
12868904,797100
12869305,797200
12869669,797300
12870051,797400
12870456,797500
12871209,797600
12871550,797700
12871870,797800
12872203,797900
12872515,798000
12872857,798100
12873242,798200
12873603,798300
12873970,798400
12874381,798500
12874794,798600
12875177,798700
12875539,798800
12875879,798900
12876217,799000
12876575,799100
12877267,799200
12877684,799300
12878021,799400
12878400,799500
12878812,799600
12879375,799700
12879792,799800
12880140,799900
12880487,800000
12890248,800100
12890577,800200
12890953,800300
12891303,800400
12891674,800500
12892025,800600
12892399,800700
12892713,800800
12893069,800900
12893385,801000
12893723,801100
12894094,801200
12894470,801300
12894855,801400
12895221,801500
12895637,801600
12896449,801700
12896758,801800
12897078,801900
12897404,802000
12897730,802100
12898106,802200
12898506,802300
12898821,802400
12899181,802500
12899549,802600
12899888,802700
12900244,802800
12900601,802900
12900916,803000
12901229,803100
12901603,803200
12901907,803300
12902700,803400
12903047,803500
12903385,803600
12903774,803700
12904147,803800
12904543,803900
12904927,804000
12905238,804100
12905565,804200
12905945,804300
12906318,804400
12906669,804500
12907089,804600
12907436,804700
12907792,804800
12908179,804900
12908969,805000
12909310,805100
12909694,805200
12910021,805300
12910422,805400
12910789,805500
12911164,805600
12911519,805700
12911896,805800
12912306,805900
12912649,806000
12912959,806100
12913275,806200
12913635,806300
12914033,806400
12914386,806500
12915181,806600
12915532,806700
12915939,806800
12916294,806900
12916631,807000
12916988,807100
12917446,807200
12917833,807300
12918238,807400
12918629,807500
12918984,807600
12919357,807700
12919693,807800
12920075,807900
12920405,808000
12920759,808100
12921535,808200
12921845,808300
12922232,808400
12922636,808500
12923026,808600
12923440,808700
12923838,808800
12924211,808900
12924574,809000
12924936,809100
12925326,809200
12925808,809300
12926275,809400
12926712,809500
12927094,809600
12927900,809700
12928342,809800
12928756,809900
12929292,810000
12938685,810100
12939064,810200
12939429,810300
12940141,810400
12940632,810500
12941001,810600
12941402,810700
12941777,810800
12942103,810900
12942506,811000
12942860,811100
12943219,811200
12943575,811300
12943919,811400
12944242,811500
12944616,811600
12944963,811700
12945364,811800
12945739,811900
12946143,812000
12946929,812100
12947271,812200
12947607,812300
12947985,812400
12948381,812500
12948748,812600
12949164,812700
12949575,812800
12949942,812900
12950358,813000
12950770,813100
12951178,813200
12951534,813300
12951908,813400
12952258,813500
12953116,813600
12953582,813700
12953980,813800
12954398,813900
12954816,814000
12955209,814100
12955557,814200
12955921,814300
12956276,814400
12956695,814500
12957114,814600
12957473,814700
12957868,814800
12958312,814900
12959067,815000
12959508,815100
12959911,815200
12960239,815300
12960574,815400
12960942,815500
12961335,815600
12961746,815700
12962217,815800
12962578,815900
12962978,816000
12963375,816100
12963772,816200
12964131,816300
12964511,816400
12964829,816500
12965613,816600
12966032,816700
12966441,816800
12966791,816900
12967152,817000
12967519,817100
12967889,817200
12968235,817300
12968589,817400
12968892,817500
12969245,817600
12969604,817700
12969975,817800
12970416,817900
12970793,818000
12971156,818100
12972002,818200
12972375,818300
12972760,818400
12973143,818500
12973477,818600
12973860,818700
12974292,818800
12974685,818900
12975080,819000
12975498,819100
12975942,819200
12976309,819300
12976727,819400
12977110,819500
12977437,819600
12978207,819700
12978636,819800
12979024,819900
12979426,820000
12988220,820100
12988645,820200
12989010,820300
12989378,820400
12989732,820500
12990417,820600
12990844,820700
12991242,820800
12991598,820900
12991957,821000
12992288,821100
12992611,821200
12992934,821300
12993291,821400
12993588,821500
12993893,821600
12994227,821700
12994545,821800
12994909,821900
12995226,822000
12995548,822100
12995875,822200
12996214,822300
12996978,822400
12997350,822500
12997670,822600
12997995,822700
12998301,822800
12998617,822900
12998950,823000
12999304,823100
12999645,823200
13000081,823300
13000462,823400
13000891,823500
13001253,823600
13001551,823700
13001885,823800
13002218,823900
13002957,824000
13003457,824100
13003812,824200
13004206,824300
13004629,824400
13004984,824500
13005348,824600
13005742,824700
13006142,824800
13006496,824900
13006882,825000
13007295,825100
13007681,825200
13008045,825300
13008461,825400
13008876,825500
13009679,825600
13009960,825700
13010267,825800
13010638,825900
13010984,826000
13011377,826100
13011775,826200
13012124,826300
13012501,826400
13012943,826500
13013383,826600
13013714,826700
13014058,826800
13014448,826900
13014793,827000
13015196,827100
13016006,827200
13016491,827300
13016963,827400
13017344,827500
13017752,827600
13018088,827700
13018424,827800
13018746,827900
13019114,828000
13019484,828100
13019900,828200
13020287,828300
13020698,828400
13021081,828500
13021451,828600
13022217,828700
13022547,828800
13022903,828900
13023281,829000
13023683,829100
13024072,829200
13024495,829300
13024844,829400
13025221,829500
13025676,829600
13026055,829700
13026487,829800
13026919,829900
13027300,830000
13050559,830100
13050962,830200
13051364,830300
13051697,830400
13052080,830500
13052411,830600
13052825,830700
13053627,830800
13054015,830900
13054396,831000
13054788,831100
13055210,831200
13055570,831300
13055912,831400
13056287,831500
13056678,831600
13057025,831700
13057407,831800
13057763,831900
13058126,832000
13058525,832100
13058952,832200
13059783,832300
13060167,832400
13060728,832500
13061172,832600
13061647,832700
13062066,832800
13062480,832900
13062848,833000
13063273,833100
13063749,833200
13064192,833300
13064607,833400
13065031,833500
13065440,833600
13066211,833700
13066586,833800
13066968,833900
13067366,834000
13067760,834100
13068149,834200
13068617,834300
13069068,834400
13069524,834500
13069978,834600
13070423,834700
13070935,834800
13071367,834900
13072154,835000
13072621,835100
13073035,835200
13073457,835300
13073858,835400
13074242,835500
13074672,835600
13075065,835700
13075457,835800
13075892,835900
13076306,836000
13076712,836100
13077172,836200
13077612,836300
13078054,836400
13078798,836500
13079219,836600
13079606,836700
13080002,836800
13080404,836900
13080751,837000
13081148,837100
13081462,837200
13081861,837300
13082245,837400
13082670,837500
13083077,837600
13083535,837700
13084016,837800
13084866,837900
13085252,838000
13085603,838100
13085958,838200
13086335,838300
13086708,838400
13087083,838500
13087445,838600
13087822,838700
13088188,838800
13088569,838900
13088935,839000
13089266,839100
13089602,839200
13089952,839300
13090332,839400
13091042,839500
13091471,839600
13091810,839700
13092165,839800
13092534,839900
13092920,840000
13103387,840100
13104072,840200
13104388,840300
13104686,840400
13104956,840500
13105247,840600
13105589,840700
13105932,840800
13106308,840900
13106670,841000
13107035,841100
13107369,841200
13107723,841300
13108096,841400
13108491,841500
13108866,841600
13109244,841700
13109598,841800
13110383,841900
13110744,842000
13111038,842100
13111343,842200
13111681,842300
13112059,842400
13112419,842500
13112795,842600
13113134,842700
13113476,842800
13113780,842900
13114053,843000
13114401,843100
13114715,843200
13115108,843300
13115474,843400
13115880,843500
13116675,843600
13117046,843700
13117400,843800
13117734,843900
13118091,844000
13118466,844100
13118785,844200
13119099,844300
13119465,844400
13119837,844500
13120230,844600
13120586,844700
13120925,844800
13121230,844900
13121572,845000
13121838,845100
13122146,845200
13122828,845300
13123161,845400
13123507,845500
13123871,845600
13124152,845700
13124511,845800
13124912,845900
13125231,846000
13125530,846100
13125846,846200
13126155,846300
13126485,846400
13126787,846500
13127148,846600
13127495,846700
13127818,846800
13128153,846900
13128489,847000
13129225,847100
13129558,847200
13129854,847300
13130189,847400
13130544,847500
13130899,847600
13131266,847700
13131594,847800
13131888,847900
13132219,848000
13132583,848100
13132923,848200
13133261,848300
13133640,848400
13133995,848500
13134334,848600
13134690,848700
13135444,848800
13135787,848900
13136148,849000
13136468,849100
13136835,849200
13137180,849300
13137578,849400
13137951,849500
13138313,849600
13138796,849700
13139177,849800
13139573,849900
13139961,850000
13149683,850100
13150038,850200
13150429,850300
13150799,850400
13151159,850500
13151583,850600
13151916,850700
13152286,850800
13152696,850900
13153080,851000
13153424,851100
13154187,851200
13154578,851300
13154913,851400
13155289,851500
13155627,851600
13155971,851700
13156316,851800
13156684,851900
13156986,852000
13157326,852100
13157691,852200
13158071,852300
13158474,852400
13158869,852500
13159213,852600
13159627,852700
13160486,852800
13160863,852900
13161221,853000
13161557,853100
13161868,853200
13162192,853300
13162535,853400
13162845,853500
13163186,853600
13163502,853700
13163885,853800
13164231,853900
13164597,854000
13165034,854100
13165493,854200
13165868,854300
13166186,854400
13166943,854500
13167299,854600
13167638,854700
13167979,854800
13168372,854900
13168741,855000
13169143,855100
13169540,855200
13169909,855300
13170266,855400
13170645,855500
13171052,855600
13171503,855700
13171927,855800
13172300,855900
13173106,856000
13173480,856100
13173792,856200
13174123,856300
13174500,856400
13174907,856500
13175312,856600
13175677,856700
13176037,856800
13176369,856900
13176713,857000
13177055,857100
13177357,857200
13177665,857300
13177959,857400
13178316,857500
13178668,857600
13179442,857700
13179775,857800
13180125,857900
13180431,858000
13180733,858100
13181106,858200
13181416,858300
13181725,858400
13182058,858500
13182444,858600
13182783,858700
13183088,858800
13183453,858900
13183833,859000
13184202,859100
13184595,859200
13184926,859300
13185672,859400
13185982,859500
13186305,859600
13186622,859700
13186942,859800
13187366,859900
13187668,860000
13197120,860100
13197455,860200
13197784,860300
13198511,860400
13198785,860500
13199136,860600
13199489,860700
13199864,860800
13200245,860900
13200627,861000
13201030,861100
13201446,861200
13201799,861300
13202153,861400
13202495,861500
13202878,861600
13203230,861700
13203587,861800
13203965,861900
13204789,862000
13205181,862100
13205609,862200
13205956,862300
13206338,862400
13206680,862500
13207102,862600
13207478,862700
13207827,862800
13208284,862900
13208689,863000
13209105,863100
13209442,863200
13209824,863300
13210161,863400
13210956,863500
13211388,863600
13211758,863700
13212093,863800
13212468,863900
13212836,864000
13213206,864100
13213556,864200
13213884,864300
13214247,864400
13214558,864500
13214913,864600
13215276,864700
13215625,864800
13216000,864900
13216367,865000
13217243,865100
13217609,865200
13217951,865300
13218285,865400
13218610,865500
13218981,865600
13219363,865700
13219722,865800
13220084,865900
13220435,866000
13220777,866100
13221168,866200
13221509,866300
13221853,866400
13222206,866500
13222533,866600
13222902,866700
13223808,866800
13224143,866900
13224471,867000
13224906,867100
13225262,867200
13225636,867300
13226192,867400
13226751,867500
13227087,867600
13227447,867700
13227793,867800
13228160,867900
13228590,868000
13228929,868100
13229318,868200
13230123,868300
13230460,868400
13230850,868500
13231192,868600
13231573,868700
13231929,868800
13232317,868900
13232720,869000
13233166,869100
13233597,869200
13233952,869300
13234350,869400
13234785,869500
13235187,869600
13235565,869700
13236390,869800
13236959,869900
13237479,870000
13261980,870100
13262403,870200
13262845,870300
13263253,870400
13263640,870500
13263987,870600
13264342,870700
13264718,870800
13265092,870900
13265422,871000
13265804,871100
13266159,871200
13266550,871300
13267041,871400
13267884,871500
13268320,871600
13268731,871700
13269125,871800
13269500,871900
13269925,872000
13270310,872100
13270734,872200
13271119,872300
13271488,872400
13271886,872500
13272275,872600
13272656,872700
13272990,872800
13273404,872900
13274287,873000
13274672,873100
13275087,873200
13275511,873300
13275953,873400
13276394,873500
13276840,873600
13277232,873700
13277685,873800
13278101,873900
13278495,874000
13278944,874100
13279383,874200
13279816,874300
13280597,874400
13281023,874500
13281381,874600
13281748,874700
13282120,874800
13282507,874900
13282924,875000
13283384,875100
13283784,875200
13284195,875300
13284624,875400
13285052,875500
13285469,875600
13285891,875700
13286624,875800
13287075,875900
13287447,876000
13287892,876100
13288294,876200
13288655,876300
13289064,876400
13289460,876500
13289894,876600
13290290,876700
13290670,876800
13291015,876900
13291410,877000
13291791,877100
13292181,877200
13292924,877300
13293387,877400
13293746,877500
13294135,877600
13294504,877700
13294847,877800
13295218,877900
13295545,878000
13295903,878100
13296326,878200
13296745,878300
13297125,878400
13297473,878500
13297829,878600
13298239,878700
13298558,878800
13299283,878900
13299672,879000
13300048,879100
13300412,879200
13301017,879300
13301455,879400
13301862,879500
13302258,879600
13302720,879700
13303108,879800
13303496,879900
13303923,880000
13313618,880100
13313984,880200
13314406,880300
13314799,880400
13315172,880500
13315570,880600
13315956,880700
13316306,880800
13316638,880900
13317012,881000
13317394,881100
13317747,881200
13318516,881300
13318848,881400
13319175,881500
13319540,881600
13319938,881700
13320232,881800
13320568,881900
13320869,882000
13321306,882100
13321720,882200
13322177,882300
13322568,882400
13322938,882500
13323317,882600
13323669,882700
13324043,882800
13324740,882900
13325077,883000
13325410,883100
13325776,883200
13326141,883300
13326544,883400
13326925,883500
13327258,883600
13327610,883700
13327967,883800
13328275,883900
13328580,884000
13328879,884100
13329240,884200
13329720,884300
13330086,884400
13330465,884500
13331214,884600
13331549,884700
13332043,884800
13332355,884900
13332656,885000
13332963,885100
13333336,885200
13333717,885300
13334095,885400
13334549,885500
13334954,885600
13335342,885700
13335788,885800
13336212,885900
13336566,886000
13337416,886100
13337809,886200
13338249,886300
13338703,886400
13339170,886500
13339584,886600
13340057,886700
13340507,886800
13340895,886900
13341283,887000
13341671,887100
13342050,887200
13342453,887300
13342863,887400
13343563,887500
13343999,887600
13344392,887700
13344846,887800
13345187,887900
13345540,888000
13345908,888100
13346304,888200
13346690,888300
13347113,888400
13347448,888500
13347840,888600
13348271,888700
13348632,888800
13348981,888900
13349330,889000
13350034,889100
13350389,889200
13350805,889300
13351137,889400
13351465,889500
13351858,889600
13352229,889700
13352734,889800
13353183,889900
13353528,890000
13372241,890100
13372547,890200
13372876,890300
13373217,890400
13373561,890500
13373864,890600
13374194,890700
13374577,890800
13375216,890900
13375627,891000
13375907,891100
13376257,891200
13376574,891300
13376968,891400
13377245,891500
13377590,891600
13377932,891700
13378241,891800
13378581,891900
13378921,892000
13379197,892100
13379501,892200
13379762,892300
13380096,892400
13380417,892500
13380749,892600
13381113,892700
13381857,892800
13382190,892900
13382519,893000
13382899,893100
13383199,893200
13383548,893300
13383906,893400
13384260,893500
13384642,893600
13385043,893700
13385393,893800
13385759,893900
13386113,894000
13386434,894100
13386759,894200
13387191,894300
13387999,894400
13388366,894500
13388765,894600
13389169,894700
13389565,894800
13389977,894900
13390377,895000
13390653,895100
13390990,895200
13391295,895300
13391614,895400
13391941,895500
13392355,895600
13392750,895700
13393139,895800
13393583,895900
13394420,896000
13394786,896100
13395144,896200
13395441,896300
13395769,896400
13396131,896500
13396548,896600
13396999,896700
13397339,896800
13397735,896900
13398094,897000
13398518,897100
13398882,897200
13399148,897300
13399475,897400
13399845,897500
13400545,897600
13401030,897700
13401430,897800
13401846,897900
13402210,898000
13402586,898100
13402907,898200
13403189,898300
13403510,898400
13403875,898500
13404203,898600
13404625,898700
13404988,898800
13405302,898900
13405666,899000
13406033,899100
13406430,899200
13407176,899300
13407519,899400
13407941,899500
13408320,899600
13408726,899700
13409104,899800
13409468,899900
13409867,900000
13418644,900100
13418954,900200
13419596,900300
13419981,900400
13420270,900500
13420654,900600
13420998,900700
13421367,900800
13421740,900900
13422126,901000
13422468,901100
13422828,901200
13423143,901300
13423430,901400
13423707,901500
13424094,901600
13424479,901700
13424819,901800
13425210,901900
13425922,902000
13426370,902100
13426693,902200
13427060,902300
13427400,902400
13427865,902500
13428309,902600
13428673,902700
13429035,902800
13429431,902900
13429849,903000
13430156,903100
13430464,903200
13430693,903300
13431025,903400
13431415,903500
13431843,903600
13432602,903700
13432960,903800
13433356,903900
13433664,904000
13433935,904100
13434207,904200
13434488,904300
13434781,904400
13435124,904500
13435487,904600
13435873,904700
13436212,904800
13436563,904900
13436947,905000
13437352,905100
13437755,905200
13438135,905300
13438841,905400
13439230,905500
13439617,905600
13439897,905700
13440241,905800
13440643,905900
13441000,906000
13441367,906100
13441697,906200
13442063,906300
13442343,906400
13442669,906500
13443036,906600
13443345,906700
13443758,906800
13444148,906900
13444474,907000
13445227,907100
13445564,907200
13445856,907300
13446182,907400
13446529,907500
13446853,907600
13447279,907700
13447633,907800
13448024,907900
13448380,908000
13448728,908100
13449128,908200
13449428,908300
13449709,908400
13450008,908500
13450329,908600
13450663,908700
13451476,908800
13451842,908900
13452189,909000
13452677,909100
13453045,909200
13453539,909300
13453874,909400
13454217,909500
13454597,909600
13454943,909700
13455294,909800
13455627,909900
13455930,910000
13464880,910100
13465220,910200
13465551,910300
13465850,910400
13466121,910500
13466421,910600
13466768,910700
13467100,910800
13467444,910900
13467782,911000
13468124,911100
13468436,911200
13468832,911300
13469154,911400
13469420,911500
13469729,911600
13470467,911700
13470792,911800
13471098,911900
13471445,912000
13471761,912100
13472118,912200
13472435,912300
13472745,912400
13473054,912500
13473378,912600
13473683,912700
13474011,912800
13474287,912900
13474647,913000
13475049,913100
13475383,913200
13475813,913300
13476522,913400
13476870,913500
13477158,913600
13477458,913700
13477781,913800
13478117,913900
13478458,914000
13478759,914100
13479076,914200
13479402,914300
13479768,914400
13480142,914500
13480458,914600
13480747,914700
13481051,914800
13481437,914900
13481770,915000
13482098,915100
13482822,915200
13483291,915300
13483621,915400
13483960,915500
13484226,915600
13484561,915700
13484847,915800
13485180,915900
13485512,916000
13485851,916100
13486174,916200
13486526,916300
13486915,916400
13487246,916500
13487552,916600
13487888,916700
13488159,916800
13488483,916900
13489200,917000
13489598,917100
13489931,917200
13490335,917300
13490700,917400
13491103,917500
13491559,917600
13491943,917700
13492292,917800
13492614,917900
13493020,918000
13493432,918100
13493766,918200
13494169,918300
13494537,918400
13494967,918500
13495751,918600
13496035,918700
13496439,918800
13496748,918900
13497076,919000
13497389,919100
13497686,919200
13498039,919300
13498399,919400
13498686,919500
13499073,919600
13499370,919700
13499649,919800
13499976,919900
13500317,920000
13508969,920100
13509319,920200
13509616,920300
13509939,920400
13510272,920500
13510582,920600
13510860,920700
13511140,920800
13511423,920900
13511757,921000
13512118,921100
13512402,921200
13512786,921300
13513142,921400
13513458,921500
13513775,921600
13514166,921700
13514908,921800
13515177,921900
13515505,922000
13515895,922100
13516264,922200
13516659,922300
13517050,922400
13517388,922500
13517773,922600
13518171,922700
13518517,922800
13518797,922900
13519166,923000
13519559,923100
13519891,923200
13520231,923300
13520924,923400
13521336,923500
13521724,923600
13522125,923700
13522496,923800
13522804,923900
13523139,924000
13523589,924100
13524026,924200
13524388,924300
13524778,924400
13525195,924500
13525591,924600
13525954,924700
13526365,924800
13526686,924900
13527421,925000
13527788,925100
13528188,925200
13528502,925300
13528873,925400
13529198,925500
13529547,925600
13529877,925700
13530198,925800
13530478,925900
13530823,926000
13531232,926100
13531644,926200
13531988,926300
13532374,926400
13532770,926500
13533196,926600
13533879,926700
13534178,926800
13534450,926900
13534758,927000
13535112,927100
13535522,927200
13535842,927300
13536148,927400
13536488,927500
13536851,927600
13537153,927700
13537501,927800
13537807,927900
13538175,928000
13538480,928100
13538856,928200
13539174,928300
13539546,928400
13540501,928500
13540844,928600
13541138,928700
13541484,928800
13541773,928900
13542108,929000
13542435,929100
13542780,929200
13543089,929300
13543389,929400
13543709,929500
13543975,929600
13544277,929700
13544598,929800
13544858,929900
13545174,930000
13553650,930100
13554020,930200
13554386,930300
13554696,930400
13555000,930500
13555302,930600
13555608,930700
13555908,930800
13556225,930900
13556531,931000
13556909,931100
13557288,931200
13557603,931300
13557916,931400
13558250,931500
13558911,931600
13559234,931700
13559546,931800
13559839,931900
13560139,932000
13560469,932100
13560836,932200
13561217,932300
13561571,932400
13561910,932500
13562277,932600
13562563,932700
13562845,932800
13563170,932900
13563446,933000
13563740,933100
13564105,933200
13564491,933300
13564763,933400
13565441,933500
13565820,933600
13566157,933700
13566501,933800
13566850,933900
13567162,934000
13567529,934100
13567874,934200
13568262,934300
13568621,934400
13568949,934500
13569352,934600
13569767,934700
13570181,934800
13570549,934900
13570876,935000
13571614,935100
13572174,935200
13572550,935300
13572833,935400
13573141,935500
13573387,935600
13573662,935700
13573955,935800
13574221,935900
13574554,936000
13574878,936100
13575139,936200
13575424,936300
13575756,936400
13576054,936500
13576323,936600
13576560,936700
13576796,936800
13577074,936900
13577361,937000
13577962,937100
13578341,937200
13578619,937300
13578872,937400
13579203,937500
13579513,937600
13579837,937700
13580111,937800
13580409,937900
13580750,938000
13581070,938100
13581378,938200
13581692,938300
13582000,938400
13582395,938500
13582699,938600
13583078,938700
13583416,938800
13583684,938900
13584381,939000
13584818,939100
13585183,939200
13585536,939300
13585831,939400
13586174,939500
13586503,939600
13586852,939700
13587210,939800
13587505,939900
13587814,940000
13595974,940100
13596299,940200
13596591,940300
13597305,940400
13597637,940500
13598013,940600
13598294,940700
13598580,940800
13598917,940900
13599291,941000
13599652,941100
13599982,941200
13600267,941300
13600597,941400
13600949,941500
13601198,941600
13601463,941700
13601734,941800
13602010,941900
13602317,942000
13602621,942100
13602934,942200
13603611,942300
13603946,942400
13604226,942500
13604523,942600
13604777,942700
13605033,942800
13605326,942900
13605677,943000
13605988,943100
13606279,943200
13606617,943300
13606930,943400
13607226,943500
13607572,943600
13607912,943700
13608170,943800
13608448,943900
13608770,944000
13609101,944100
13609781,944200
13610158,944300
13610463,944400
13610810,944500
13611138,944600
13611434,944700
13611702,944800
13611977,944900
13612314,945000
13612625,945100
13613014,945200
13613345,945300
13613688,945400
13613982,945500
13614304,945600
13614594,945700
13614834,945800
13615114,945900
13615507,946000
13616253,946100
13616589,946200
13616969,946300
13617306,946400
13617636,946500
13617937,946600
13618222,946700
13618497,946800
13618826,946900
13619100,947000
13619467,947100
13619781,947200
13620079,947300
13620456,947400
13620813,947500
13621178,947600
13621509,947700
13621852,947800
13622631,947900
13622985,948000
13623383,948100
13623757,948200
13624071,948300
13624510,948400
13624837,948500
13625163,948600
13625499,948700
13625751,948800
13626027,948900
13626334,949000
13626690,949100
13627013,949200
13627396,949300
13627679,949400
13628011,949500
13628392,949600
13629099,949700
13629388,949800
13629711,949900
13630035,950000
13648170,950100
13648463,950200
13648781,950300
13649111,950400
13649427,950500
13649753,950600
13650018,950700
13650293,950800
13650571,950900
13650855,951000
13651127,951100
13651477,951200
13651809,951300
13652107,951400
13652434,951500
13652760,951600
13653076,951700
13653395,951800
13654034,951900
13654435,952000
13654779,952100
13655190,952200
13655584,952300
13655912,952400
13656302,952500
13656661,952600
13657008,952700
13657351,952800
13657678,952900
13658031,953000
13658351,953100
13658703,953200
13659056,953300
13659379,953400
13659724,953500
13660424,953600
13660772,953700
13661096,953800
13661479,953900
13661774,954000
13662096,954100
13662488,954200
13662779,954300
13663098,954400
13663404,954500
13663680,954600
13663946,954700
13664264,954800
13664577,954900
13664886,955000
13665238,955100
13665544,955200
13665867,955300
13666194,955400
13666956,955500
13667260,955600
13667537,955700
13667827,955800
13668168,955900
13668545,956000
13668874,956100
13669220,956200
13669603,956300
13669964,956400
13670287,956500
13670624,956600
13670924,956700
13671212,956800
13671532,956900
13671906,957000
13672254,957100
13672597,957200
13673362,957300
13673720,957400
13674108,957500
13674413,957600
13674691,957700
13674994,957800
13675300,957900
13675611,958000
13675986,958100
13676332,958200
13676699,958300
13677063,958400
13677437,958500
13677714,958600
13677979,958700
13678303,958800
13678590,958900
13678979,959000
13679754,959100
13680130,959200
13680469,959300
13680759,959400
13681139,959500
13681430,959600
13681731,959700
13682058,959800
13682380,959900
13682732,960000
13690386,960100
13690700,960200
13691009,960300
13691397,960400
13692265,960500
13692700,960600
13693020,960700
13693391,960800
13693771,960900
13694118,961000
13951493,961100
13954309,961100
