timestamp_ms,value
4907,0
4912,100
4918,200
4922,300
4926,400
4931,500
4935,600
4939,700
4943,800
4947,900
4951,1000
5189,1100
5193,1200
5196,1300
5200,1400
5251,1500
5255,1600
5259,1700
5263,1800
5267,1900
5271,2000
5519,2100
5523,2200
5526,2300
5530,2400
5533,2500
5537,2600
5541,2700
5544,2800
5547,2900
5551,3000
5822,3100
5827,3200
5832,3300
5836,3400
5841,3500
5845,3600
5850,3700
5854,3800
5858,3900
5862,4000
6119,4100
6124,4200
6129,4300
6133,4400
6137,4500
6141,4600
6145,4700
6150,4800
6153,4900
6158,5000
6401,5100
6405,5200
6408,5300
6412,5400
6416,5500
6419,5600
6423,5700
6426,5800
6430,5900
6434,6000
6722,6100
6728,6200
6734,6300
6739,6400
6744,6500
6748,6600
6752,6700
6756,6800
6760,6900
6764,7000
7036,7100
7041,7200
7045,7300
7049,7400
7053,7500
7057,7600
7062,7700
7066,7800
7070,7900
7075,8000
7289,8100
7294,8200
7299,8300
7304,8400
7309,8500
7313,8600
7318,8700
7322,8800
7327,8900
7331,9000
7591,9100
7595,9200
7598,9300
7602,9400
7606,9500
7610,9600
7613,9700
7617,9800
7620,9900
7625,10000
7869,10100
7875,10200
7880,10300
7884,10400
7888,10500
7892,10600
7896,10700
7900,10800
7904,10900
7908,11000
8179,11100
8184,11200
8188,11300
8202,11400
8207,11500
8212,11600
8217,11700
8221,11800
8226,11900
8230,12000
8446,12100
8451,12200
8456,12300
8461,12400
8465,12500
8470,12600
8474,12700
8478,12800
8483,12900
8486,13000
8719,13100
8724,13200
8727,13300
8731,13400
8735,13500
8739,13600
8743,13700
8747,13800
8750,13900
8754,14000
9059,14100
9063,14200
9067,14300
9070,14400
9074,14500
9078,14600
9082,14700
9086,14800
9090,14900
9094,15000
9367,15100
9371,15200
9376,15300
9381,15400
9385,15500
9389,15600
9393,15700
9397,15800
9401,15900
9405,16000
9619,16100
9622,16200
9626,16300
9630,16400
9634,16500
9638,16600
9641,16700
9645,16800
9649,16900
9652,17000
9819,17100
9823,17200
9827,17300
9831,17400
9836,17500
9840,17600
9844,17700
9848,17800
9852,17900
9887,18000
10191,18100
10198,18200
10203,18300
10208,18400
10212,18500
10216,18600
10221,18700
10225,18800
10229,18900
10234,19000
10466,19100
10470,19200
10475,19300
10480,19400
10484,19500
10489,19600
10493,19700
10496,19800
10501,19900
10504,20000
10724,20100
10730,20200
10734,20300
10738,20400
10742,20500
10746,20600
10750,20700
10754,20800
10758,20900
10762,21000
11074,21100
11078,21200
11082,21300
11086,21400
11090,21500
11094,21600
11098,21700
11102,21800
11106,21900
11110,22000
11414,22100
11419,22200
11423,22300
11426,22400
11430,22500
11434,22600
11438,22700
11443,22800
11447,22900
11451,23000
11641,23100
11645,23200
11649,23300
11653,23400
11657,23500
11661,23600
11664,23700
11668,23800
11672,23900
11676,24000
11888,24100
11893,24200
11898,24300
11902,24400
11907,24500
11911,24600
11915,24700
11919,24800
11924,24900
11927,25000
12233,25100
12236,25200
12239,25300
12243,25400
12246,25500
12250,25600
12253,25700
12256,25800
12260,25900
12264,26000
12562,26100
12566,26200
12569,26300
12572,26400
12576,26500
12580,26600
12584,26700
12588,26800
12592,26900
12597,27000
12858,27100
12861,27200
12865,27300
12869,27400
12873,27500
12877,27600
12881,27700
12884,27800
12888,27900
12892,28000
13173,28100
13178,28200
13182,28300
13186,28400
13189,28500
13194,28600
13198,28700
13201,28800
13205,28900
13209,29000
13436,29100
13441,29200
13445,29300
13449,29400
13453,29500
13457,29600
13461,29700
13465,29800
13469,29900
13473,30000
13802,30100
13805,30200
13808,30300
13812,30400
13816,30500
13820,30600
13823,30700
13827,30800
13831,30900
13835,31000
14059,31100
14064,31200
14068,31300
14072,31400
14076,31500
14080,31600
14084,31700
14088,31800
14091,31900
14095,32000
14338,32100
14343,32200
14348,32300
14353,32400
14358,32500
14362,32600
14366,32700
14369,32800
14373,32900
14377,33000
14600,33100
14605,33200
14610,33300
14615,33400
14619,33500
14623,33600
14626,33700
14629,33800
14633,33900
14637,34000
14907,34100
14911,34200
14914,34300
14918,34400
14926,34500
14998,34600
15001,34700
15005,34800
15009,34900
15012,35000
15220,35100
15225,35200
15230,35300
15235,35400
15239,35500
15242,35600
15246,35700
15250,35800
15254,35900
15258,36000
15501,36100
15506,36200
15510,36300
15514,36400
15518,36500
15522,36600
15526,36700
15530,36800
15533,36900
15537,37000
15800,37100
15803,37200
15807,37300
15823,37400
15826,37500
15831,37600
15835,37700
15839,37800
15843,37900
15846,38000
16387,38100
16391,38200
16395,38300
16399,38400
16403,38500
16407,38600
16411,38700
16415,38800
16419,38900
16423,39000
16651,39100
16656,39200
16660,39300
16666,39400
16671,39500
16675,39600
16680,39700
16685,39800
16689,39900
16694,40000
16910,40100
16915,40200
16921,40300
16926,40400
16932,40500
16936,40600
16941,40700
16946,40800
16950,40900
16955,41000
17195,41100
17200,41200
17205,41300
17209,41400
17213,41500
17218,41600
17223,41700
17227,41800
17232,41900
17236,42000
17576,42100
17580,42200
17584,42300
17589,42400
17593,42500
17598,42600
17602,42700
17606,42800
17610,42900
17615,43000
17846,43100
17850,43200
17855,43300
17859,43400
17863,43500
17867,43600
17871,43700
17876,43800
17880,43900
17884,44000
18154,44100
18159,44200
18165,44300
18169,44400
18174,44500
18179,44600
18183,44700
18188,44800
18192,44900
18196,45000
18494,45100
18499,45200
18503,45300
18507,45400
18511,45500
18515,45600
18519,45700
18523,45800
18527,45900
18531,46000
18767,46100
18890,46200
18894,46300
18898,46400
18901,46500
18905,46600
18909,46700
18913,46800
18917,46900
18921,47000
19162,47100
19168,47200
19173,47300
19178,47400
19183,47500
19187,47600
19192,47700
19196,47800
19200,47900
19204,48000
19434,48100
19439,48200
19445,48300
19450,48400
19455,48500
19460,48600
19465,48700
19469,48800
19473,48900
19478,49000
19776,49100
19781,49200
19785,49300
19790,49400
19794,49500
19799,49600
19803,49700
19808,49800
19813,49900
19817,50000
20106,50100
20110,50200
20115,50300
20119,50400
20124,50500
20128,50600
20133,50700
20138,50800
20143,50900
20147,51000
20374,51100
20380,51200
20386,51300
20391,51400
20397,51500
20402,51600
20408,51700
20420,51800
20425,51900
20430,52000
20626,52100
20631,52200
20637,52300
20642,52400
20647,52500
20652,52600
20657,52700
20662,52800
20667,52900
20671,53000
20906,53100
20912,53200
20918,53300
20923,53400
20928,53500
20971,53600
20978,53700
20984,53800
20990,53900
20996,54000
21290,54100
21297,54200
21304,54300
21311,54400
21318,54500
21324,54600
21330,54700
21336,54800
21342,54900
21347,55000
21572,55100
21578,55200
21583,55300
21589,55400
21594,55500
21598,55600
21602,55700
21606,55800
21611,55900
21616,56000
21849,56100
21855,56200
21860,56300
21865,56400
21870,56500
21875,56600
21879,56700
21885,56800
21890,56900
21894,57000
22137,57100
22142,57200
22146,57300
22190,57400
22195,57500
22200,57600
22205,57700
22210,57800
22216,57900
22221,58000
22528,58100
22532,58200
22537,58300
22541,58400
22547,58500
22552,58600
22558,58700
22563,58800
22567,58900
22572,59000
22829,59100
22834,59200
22840,59300
22845,59400
22850,59500
22855,59600
22860,59700
22866,59800
22871,59900
22876,60000
23162,60100
23167,60200
23173,60300
23178,60400
23184,60500
23190,60600
23195,60700
23202,60800
23207,60900
23213,61000
23465,61100
23472,61200
23479,61300
23485,61400
23490,61500
23557,61600
23563,61700
23568,61800
23573,61900
23578,62000
23898,62100
23905,62200
23912,62300
23919,62400
23925,62500
23932,62600
23938,62700
23943,62800
23948,62900
23953,63000
24165,63100
24172,63200
24178,63300
24184,63400
24191,63500
24196,63600
24201,63700
24207,63800
24212,63900
24219,64000
24442,64100
24449,64200
24455,64300
24461,64400
24468,64500
24473,64600
24479,64700
24485,64800
24491,64900
24497,65000
24722,65100
24728,65200
24733,65300
24739,65400
24745,65500
24794,65600
24804,65700
24813,65800
24821,65900
24830,66000
25819,66100
25827,66200
25833,66300
25840,66400
25846,66500
25853,66600
25859,66700
25866,66800
25875,66900
25883,67000
26112,67100
26118,67200
26132,67300
26146,67400
26153,67500
26160,67600
26166,67700
26174,67800
26182,67900
26191,68000
26407,68100
26415,68200
26422,68300
26429,68400
26436,68500
26445,68600
26452,68700
26460,68800
26468,68900
26476,69000
26778,69100
26785,69200
26795,69300
26802,69400
26810,69500
26818,69600
26826,69700
26834,69800
26841,69900
26849,70000
27201,70100
27211,70200
27218,70300
27225,70400
27232,70500
27240,70600
27248,70700
27255,70800
27265,70900
27272,71000
27482,71100
27489,71200
27496,71300
27503,71400
27508,71500
27514,71600
27520,71700
27526,71800
27533,71900
27539,72000
27772,72100
27780,72200
27786,72300
27793,72400
27799,72500
27805,72600
27811,72700
27818,72800
27824,72900
27829,73000
28126,73100
28131,73200
28140,73300
28146,73400
28152,73500
28158,73600
28166,73700
28172,73800
28179,73900
28187,74000
28458,74100
28464,74200
28469,74300
28475,74400
28481,74500
28487,74600
28494,74700
28503,74800
28509,74900
28518,75000
28741,75100
28748,75200
28755,75300
28762,75400
28768,75500
28775,75600
28781,75700
28788,75800
28794,75900
28801,76000
28992,76100
29000,76200
29007,76300
29013,76400
29019,76500
29027,76600
29033,76700
29039,76800
29046,76900
29052,77000
29277,77100
29282,77200
29289,77300
29295,77400
29301,77500
29308,77600
29314,77700
29320,77800
29325,77900
29330,78000
29690,78100
29696,78200
29702,78300
29708,78400
29713,78500
29719,78600
29726,78700
29733,78800
29740,78900
29747,79000
29963,79100
29970,79200
29975,79300
29983,79400
29990,79500
29998,79600
30004,79700
30010,79800
30017,79900
30024,80000
30262,80100
30268,80200
30273,80300
30280,80400
30287,80500
30293,80600
30299,80700
30305,80800
30312,80900
30320,81000
30537,81100
30548,81200
30557,81300
30567,81400
30575,81500
30629,81600
30636,81700
30644,81800
30651,81900
30658,82000
30963,82100
30969,82200
30977,82300
30984,82400
30991,82500
30998,82600
31006,82700
31017,82800
31024,82900
31032,83000
31264,83100
31274,83200
31281,83300
31290,83400
31299,83500
31307,83600
31314,83700
31322,83800
31329,83900
31336,84000
31559,84100
31567,84200
31576,84300
31583,84400
31591,84500
31598,84600
31605,84700
31613,84800
31620,84900
31627,85000
31852,85100
31858,85200
31864,85300
31870,85400
31875,85500
31882,85600
31887,85700
31894,85800
31900,85900
31907,86000
32259,86100
32267,86200
32276,86300
32283,86400
32292,86500
32299,86600
32306,86700
32314,86800
32323,86900
32330,87000
32650,87100
32658,87200
32667,87300
32675,87400
32684,87500
32692,87600
32700,87700
32708,87800
32717,87900
32725,88000
32978,88100
32986,88200
32994,88300
33002,88400
33009,88500
33016,88600
33022,88700
33028,88800
33036,88900
33043,89000
33338,89100
33345,89200
33351,89300
33358,89400
33363,89500
33370,89600
33377,89700
33384,89800
33392,89900
33398,90000
33707,90100
33713,90200
33719,90300
33725,90400
33732,90500
33740,90600
33746,90700
33753,90800
33760,90900
33767,91000
34019,91100
34026,91200
34032,91300
34039,91400
34044,91500
34050,91600
34056,91700
34062,91800
34069,91900
34076,92000
34353,92100
34368,92200
34376,92300
34381,92400
34388,92500
34394,92600
34400,92700
34411,92800
34427,92900
34447,93000
34688,93100
34699,93200
34706,93300
34713,93400
34721,93500
34728,93600
34744,93700
34757,93800
34803,93900
34812,94000
35023,94100
35032,94200
35041,94300
35109,94400
35117,94500
35125,94600
35132,94700
35141,94800
35150,94900
35158,95000
35398,95100
35408,95200
35416,95300
35425,95400
35432,95500
35440,95600
35447,95700
35455,95800
35460,95900
35467,96000
35695,96100
35704,96200
35714,96300
35723,96400
35732,96500
35740,96600
35747,96700
35755,96800
35763,96900
35772,97000
36094,97100
36102,97200
36112,97300
36122,97400
36131,97500
36140,97600
36149,97700
36157,97800
36165,97900
36174,98000
36390,98100
36400,98200
36410,98300
36479,98400
36489,98500
36501,98600
36510,98700
36520,98800
36530,98900
36540,99000
36887,99100
36896,99200
36905,99300
36914,99400
36923,99500
36932,99600
36940,99700
36949,99800
36958,99900
36966,100000
37235,100100
37244,100200
37252,100300
37260,100400
37268,100500
37278,100600
37286,100700
37294,100800
37304,100900
37316,101000
37545,101100
37556,101200
37566,101300
37575,101400
37586,101500
37595,101600
37605,101700
37651,101800
37661,101900
37672,102000
38003,102100
38014,102200
38025,102300
38089,102400
38099,102500
38110,102600
38121,102700
38131,102800
38142,102900
38151,103000
38381,103100
38390,103200
38400,103300
38411,103400
38421,103500
38432,103600
38441,103700
38451,103800
38463,103900
38476,104000
38693,104100
38703,104200
38718,104300
38730,104400
38741,104500
38751,104600
38761,104700
38772,104800
38782,104900
38793,105000
39019,105100
39030,105200
39040,105300
39056,105400
39067,105500
39078,105600
39087,105700
39097,105800
39134,105900
39142,106000
39336,106100
39346,106200
39356,106300
39426,106400
39434,106500
39444,106600
39453,106700
39462,106800
39471,106900
39482,107000
39742,107100
39754,107200
39768,107300
39782,107400
39796,107500
39811,107600
39824,107700
39837,107800
39849,107900
39862,108000
40098,108100
40111,108200
40123,108300
40135,108400
40146,108500
40158,108600
40171,108700
40185,108800
40198,108900
40211,109000
40417,109100
40429,109200
40439,109300
40452,109400
40464,109500
40475,109600
40488,109700
40502,109800
40542,109900
40553,110000
40774,110100
40789,110200
40871,110300
40885,110400
40900,110500
40914,110600
40926,110700
40938,110800
40950,110900
40964,111000
41230,111100
41245,111200
41262,111300
41275,111400
41291,111500
41306,111600
41321,111700
41334,111800
41347,111900
41358,112000
41590,112100
41601,112200
41612,112300
41624,112400
41635,112500
41649,112600
41664,112700
41676,112800
41689,112900
41703,113000
41915,113100
41931,113200
41946,113300
41960,113400
41976,113500
41992,113600
42006,113700
42047,113800
42062,113900
42076,114000
42311,114100
42325,114200
42410,114300
42428,114400
42444,114500
42459,114600
42476,114700
42492,114800
42507,114900
42521,115000
42769,115100
42785,115200
42799,115300
42816,115400
42831,115500
42846,115600
42860,115700
42874,115800
42888,115900
42901,116000
43090,116100
43101,116200
43112,116300
43123,116400
43134,116500
43146,116600
43159,116700
43173,116800
43185,116900
43198,117000
43589,117100
43603,117200
43616,117300
43630,117400
43644,117500
43658,117600
43672,117700
43686,117800
43700,117900
43715,118000
43926,118100
43939,118200
43990,118300
44032,118400
44047,118500
44061,118600
44074,118700
44088,118800
44102,118900
44118,119000
44312,119100
44327,119200
44344,119300
44358,119400
44373,119500
44387,119600
44402,119700
44416,119800
44433,119900
44457,120000
44672,120100
44687,120200
44699,120300
44715,120400
44731,120500
44749,120600
44765,120700
44780,120800
44795,120900
44811,121000
45122,121100
45139,121200
45155,121300
45168,121400
45183,121500
45237,121600
45252,121700
45268,121800
45282,121900
45297,122000
45538,122100
45591,122200
45605,122300
45653,122400
45667,122500
45681,122600
45695,122700
45708,122800
45723,122900
45737,123000
45998,123100
46015,123200
46029,123300
46044,123400
46059,123500
46077,123600
46092,123700
46108,123800
46122,123900
46139,124000
46412,124100
46427,124200
46443,124300
46461,124400
46477,124500
46493,124600
46510,124700
46525,124800
46540,124900
46558,125000
46821,125100
46839,125200
46852,125300
46871,125400
46888,125500
46939,125600
46955,125700
46971,125800
46989,125900
47005,126000
47416,126100
47431,126200
47447,126300
47463,126400
47481,126500
47497,126600
47514,126700
47531,126800
47547,126900
47564,127000
47813,127100
47831,127200
47851,127300
47869,127400
47887,127500
47907,127600
47927,127700
47948,127800
47970,127900
47990,128000
48274,128100
48295,128200
48315,128300
48339,128400
48360,128500
48382,128600
48404,128700
48425,128800
48447,128900
48466,129000
48828,129100
48850,129200
48875,129300
48902,129400
48932,129500
48958,129600
48983,129700
49005,129800
49030,129900
49052,130000
49351,130100
49374,130200
49397,130300
49466,130400
49490,130500
49514,130600
49542,130700
49567,130800
49592,130900
49612,131000
49886,131100
49909,131200
49938,131300
49965,131400
49993,131500
50018,131600
50046,131700
50069,131800
50094,131900
50117,132000
50346,132100
50368,132200
50387,132300
50411,132400
50430,132500
50453,132600
50477,132700
50498,132800
50523,132900
50543,133000
50809,133100
50835,133200
50863,133300
50887,133400
50918,133500
50946,133600
51000,133700
51026,133800
51051,133900
51078,134000
51537,134100
51566,134200
51595,134300
51627,134400
51653,134500
51678,134600
51707,134700
51732,134800
51759,134900
51790,135000
52239,135100
52269,135200
52296,135300
52322,135400
52348,135500
52380,135600
52410,135700
52437,135800
52468,135900
52496,136000
52818,136100
52849,136200
52880,136300
52906,136400
52933,136500
52968,136600
52996,136700
53023,136800
53052,136900
53080,137000
53365,137100
53393,137200
53420,137300
53448,137400
53476,137500
53534,137600
53560,137700
53584,137800
53611,137900
53641,138000
53910,138100
53933,138200
53954,138300
53980,138400
54005,138500
54033,138600
54097,138700
54120,138800
54144,138900
54172,139000
54445,139100
54473,139200
54499,139300
54525,139400
54550,139500
54576,139600
54604,139700
54634,139800
54662,139900
54689,140000
55016,140100
55046,140200
55078,140300
55101,140400
55131,140500
55157,140600
55183,140700
55209,140800
55239,140900
55270,141000
55593,141100
55624,141200
55652,141300
55679,141400
55706,141500
55735,141600
55791,141700
55817,141800
55842,141900
55867,142000
56222,142100
56249,142200
56275,142300
56303,142400
56332,142500
56403,142600
56431,142700
56458,142800
56487,142900
56517,143000
57264,143100
57290,143200
57317,143300
57341,143400
57367,143500
57390,143600
57416,143700
57437,143800
57472,143900
57498,144000
57746,144100
57770,144200
57795,144300
57820,144400
57844,144500
57871,144600
57896,144700
57920,144800
57942,144900
57970,145000
58262,145100
58286,145200
58309,145300
58333,145400
58355,145500
58382,145600
58408,145700
58429,145800
58448,145900
58472,146000
58825,146100
58856,146200
58882,146300
58907,146400
58930,146500
58955,146600
58984,146700
59009,146800
59090,146900
59117,147000
59459,147100
59484,147200
59507,147300
59529,147400
59552,147500
59578,147600
59600,147700
59621,147800
59644,147900
59669,148000
59990,148100
60011,148200
60033,148300
60056,148400
60078,148500
60101,148600
60123,148700
60147,148800
60173,148900
60201,149000
60541,149100
60565,149200
60589,149300
60612,149400
60634,149500
60658,149600
60686,149700
60709,149800
60729,149900
60751,150000
61131,150100
61153,150200
61178,150300
61204,150400
61227,150500
61249,150600
61274,150700
61297,150800
61321,150900
61344,151000
61705,151100
61730,151200
61750,151300
61772,151400
61794,151500
61813,151600
61836,151700
61860,151800
61883,151900
61905,152000
62210,152100
62232,152200
62254,152300
62277,152400
62300,152500
62321,152600
62344,152700
62370,152800
62393,152900
62413,153000
62627,153100
62649,153200
62670,153300
62691,153400
62712,153500
62734,153600
62754,153700
62777,153800
62798,153900
62817,154000
63181,154100
63202,154200
63222,154300
63243,154400
63264,154500
63286,154600
63307,154700
63331,154800
63354,154900
63375,155000
63626,155100
63653,155200
63718,155300
63741,155400
63764,155500
63786,155600
63807,155700
63831,155800
63852,155900
63873,156000
64177,156100
64198,156200
64220,156300
64246,156400
64273,156500
64293,156600
64315,156700
64337,156800
64360,156900
64380,157000
64610,157100
64634,157200
64660,157300
64682,157400
64701,157500
64720,157600
64741,157700
64763,157800
64780,157900
64801,158000
65065,158100
65085,158200
65145,158300
65201,158400
65220,158500
65240,158600
65262,158700
65282,158800
65302,158900
65323,159000
65566,159100
65585,159200
65605,159300
65664,159400
65687,159500
65706,159600
65727,159700
65747,159800
65767,159900
65788,160000
66014,160100
66036,160200
66058,160300
66079,160400
66101,160500
66122,160600
66149,160700
66175,160800
66197,160900
66222,161000
66474,161100
66498,161200
66520,161300
66542,161400
66567,161500
66599,161600
66629,161700
66657,161800
66678,161900
66705,162000
67007,162100
67069,162200
67092,162300
67117,162400
67138,162500
67160,162600
67183,162700
67209,162800
67231,162900
67255,163000
67574,163100
67633,163200
67656,163300
67677,163400
67697,163500
67719,163600
67754,163700
67780,163800
67805,163900
67830,164000
68207,164100
68230,164200
68256,164300
68278,164400
68299,164500
68318,164600
68340,164700
68367,164800
68390,164900
68413,165000
68763,165100
68786,165200
68811,165300
68837,165400
68861,165500
68883,165600
68908,165700
68932,165800
68956,165900
68984,166000
69291,166100
69356,166200
69415,166300
69437,166400
69457,166500
69482,166600
69509,166700
69538,166800
69566,166900
69597,167000
69917,167100
69942,167200
69965,167300
70037,167400
70056,167500
70078,167600
70101,167700
70127,167800
70153,167900
70175,168000
70566,168100
70592,168200
70615,168300
70636,168400
70657,168500
70678,168600
70700,168700
70725,168800
70747,168900
70769,169000
71096,169100
71120,169200
71147,169300
71175,169400
71199,169500
71222,169600
71249,169700
71277,169800
71312,169900
71337,170000
71670,170100
71695,170200
71718,170300
71776,170400
71835,170500
71855,170600
71876,170700
71895,170800
71917,170900
71938,171000
72529,171100
72554,171200
72579,171300
72602,171400
72626,171500
72647,171600
72669,171700
72691,171800
72713,171900
72735,172000
73143,172100
73167,172200
73189,172300
73213,172400
73235,172500
73257,172600
73276,172700
73297,172800
73321,172900
73343,173000
73663,173100
73686,173200
73708,173300
73732,173400
73757,173500
73780,173600
73802,173700
73822,173800
73841,173900
73863,174000
74181,174100
74207,174200
74231,174300
74257,174400
74322,174500
74350,174600
74405,174700
74429,174800
74450,174900
74475,175000
74886,175100
74911,175200
74939,175300
74966,175400
74993,175500
75076,175600
75102,175700
75132,175800
75157,175900
75189,176000
75685,176100
75716,176200
75742,176300
75768,176400
75796,176500
75824,176600
75849,176700
75873,176800
75897,176900
75924,177000
76237,177100
76263,177200
76291,177300
76318,177400
76343,177500
76366,177600
76390,177700
76414,177800
76436,177900
76465,178000
76854,178100
76882,178200
76946,178300
76975,178400
77007,178500
77035,178600
77065,178700
77094,178800
77124,178900
77151,179000
77595,179100
77626,179200
77655,179300
77689,179400
77725,179500
77755,179600
77789,179700
77827,179800
77863,179900
77897,180000
78345,180100
78393,180200
78437,180300
78482,180400
78523,180500
78564,180600
78615,180700
78673,180800
78721,180900
78766,181000
79136,181100
79187,181200
79243,181300
79288,181400
79339,181500
79391,181600
79433,181700
79468,181800
79552,181900
79600,182000
80007,182100
80067,182200
80111,182300
80152,182400
80193,182500
80238,182600
80269,182700
80301,182800
80353,182900
80408,183000
81021,183100
81072,183200
81099,183300
81147,183400
81194,183500
81236,183600
81278,183700
81329,183800
81376,183900
81422,184000
81917,184100
81956,184200
82002,184300
82068,184400
82139,184500
82201,184600
82269,184700
82339,184800
82389,184900
82444,185000
82901,185100
82951,185200
82998,185300
83064,185400
83114,185500
83162,185600
83211,185700
83251,185800
83292,185900
83335,186000
83759,186100
83804,186200
83852,186300
83897,186400
83943,186500
83991,186600
84038,186700
84079,186800
84124,186900
84167,187000
84522,187100
84615,187200
84663,187300
84702,187400
84742,187500
84782,187600
84824,187700
84863,187800
84908,187900
84947,188000
85453,188100
85495,188200
85535,188300
85587,188400
85637,188500
85685,188600
85736,188700
85779,188800
85815,188900
85863,189000
86245,189100
86289,189200
86339,189300
86400,189400
86453,189500
86516,189600
86569,189700
86623,189800
86681,189900
86735,190000
87325,190100
87373,190200
87425,190300
87477,190400
87529,190500
87575,190600
87619,190700
87659,190800
87701,190900
87745,191000
88208,191100
88256,191200
88305,191300
88348,191400
88392,191500
88458,191600
88521,191700
88579,191800
88628,191900
88671,192000
89329,192100
89373,192200
89418,192300
89469,192400
89519,192500
89571,192600
89623,192700
89673,192800
89727,192900
89778,193000
90262,193100
90311,193200
90360,193300
90406,193400
90459,193500
90504,193600
90570,193700
90628,193800
90677,193900
90736,194000
91232,194100
91335,194200
91401,194300
91466,194400
91529,194500
91590,194600
91647,194700
91701,194800
91748,194900
91803,195000
92303,195100
92354,195200
92400,195300
92448,195400
92493,195500
92551,195600
92596,195700
92638,195800
92689,195900
92735,196000
93248,196100
93293,196200
93341,196300
93384,196400
93439,196500
93498,196600
93550,196700
93604,196800
93653,196900
93702,197000
94256,197100
94320,197200
94371,197300
94429,197400
94486,197500
94545,197600
94591,197700
94642,197800
94693,197900
94744,198000
95158,198100
95210,198200
95297,198300
95401,198400
95446,198500
95499,198600
95556,198700
95608,198800
95658,198900
95706,199000
96178,199100
96218,199200
96261,199300
96305,199400
96360,199500
96416,199600
96520,199700
96566,199800
96612,199900
96654,200000
97174,200100
97215,200200
97260,200300
97306,200400
97352,200500
97404,200600
97465,200700
97512,200800
97559,200900
97616,201000
98021,201100
98065,201200
98111,201300
98159,201400
98218,201500
98280,201600
98344,201700
98403,201800
98468,201900
98532,202000
98990,202100
99053,202200
99124,202300
99180,202400
99250,202500
99346,202600
99398,202700
99450,202800
99503,202900
99553,203000
99978,203100
100032,203200
100089,203300
100135,203400
100186,203500
100247,203600
100353,203700
100414,203800
100462,203900
100521,204000
101012,204100
101057,204200
101111,204300
101161,204400
101208,204500
101270,204600
101322,204700
101370,204800
101421,204900
101469,205000
101956,205100
101992,205200
102032,205300
102068,205400
102108,205500
102153,205600
102204,205700
102262,205800
102316,205900
102365,206000
102801,206100
102853,206200
102909,206300
102953,206400
103005,206500
103067,206600
103135,206700
103201,206800
103266,206900
103355,207000
103789,207100
103838,207200
103889,207300
103932,207400
103976,207500
104024,207600
104076,207700
104126,207800
104181,207900
104290,208000
104823,208100
104879,208200
104938,208300
105006,208400
105055,208500
105115,208600
105173,208700
105227,208800
105293,208900
105351,209000
105853,209100
105910,209200
105962,209300
106009,209400
106064,209500
106128,209600
106181,209700
106236,209800
106291,209900
106339,210000
106816,210100
106874,210200
106935,210300
106996,210400
107041,210500
107089,210600
107140,210700
107188,210800
107330,210900
107393,211000
107957,211100
108074,211200
108130,211300
108181,211400
108239,211500
108302,211600
108353,211700
108409,211800
108469,211900
108537,212000
109192,212100
109272,212200
109331,212300
109393,212400
109458,212500
109523,212600
109595,212700
109669,212800
109733,212900
109805,213000
110256,213100
110319,213200
110377,213300
110444,213400
110507,213500
110561,213600
110617,213700
110672,213800
110738,213900
110793,214000
111251,214100
111310,214200
111372,214300
111423,214400
111479,214500
111523,214600
111571,214700
111630,214800
111695,214900
111791,215000
112302,215100
112367,215200
112431,215300
112488,215400
112546,215500
112600,215600
112658,215700
112784,215800
112847,215900
112913,216000
113459,216100
113540,216200
113615,216300
113687,216400
113745,216500
113809,216600
113886,216700
113969,216800
114043,216900
114128,217000
114744,217100
114813,217200
114880,217300
114949,217400
115014,217500
115075,217600
115156,217700
115240,217800
115304,217900
115377,218000
115883,218100
115952,218200
116022,218300
116098,218400
116174,218500
116249,218600
116327,218700
116430,218800
116491,218900
116552,219000
117073,219100
117148,219200
117218,219300
117289,219400
117405,219500
117468,219600
117543,219700
117604,219800
117661,219900
117728,220000
118245,220100
118324,220200
118395,220300
118476,220400
118547,220500
118624,220600
118694,220700
118769,220800
118845,220900
118912,221000
119502,221100
119594,221200
119670,221300
119745,221400
119802,221500
119875,221600
119933,221700
120006,221800
120085,221900
120162,222000
120626,222100
120737,222200
120819,222300
120890,222400
120979,222500
121058,222600
121144,222700
121272,222800
121345,222900
121422,223000
121908,223100
121992,223200
122068,223300
122138,223400
122250,223500
122316,223600
122408,223700
122481,223800
122557,223900
122619,224000
123152,224100
123219,224200
123290,224300
123375,224400
123461,224500
123549,224600
123638,224700
123726,224800
123794,224900
123857,225000
124427,225100
124507,225200
124604,225300
124691,225400
124786,225500
124862,225600
124944,225700
125018,225800
125090,225900
125164,226000
125723,226100
125778,226200
125834,226300
125894,226400
125955,226500
126021,226600
126092,226700
126163,226800
126230,226900
126295,227000
126721,227100
126816,227200
126888,227300
126947,227400
127021,227500
127085,227600
127148,227700
127207,227800
127289,227900
127408,228000
127991,228100
128080,228200
128172,228300
128248,228400
128336,228500
128418,228600
128505,228700
128581,228800
128685,228900
128761,229000
129237,229100
129353,229200
129447,229300
129563,229400
129669,229500
129785,229600
129889,229700
129992,229800
130084,229900
130161,230000
130653,230100
130759,230200
130866,230300
130971,230400
131058,230500
131170,230600
131312,230700
131412,230800
131518,230900
131591,231000
132185,231100
132258,231200
132327,231300
132447,231400
132519,231500
132596,231600
132678,231700
132746,231800
132835,231900
132898,232000
133468,232100
133556,232200
133630,232300
133694,232400
133763,232500
133838,232600
133919,232700
134006,232800
134086,232900
134185,233000
134717,233100
134813,233200
134899,233300
134983,233400
135078,233500
135165,233600
135258,233700
135351,233800
135459,233900
135539,234000
136183,234100
136286,234200
136390,234300
136488,234400
136568,234500
136665,234600
136746,234700
136838,234800
136928,234900
137052,235000
137584,235100
137674,235200
137768,235300
137915,235400
137993,235500
138072,235600
138156,235700
138226,235800
138299,235900
138372,236000
138915,236100
138999,236200
139090,236300
139181,236400
139268,236500
139348,236600
139427,236700
139511,236800
139579,236900
139653,237000
140559,237100
140652,237200
140750,237300
140836,237400
140919,237500
141009,237600
141087,237700
141171,237800
141242,237900
141312,238000
141926,238100
142000,238200
142083,238300
142175,238400
142257,238500
142349,238600
142434,238700
142518,238800
142592,238900
142704,239000
143198,239100
143258,239200
143320,239300
143385,239400
143448,239500
143518,239600
143589,239700
143656,239800
143723,239900
143800,240000
144389,240100
144466,240200
144540,240300
144605,240400
144665,240500
144738,240600
144797,240700
144859,240800
144928,240900
144992,241000
145605,241100
145673,241200
145732,241300
145804,241400
145879,241500
145955,241600
146021,241700
146073,241800
146140,241900
146223,242000
146713,242100
146790,242200
146892,242300
146979,242400
147079,242500
147161,242600
147238,242700
147317,242800
147388,242900
147450,243000
147972,243100
148056,243200
148145,243300
148213,243400
148313,243500
148398,243600
148478,243700
148562,243800
148685,243900
148759,244000
149262,244100
149327,244200
149398,244300
149468,244400
149573,244500
149630,244600
149686,244700
149750,244800
149798,244900
149862,245000
150452,245100
150513,245200
150636,245300
150686,245400
150738,245500
150796,245600
150852,245700
150911,245800
150967,245900
151020,246000
151595,246100
151665,246200
151749,246300
151808,246400
151865,246500
151919,246600
151975,246700
152030,246800
152096,246900
152162,247000
152660,247100
152719,247200
152788,247300
152846,247400
152903,247500
152956,247600
153008,247700
153058,247800
153104,247900
153176,248000
153632,248100
153709,248200
153788,248300
153868,248400
153944,248500
154011,248600
154115,248700
154168,248800
154216,248900
154290,249000
154934,249100
155050,249200
155111,249300
155176,249400
155249,249500
155311,249600
155396,249700
155457,249800
155534,249900
155589,250000
156092,250100
156158,250200
156222,250300
156296,250400
156374,250500
156447,250600
156522,250700
156603,250800
156675,250900
156763,251000
157326,251100
157397,251200
157473,251300
157533,251400
157584,251500
157646,251600
157699,251700
157786,251800
157898,251900
157980,252000
158512,252100
158608,252200
158697,252300
158836,252400
158929,252500
158998,252600
159066,252700
159125,252800
159188,252900
159260,253000
159926,253100
160004,253200
160136,253300
160206,253400
160283,253500
160345,253600
160416,253700
160485,253800
160555,253900
160616,254000
161243,254100
161323,254200
161408,254300
161500,254400
161592,254500
161696,254600
161796,254700
161877,254800
161958,254900
162044,255000
162566,255100
162652,255200
162721,255300
162782,255400
162848,255500
162908,255600
162967,255700
163041,255800
163128,255900
163210,256000
163699,256100
163848,256200
163920,256300
163989,256400
164060,256500
164134,256600
164204,256700
164277,256800
164333,256900
164400,257000
165001,257100
165081,257200
165147,257300
165219,257400
165292,257500
165419,257600
165474,257700
165530,257800
165583,257900
165642,258000
166249,258100
166319,258200
166383,258300
166469,258400
166537,258500
166627,258600
166706,258700
166773,258800
166852,258900
166920,259000
167482,259100
167546,259200
167614,259300
167672,259400
167737,259500
167799,259600
167874,259700
167946,259800
168023,259900
168082,260000
168649,260100
168724,260200
168821,260300
168884,260400
168977,260500
169098,260600
169156,260700
169219,260800
169284,260900
169358,261000
169915,261100
170008,261200
170084,261300
170185,261400
170274,261500
170357,261600
170439,261700
170552,261800
170608,261900
170657,262000
171219,262100
171290,262200
171370,262300
171434,262400
171508,262500
171575,262600
171650,262700
171718,262800
171796,262900
171868,263000
172355,263100
172420,263200
172483,263300
172547,263400
172614,263500
172676,263600
172750,263700
172805,263800
172870,263900
172937,264000
173495,264100
173580,264200
173654,264300
173733,264400
173812,264500
173878,264600
173961,264700
174031,264800
174094,264900
174171,265000
174696,265100
174777,265200
174865,265300
174970,265400
175054,265500
175150,265600
175258,265700
175358,265800
175493,265900
175562,266000
176043,266100
176106,266200
176176,266300
176234,266400
176302,266500
176381,266600
176451,266700
176534,266800
176604,266900
176685,267000
177242,267100
177334,267200
177399,267300
177459,267400
177525,267500
177588,267600
177643,267700
177716,267800
177784,267900
177877,268000
178432,268100
178546,268200
178653,268300
178766,268400
178886,268500
179021,268600
179148,268700
179307,268800
179394,268900
179465,269000
180116,269100
180202,269200
180297,269300
180386,269400
180511,269500
180616,269600
180736,269700
180891,269800
180952,269900
181029,270000
181518,270100
181608,270200
181766,270300
181920,270400
182071,270500
182199,270600
182314,270700
182438,270800
182561,270900
182692,271000
183418,271100
183511,271200
183605,271300
183692,271400
183797,271500
183917,271600
184058,271700
184180,271800
184318,271900
184458,272000
185042,272100
185184,272200
185305,272300
185396,272400
185493,272500
185607,272600
185722,272700
185823,272800
185924,272900
186040,273000
186737,273100
186873,273200
187011,273300
187096,273400
187227,273500
187342,273600
187441,273700
187525,273800
187660,273900
187750,274000
188284,274100
188367,274200
188484,274300
188585,274400
188722,274500
188823,274600
188918,274700
189010,274800
189095,274900
189181,275000
189687,275100
189772,275200
189878,275300
189979,275400
190063,275500
190170,275600
190274,275700
190349,275800
190438,275900
190524,276000
191117,276100
191212,276200
191303,276300
191377,276400
191454,276500
191554,276600
191638,276700
191728,276800
191816,276900
191895,277000
192431,277100
192527,277200
192609,277300
192690,277400
192804,277500
192895,277600
193003,277700
193095,277800
193184,277900
193264,278000
193815,278100
193908,278200
194050,278300
194149,278400
194252,278500
194386,278600
194484,278700
194565,278800
194666,278900
194779,279000
195284,279100
195389,279200
195463,279300
195559,279400
195636,279500
195716,279600
195795,279700
195877,279800
195949,279900
196030,280000
196534,280100
196600,280200
196678,280300
196778,280400
196868,280500
196967,280600
197072,280700
197143,280800
197232,280900
197319,281000
197903,281100
197989,281200
198073,281300
198171,281400
198263,281500
198387,281600
198512,281700
198638,281800
198743,281900
198848,282000
199578,282100
199669,282200
199761,282300
199848,282400
199933,282500
200023,282600
200174,282700
200273,282800
200379,282900
200490,283000
201139,283100
201232,283200
201325,283300
201406,283400
201497,283500
201571,283600
201667,283700
201767,283800
201845,283900
201947,284000
202718,284100
202832,284200
202925,284300
203034,284400
203139,284500
203240,284600
203350,284700
203436,284800
203531,284900
203649,285000
204296,285100
204432,285200
204545,285300
204716,285400
204884,285500
205006,285600
205128,285700
205248,285800
205364,285900
205461,286000
206013,286100
206165,286200
206268,286300
206400,286400
206536,286500
206662,286600
206775,286700
206980,286800
207085,286900
207217,287000
207786,287100
207877,287200
207968,287300
208069,287400
208171,287500
208269,287600
208402,287700
208523,287800
208646,287900
208743,288000
209265,288100
209362,288200
209452,288300
209589,288400
209698,288500
209796,288600
209920,288700
210091,288800
210248,288900
210375,289000
210986,289100
211111,289200
211227,289300
211362,289400
211482,289500
211591,289600
211707,289700
211823,289800
211972,289900
212098,290000
212714,290100
212859,290200
213053,290300
213188,290400
213352,290500
213511,290600
213608,290700
213726,290800
213838,290900
213988,291000
214658,291100
214747,291200
214850,291300
214957,291400
215051,291500
215169,291600
215269,291700
215374,291800
215501,291900
215584,292000
216113,292100
216206,292200
216297,292300
216407,292400
216528,292500
216632,292600
216754,292700
216859,292800
216966,292900
217081,293000
217670,293100
217779,293200
217917,293300
218015,293400
218129,293500
218233,293600
218353,293700
218449,293800
218545,293900
218643,294000
219209,294100
219319,294200
219426,294300
219530,294400
219633,294500
219765,294600
219887,294700
220016,294800
220191,294900
220316,295000
221085,295100
221230,295200
221388,295300
221492,295400
221580,295500
221647,295600
221750,295700
221850,295800
221969,295900
222068,296000
222648,296100
222768,296200
222870,296300
222975,296400
223070,296500
223171,296600
223266,296700
223403,296800
223495,296900
223599,297000
224289,297100
224445,297200
224564,297300
224712,297400
224850,297500
225001,297600
225136,297700
225253,297800
225383,297900
225503,298000
226037,298100
226197,298200
226335,298300
226483,298400
226643,298500
226815,298600
226914,298700
227003,298800
227108,298900
227218,299000
227730,299100
227854,299200
227979,299300
228075,299400
228195,299500
228313,299600
228466,299700
228588,299800
228705,299900
228802,300000
229390,300100
229469,300200
229596,300300
229700,300400
229810,300500
229909,300600
230009,300700
230123,300800
230237,300900
230341,301000
230938,301100
231041,301200
231176,301300
231276,301400
231387,301500
231505,301600
231622,301700
231767,301800
231886,301900
232020,302000
232617,302100
232773,302200
232949,302300
233062,302400
233211,302500
233371,302600
233522,302700
233697,302800
233847,302900
233971,303000
234643,303100
234799,303200
234917,303300
235050,303400
235226,303500
235324,303600
235436,303700
235543,303800
235702,303900
235824,304000
236526,304100
236615,304200
236745,304300
236872,304400
237001,304500
237127,304600
237223,304700
237313,304800
237438,304900
237567,305000
238148,305100
238304,305200
238453,305300
238609,305400
238765,305500
238916,305600
239039,305700
239167,305800
239268,305900
239410,306000
240008,306100
240136,306200
240284,306300
240436,306400
240614,306500
240741,306600
240864,306700
240979,306800
241078,306900
241180,307000
241801,307100
241889,307200
242009,307300
242115,307400
242228,307500
242341,307600
242454,307700
242569,307800
242673,307900
242785,308000
243353,308100
243453,308200
243535,308300
243624,308400
243717,308500
243832,308600
243985,308700
244123,308800
244240,308900
244382,309000
245041,309100
245164,309200
245283,309300
245416,309400
245561,309500
245693,309600
245876,309700
246052,309800
246256,309900
246415,310000
247168,310100
247294,310200
247436,310300
247547,310400
247730,310500
247847,310600
247962,310700
248087,310800
248231,310900
248327,311000
248955,311100
249075,311200
249216,311300
249355,311400
249457,311500
249634,311600
249730,311700
249837,311800
249956,311900
250085,312000
250683,312100
250813,312200
250946,312300
251063,312400
251199,312500
251318,312600
251418,312700
251564,312800
251702,312900
251819,313000
252570,313100
252710,313200
252887,313300
253063,313400
253219,313500
253380,313600
253515,313700
253648,313800
253810,313900
253998,314000
254752,314100
254943,314200
255145,314300
255322,314400
255454,314500
255586,314600
255686,314700
255794,314800
255905,314900
256031,315000
256693,315100
256833,315200
257005,315300
257157,315400
257346,315500
257496,315600
257700,315700
257832,315800
258059,315900
258171,316000
258847,316100
258955,316200
259061,316300
259153,316400
259265,316500
259374,316600
259494,316700
259605,316800
259713,316900
259847,317000
260539,317100
260647,317200
260768,317300
260924,317400
261068,317500
261192,317600
261311,317700
261448,317800
261558,317900
261692,318000
262303,318100
262463,318200
262603,318300
262715,318400
262902,318500
263022,318600
263172,318700
263331,318800
263458,318900
263602,319000
264308,319100
264435,319200
264604,319300
264704,319400
264829,319500
264985,319600
265091,319700
265251,319800
265487,319900
265645,320000
266231,320100
266338,320200
266443,320300
266570,320400
266660,320500
266765,320600
266892,320700
267055,320800
267209,320900
267374,321000
268004,321100
268185,321200
268331,321300
268504,321400
268640,321500
268787,321600
268910,321700
269034,321800
269199,321900
269374,322000
270018,322100
270212,322200
270428,322300
270766,322400
270940,322500
271115,322600
271315,322700
271499,322800
271657,322900
271862,323000
272636,323100
272823,323200
273008,323300
273184,323400
273337,323500
273559,323600
273698,323700
273832,323800
273935,323900
274072,324000
274624,324100
274775,324200
274917,324300
275066,324400
275223,324500
275372,324600
275491,324700
275623,324800
275751,324900
275870,325000
276596,325100
276796,325200
276993,325300
277179,325400
277382,325500
277543,325600
277746,325700
277949,325800
278071,325900
278204,326000
278926,326100
279085,326200
279250,326300
279454,326400
279600,326500
279745,326600
279914,326700
280056,326800
280188,326900
280310,327000
281063,327100
281203,327200
281381,327300
281547,327400
281706,327500
281880,327600
282142,327700
282270,327800
282385,327900
282499,328000
283092,328100
283226,328200
283374,328300
283535,328400
283678,328500
283837,328600
283986,328700
284138,328800
284310,328900
284475,329000
285162,329100
285387,329200
285593,329300
285745,329400
285964,329500
286166,329600
286360,329700
286616,329800
286818,329900
287003,330000
287718,330100
287862,330200
288018,330300
288177,330400
288373,330500
288520,330600
288702,330700
288874,330800
289028,330900
289203,331000
290023,331100
290171,331200
290338,331300
290520,331400
290747,331500
290916,331600
291070,331700
291221,331800
291379,331900
291504,332000
292158,332100
292298,332200
292446,332300
292651,332400
292858,332500
293033,332600
293292,332700
293478,332800
293658,332900
293858,333000
294617,333100
294809,333200
295028,333300
295227,333400
295448,333500
295671,333600
295851,333700
296074,333800
296273,333900
296463,334000
297213,334100
297433,334200
297605,334300
297793,334400
298009,334500
298215,334600
298400,334700
298606,334800
298786,334900
298973,335000
299716,335100
299891,335200
300161,335300
300324,335400
300484,335500
300692,335600
300827,335700
300932,335800
301040,335900
301159,336000
301949,336100
302084,336200
302192,336300
302349,336400
302471,336500
302631,336600
302775,336700
302913,336800
303024,336900
303126,337000
303785,337100
303977,337200
304147,337300
304348,337400
304553,337500
304737,337600
304987,337700
305166,337800
305355,337900
305568,338000
306368,338100
306621,338200
306833,338300
307053,338400
307225,338500
307452,338600
307640,338700
307912,338800
308160,338900
308385,339000
309290,339100
309476,339200
309729,339300
309902,339400
310036,339500
310209,339600
310380,339700
310579,339800
310746,339900
310907,340000
311570,340100
311768,340200
311978,340300
312174,340400
312420,340500
312685,340600
312882,340700
313043,340800
313189,340900
313326,341000
314108,341100
314298,341200
314524,341300
314750,341400
314893,341500
315116,341600
315344,341700
315573,341800
315750,341900
315971,342000
316754,342100
316924,342200
317144,342300
317384,342400
317566,342500
317806,342600
317992,342700
318178,342800
318355,342900
318519,343000
319276,343100
319522,343200
319735,343300
319937,343400
320132,343500
320360,343600
320573,343700
320737,343800
320916,343900
321094,344000
321754,344100
321911,344200
322068,344300
322221,344400
322420,344500
322635,344600
322812,344700
322998,344800
323240,344900
323490,345000
324246,345100
324480,345200
324728,345300
324959,345400
325187,345500
325471,345600
325682,345700
325911,345800
326150,345900
326355,346000
327122,346100
327315,346200
327546,346300
327747,346400
327934,346500
328131,346600
328286,346700
328471,346800
328688,346900
328890,347000
329622,347100
329908,347200
330111,347300
330303,347400
330490,347500
330666,347600
330802,347700
330980,347800
331192,347900
331349,348000
332050,348100
332224,348200
332414,348300
332613,348400
332790,348500
332967,348600
333127,348700
333319,348800
333511,348900
333629,349000
334510,349100
334699,349200
334908,349300
335152,349400
335310,349500
335523,349600
335758,349700
335939,349800
336175,349900
336412,350000
337149,350100
337507,350200
337743,350300
337952,350400
338123,350500
338312,350600
338481,350700
338638,350800
338807,350900
338988,351000
339900,351100
340112,351200
340344,351300
340526,351400
340759,351500
340987,351600
341162,351700
341323,351800
341522,351900
341703,352000
342407,352100
342602,352200
342809,352300
342983,352400
343167,352500
343348,352600
343528,352700
343704,352800
343873,352900
344056,353000
344956,353100
345250,353200
345510,353300
345760,353400
346044,353500
346291,353600
346541,353700
346734,353800
346993,353900
347280,354000
348049,354100
348351,354200
348622,354300
348835,354400
349011,354500
349208,354600
349415,354700
349596,354800
349790,354900
350008,355000
350865,355100
351101,355200
351368,355300
351568,355400
351760,355500
351987,355600
352171,355700
352350,355800
352528,355900
352776,356000
353548,356100
353743,356200
353960,356300
354135,356400
354325,356500
354515,356600
354728,356700
354880,356800
355095,356900
355267,357000
356200,357100
356485,357200
356729,357300
356918,357400
357158,357500
357415,357600
357668,357700
357902,357800
358125,357900
358360,358000
359106,358100
359333,358200
359586,358300
359776,358400
359964,358500
360227,358600
360483,358700
360659,358800
360871,358900
361169,359000
362165,359100
362422,359200
362706,359300
362959,359400
363146,359500
363367,359600
363545,359700
363674,359800
363846,359900
364030,360000
364755,360100
364982,360200
365269,360300
365458,360400
365658,360500
365891,360600
366097,360700
366288,360800
366442,360900
366655,361000
367521,361100
367804,361200
368188,361300
368473,361400
368711,361500
369000,361600
369312,361700
369567,361800
369812,361900
370105,362000
370995,362100
371302,362200
371508,362300
371750,362400
371971,362500
372183,362600
372490,362700
372780,362800
372951,362900
373199,363000
374026,363100
374235,363200
374515,363300
374770,363400
374955,363500
375166,363600
375369,363700
375576,363800
375747,363900
375947,364000
376824,364100
377170,364200
377522,364300
377849,364400
378220,364500
378584,364600
378852,364700
379164,364800
379595,364900
379870,365000
380895,365100
381198,365200
381470,365300
381717,365400
382011,365500
382320,365600
382563,365700
382858,365800
383119,365900
383349,366000
384291,366100
384558,366200
384809,366300
385116,366400
385375,366500
385606,366600
385850,366700
386064,366800
386286,366900
386520,367000
387402,367100
387644,367200
387843,367300
388122,367400
388442,367500
388816,367600
389116,367700
389475,367800
389848,367900
390167,368000
390949,368100
391213,368200
391447,368300
391787,368400
392145,368500
392529,368600
392898,368700
393154,368800
393350,368900
393536,369000
394325,369100
394538,369200
394869,369300
395082,369400
395373,369500
395678,369600
395985,369700
396268,369800
396547,369900
396818,370000
397585,370100
397835,370200
398091,370300
398315,370400
398570,370500
398831,370600
399029,370700
399278,370800
399475,370900
399685,371000
400486,371100
400754,371200
400978,371300
401277,371400
401498,371500
401692,371600
401896,371700
402090,371800
402270,371900
402455,372000
403198,372100
403374,372200
403611,372300
403806,372400
404051,372500
404262,372600
404585,372700
404897,372800
405111,372900
405282,373000
406079,373100
406324,373200
406518,373300
406743,373400
406960,373500
407239,373600
407485,373700
407897,373800
408293,373900
408615,374000
409538,374100
409836,374200
410132,374300
410412,374400
410730,374500
411035,374600
411421,374700
411710,374800
412064,374900
412320,375000
413284,375100
413500,375200
413707,375300
413966,375400
414245,375500
414464,375600
414721,375700
414944,375800
415156,375900
415443,376000
416346,376100
416596,376200
416841,376300
417019,376400
417276,376500
417507,376600
417701,376700
417962,376800
418245,376900
418445,377000
419281,377100
419564,377200
419796,377300
419984,377400
420231,377500
420467,377600
420688,377700
420980,377800
421358,377900
421702,378000
422645,378100
423016,378200
423397,378300
423706,378400
424034,378500
424356,378600
424659,378700
424971,378800
425285,378900
425533,379000
426431,379100
426702,379200
427047,379300
427294,379400
427568,379500
427797,379600
428075,379700
428423,379800
428710,379900
428985,380000
429842,380100
430054,380200
430329,380300
430588,380400
430826,380500
431103,380600
431339,380700
431589,380800
431855,380900
432126,381000
433044,381100
433358,381200
433634,381300
433914,381400
434179,381500
434433,381600
434693,381700
434993,381800
435332,381900
435620,382000
436995,382100
437343,382200
437699,382300
438025,382400
438325,382500
438645,382600
438929,382700
439257,382800
439463,382900
439754,383000
440649,383100
440918,383200
441187,383300
441407,383400
441703,383500
441969,383600
442186,383700
442442,383800
442705,383900
442952,384000
443909,384100
444173,384200
444386,384300
444653,384400
444897,384500
445091,384600
445286,384700
445453,384800
445703,384900
445947,385000
446798,385100
447090,385200
447380,385300
447640,385400
447988,385500
448264,385600
448550,385700
448892,385800
449092,385900
449346,386000
450373,386100
450613,386200
450939,386300
451235,386400
451551,386500
451852,386600
452131,386700
452434,386800
452797,386900
453005,387000
453919,387100
454241,387200
454561,387300
454835,387400
455140,387500
455419,387600
455667,387700
455956,387800
456279,387900
456608,388000
457580,388100
457914,388200
458190,388300
458491,388400
458737,388500
458988,388600
459262,388700
459553,388800
459822,388900
460064,389000
460958,389100
461316,389200
461594,389300
461913,389400
462232,389500
462611,389600
462955,389700
463221,389800
463554,389900
463891,390000
464957,390100
465198,390200
465477,390300
465745,390400
466023,390500
466273,390600
466633,390700
466948,390800
467370,390900
467586,391000
468526,391100
468817,391200
469112,391300
469441,391400
469779,391500
470098,391600
470315,391700
470622,391800
470950,391900
471283,392000
472180,392100
472554,392200
472866,392300
473161,392400
473446,392500
473678,392600
473940,392700
474199,392800
474522,392900
474753,393000
475677,393100
476011,393200
476358,393300
476773,393400
477233,393500
477588,393600
477982,393700
478329,393800
478664,393900
478945,394000
480040,394100
480506,394200
480913,394300
481386,394400
481723,394500
482067,394600
482366,394700
482622,394800
482910,394900
483208,395000
484250,395100
484619,395200
485009,395300
485422,395400
485784,395500
486087,395600
486477,395700
486761,395800
487026,395900
487321,396000
488269,396100
488694,396200
489040,396300
489392,396400
489758,396500
490020,396600
490309,396700
490561,396800
490813,396900
491082,397000
492008,397100
492301,397200
492669,397300
493006,397400
493346,397500
493654,397600
493965,397700
494336,397800
494606,397900
494904,398000
495866,398100
496185,398200
496496,398300
496849,398400
497230,398500
497590,398600
497935,398700
498351,398800
498764,398900
498995,399000
500026,399100
500426,399200
500825,399300
501239,399400
501689,399500
502129,399600
502565,399700
502968,399800
503325,399900
503651,400000
504508,400100
504833,400200
505092,400300
505375,400400
505717,400500
506076,400600
506467,400700
506822,400800
507159,400900
507516,401000
508598,401100
508970,401200
509401,401300
509779,401400
510140,401500
510468,401600
510845,401700
511162,401800
511466,401900
511710,402000
512805,402100
513096,402200
513393,402300
513732,402400
514056,402500
514407,402600
514809,402700
515148,402800
515475,402900
515848,403000
516806,403100
517130,403200
517550,403300
517937,403400
518251,403500
518627,403600
519031,403700
519352,403800
519652,403900
519983,404000
520889,404100
521158,404200
521428,404300
521760,404400
522061,404500
522357,404600
522714,404700
522986,404800
523469,404900
523779,405000
524898,405100
525380,405200
525746,405300
526142,405400
526558,405500
526908,405600
527255,405700
527529,405800
527812,405900
528050,406000
529344,406100
529715,406200
530044,406300
530442,406400
530749,406500
531059,406600
531417,406700
531840,406800
532146,406900
532456,407000
533363,407100
533728,407200
534112,407300
534426,407400
534798,407500
535141,407600
535417,407700
535780,407800
536134,407900
536400,408000
537410,408100
537770,408200
538036,408300
538377,408400
538690,408500
538971,408600
539233,408700
539575,408800
539923,408900
540220,409000
541356,409100
541781,409200
542200,409300
542625,409400
543004,409500
543361,409600
543749,409700
544007,409800
544280,409900
544568,410000
545752,410100
546130,410200
546506,410300
546878,410400
547191,410500
547617,410600
547904,410700
548208,410800
548492,410900
548744,411000
549760,411100
550171,411200
550564,411300
551010,411400
551501,411500
551813,411600
552171,411700
552542,411800
552847,411900
553163,412000
554292,412100
554695,412200
555022,412300
555391,412400
555742,412500
556069,412600
556429,412700
556752,412800
556963,412900
557216,413000
558176,413100
558579,413200
558974,413300
559424,413400
559799,413500
560193,413600
560650,413700
561059,413800
561316,413900
561603,414000
562735,414100
563159,414200
563604,414300
564020,414400
564395,414500
564791,414600
565216,414700
565552,414800
565790,414900
566055,415000
567022,415100
567462,415200
567843,415300
568311,415400
568663,415500
569027,415600
569442,415700
569830,415800
570137,415900
570492,416000
571526,416100
571950,416200
572370,416300
572754,416400
573167,416500
573569,416600
573949,416700
574293,416800
574587,416900
574887,417000
576002,417100
576352,417200
576822,417300
577327,417400
577750,417500
578247,417600
578709,417700
579251,417800
579516,417900
579796,418000
580921,418100
581251,418200
581750,418300
582156,418400
582568,418500
582901,418600
583428,418700
583698,418800
584021,418900
584290,419000
585336,419100
585709,419200
586092,419300
586588,419400
586977,419500
587350,419600
587753,419700
588205,419800
588597,419900
588904,420000
589826,420100
590223,420200
590647,420300
590978,420400
591341,420500
591714,420600
592026,420700
592362,420800
592680,420900
592952,421000
594028,421100
594449,421200
594845,421300
595257,421400
595687,421500
596214,421600
596654,421700
597012,421800
597344,421900
597630,422000
598721,422100
599153,422200
599669,422300
600139,422400
600577,422500
601118,422600
601458,422700
601797,422800
602101,422900
602407,423000
603544,423100
603985,423200
604364,423300
604807,423400
605200,423500
605575,423600
605953,423700
606306,423800
606639,423900
606912,424000
607916,424100
608292,424200
608676,424300
609060,424400
609440,424500
609775,424600
610130,424700
610479,424800
610824,424900
611153,425000
612326,425100
612699,425200
613168,425300
613650,425400
614167,425500
614647,425600
615103,425700
615503,425800
615823,425900
616090,426000
617152,426100
617480,426200
617916,426300
618409,426400
618790,426500
619203,426600
619694,426700
620037,426800
620444,426900
620749,427000
621782,427100
622110,427200
622456,427300
622823,427400
623206,427500
623570,427600
623970,427700
624374,427800
624722,427900
625058,428000
626152,428100
626510,428200
626833,428300
627219,428400
627654,428500
628029,428600
628405,428700
628819,428800
629162,428900
629457,429000
630491,429100
630835,429200
631184,429300
631557,429400
631924,429500
632325,429600
632711,429700
633150,429800
633602,429900
633956,430000
635184,430100
635635,430200
636063,430300
636538,430400
636956,430500
637357,430600
637738,430700
638188,430800
638493,430900
638798,431000
639922,431100
640362,431200
640873,431300
641151,431400
641477,431500
641816,431600
642231,431700
642624,431800
642952,431900
643342,432000
644488,432100
644927,432200
645287,432300
645598,432400
645910,432500
646378,432600
646782,432700
647112,432800
647511,432900
647849,433000
648950,433100
649425,433200
649875,433300
650364,433400
650779,433500
651160,433600
651663,433700
652124,433800
652504,433900
652891,434000
654029,434100
654537,434200
655010,434300
655589,434400
656015,434500
656438,434600
656898,434700
657443,434800
657801,434900
658141,435000
659487,435100
659968,435200
660460,435300
660861,435400
661358,435500
661814,435600
662368,435700
663056,435800
663496,435900
664093,436000
665456,436100
665922,436200
666368,436300
666789,436400
667238,436500
667617,436600
667994,436700
668441,436800
668861,436900
669462,437000
670737,437100
671207,437200
671758,437300
672280,437400
672781,437500
673267,437600
673675,437700
674200,437800
674562,437900
674959,438000
676201,438100
676675,438200
677155,438300
677694,438400
678108,438500
678542,438600
678986,438700
679367,438800
679858,438900
680206,439000
681345,439100
681795,439200
682327,439300
682821,439400
683380,439500
683923,439600
684378,439700
684854,439800
685451,439900
685909,440000
687093,440100
687538,440200
687959,440300
688343,440400
688768,440500
689191,440600
689629,440700
690020,440800
690439,440900
690968,441000
692301,441100
692852,441200
693408,441300
693917,441400
694427,441500
695054,441600
695498,441700
695877,441800
696380,441900
696829,442000
698102,442100
698677,442200
699234,442300
699829,442400
700388,442500
700943,442600
701480,442700
701967,442800
702287,442900
702603,443000
703754,443100
704237,443200
704689,443300
705183,443400
705771,443500
706354,443600
706892,443700
707479,443800
707903,443900
708292,444000
709698,444100
710198,444200
710852,444300
711338,444400
711871,444500
712386,444600
712853,444700
713553,444800
714026,444900
714379,445000
715588,445100
716100,445200
716647,445300
717266,445400
717807,445500
718561,445600
719081,445700
719497,445800
719941,445900
720417,446000
724869,446100
725307,446200
725874,446300
726391,446400
726854,446500
727333,446600
727791,446700
728239,446800
728677,446900
729133,447000
736907,447100
737520,447200
738056,447300
738591,447400
739159,447500
739750,447600
740272,447700
740690,447800
741228,447900
741661,448000
742854,448100
743336,448200
743836,448300
744295,448400
744702,448500
745248,448600
745835,448700
746449,448800
746955,448900
747391,449000
748903,449100
749392,449200
749862,449300
750386,449400
750837,449500
751320,449600
752101,449700
752671,449800
753241,449900
753734,450000
755185,450100
755839,450200
756361,450300
757038,450400
757876,450500
758438,450600
759012,450700
759527,450800
759983,450900
760459,451000
761835,451100
762477,451200
763383,451300
764068,451400
764702,451500
765355,451600
766033,451700
766606,451800
767060,451900
767525,452000
768996,452100
769577,452200
770172,452300
770795,452400
771349,452500
771935,452600
772424,452700
772981,452800
773564,452900
774052,453000
775667,453100
776256,453200
776850,453300
777417,453400
778042,453500
778673,453600
779155,453700
779571,453800
780126,453900
780569,454000
781946,454100
782730,454200
783406,454300
784116,454400
784782,454500
785608,454600
786118,454700
786558,454800
787029,454900
787532,455000
788920,455100
789535,455200
790271,455300
791108,455400
791655,455500
792260,455600
792785,455700
793323,455800
793838,455900
794384,456000
795690,456100
796161,456200
796856,456300
797404,456400
797982,456500
798513,456600
799072,456700
799579,456800
800084,456900
800622,457000
802294,457100
802919,457200
803555,457300
804187,457400
804809,457500
805469,457600
805942,457700
806427,457800
806906,457900
807322,458000
808722,458100
809315,458200
809893,458300
810496,458400
811078,458500
811762,458600
812212,458700
812638,458800
813086,458900
813702,459000
814977,459100
815568,459200
816188,459300
816787,459400
817389,459500
817977,459600
818594,459700
819276,459800
819780,459900
820304,460000
821644,460100
822259,460200
822734,460300
823252,460400
823733,460500
824244,460600
824821,460700
825255,460800
825690,460900
826103,461000
827307,461100
827914,461200
828495,461300
829019,461400
829622,461500
830361,461600
830814,461700
831199,461800
831663,461900
832078,462000
833513,462100
834122,462200
834586,462300
835094,462400
835777,462500
836290,462600
836738,462700
837184,462800
837694,462900
838103,463000
839409,463100
839882,463200
840337,463300
840834,463400
841462,463500
841953,463600
842502,463700
842907,463800
843388,463900
843925,464000
845234,464100
845721,464200
846247,464300
846741,464400
847380,464500
847936,464600
848454,464700
848970,464800
849502,464900
850017,465000
851409,465100
852040,465200
852733,465300
853212,465400
853696,465500
854301,465600
854797,465700
855227,465800
855652,465900
856085,466000
857383,466100
857821,466200
858413,466300
858902,466400
859424,466500
859855,466600
860269,466700
860683,466800
861116,466900
861526,467000
862928,467100
863494,467200
864118,467300
864633,467400
865178,467500
865724,467600
866239,467700
866748,467800
867246,467900
867705,468000
869185,468100
869852,468200
870358,468300
870860,468400
871335,468500
871861,468600
872371,468700
872854,468800
873291,468900
873756,469000
875220,469100
875777,469200
876353,469300
876911,469400
877365,469500
877798,469600
878183,469700
878619,469800
879023,469900
879462,470000
880991,470100
881526,470200
882113,470300
882607,470400
883144,470500
883677,470600
884206,470700
884625,470800
885057,470900
885483,471000
887069,471100
887613,471200
888112,471300
888576,471400
889059,471500
889524,471600
889949,471700
890416,471800
890870,471900
891322,472000
892798,472100
893297,472200
893843,472300
894293,472400
894781,472500
895264,472600
895753,472700
896301,472800
896811,472900
897278,473000
898832,473100
899439,473200
899980,473300
900558,473400
901146,473500
901705,473600
902122,473700
902486,473800
902820,473900
903348,474000
904596,474100
905117,474200
905670,474300
906161,474400
906606,474500
907144,474600
907740,474700
908082,474800
908422,474900
908967,475000
910253,475100
910921,475200
911419,475300
912000,475400
912454,475500
913006,475600
913536,475700
914097,475800
914736,475900
915217,476000
916402,476100
916879,476200
917374,476300
917873,476400
918288,476500
918717,476600
919098,476700
919536,476800
920085,476900
920532,477000
921797,477100
922190,477200
922834,477300
923479,477400
924060,477500
924607,477600
925079,477700
925635,477800
926054,477900
926445,478000
927743,478100
928403,478200
928952,478300
929629,478400
930170,478500
930583,478600
931137,478700
931590,478800
931959,478900
932413,479000
933823,479100
934344,479200
934858,479300
935386,479400
935825,479500
936294,479600
936940,479700
937363,479800
937751,479900
938174,480000
939339,480100
939833,480200
940375,480300
940903,480400
941385,480500
941914,480600
942530,480700
942952,480800
943407,480900
943863,481000
945130,481100
945707,481200
946295,481300
946848,481400
947435,481500
948154,481600
948640,481700
949117,481800
949580,481900
950079,482000
951675,482100
952377,482200
952981,482300
953634,482400
954221,482500
954722,482600
955122,482700
955530,482800
955938,482900
956353,483000
957862,483100
958391,483200
958836,483300
959467,483400
959941,483500
960470,483600
960947,483700
961429,483800
961885,483900
962239,484000
963688,484100
964105,484200
964471,484300
964982,484400
965312,484500
965752,484600
966141,484700
966545,484800
966938,484900
967297,485000
968587,485100
969017,485200
969629,485300
970066,485400
970752,485500
971205,485600
971501,485700
971837,485800
972211,485900
972649,486000
974102,486100
974690,486200
975182,486300
975651,486400
976212,486500
976597,486600
976986,486700
977365,486800
977755,486900
978202,487000
979661,487100
980177,487200
980712,487300
981217,487400
981782,487500
982197,487600
982578,487700
983037,487800
983540,487900
984003,488000
985330,488100
985842,488200
986287,488300
986837,488400
987438,488500
987905,488600
988272,488700
988610,488800
988922,488900
989336,489000
990705,489100
991318,489200
991932,489300
992686,489400
993269,489500
993846,489600
994382,489700
994910,489800
995407,489900
995833,490000
997225,490100
997883,490200
998680,490300
999315,490400
999924,490500
1000502,490600
1000925,490700
1001409,490800
1001876,490900
1002296,491000
1004041,491100
1004632,491200
1005189,491300
1005831,491400
1006482,491500
1007051,491600
1007540,491700
1007987,491800
1008310,491900
1008784,492000
1010449,492100
1010993,492200
1011581,492300
1012164,492400
1012672,492500
1013215,492600
1013753,492700
1014304,492800
1015021,492900
1015660,493000
1017287,493100
1017911,493200
1018663,493300
1019357,493400
1020091,493500
1020960,493600
1021605,493700
1022232,493800
1022932,493900
1023659,494000
1025530,494100
1026427,494200
1027212,494300
1027756,494400
1028340,494500
1028865,494600
1029416,494700
1029956,494800
1030454,494900
1030988,495000
1032654,495100
1033299,495200
1033947,495300
1034510,495400
1035161,495500
1035823,495600
1036353,495700
1036849,495800
1037481,495900
1038014,496000
1039547,496100
1040148,496200
1040782,496300
1041367,496400
1042007,496500
1042543,496600
1043222,496700
1043787,496800
1044325,496900
1044917,497000
1046783,497100
1047493,497200
1048210,497300
1049017,497400
1049762,497500
1050360,497600
1050937,497700
1051535,497800
1052134,497900
1052821,498000
1054733,498100
1055530,498200
1056418,498300
1057233,498400
1057958,498500
1058537,498600
1059087,498700
1059752,498800
1060290,498900
1060840,499000
1062421,499100
1063097,499200
1063831,499300
1064534,499400
1065429,499500
1066115,499600
1066894,499700
1067497,499800
1068135,499900
1068643,500000
1070170,500100
1070963,500200
1071649,500300
1072328,500400
1072966,500500
1073579,500600
1074160,500700
1074738,500800
1075341,500900
1075847,501000
1077462,501100
1078180,501200
1078897,501300
1079599,501400
1080338,501500
1081027,501600
1081744,501700
1082577,501800
1083284,501900
1083874,502000
1085562,502100
1086173,502200
1086974,502300
1087923,502400
1088753,502500
1089588,502600
1090295,502700
1090901,502800
1091489,502900
1092034,503000
1093867,503100
1094543,503200
1095274,503300
1096026,503400
1096724,503500
1097399,503600
1097975,503700
1098486,503800
1099200,503900
1099714,504000
1101255,504100
1101844,504200
1102489,504300
1103209,504400
1103931,504500
1104618,504600
1105111,504700
1105648,504800
1106185,504900
1106742,505000
1108348,505100
1109206,505200
1110374,505300
1111250,505400
1111817,505500
1112627,505600
1113368,505700
1113880,505800
1114409,505900
1114963,506000
1116924,506100
1117712,506200
1118466,506300
1119317,506400
1119935,506500
1120688,506600
1121471,506700
1122046,506800
1122645,506900
1123135,507000
1124646,507100
1125335,507200
1125961,507300
1126742,507400
1127264,507500
1127806,507600
1128469,507700
1129029,507800
1129537,507900
1130176,508000
1131973,508100
1132955,508200
1133863,508300
1134627,508400
1135318,508500
1136141,508600
1136866,508700
1137719,508800
1138367,508900
1139005,509000
1140861,509100
1141842,509200
1142769,509300
1143657,509400
1144275,509500
1144905,509600
1145519,509700
1146067,509800
1146672,509900
1147245,510000
1149182,510100
1149940,510200
1150748,510300
1151437,510400
1152037,510500
1152657,510600
1153156,510700
1153826,510800
1154197,510900
1154814,511000
1156417,511100
1157073,511200
1157840,511300
1158709,511400
1159353,511500
1159881,511600
1160781,511700
1161576,511800
1162302,511900
1163013,512000
1164924,512100
1165820,512200
1166685,512300
1167450,512400
1168163,512500
1168814,512600
1169559,512700
1170231,512800
1170960,512900
1171597,513000
1173253,513100
1174105,513200
1174626,513300
1175407,513400
1175784,513500
1176378,513600
1176853,513700
1177198,513800
1177554,513900
1177879,514000
1179513,514100
1180032,514200
1180553,514300
1181079,514400
1181838,514500
1182369,514600
1182852,514700
1183385,514800
1183834,514900
1184195,515000
1185429,515100
1185896,515200
1186451,515300
1186938,515400
1187592,515500
1188229,515600
1188775,515700
1189270,515800
1189762,515900
1190198,516000
1191508,516100
1191928,516200
1192381,516300
1192942,516400
1193418,516500
1193851,516600
1194290,516700
1194732,516800
1195262,516900
1195756,517000
1197166,517100
1197535,517200
1198125,517300
1198571,517400
1199153,517500
1199752,517600
1200118,517700
1200648,517800
1201157,517900
1201591,518000
1204245,518100
1204885,518200
1205405,518300
1205957,518400
1206648,518500
1207195,518600
1207729,518700
1208170,518800
1208647,518900
1209335,519000
1210706,519100
1211428,519200
1212056,519300
1212401,519400
1212892,519500
1213393,519600
1213919,519700
1214637,519800
1215219,519900
1215686,520000
1217179,520100
1217813,520200
1218404,520300
1218705,520400
1219101,520500
1219486,520600
1219984,520700
1220432,520800
1220835,520900
1221283,521000
1222832,521100
1223536,521200
1224170,521300
1224740,521400
1225442,521500
1225818,521600
1226278,521700
1226864,521800
1227241,521900
1227673,522000
1229141,522100
1229770,522200
1230465,522300
1231093,522400
1231550,522500
1232060,522600
1232592,522700
1233026,522800
1233597,522900
1233993,523000
1235280,523100
1236241,523200
1236811,523300
1237196,523400
1237603,523500
1238012,523600
1238527,523700
1238888,523800
1239303,523900
1239729,524000
1241050,524100
1241656,524200
1241941,524300
1242358,524400
1242780,524500
1243045,524600
1243405,524700
1243769,524800
1244226,524900
1244720,525000
1245964,525100
1246454,525200
1247006,525300
1247399,525400
1248029,525500
1248342,525600
1248749,525700
1249265,525800
1250031,525900
1250676,526000
1252359,526100
1253133,526200
1253775,526300
1254474,526400
1255237,526500
1255803,526600
1256249,526700
1256690,526800
1257271,526900
1257958,527000
1259420,527100
1260287,527200
1260878,527300
1261530,527400
1262143,527500
1262803,527600
1263281,527700
1263641,527800
1263938,527900
1264349,528000
1265746,528100
1266144,528200
1266937,528300
1267655,528400
1268131,528500
1268718,528600
1269094,528700
1269556,528800
1269915,528900
1270270,529000
1271590,529100
1272217,529200
1272976,529300
1273687,529400
1274543,529500
1274908,529600
1275254,529700
1275673,529800
1276077,529900
1276449,530000
1277833,530100
1278404,530200
1279239,530300
1280143,530400
1280737,530500
1281290,530600
1281795,530700
1282460,530800
1282832,530900
1283161,531000
1285286,531100
1285968,531200
1286611,531300
1287184,531400
1287846,531500
1288784,531600
1289508,531700
1290269,531800
1291008,531900
1291559,532000
1292867,532100
1293431,532200
1293991,532300
1294576,532400
1295168,532500
1295858,532600
1296345,532700
1296763,532800
1297220,532900
1297621,533000
1298788,533100
1299167,533200
1299666,533300
1300299,533400
1301148,533500
1301864,533600
1302349,533700
1302748,533800
1303173,533900
1303619,534000
1305031,534100
1305463,534200
1306012,534300
1306764,534400
1307333,534500
1308045,534600
1308602,534700
1309182,534800
1309711,534900
1310152,535000
1311675,535100
1312268,535200
1312687,535300
1313293,535400
1313996,535500
1314632,535600
1315150,535700
1315637,535800
1316088,535900
1316614,536000
1317950,536100
1318330,536200
1318654,536300
1318935,536400
1319322,536500
1319735,536600
1320168,536700
1320657,536800
1321011,536900
1321371,537000
1328722,537100
1329239,537200
1329656,537300
1330014,537400
1330365,537500
1330754,537600
1331243,537700
1331597,537800
1332031,537900
1332490,538000
1333996,538100
1334569,538200
1335159,538300
1335687,538400
1336190,538500
1336754,538600
1337286,538700
1337847,538800
1338370,538900
1339121,539000
1340611,539100
1341136,539200
1341740,539300
1342367,539400
1342910,539500
1343398,539600
1343908,539700
1344585,539800
1345194,539900
1345875,540000
1347335,540100
1347863,540200
1348439,540300
1349280,540400
1349710,540500
1350290,540600
1350679,540700
1351099,540800
1351702,540900
1352253,541000
1353668,541100
1354219,541200
1354881,541300
1355655,541400
1356320,541500
1356932,541600
1357352,541700
1357902,541800
1358486,541900
1359136,542000
1360689,542100
1361337,542200
1361972,542300
1362825,542400
1363583,542500
1364176,542600
1364773,542700
1365230,542800
1365822,542900
1366449,543000
1367944,543100
1368565,543200
1369154,543300
1369704,543400
1370390,543500
1370915,543600
1371355,543700
1371927,543800
1372282,543900
1372804,544000
1374308,544100
1374775,544200
1375344,544300
1375865,544400
1376357,544500
1377218,544600
1377711,544700
1378162,544800
1378672,544900
1379447,545000
1381071,545100
1381901,545200
1382791,545300
1383474,545400
1384217,545500
1384793,545600
1385393,545700
1386061,545800
1386651,545900
1387255,546000
1401249,546100
1402162,546200
1402933,546300
1403805,546400
1404777,546500
1405461,546600
1405946,546700
1406551,546800
1407174,546900
1407825,547000
1409861,547100
1410854,547200
1411918,547300
1412835,547400
1413709,547500
1414645,547600
1415677,547700
1416482,547800
1417403,547900
1418172,548000
1419814,548100
1420704,548200
1421386,548300
1422364,548400
1423238,548500
1423981,548600
1424545,548700
1425448,548800
1426328,548900
1426987,549000
1428915,549100
1429922,549200
1430841,549300
1431977,549400
1432741,549500
1433442,549600
1434138,549700
1434834,549800
1435552,549900
1436337,550000
1438324,550100
1439647,550200
1440792,550300
1441627,550400
1442571,550500
1443139,550600
1443851,550700
1444737,550800
1445815,550900
1446765,551000
1449081,551100
1450105,551200
1451263,551300
1452281,551400
1453475,551500
1454498,551600
1455400,551700
1456222,551800
1457246,551900
1458050,552000
1460619,552100
1461509,552200
1462559,552300
1463262,552400
1464167,552500
1464890,552600
1465618,552700
1466431,552800
1467332,552900
1468042,553000
1470273,553100
1471270,553200
1472185,553300
1473087,553400
1473954,553500
1475017,553600
1475852,553700
1476591,553800
1477262,553900
1477880,554000
1479717,554100
1480944,554200
1481893,554300
1482875,554400
1483785,554500
1484464,554600
1485120,554700
1485974,554800
1486858,554900
1487551,555000
1489070,555100
1489883,555200
1490647,555300
1491763,555400
1492647,555500
1493361,555600
1494112,555700
1494843,555800
1495453,555900
1496178,556000
1497790,556100
1498273,556200
1498808,556300
1499399,556400
1499940,556500
1500502,556600
1501138,556700
1501964,556800
1502657,556900
1503357,557000
1505226,557100
1505912,557200
1506540,557300
1507184,557400
1508169,557500
1508739,557600
1509351,557700
1509923,557800
1510450,557900
1511089,558000
1512987,558100
1513615,558200
1514309,558300
1515085,558400
1515807,558500
1516518,558600
1517176,558700
1517820,558800
1518583,558900
1519207,559000
1520882,559100
1521615,559200
1522196,559300
1522857,559400
1523729,559500
1524403,559600
1525207,559700
1525946,559800
1526585,559900
1527254,560000
1528801,560100
1529475,560200
1529968,560300
1530516,560400
1531213,560500
1531925,560600
1532505,560700
1533063,560800
1533602,560900
1534172,561000
1535926,561100
1536534,561200
1537293,561300
1537963,561400
1538592,561500
1539357,561600
1540197,561700
1540814,561800
1541484,561900
1542073,562000
1543786,562100
1544667,562200
1545481,562300
1546200,562400
1546965,562500
1547839,562600
1548958,562700
1549869,562800
1550535,562900
1551199,563000
1552977,563100
1553726,563200
1554525,563300
1555010,563400
1555758,563500
1556506,563600
1557230,563700
1557849,563800
1558560,563900
1559251,564000
1560981,564100
1561770,564200
1562307,564300
1562909,564400
1563534,564500
1564108,564600
1564785,564700
1565430,564800
1566039,564900
1566533,565000
1568220,565100
1568830,565200
1569687,565300
1570359,565400
1571013,565500
1571754,565600
1572756,565700
1573424,565800
1574251,565900
1574939,566000
1576707,566100
1577530,566200
1578485,566300
1579248,566400
1579817,566500
1580631,566600
1581474,566700
1582120,566800
1582796,566900
1583650,567000
1585329,567100
1586014,567200
1586670,567300
1587337,567400
1587848,567500
1588588,567600
1589500,567700
1590040,567800
1590772,567900
1591429,568000
1593046,568100
1593830,568200
1594499,568300
1595092,568400
1595627,568500
1596054,568600
1596626,568700
1597320,568800
1597888,568900
1598596,569000
1600524,569100
1601276,569200
1602043,569300
1602897,569400
1603676,569500
1604342,569600
1604999,569700
1605829,569800
1606506,569900
1607201,570000
1609309,570100
1610379,570200
1611598,570300
1612639,570400
1613435,570500
1614215,570600
1615085,570700
1616119,570800
1617186,570900
1617911,571000
1619829,571100
1620802,571200
1621925,571300
1623010,571400
1623844,571500
1624454,571600
1625217,571700
1625972,571800
1626633,571900
1627564,572000
1629456,572100
1630126,572200
1630785,572300
1631474,572400
1632100,572500
1632786,572600
1633510,572700
1634102,572800
1634846,572900
1635560,573000
1638061,573100
1639054,573200
1639879,573300
1640783,573400
1641494,573500
1642095,573600
1642624,573700
1643410,573800
1644071,573900
1644955,574000
1647020,574100
1647861,574200
1648664,574300
1649579,574400
1650826,574500
1651752,574600
1652560,574700
1653418,574800
1654137,574900
1654891,575000
1656888,575100
1657968,575200
1658977,575300
1660177,575400
1661327,575500
1662259,575600
1663128,575700
1664088,575800
1665087,575900
1665909,576000
1668044,576100
1668913,576200
1669827,576300
1670667,576400
1671521,576500
1672410,576600
1673200,576700
1673881,576800
1674621,576900
1675295,577000
1677262,577100
1678410,577200
1679295,577300
1680103,577400
1680964,577500
1681736,577600
1682439,577700
1683108,577800
1683865,577900
1684670,578000
1686816,578100
1687840,578200
1689199,578300
1690165,578400
1691113,578500
1692115,578600
1693354,578700
1694240,578800
1695269,578900
1696044,579000
1698197,579100
1699234,579200
1700488,579300
1701615,579400
1702456,579500
1703284,579600
1704227,579700
1705068,579800
1705997,579900
1706715,580000
1708658,580100
1709633,580200
1710436,580300
1711485,580400
1712308,580500
1713105,580600
1713931,580700
1715080,580800
1715853,580900
1716608,581000
1718746,581100
1719786,581200
1720709,581300
1721588,581400
1722371,581500
1723214,581600
1724033,581700
1724905,581800
1725876,581900
1726746,582000
1729245,582100
1730384,582200
1731607,582300
1732736,582400
1734198,582500
1735479,582600
1736540,582700
1737518,582800
1738419,582900
1739318,583000
1741386,583100
1742391,583200
1743429,583300
1744574,583400
1745687,583500
1746775,583600
1747705,583700
1748510,583800
1749308,583900
1750256,584000
1752173,584100
1752899,584200
1753626,584300
1754378,584400
1755184,584500
1756346,584600
1757190,584700
1758100,584800
1758934,584900
1759795,585000
1762104,585100
1763142,585200
1763978,585300
1764735,585400
1765586,585500
1766625,585600
1767683,585700
1768651,585800
1769586,585900
1770440,586000
1772387,586100
1774078,586200
1774848,586300
1775600,586400
1776536,586500
1777548,586600
1778721,586700
1779365,586800
1780125,586900
1780910,587000
1782736,587100
1783586,587200
1784488,587300
1785082,587400
1785804,587500
1786585,587600
1787364,587700
1788156,587800
1788834,587900
1789445,588000
1791655,588100
1792591,588200
1793463,588300
1794128,588400
1794624,588500
1795189,588600
1795874,588700
1796680,588800
1797430,588900
1798229,589000
1800949,589100
1801921,589200
1802804,589300
1803745,589400
1804520,589500
1805070,589600
1805667,589700
1806516,589800
1807492,589900
1808349,590000
1810204,590100
1811058,590200
1812165,590300
1812993,590400
1813863,590500
1814628,590600
1815297,590700
1815889,590800
1816542,590900
1817267,591000
1819515,591100
1820720,591200
1821717,591300
1822681,591400
1823801,591500
1824647,591600
1825200,591700
1825717,591800
1826478,591900
1827195,592000
1829083,592100
1830018,592200
1830734,592300
1831428,592400
1832175,592500
1832850,592600
1833312,592700
1833913,592800
1834733,592900
1835487,593000
1837259,593100
1838130,593200
1839038,593300
1840046,593400
1840777,593500
1841776,593600
1842451,593700
1842864,593800
1843418,593900
1843998,594000
1846172,594100
1847268,594200
1848230,594300
1849147,594400
1849781,594500
1850614,594600
1851477,594700
1852165,594800
1852782,594900
1853659,595000
1855160,595100
1856440,595200
1857822,595300
1858857,595400
1859825,595500
1860495,595600
1861199,595700
1861888,595800
1862570,595900
1863169,596000
1864869,596100
1865699,596200
1866552,596300
1867376,596400
1868296,596500
1868981,596600
1869573,596700
1870191,596800
1870980,596900
1871546,597000
1873192,597100
1874160,597200
1875124,597300
1875927,597400
1876762,597500
1877516,597600
1878151,597700
1878735,597800
1879685,597900
1880116,598000
1881724,598100
1882485,598200
1883145,598300
1884034,598400
1885060,598500
1885842,598600
1886684,598700
1887481,598800
1888098,598900
1888744,599000
1890604,599100
1891257,599200
1892177,599300
1893173,599400
1894099,599500
1895093,599600
1896041,599700
1896871,599800
1897443,599900
1898218,600000
1899931,600100
1900620,600200
1901133,600300
1901939,600400
1902550,600500
1903291,600600
1903808,600700
1904471,600800
1905201,600900
1905966,601000
1908036,601100
1908974,601200
1909877,601300
1910770,601400
1911662,601500
1912687,601600
1913468,601700
1914117,601800
1914977,601900
1915711,602000
1917679,602100
1918750,602200
1919710,602300
1920852,602400
1921840,602500
1922889,602600
1923926,602700
1924699,602800
1925403,602900
1926141,603000
1928023,603100
1928820,603200
1929786,603300
1930794,603400
1931592,603500
1932627,603600
1933484,603700
1934154,603800
1935431,603900
1936529,604000
1939288,604100
1941119,604200
1941988,604300
1942755,604400
1943663,604500
1944386,604600
1945047,604700
1945911,604800
1947055,604900
1947878,605000
1949438,605100
1950098,605200
1950810,605300
1951761,605400
1952639,605500
1953365,605600
1953918,605700
1954531,605800
1955099,605900
1955851,606000
1957879,606100
1958644,606200
1959564,606300
1960527,606400
1961365,606500
1962269,606600
1963290,606700
1963944,606800
1964571,606900
1965303,607000
1966937,607100
1967672,607200
1968756,607300
1969748,607400
1970889,607500
1972042,607600
1973072,607700
1973816,607800
1974741,607900
1975466,608000
1977060,608100
1977877,608200
1978688,608300
1979448,608400
1980454,608500
1981649,608600
1982491,608700
1983152,608800
1983871,608900
1984487,609000
1986264,609100
1986856,609200
1987347,609300
1988048,609400
1988876,609500
1989752,609600
1990390,609700
1991268,609800
1992202,609900
1992905,610000
1994838,610100
1995594,610200
1996910,610300
1997815,610400
1998737,610500
1999622,610600
2000266,610700
2000675,610800
2001129,610900
2001827,611000
2003529,611100
2004389,611200
2005222,611300
2005859,611400
2006661,611500
2007749,611600
2008611,611700
2009489,611800
2010199,611900
2011005,612000
2012930,612100
2013900,612200
2014729,612300
2015400,612400
2015933,612500
2016745,612600
2017473,612700
2018417,612800
2019465,612900
2020191,613000
2022006,613100
2022701,613200
2023624,613300
2024588,613400
2025398,613500
2026029,613600
2026666,613700
2027318,613800
2027991,613900
2028765,614000
2030983,614100
2031990,614200
2033007,614300
2034079,614400
2034752,614500
2035374,614600
2036288,614700
2037126,614800
2038184,614900
2039018,615000
2041376,615100
2042162,615200
2043409,615300
2044177,615400
2044816,615500
2045580,615600
2046237,615700
2047084,615800
2047899,615900
2048800,616000
2050650,616100
2051527,616200
2052632,616300
2053644,616400
2054591,616500
2055352,616600
2056159,616700
2056963,616800
2058011,616900
2058954,617000
2060989,617100
2062115,617200
2063086,617300
2064065,617400
2064808,617500
2065556,617600
2066176,617700
2066854,617800
2067447,617900
2068256,618000
2070522,618100
2071722,618200
2073068,618300
2073944,618400
2074852,618500
2075609,618600
2076414,618700
2077118,618800
2077858,618900
2078671,619000
2080933,619100
2081925,619200
2082961,619300
2083973,619400
2084787,619500
2085920,619600
2086586,619700
2087231,619800
2088174,619900
2089143,620000
2092218,620100
2093590,620200
2094425,620300
2095351,620400
2096105,620500
2096931,620600
2097514,620700
2097965,620800
2098759,620900
2099597,621000
2101570,621100
2102601,621200
2103569,621300
2104596,621400
2105611,621500
2106488,621600
2107292,621700
2108262,621800
2109115,621900
2109976,622000
2112643,622100
2114082,622200
2115296,622300
2116423,622400
2117398,622500
2118214,622600
2119056,622700
2120219,622800
2121099,622900
2121920,623000
2124054,623100
2125115,623200
2125957,623300
2126942,623400
2127723,623500
2128518,623600
2129504,623700
2130401,623800
2131160,623900
2132037,624000
2133787,624100
2134659,624200
2135743,624300
2136955,624400
2137625,624500
2138204,624600
2139004,624700
2139703,624800
2140430,624900
2141226,625000
2143013,625100
2143957,625200
2144711,625300
2145496,625400
2146355,625500
2147356,625600
2148258,625700
2149103,625800
2149837,625900
2150627,626000
2153482,626100
2154691,626200
2155838,626300
2156996,626400
2158018,626500
2158891,626600
2159492,626700
2160297,626800
2161203,626900
2162031,627000
2164094,627100
2165004,627200
2166189,627300
2167487,627400
2168572,627500
2169990,627600
2171157,627700
2172051,627800
2172851,627900
2173703,628000
2175855,628100
2176869,628200
2177942,628300
2178914,628400
2179889,628500
2181318,628600
2182413,628700
2183310,628800
2184020,628900
2184900,629000
2187383,629100
2188415,629200
2189547,629300
2190748,629400
2192093,629500
2193142,629600
2194195,629700
2195152,629800
2196009,629900
2196939,630000
2199464,630100
2200801,630200
2202098,630300
2203976,630400
2205265,630500
2206115,630600
2207001,630700
2208078,630800
2209365,630900
2210313,631000
2212664,631100
2213827,631200
2215156,631300
2216508,631400
2217846,631500
2218806,631600
2219888,631700
2220889,631800
2221760,631900
2222713,632000
2225236,632100
2226747,632200
2228524,632300
2229496,632400
2230147,632500
2231060,632600
2231935,632700
2232960,632800
2233964,632900
2234764,633000
2236948,633100
2237777,633200
2238658,633300
2239284,633400
2240084,633500
2240755,633600
2241540,633700
2242617,633800
2243499,633900
2244271,634000
2246519,634100
2248315,634200
2249986,634300
2251400,634400
2252680,634500
2253751,634600
2254356,634700
2255011,634800
2255938,634900
2256768,635000
2259164,635100
2260561,635200
2261831,635300
2263015,635400
2263897,635500
2264826,635600
2265511,635700
2266302,635800
2267251,635900
2268274,636000
2270861,636100
2271981,636200
2272932,636300
2274125,636400
2274989,636500
2275944,636600
2276576,636700
2277454,636800
2278515,636900
2279388,637000
2281686,637100
2282821,637200
2283808,637300
2285069,637400
2285976,637500
2287052,637600
2287831,637700
2288493,637800
2289920,637900
2290833,638000
2293328,638100
2294802,638200
2296192,638300
2297772,638400
2299168,638500
2300152,638600
2301232,638700
2302072,638800
2302914,638900
2303831,639000
2305823,639100
2307163,639200
2308464,639300
2309989,639400
2311668,639500
2312862,639600
2314078,639700
2315312,639800
2316353,639900
2317435,640000
2320058,640100
2321070,640200
2322003,640300
2322978,640400
2323843,640500
2324854,640600
2325951,640700
2326855,640800
2327749,640900
2328766,641000
2331199,641100
2332467,641200
2333490,641300
2334521,641400
2335597,641500
2336968,641600
2337903,641700
2338958,641800
2340009,641900
2340969,642000
2343512,642100
2344726,642200
2346092,642300
2347629,642400
2348974,642500
2350287,642600
2351439,642700
2352442,642800
2353681,642900
2354835,643000
2357627,643100
2359290,643200
2360632,643300
2361977,643400
2363080,643500
2364410,643600
2365429,643700
2366387,643800
2367823,643900
2368757,644000
2371593,644100
2372943,644200
2374306,644300
2375849,644400
2376837,644500
2377841,644600
2378916,644700
2379880,644800
2381031,644900
2381959,645000
2386062,645100
2387195,645200
2388440,645300
2389575,645400
2390872,645500
2392110,645600
2393220,645700
2394220,645800
2395186,645900
2396644,646000
2399480,646100
2400819,646200
2402534,646300
2404065,646400
2405172,646500
2406173,646600
2407158,646700
2408331,646800
2409254,646900
2410242,647000
2412593,647100
2413976,647200
2415254,647300
2416686,647400
2418002,647500
2419525,647600
2420564,647700
2421744,647800
2422728,647900
2423823,648000
2426041,648100
2427167,648200
2428457,648300
2429720,648400
2430660,648500
2431660,648600
2432577,648700
2433525,648800
2434595,648900
2435566,649000
2438350,649100
2439481,649200
2440803,649300
2441965,649400
2442973,649500
2443908,649600
2444857,649700
2445952,649800
2446911,649900
2447762,650000
2449969,650100
2451342,650200
2452628,650300
2453767,650400
2454980,650500
2456205,650600
2457105,650700
2458048,650800
2458992,650900
2460039,651000
2462628,651100
2463938,651200
2465117,651300
2466177,651400
2467581,651500
2468868,651600
2470168,651700
2471223,651800
2472218,651900
2473389,652000
2475883,652100
2477195,652200
2479107,652300
2480225,652400
2481706,652500
2482942,652600
2484084,652700
2485227,652800
2486173,652900
2487091,653000
2489704,653100
2490709,653200
2491890,653300
2493074,653400
2494557,653500
2495634,653600
2496865,653700
2498125,653800
2499315,653900
2500495,654000
2503009,654100
2504577,654200
2506108,654300
2507409,654400
2508668,654500
2509825,654600
2511098,654700
2512198,654800
2513262,654900
2514228,655000
2517010,655100
2518481,655200
2519859,655300
2521328,655400
2522494,655500
2523837,655600
2525261,655700
2526612,655800
2527703,655900
2529091,656000
2531793,656100
2533358,656200
2534526,656300
2535598,656400
2536694,656500
2538077,656600
2539552,656700
2540648,656800
2541863,656900
2543186,657000
2546292,657100
2547637,657200
2549200,657300
2550955,657400
2552617,657500
2554013,657600
2555323,657700
2556676,657800
2557937,657900
2559197,658000
2562135,658100
2563338,658200
2564949,658300
2566611,658400
2568248,658500
2569466,658600
2571013,658700
2572366,658800
2573525,658900
2574518,659000
2577224,659100
2578595,659200
2579998,659300
2581712,659400
2583361,659500
2584537,659600
2585667,659700
2587108,659800
2588357,659900
2589372,660000
2592167,660100
2593539,660200
2594804,660300
2595936,660400
2597446,660500
2598631,660600
2599658,660700
2600684,660800
2601659,660900
2602750,661000
2605060,661100
2606275,661200
2607405,661300
2608812,661400
2609898,661500
2611037,661600
2612388,661700
2614018,661800
2615198,661900
2616650,662000
2619747,662100
2621784,662200
2623531,662300
2624945,662400
2626210,662500
2627331,662600
2628497,662700
2629900,662800
2631126,662900
2632189,663000
2635057,663100
2637143,663200
2639146,663300
2640767,663400
2642121,663500
2643542,663600
2644938,663700
2646348,663800
2647529,663900
2648706,664000
2651738,664100
2653435,664200
2655174,664300
2656942,664400
2658328,664500
2659642,664600
2660867,664700
2662296,664800
2663679,664900
2665068,665000
2668296,665100
2670179,665200
2671538,665300
2673054,665400
2674473,665500
2675869,665600
2677060,665700
2678180,665800
2680062,665900
2681281,666000
2684318,666100
2685855,666200
2687419,666300
2688956,666400
2690435,666500
2691700,666600
2692850,666700
2693973,666800
2695331,666900
2696539,667000
2699245,667100
2700827,667200
2702199,667300
2704002,667400
2705554,667500
2706653,667600
2707812,667700
2708854,667800
2709998,667900
2711296,668000
2716623,668100
2718321,668200
2719665,668300
2720857,668400
2722149,668500
2723286,668600
2724515,668700
2725691,668800
2726799,668900
2728166,669000
2730848,669100
2732536,669200
2734415,669300
2735990,669400
2737350,669500
2738805,669600
2739998,669700
2741447,669800
2742860,669900
2744464,670000
2747724,670100
2750217,670200
2751964,670300
2753793,670400
2755613,670500
2757007,670600
2758376,670700
2759678,670800
2761141,670900
2762520,671000
2765448,671100
2767275,671200
2768563,671300
2769978,671400
2771502,671500
2772709,671600
2774225,671700
2775712,671800
2777276,671900
2778427,672000
2781004,672100
2782760,672200
2783960,672300
2785195,672400
2786488,672500
2787736,672600
2789029,672700
2790206,672800
2791307,672900
2792553,673000
2795267,673100
2796841,673200
2798486,673300
2800373,673400
2802014,673500
2803265,673600
2804548,673700
2805927,673800
2807106,673900
2808745,674000
2811783,674100
2813429,674200
2815015,674300
2816700,674400
2818283,674500
2820059,674600
2821509,674700
2822784,674800
2823895,674900
2825032,675000
2827909,675100
2829316,675200
2830547,675300
2831785,675400
2833235,675500
2834412,675600
2835733,675700
2836963,675800
2838241,675900
2839354,676000
2841956,676100
2843023,676200
2844267,676300
2845313,676400
2846299,676500
2847293,676600
2848376,676700
2849479,676800
2850650,676900
2851815,677000
2854392,677100
2856075,677200
2857658,677300
2859161,677400
2860759,677500
2862005,677600
2863372,677700
2864532,677800
2866066,677900
2867420,678000
2870139,678100
2871885,678200
2873391,678300
2874981,678400
2876669,678500
2878173,678600
2879579,678700
2880978,678800
2882311,678900
2883701,679000
2886684,679100
2888441,679200
2890000,679300
2891364,679400
2892701,679500
2894209,679600
2895431,679700
2896707,679800
2897879,679900
2899040,680000
2901779,680100
2903144,680200
2904989,680300
2906216,680400
2907296,680500
2908421,680600
2909582,680700
2910938,680800
2912055,680900
2913193,681000
2915765,681100
2917227,681200
2918722,681300
2920081,681400
2921272,681500
2922634,681600
2924006,681700
2925355,681800
2926887,681900
2928329,682000
2931591,682100
2933754,682200
2935405,682300
2937452,682400
2938909,682500
2940034,682600
2941161,682700
2942682,682800
2944210,682900
2945366,683000
2948120,683100
2950022,683200
2951740,683300
2953509,683400
2954957,683500
2956390,683600
2957396,683700
2958685,683800
2959766,683900
2961162,684000
2963844,684100
2965342,684200
2966906,684300
2968142,684400
2969259,684500
2970254,684600
2971294,684700
2972555,684800
2973612,684900
2974564,685000
2977297,685100
2978541,685200
2979680,685300
2980646,685400
2981981,685500
2983571,685600
2984923,685700
2985966,685800
2986932,685900
2988272,686000
3006423,686100
3008009,686200
3009451,686300
3010946,686400
3012067,686500
3013198,686600
3014789,686700
3016368,686800
3018522,686900
3019799,687000
3022793,687100
3024520,687200
3026055,687300
3028067,687400
3029685,687500
3031041,687600
3032248,687700
3033845,687800
3035285,687900
3036476,688000
3039138,688100
3041602,688200
3043027,688300
3044559,688400
3046329,688500
3047670,688600
3048892,688700
3050295,688800
3051763,688900
3052982,689000
3056085,689100
3057696,689200
3059141,689300
3060450,689400
3061645,689500
3062862,689600
3064501,689700
3065612,689800
3068067,689900
3069259,690000
3072296,690100
3073845,690200
3075086,690300
3076371,690400
3077492,690500
3078541,690600
3079551,690700
3080616,690800
3081865,690900
3082947,691000
3085010,691100
3086655,691200
3087902,691300
3089073,691400
3089850,691500
3090511,691600
3091371,691700
3092267,691800
3094181,691900
3095149,692000
3097413,692100
3098468,692200
3099764,692300
3100728,692400
3101676,692500
3102439,692600
3103184,692700
3104307,692800
3105279,692900
3106182,693000
3108423,693100
3109613,693200
3110822,693300
3111669,693400
3112537,693500
3113457,693600
3113987,693700
3114839,693800
3115865,693900
3116746,694000
3118816,694100
3120107,694200
3121531,694300
3123125,694400
3124199,694500
3125286,694600
3126319,694700
3127730,694800
3128518,694900
3129634,695000
3132040,695100
3133766,695200
3135436,695300
3137148,695400
3138568,695500
3139821,695600
3140854,695700
3141854,695800
3142650,695900
3143746,696000
3146841,696100
3150166,696200
3151845,696300
3153211,696400
3154659,696500
3156188,696600
3157414,696700
3158636,696800
3159524,696900
3160208,697000
3162294,697100
3163641,697200
3164805,697300
3165917,697400
3167075,697500
3168236,697600
3169173,697700
3169955,697800
3171170,697900
3172209,698000
3177829,698100
3179547,698200
3180934,698300
3182242,698400
3183867,698500
3185265,698600
3186548,698700
3187717,698800
3189023,698900
3189821,699000
3192104,699100
3193494,699200
3194590,699300
3195733,699400
3196635,699500
3197663,699600
3198868,699700
3200033,699800
3200995,699900
3201994,700000
3231208,700100
3233310,700200
3235284,700300
3237448,700400
3240069,700500
3242082,700600
3243936,700700
3245949,700800
3247816,700900
3249554,701000
3252149,701100
3253754,701200
3255245,701300
3256675,701400
3258777,701500
3260448,701600
3262199,701700
3263571,701800
3265066,701900
3266392,702000
3268898,702100
3270501,702200
3272487,702300
3273945,702400
3275601,702500
3276840,702600
3278289,702700
3279993,702800
3281624,702900
3282811,703000
3286311,703100
3287843,703200
3289523,703300
3290964,703400
3292699,703500
3294500,703600
3295804,703700
3297200,703800
3299059,703900
3301018,704000
3304373,704100
3306372,704200
3307482,704300
3308547,704400
3310116,704500
3311854,704600
3313297,704700
3314691,704800
3315890,704900
3317451,705000
3320699,705100
3322817,705200
3324999,705300
3326080,705400
3327063,705500
3328887,705600
3330342,705700
3331573,705800
3333122,705900
3334854,706000
3338103,706100
3340342,706200
3341925,706300
3343930,706400
3345462,706500
3346318,706600
3347737,706700
3348826,706800
3350327,706900
3351664,707000
3354091,707100
3355903,707200
3357420,707300
3358598,707400
3359983,707500
3361059,707600
3362335,707700
3363863,707800
3365078,707900
3366221,708000
3369700,708100
3371438,708200
3373389,708300
3374919,708400
3375877,708500
3376757,708600
3377738,708700
3379093,708800
3380682,708900
3382328,709000
3386473,709100
3388020,709200
3389708,709300
3390923,709400
3392007,709500
3392995,709600
3393793,709700
3394957,709800
3396289,709900
3397414,710000
3401296,710100
3403061,710200
3404644,710300
3406267,710400
3407956,710500
3409096,710600
3409967,710700
3411101,710800
3412565,710900
3413640,711000
3416305,711100
3418203,711200
3419521,711300
3421003,711400
3422081,711500
3423251,711600
3424127,711700
3425145,711800
3426345,711900
3427612,712000
3430190,712100
3431664,712200
3433229,712300
3434641,712400
3435762,712500
3436801,712600
3438442,712700
3439800,712800
3440809,712900
3441854,713000
3444295,713100
3445922,713200
3447129,713300
3448356,713400
3449338,713500
3451151,713600
3452134,713700
3453042,713800
3453997,713900
3454956,714000
3457652,714100
3459443,714200
3461062,714300
3463197,714400
3464450,714500
3465659,714600
3466772,714700
3467812,714800
3469010,714900
3470128,715000
3472741,715100
3474359,715200
3475866,715300
3477102,715400
3478455,715500
3479732,715600
3480653,715700
3481587,715800
3482598,715900
3483544,716000
3487644,716100
3489021,716200
3490521,716300
3491833,716400
3493353,716500
3494503,716600
3495103,716700
3495947,716800
3496635,716900
3497398,717000
3500046,717100
3501748,717200
3503236,717300
3504615,717400
3505822,717500
3507012,717600
3508006,717700
3508923,717800
3509688,717900
3510511,718000
3513757,718100
3515389,718200
3516746,718300
3518498,718400
3519533,718500
3520655,718600
3521755,718700
3522688,718800
3523557,718900
3524452,719000
3526666,719100
3527960,719200
3529519,719300
3530717,719400
3531719,719500
3532541,719600
3533717,719700
3535207,719800
3536850,719900
3537908,720000
3540239,720100
3541760,720200
3542916,720300
3544059,720400
3545195,720500
3546512,720600
3547750,720700
3548868,720800
3549739,720900
3550579,721000
3553049,721100
3554483,721200
3555828,721300
3557135,721400
3558378,721500
3559360,721600
3560516,721700
3561533,721800
3563301,721900
3564542,722000
3566939,722100
3568554,722200
3570763,722300
3573594,722400
3576986,722500
3582776,722600
3585145,722700
3586831,722800
3588459,722900
3589575,723000
3591952,723100
3593201,723200
3594284,723300
3595509,723400
3597139,723500
3598113,723600
3599292,723700
3600272,723800
3601466,723900
3602713,724000
3604980,724100
3606145,724200
3607266,724300
3608755,724400
3609679,724500
3610422,724600
3611403,724700
3612673,724800
3614017,724900
3614973,725000
3617044,725100
3618167,725200
3619328,725300
3620557,725400
3622647,725500
3624491,725600
3625589,725700
3626673,725800
3627580,725900
3628501,726000
3631198,726100
3632386,726200
3633797,726300
3635243,726400
3636540,726500
3637819,726600
3639006,726700
3640128,726800
3641375,726900
3642189,727000
3644215,727100
3645286,727200
3646321,727300
3648129,727400
3649723,727500
3650843,727600
3651898,727700
3653198,727800
3654117,727900
3655105,728000
3657437,728100
3658425,728200
3659480,728300
3660670,728400
3661633,728500
3663002,728600
3664183,728700
3665027,728800
3666183,728900
3667288,729000
3669412,729100
3670550,729200
3671723,729300
3672988,729400
3674266,729500
3675635,729600
3676747,729700
3677846,729800
3679136,729900
3680443,730000
3683294,730100
3684708,730200
3686290,730300
3687390,730400
3688728,730500
3690273,730600
3691533,730700
3692682,730800
3693865,730900
3694956,731000
3697511,731100
3698521,731200
3699587,731300
3700950,731400
3702752,731500
3704053,731600
3705118,731700
3706305,731800
3707428,731900
3708465,732000
3710671,732100
3711704,732200
3712619,732300
3713546,732400
3715227,732500
3716445,732600
3717345,732700
3718259,732800
3719256,732900
3720338,733000
3722808,733100
3723643,733200
3724592,733300
3725640,733400
3726650,733500
3727656,733600
3728909,733700
3729734,733800
3730920,733900
3732024,734000
3734600,734100
3736593,734200
3737929,734300
3739087,734400
3740157,734500
3741538,734600
3742680,734700
3743729,734800
3744660,734900
3745839,735000
3748744,735100
3750291,735200
3751459,735300
3752573,735400
3753674,735500
3754601,735600
3756176,735700
3757269,735800
3758091,735900
3759692,736000
3762714,736100
3764211,736200
3765437,736300
3766568,736400
3767639,736500
3768748,736600
3770035,736700
3771059,736800
3772019,736900
3773064,737000
3775910,737100
3777553,737200
3778620,737300
3780003,737400
3781294,737500
3782156,737600
3783007,737700
3784116,737800
3785214,737900
3786043,738000
3788686,738100
3790046,738200
3791155,738300
3792463,738400
3793646,738500
3794926,738600
3796077,738700
3797343,738800
3798760,738900
3799800,739000
3802235,739100
3803748,739200
3804773,739300
3805571,739400
3806723,739500
3808424,739600
3809416,739700
3810410,739800
3811144,739900
3811963,740000
3814127,740100
3815357,740200
3816665,740300
3818339,740400
3819540,740500
3821163,740600
3822727,740700
3824157,740800
3825251,740900
3826575,741000
3829232,741100
3830484,741200
3831833,741300
3832914,741400
3833786,741500
3834600,741600
3835423,741700
3836392,741800
3837829,741900
3838697,742000
3840948,742100
3842690,742200
3845472,742300
3850489,742400
3853976,742500
3856068,742600
3857540,742700
3859053,742800
3860154,742900
3861087,743000
3863437,743100
3864963,743200
3866153,743300
3867209,743400
3868588,743500
3869728,743600
3871171,743700
3872698,743800
3873977,743900
3875010,744000
3877489,744100
3879439,744200
3880504,744300
3881440,744400
3882475,744500
3883464,744600
3884810,744700
3886040,744800
3887706,744900
3889085,745000
3891775,745100
3893071,745200
3894142,745300
3895115,745400
3896103,745500
3897310,745600
3898718,745700
3900205,745800
3901229,745900
3902219,746000
3906162,746100
3907343,746200
3908193,746300
3909332,746400
3910503,746500
3911368,746600
3912455,746700
3913270,746800
3914365,746900
3915742,747000
3918163,747100
3919389,747200
3920931,747300
3922168,747400
3923469,747500
3924573,747600
3925966,747700
3926936,747800
3928289,747900
3929424,748000
3931906,748100
3933287,748200
3934267,748300
3935132,748400
3936050,748500
3937412,748600
3938334,748700
3939814,748800
3941151,748900
3942289,749000
3944626,749100
3946020,749200
3946863,749300
3947860,749400
3948996,749500
3949972,749600
3950907,749700
3952239,749800
3953374,749900
3954758,750000
3956934,750100
3958128,750200
3959534,750300
3960799,750400
3962034,750500
3963138,750600
3964381,750700
3966223,750800
3967435,750900
3968725,751000
3971247,751100
3972368,751200
3974001,751300
3975192,751400
3975934,751500
3977188,751600
3978127,751700
3979187,751800
3980292,751900
3981323,752000
3984184,752100
3985558,752200
3986993,752300
3988408,752400
3989273,752500
3990019,752600
3990743,752700
3992020,752800
3993307,752900
3994359,753000
3997010,753100
3998867,753200
4000243,753300
4001549,753400
4002606,753500
4003264,753600
4004298,753700
4005175,753800
4006281,753900
4008183,754000
4010943,754100
4012491,754200
4014381,754300
4016139,754400
4017012,754500
4017810,754600
4018728,754700
4019771,754800
4021122,754900
4022200,755000
4024545,755100
4025973,755200
4027599,755300
4029218,755400
4030328,755500
4031242,755600
4032547,755700
4033606,755800
4034835,755900
4036035,756000
4038568,756100
4039854,756200
4041123,756300
4042164,756400
4043202,756500
4044080,756600
4044797,756700
4045605,756800
4046571,756900
4047395,757000
4050144,757100
4050936,757200
4052137,757300
4053386,757400
4055469,757500
4056516,757600
4057303,757700
4058077,757800
4058887,757900
4059663,758000
4062700,758100
4063850,758200
4065254,758300
4067245,758400
4071592,758500
4075456,758600
4078790,758700
4080230,758800
4081383,758900
4082600,759000
4085297,759100
4088915,759200
4092447,759300
4097134,759400
4098295,759500
4099536,759600
4100961,759700
4102103,759800
4103132,759900
4104007,760000
4106511,760100
4107923,760200
4109281,760300
4110907,760400
4112126,760500
4113353,760600
4114351,760700
4115521,760800
4116722,760900
4117710,761000
4120081,761100
4121536,761200
4122690,761300
4123704,761400
4124823,761500
4125834,761600
4126882,761700
4128188,761800
4129177,761900
4130441,762000
4134933,762100
4136993,762200
4139052,762300
4140480,762400
4142397,762500
4143850,762600
4145245,762700
4146383,762800
4147391,762900
4148862,763000
4151771,763100
4153822,763200
4156560,763300
4158608,763400
4160246,763500
4161954,763600
4163362,763700
4164773,763800
4166012,763900
4167181,764000
4170186,764100
4172074,764200
4173960,764300
4175710,764400
4177660,764500
4179456,764600
4180975,764700
4182655,764800
4183995,764900
4185585,765000
4188751,765100
4190514,765200
4191825,765300
4193258,765400
4194677,765500
4196020,765600
4197611,765700
4199027,765800
4200338,765900
4201656,766000
4204512,766100
4206961,766200
4208138,766300
4209354,766400
4210368,766500
4211394,766600
4215771,766700
4222185,766800
4223410,766900
4224367,767000
4226883,767100
4228515,767200
4230149,767300
4231595,767400
4233448,767500
4234983,767600
4236423,767700
4237865,767800
4239224,767900
4240466,768000
4243783,768100
4245486,768200
4247048,768300
4248375,768400
4249583,768500
4250800,768600
4252105,768700
4253300,768800
4254089,768900
4254891,769000
4258468,769100
4260373,769200
4261793,769300
4263442,769400
4264947,769500
4266680,769600
4267736,769700
4268844,769800
4269597,769900
4270585,770000
4274344,770100
4275884,770200
4277543,770300
4279220,770400
4280319,770500
4282160,770600
4283130,770700
4284066,770800
4284936,770900
4285689,771000
4288090,771100
4294747,771200
4298583,771300
4300474,771400
4304431,771500
4306569,771600
4307732,771700
4308894,771800
4309909,771900
4310800,772000
4313017,772100
4313953,772200
4315531,772300
4316870,772400
4318166,772500
4319256,772600
4320208,772700
4321263,772800
4322723,772900
4323782,773000
4326215,773100
4327507,773200
4328802,773300
4329904,773400
4330912,773500
4331886,773600
4332728,773700
4333854,773800
4334684,773900
4335492,774000
4338114,774100
4339608,774200
4341170,774300
4342902,774400
4344841,774500
4346254,774600
4347414,774700
4348774,774800
4350011,774900
4351336,775000
4354032,775100
4355190,775200
4356877,775300
4358035,775400
4359232,775500
4360336,775600
4361550,775700
4362829,775800
4363735,775900
4364911,776000
4367833,776100
4368784,776200
4370042,776300
4371364,776400
4372236,776500
4373380,776600
4374416,776700
4375441,776800
4376573,776900
4377568,777000
4380079,777100
4381363,777200
4382431,777300
4383723,777400
4384797,777500
4385947,777600
4387086,777700
4388228,777800
4389415,777900
4390681,778000
4393406,778100
4395690,778200
4397209,778300
4399205,778400
4403422,778500
4406644,778600
4407924,778700
4409132,778800
4410253,778900
4411270,779000
4414018,779100
4415650,779200
4417055,779300
4418389,779400
4419801,779500
4421126,779600
4422422,779700
4423752,779800
4424822,779900
4426053,780000
4429076,780100
4430582,780200
4431488,780300
4432475,780400
4433250,780500
4434676,780600
4436062,780700
4437466,780800
4438769,780900
4440671,781000
4443491,781100
4444872,781200
4446417,781300
4447614,781400
4448498,781500
4449683,781600
4450985,781700
4452332,781800
4453703,781900
4454727,782000
4457591,782100
4458932,782200
4460340,782300
4461868,782400
4463589,782500
4465070,782600
4466455,782700
4467580,782800
4469073,782900
4470298,783000
4473127,783100
4474794,783200
4476469,783300
4478143,783400
4479726,783500
4480851,783600
4482037,783700
4483277,783800
4484597,783900
4486160,784000
4489242,784100
4490940,784200
4492208,784300
4493431,784400
4494414,784500
4495394,784600
4496570,784700
4497999,784800
4499442,784900
4500829,785000
4503398,785100
4504888,785200
4506386,785300
4507952,785400
4509102,785500
4510170,785600
4511351,785700
4512440,785800
4513769,785900
4514898,786000
4517775,786100
4519827,786200
4521693,786300
4523230,786400
4524593,786500
4525694,786600
4526603,786700
4527623,786800
4528728,786900
4530104,787000
4532863,787100
4534481,787200
4536312,787300
4537946,787400
4539191,787500
4540310,787600
4541571,787700
4542589,787800
4543630,787900
4544719,788000
4547638,788100
4548969,788200
4550348,788300
4551816,788400
4552976,788500
4553920,788600
4554818,788700
4555775,788800
4556724,788900
4557989,789000
4560452,789100
4561677,789200
4562898,789300
4564131,789400
4565204,789500
4566234,789600
4567070,789700
4568158,789800
4569450,789900
4570383,790000
4573505,790100
4575349,790200
4577054,790300
4578702,790400
4580364,790500
4581957,790600
4583141,790700
4584320,790800
4585393,790900
4586770,791000
4589584,791100
4591254,791200
4592783,791300
4594266,791400
4595610,791500
4596937,791600
4598106,791700
4599053,791800
4600231,791900
4601552,792000
4604445,792100
4606068,792200
4607560,792300
4609119,792400
4610392,792500
4611588,792600
4612821,792700
4614343,792800
4615487,792900
4616782,793000
4619786,793100
4621753,793200
4623431,793300
4624972,793400
4626230,793500
4627728,793600
4629337,793700
4630982,793800
4632063,793900
4633078,794000
4636665,794100
4638297,794200
4640170,794300
4642048,794400
4643699,794500
4644922,794600
4646350,794700
4647619,794800
4648716,794900
4649793,795000
4653801,795100
4655397,795200
4657104,795300
4659011,795400
4660433,795500
4661899,795600
4663244,795700
4664659,795800
4665797,795900
4667013,796000
4670190,796100
4671752,796200
4673257,796300
4674604,796400
4676132,796500
4677381,796600
4678669,796700
4679962,796800
4681320,796900
4682615,797000
4685744,797100
4687827,797200
4689190,797300
4690607,797400
4692260,797500
4693386,797600
4694534,797700
4695637,797800
4696641,797900
4697814,798000
4700591,798100
4702461,798200
4704467,798300
4706403,798400
4708216,798500
4710142,798600
4711876,798700
4713285,798800
4714582,798900
4715829,799000
4718933,799100
4720687,799200
4722618,799300
4724470,799400
4726351,799500
4727818,799600
4729241,799700
4730296,799800
4731566,799900
4732706,800000
4735835,800100
4737653,800200
4739470,800300
4741014,800400
4742625,800500
4743833,800600
4745128,800700
4746331,800800
4747432,800900
4748750,801000
4751810,801100
4753256,801200
4758706,801300
4760225,801400
4761389,801500
4762677,801600
4764198,801700
4765463,801800
4766449,801900
4767573,802000
4770794,802100
4772337,802200
4774027,802300
4775634,802400
4777200,802500
4778562,802600
4779868,802700
4781662,802800
4783126,802900
4784250,803000
4786757,803100
4788526,803200
4790039,803300
4791845,803400
4793405,803500
4794661,803600
4796080,803700
4797520,803800
4798921,803900
4800034,804000
4802623,804100
4804346,804200
4805975,804300
4807443,804400
4808578,804500
4810091,804600
4811302,804700
4812513,804800
4813590,804900
4814972,805000
4817762,805100
4819761,805200
4821333,805300
4823215,805400
4824679,805500
4826588,805600
4827833,805700
4829064,805800
4830143,805900
4831071,806000
4834205,806100
4835892,806200
4837773,806300
4839816,806400
4841338,806500
4842874,806600
4844159,806700
4845455,806800
4846646,806900
4847723,807000
4850589,807100
4852112,807200
4854290,807300
4856459,807400
4858328,807500
4859879,807600
4861673,807700
4863057,807800
4864812,807900
4866258,808000
4869059,808100
4871068,808200
4872509,808300
4873990,808400
4875443,808500
4877172,808600
4878904,808700
4880583,808800
4882137,808900
4883422,809000
4886478,809100
4888581,809200
4891174,809300
4893380,809400
4895068,809500
4896758,809600
4898356,809700
4900486,809800
4902474,809900
4904598,810000
4909341,810100
4912937,810200
4916035,810300
4918581,810400
4921312,810500
4923341,810600
4925785,810700
4928334,810800
4930775,810900
4933378,811000
4938009,811100
4941021,811200
4943891,811300
4946266,811400
4948515,811500
4951544,811600
4953563,811700
4956101,811800
4958392,811900
4960562,812000
4964817,812100
4967981,812200
4970640,812300
4973417,812400
4975645,812500
4977904,812600
4979890,812700
4982026,812800
4984033,812900
4985953,813000
4990185,813100
4992513,813200
4994592,813300
4996743,813400
4998553,813500
5000719,813600
5002964,813700
5004719,813800
5006839,813900
5008892,814000
5013158,814100
5015317,814200
5017853,814300
5019854,814400
5021725,814500
5023855,814600
5025887,814700
5027872,814800
5029968,814900
5031948,815000
5035488,815100
5037626,815200
5039871,815300
5041504,815400
5043410,815500
5045299,815600
5047126,815700
5049484,815800
5051272,815900
5053047,816000
5057285,816100
5059607,816200
5061396,816300
5063143,816400
5064537,816500
5066101,816600
5067937,816700
5069584,816800
5071066,816900
5072708,817000
5075706,817100
5077649,817200
5083403,817300
5084972,817400
5086191,817500
5087727,817600
5089664,817700
5091268,817800
5093003,817900
5094597,818000
5097979,818100
5100304,818200
5103037,818300
5105218,818400
5107295,818500
5109035,818600
5110753,818700
5112813,818800
5114631,818900
5116282,819000
5120049,819100
5122701,819200
5124534,819300
5126588,819400
5128229,819500
5129678,819600
5131270,819700
5133239,819800
5134984,819900
5136722,820000
5140645,820100
5142770,820200
5144632,820300
5146551,820400
5148145,820500
5149606,820600
5151322,820700
5153021,820800
5154439,820900
5155765,821000
5158675,821100
5160115,821200
5161526,821300
5163229,821400
5164513,821500
5165683,821600
5167023,821700
5168560,821800
5170056,821900
5171493,822000
5174645,822100
5176762,822200
5179143,822300
5181676,822400
5184656,822500
5186306,822600
5187949,822700
5189526,822800
5191076,822900
5192651,823000
5196368,823100
5198469,823200
5200677,823300
5202656,823400
5204507,823500
5206133,823600
5207572,823700
5209053,823800
5210614,823900
5212753,824000
5216925,824100
5219521,824200
5222138,824300
5225303,824400
5227176,824500
5229335,824600
5231430,824700
5233376,824800
5235143,824900
5237205,825000
5241571,825100
5244513,825200
5246741,825300
5249160,825400
5251951,825500
5253969,825600
5255446,825700
5256866,825800
5258820,825900
5260646,826000
5264850,826100
5267840,826200
5270767,826300
5273665,826400
5276047,826500
5278149,826600
5280154,826700
5282023,826800
5284249,826900
5286215,827000
5290349,827100
5294014,827200
5297137,827300
5300307,827400
5302734,827500
5304941,827600
5307155,827700
5309196,827800
5311067,827900
5313233,828000
5317770,828100
5320939,828200
5323587,828300
5326107,828400
5328160,828500
5330011,828600
5331556,828700
5333113,828800
5334659,828900
5336499,829000
5339917,829100
5341881,829200
5343784,829300
5345314,829400
5347122,829500
5349057,829600
5350719,829700
5352825,829800
5355263,829900
5357371,830000
5361886,830100
5365495,830200
5368702,830300
5370881,830400
5372956,830500
5375082,830600
5377181,830700
5379135,830800
5381204,830900
5383098,831000
5386954,831100
5389486,831200
5391938,831300
5393668,831400
5395627,831500
5397686,831600
5399393,831700
5401170,831800
5403062,831900
5404974,832000
5409167,832100
5412020,832200
5415260,832300
5417563,832400
5420964,832500
5423317,832600
5425559,832700
5427345,832800
5429256,832900
5431253,833000
5435220,833100
5438318,833200
5440996,833300
5443674,833400
5445715,833500
5447603,833600
5449172,833700
5451060,833800
5452554,833900
5454462,834000
5459451,834100
5462121,834200
5466708,834300
5470227,834400
5473653,834500
5477325,834600
5480012,834700
5483105,834800
5485613,834900
5488152,835000
5492998,835100
5495987,835200
5498682,835300
5501801,835400
5504077,835500
5507111,835600
5509634,835700
5511507,835800
5515552,835900
5517784,836000
5526688,836100
5529510,836200
5532096,836300
5534190,836400
5535915,836500
5538020,836600
5539749,836700
5541436,836800
5543464,836900
5545349,837000
5549085,837100
5551026,837200
5553411,837300
5555984,837400
5558065,837500
5560287,837600
5562382,837700
5565445,837800
5567255,837900
5569216,838000
5572752,838100
5574997,838200
5577877,838300
5580369,838400
5582870,838500
5584515,838600
5586230,838700
5588104,838800
5589949,838900
5591361,839000
5594821,839100
5596569,839200
5598384,839300
5599932,839400
5601523,839500
5603022,839600
5604664,839700
5606037,839800
5607461,839900
5609205,840000
5611904,840100
5613208,840200
5614459,840300
5615961,840400
5616920,840500
5618085,840600
5619662,840700
5621262,840800
5622790,840900
5625040,841000
5628586,841100
5630336,841200
5632376,841300
5634641,841400
5636456,841500
5638323,841600
5640362,841700
5641921,841800
5643887,841900
5645514,842000
5648818,842100
5650643,842200
5652626,842300
5655697,842400
5658276,842500
5660491,842600
5662124,842700
5663834,842800
5665465,842900
5666515,843000
5670400,843100
5672653,843200
5674393,843300
5676558,843400
5678484,843500
5681012,843600
5683727,843700
5685306,843800
5686763,843900
5688440,844000
5692002,844100
5694600,844200
5696868,844300
5699155,844400
5701350,844500
5703528,844600
5705146,844700
5706782,844800
5708153,844900
5709831,845000
5712574,845100
5714075,845200
5715709,845300
5717312,845400
5718944,845500
5720740,845600
5722087,845700
5723676,845800
5725425,845900
5726816,846000
5729411,846100
5730745,846200
5732601,846300
5734829,846400
5736482,846500
5738523,846600
5740315,846700
5741996,846800
5744245,846900
5746157,847000
5749728,847100
5751561,847200
5753005,847300
5754606,847400
5756313,847500
5757915,847600
5759403,847700
5760942,847800
5762145,847900
5763562,848000
5767772,848100
5769686,848200
5771791,848300
5773960,848400
5775882,848500
5778176,848600
5779861,848700
5781812,848800
5783883,848900
5785763,849000
5789873,849100
5791939,849200
5794511,849300
5796920,849400
5798956,849500
5801185,849600
5804816,849700
5806958,849800
5808935,849900
5810751,850000
5814622,850100
5817830,850200
5820940,850300
5823294,850400
5825244,850500
5828461,850600
5830490,850700
5832595,850800
5835437,850900
5841021,851000
5845201,851100
5848650,851200
5856105,851300
5858247,851400
5861283,851500
5863615,851600
5866020,851700
5868330,851800
5870551,851900
5872202,852000
5876559,852100
5881089,852200
5884326,852300
5886995,852400
5891331,852500
5893324,852600
5896572,852700
5899571,852800
5901604,852900
5903996,853000
5908878,853100
5911839,853200
5915822,853300
5918642,853400
5920897,853500
5923669,853600
5925897,853700
5928452,853800
5931166,853900
5935144,854000
5944901,854100
5951401,854200
5954666,854300
5957429,854400
5960218,854500
5962867,854600
5965699,854700
5968310,854800
5970981,854900
5973850,855000
5979658,855100
5982796,855200
5985288,855300
5988143,855400
5991333,855500
5994908,855600
5998030,855700
6001151,855800
6003044,855900
6005217,856000
6009911,856100
6012807,856200
6017730,856300
6024375,856400
6030941,856500
6035703,856600
6039583,856700
6043361,856800
6047305,856900
6049612,857000
6053801,857100
6055362,857200
6057676,857300
6059611,857400
6062434,857500
6064805,857600
6067217,857700
6069262,857800
6071093,857900
6072889,858000
6076154,858100
6078730,858200
6081122,858300
6082970,858400
6085144,858500
6087257,858600
6089380,858700
6091466,858800
6094159,858900
6097026,859000
6101867,859100
6106386,859200
6108446,859300
6110380,859400
6112618,859500
6114663,859600
6116155,859700
6117900,859800
6120266,859900
6121802,860000
6126314,860100
6128751,860200
6130515,860300
6133183,860400
6135030,860500
6137246,860600
6139327,860700
6142313,860800
6144840,860900
6147475,861000
6153221,861100
6157163,861200
6159279,861300
6162312,861400
6164634,861500
6167127,861600
6169189,861700
6171748,861800
6174478,861900
6176700,862000
6182339,862100
6186651,862200
6190358,862300
6193228,862400
6195837,862500
6199167,862600
6202544,862700
6205976,862800
6209354,862900
6212341,863000
6222638,863100
6225136,863200
6227986,863300
6231168,863400
6233676,863500
6236534,863600
6239206,863700
6242865,863800
6245509,863900
6248488,864000
6256177,864100
6260399,864200
6262771,864300
6264965,864400
6267242,864500
6269966,864600
6271972,864700
6274618,864800
6276704,864900
6278495,865000
6281981,865100
6286945,865200
6289266,865300
6291070,865400
6293507,865500
6295386,865600
6297523,865700
6299430,865800
6301189,865900
6303123,866000
6307533,866100
6310395,866200
6312895,866300
6314942,866400
6317368,866500
6319724,866600
6321467,866700
6323295,866800
6325238,866900
6326916,867000
6332874,867100
6335614,867200
6338197,867300
6340888,867400
6343799,867500
6346306,867600
6349175,867700
6351922,867800
6354272,867900
6357636,868000
6362386,868100
6365387,868200
6368102,868300
6371712,868400
6374292,868500
6376694,868600
6380057,868700
6383826,868800
6387950,868900
6391897,869000
6398521,869100
6402813,869200
6406338,869300
6409295,869400
6411932,869500
6414597,869600
6418254,869700
6426297,869800
6430545,869900
6435485,870000
6442645,870100
6448710,870200
6452476,870300
6456416,870400
6459052,870500
6462832,870600
6466309,870700
6468977,870800
6471407,870900
6473386,871000
6478317,871100
6481282,871200
6484037,871300
6488646,871400
6491743,871500
6494861,871600
6497572,871700
6500417,871800
6503162,871900
6508022,872000
6513795,872100
6516423,872200
6518791,872300
6521067,872400
6523491,872500
6526185,872600
6528911,872700
6531376,872800
6533942,872900
6537406,873000
6542601,873100
6545924,873200
6549317,873300
6553492,873400
6556614,873500
6559760,873600
6563772,873700
6567365,873800
6570911,873900
6573721,874000
6579757,874100
6584123,874200
6587487,874300
6590291,874400
6593660,874500
6596093,874600
6598312,874700
6600508,874800
6603020,874900
6605816,875000
6612117,875100
6616529,875200
6619651,875300
6622507,875400
6625641,875500
6628898,875600
6632224,875700
6635386,875800
6638833,875900
6641980,876000
6647727,876100
6651415,876200
6654389,876300
6657219,876400
6660373,876500
6663280,876600
6667000,876700
6670268,876800
6674592,876900
6677179,877000
6682885,877100
6687119,877200
6690716,877300
6694736,877400
6698672,877500
6701190,877600
6703891,877700
6706556,877800
6709493,877900
6711705,878000
6724742,878100
6727991,878200
6731317,878300
6733744,878400
6736104,878500
6739118,878600
6741750,878700
6745247,878800
6748564,878900
6751797,879000
6756100,879100
6760078,879200
6763890,879300
6767532,879400
6770834,879500
6773565,879600
6777071,879700
6781059,879800
6785067,879900
6788674,880000
6796105,880100
6799238,880200
6802272,880300
6805615,880400
6810099,880500
6813404,880600
6816838,880700
6820192,880800
6824453,880900
6828895,881000
6835576,881100
6840309,881200
6844781,881300
6849112,881400
6852669,881500
6856050,881600
6860793,881700
6865908,881800
6870710,881900
6874691,882000
6885114,882100
6891509,882200
6896945,882300
6900906,882400
6904168,882500
6907567,882600
6911138,882700
6913940,882800
6916939,882900
6921419,883000
6928506,883100
6933388,883200
6937216,883300
6940429,883400
6944228,883500
6948018,883600
6952011,883700
6956212,883800
6960290,883900
6963302,884000
6969077,884100
6973248,884200
6981616,884300
6984099,884400
6987075,884500
6989076,884600
6990816,884700
6993519,884800
6995610,884900
6997008,885000
7000283,885100
7002985,885200
7006633,885300
7009061,885400
7011716,885500
7014376,885600
7017057,885700
7021007,885800
7024919,885900
7027177,886000
7033308,886100
7037425,886200
7042595,886300
7046520,886400
7050100,886500
7053449,886600
7056631,886700
7060116,886800
7062537,886900
7066508,887000
7071793,887100
7075578,887200
7078256,887300
7080445,887400
7082852,887500
7084664,887600
7086979,887700
7088530,887800
7089950,887900
7091599,888000
7095786,888100
7102473,888200
7104704,888300
7106728,888400
7108336,888500
7110856,888600
7113030,888700
7115723,888800
7117445,888900
7118893,889000
7122022,889100
7123835,889200
7125730,889300
7127385,889400
7128951,889500
7130733,889600
7132856,889700
7134521,889800
7136209,889900
7138337,890000
7141702,890100
7144259,890200
7147054,890300
7149888,890400
7152439,890500
7154469,890600
7156374,890700
7158439,890800
7160229,890900
7161760,891000
7164745,891100
7167064,891200
7169037,891300
7173228,891400
7174519,891500
7177023,891600
7178901,891700
7180258,891800
7182351,891900
7183871,892000
7187144,892100
7189098,892200
7191051,892300
7193527,892400
7195102,892500
7196757,892600
7199903,892700
7201865,892800
7203704,892900
7205518,893000
7209788,893100
7211428,893200
7213518,893300
7215754,893400
7218025,893500
7220268,893600
7222623,893700
7224216,893800
7225999,893900
7227818,894000
7231766,894100
7234280,894200
7245681,894300
7248536,894400
7251062,894500
7253437,894600
7256127,894700
7258790,894800
7261032,894900
7263796,895000
7268283,895100
7271099,895200
7274201,895300
7276299,895400
7278337,895500
7280539,895600
7283998,895700
7288007,895800
7291312,895900
7295176,896000
7300959,896100
7306282,896200
7310624,896300
7314542,896400
7317285,896500
7319813,896600
7322813,896700
7324892,896800
7327241,896900
7329259,897000
7333957,897100
7336212,897200
7337880,897300
7339618,897400
7341599,897500
7343622,897600
7345782,897700
7348312,897800
7351700,897900
7353775,898000
7357967,898100
7360857,898200
7363381,898300
7366440,898400
7369318,898500
7371500,898600
7374111,898700
7376564,898800
7378390,898900
7380332,899000
7385116,899100
7388419,899200
7390808,899300
7393852,899400
7396184,899500
7399226,899600
7401932,899700
7404844,899800
7406917,899900
7409272,900000
7413660,900100
7415704,900200
7417563,900300
7419510,900400
7421595,900500
7424005,900600
7426178,900700
7428296,900800
7430232,900900
7432244,901000
7437147,901100
7440181,901200
7442354,901300
7445460,901400
7447479,901500
7449913,901600
7452564,901700
7454577,901800
7456736,901900
7459694,902000
7464373,902100
7471440,902200
7475109,902300
7477994,902400
7480866,902500
7483625,902600
7485993,902700
7487857,902800
7490000,902900
7491940,903000
7495661,903100
7497874,903200
7500194,903300
7502325,903400
7504770,903500
7507119,903600
7509007,903700
7511204,903800
7513176,903900
7514904,904000
7518503,904100
7520291,904200
7521597,904300
7524012,904400
7526101,904500
7528209,904600
7530162,904700
7531932,904800
7533980,904900
7536655,905000
7541600,905100
7543910,905200
7546337,905300
7548207,905400
7550735,905500
7552959,905600
7554648,905700
7556462,905800
7558715,905900
7560639,906000
7573331,906100
7575922,906200
7578673,906300
7580781,906400
7583374,906500
7585767,906600
7588242,906700
7592744,906800
7595279,906900
7597564,907000
7601844,907100
7604596,907200
7607069,907300
7608893,907400
7611082,907500
7613507,907600
7617252,907700
7619533,907800
7621669,907900
7624401,908000
7628375,908100
7630720,908200
7632576,908300
7634303,908400
7636223,908500
7638035,908600
7639834,908700
7641892,908800
7643897,908900
7645867,909000
7649546,909100
7652075,909200
7654483,909300
7656582,909400
7658578,909500
7661169,909600
7663064,909700
7665322,909800
7667501,909900
7669190,910000
7673781,910100
7676581,910200
7680334,910300
7683109,910400
7685295,910500
7687231,910600
7689807,910700
7691710,910800
7693739,910900
7695782,911000
7699337,911100
7702060,911200
7704073,911300
7705988,911400
7707806,911500
7709703,911600
7712087,911700
7713848,911800
7715480,911900
7717366,912000
7720977,912100
7723843,912200
7726501,912300
7728541,912400
7730991,912500
7733372,912600
7735087,912700
7736748,912800
7738508,912900
7740632,913000
7744904,913100
7748172,913200
7750378,913300
7752537,913400
7754024,913500
7755516,913600
7757367,913700
7759693,913800
7761449,913900
7763218,914000
7767004,914100
7769289,914200
7771633,914300
7774718,914400
7777636,914500
7779541,914600
7781302,914700
7782898,914800
7785283,914900
7787060,915000
7791131,915100
7793951,915200
7796134,915300
7797792,915400
7799422,915500
7800736,915600
7802647,915700
7805027,915800
7806834,915900
7808625,916000
7813047,916100
7815302,916200
7817985,916300
7820405,916400
7822528,916500
7825226,916600
7826880,916700
7828552,916800
7830445,916900
7832318,917000
7836410,917100
7838398,917200
7841025,917300
7843411,917400
7845903,917500
7848671,917600
7850679,917700
7853279,917800
7854822,917900
7857545,918000
7863684,918100
7869179,918200
7871815,918300
7874380,918400
7877363,918500
7880472,918600
7882108,918700
7884025,918800
7886057,918900
7887755,919000
7891783,919100
7893711,919200
7895480,919300
7901991,919400
7903950,919500
7906098,919600
7907508,919700
7908810,919800
7910904,919900
7913128,920000
7917429,920100
7920301,920200
7922481,920300
7924739,920400
7926835,920500
7928411,920600
7929695,920700
7931690,920800
7933160,920900
7934817,921000
7938422,921100
7940063,921200
7942205,921300
7944001,921400
7945590,921500
7947386,921600
7949061,921700
7950597,921800
7951978,921900
7953638,922000
7957958,922100
7961546,922200
7964694,922300
7966732,922400
7968484,922500
7970943,922600
7972737,922700
7975268,922800
7976691,922900
7978259,923000
7983455,923100
7986108,923200
7988698,923300
7990825,923400
7993055,923500
7995690,923600
7998149,923700
8000000,923800
8001434,923900
8003385,924000
8008018,924100
8012471,924200
8014857,924300
8016933,924400
8019823,924500
8023035,924600
8025801,924700
8028217,924800
8029861,924900
8031799,925000
8035437,925100
8038126,925200
8039820,925300
8041734,925400
8043379,925500
8045019,925600
8046581,925700
8048580,925800
8050100,925900
8052189,926000
8057785,926100
8060749,926200
8063212,926300
8065513,926400
8069327,926500
8072270,926600
8074514,926700
8076070,926800
8078381,926900
8079946,927000
8083585,927100
8087067,927200
8089573,927300
8091375,927400
8093776,927500
8095762,927600
8097153,927700
8099120,927800
8100609,927900
8102216,928000
8105856,928100
8108580,928200
8110769,928300
8113809,928400
8115691,928500
8117328,928600
8118588,928700
8120285,928800
8121765,928900
8123337,929000
8126641,929100
8128293,929200
8130205,929300
8132082,929400
8133440,929500
8134706,929600
8136035,929700
8137539,929800
8138586,929900
8139844,930000
8144101,930100
8147196,930200
8150625,930300
8153226,930400
8155751,930500
8157776,930600
8159577,930700
8161180,930800
8163911,930900
8165614,931000
8169401,931100
8172239,931200
8174984,931300
8177745,931400
8180347,931500
8188055,931600
8190000,931700
8192583,931800
8195468,931900
8196820,932000
8200788,932100
8203270,932200
8205935,932300
8207811,932400
8210455,932500
8214299,932600
8216699,932700
8218497,932800
8220122,932900
8221833,933000
8225394,933100
8227501,933200
8229496,933300
8230981,933400
8232619,933500
8234583,933600
8236300,933700
8238859,933800
8240846,933900
8242258,934000
8247990,934100
8251182,934200
8254568,934300
8257388,934400
8259275,934500
8262597,934600
8264829,934700
8267317,934800
8269419,934900
8271121,935000
8275830,935100
8281403,935200
8284058,935300
8285407,935400
8286984,935500
8288396,935600
8289595,935700
8291015,935800
8292293,935900
8293688,936000
8297681,936100
8299143,936200
8301047,936300
8302848,936400
8304527,936500
8306474,936600
8307585,936700
8308606,936800
8309687,936900
8311079,937000
8313646,937100
8315537,937200
8317211,937300
8318334,937400
8319582,937500
8321068,937600
8322601,937700
8323732,937800
8324911,937900
8327885,938000
8331523,938100
8333888,938200
8336125,938300
8337986,938400
8340575,938500
8342452,938600
8344402,938700
8346043,938800
8347380,938900
8348901,939000
8352331,939100
8354156,939200
8356350,939300
8357779,939400
8359828,939500
8361473,939600
8362987,939700
8364430,939800
8365920,939900
8367404,940000
8370711,940100
8372917,940200
8374780,940300
8377188,940400
8379178,940500
8381230,940600
8382548,940700
8384019,940800
8385736,940900
8387674,941000
8391263,941100
8393054,941200
8394473,941300
8396626,941400
8398318,941500
8399539,941600
8400885,941700
8401996,941800
8403260,941900
8404912,942000
8408240,942100
8410375,942200
8412058,942300
8413938,942400
8415778,942500
8417592,942600
8418835,942700
8419943,942800
8421355,942900
8423245,943000
8427204,943100
8429154,943200
8431355,943300
8433127,943400
8434698,943500
8436554,943600
8438133,943700
8439664,943800
8441120,943900
8442583,944000
8446040,944100
8448033,944200
8449759,944300
8451606,944400
8453289,944500
8454824,944600
8455964,944700
8457563,944800
8458662,944900
8460164,945000
8463827,945100
8467022,945200
8469315,945300
8471425,945400
8473534,945500
8475287,945600
8476742,945700
8478006,945800
8479582,945900
8481815,946000
8486157,946100
8488530,946200
8492149,946300
8494142,946400
8496168,946500
8498303,946600
8499669,946700
8501212,946800
8502915,946900
8504249,947000
8508313,947100
8510543,947200
8513164,947300
8516706,947400
8519528,947500
8521994,947600
8524283,947700
8526308,947800
8528618,947900
8530979,948000
8541070,948100
8543289,948200
8545016,948300
8547942,948400
8549955,948500
8551753,948600
8553369,948700
8554629,948800
8555916,948900
8557740,949000
8561254,949100
8563283,949200
8565191,949300
8566674,949400
8572224,949500
8574182,949600
8575780,949700
8577094,949800
8578516,949900
8580196,950000
8583698,950100
8585879,950200
8588835,950300
8591557,950400
8593817,950500
8596152,950600
8597658,950700
8598869,950800
8600224,950900
8601850,951000
8604842,951100
8607438,951200
8609799,951300
8611400,951400
8613392,951500
8615089,951600
8616686,951700
8618109,951800
8619734,951900
8621468,952000
8658359,952100
8662731,952200
8666828,952300
8670295,952400
8673469,952500
8677364,952600
8680243,952700
8682779,952800
8685842,952900
8689036,953000
8693479,953100
8696068,953200
8703052,953300
8705672,953400
8707917,953500
8710776,953600
8712827,953700
8715679,953800
8718833,953900
8721137,954000
8725949,954100
8729616,954200
8732179,954300
8734088,954400
8735764,954500
8737636,954600
8739068,954700
8740943,954800
8743111,954900
8744692,955000
8748580,955100
8750330,955200
8752227,955300
8754361,955400
8756227,955500
8757730,955600
8759465,955700
8760997,955800
8762899,955900
8765311,956000
8820366,956100
8825753,956200
8829918,956300
8833931,956400
8836855,956500
8839939,956600
8842477,956700
8844546,956800
8846771,956900
8850406,957000
8855319,957100
8858340,957200
8861154,957300
8863897,957400
8866901,957500
8869296,957600
8871037,957700
8873254,957800
8875464,957900
8877916,958000
8884217,958100
8889760,958200
8892793,958300
8900660,958400
8903865,958500
8906310,958600
8908181,958700
8910368,958800
8912800,958900
8915234,959000
8920196,959100
8923276,959200
8925402,959300
8927266,959400
8929867,959500
8931685,959600
8933201,959700
8935168,959800
8937044,959900
8939146,960000
8943348,960100
8946464,960200
8948762,960300
8954266,960400
8961921,960500
8965584,960600
8968974,960700
